
> populous-first-dawn@0.1.0 check
> npm run typecheck && npm test && npm run parity:check && npm run orchestration:check


> populous-first-dawn@0.1.0 typecheck
> tsc --noEmit


> populous-first-dawn@0.1.0 test
> node --test tests/*.test.mjs

✔ live Mission3 adapters rotate an eligible Convert Wild producer behind training (138.020623ms)
✔ producer table preserves singleton priority, one stable pass, and signed counts (2.305068ms)
✔ producer capacity is checked before callbacks and after pre-table allocation (1.281039ms)
✔ checkpoint migration retains producer history and initializes each legacy AI independently (254.867144ms)
✔ authored early producer opportunities record native table attempts without changing later missions (2010.142257ms)
✔ Missions1/2 never enable type8 or idle type11/15 response follow-ups (320.286681ms)
✔ ordinary Missions1/2 allocate a real pre-table scan at their first producer opportunity (660.90036ms)
✔ normal first scans finish and repeat without a placeholder reservation (1391.449622ms)
✔ ordinary Mission2 movement reaches a real response and resumes the scan checkpoint (488.286667ms)
✔ response allocation preserves native duplicate, disabled, cancellation and exhaustion gates (1.144046ms)
✔ early automatic training requires at least the native school capacity (411.823611ms)
✔ training capacity compares the native signed32-bit available total (2.41489ms)
✔ six followers share ground → area attack → ground orders, destroy the hut and regroup (496.802572ms)
✔ losing an acquired building rescans the area, fights a new person and retains the waypoint tail (227.588852ms)
✔ cancelling a reserved fight releases its reservation and the entire staged tail (195.696024ms)
✔ area targeting distinguishes an unbuilt plan from a partially constructed building (704.246642ms)
✔ arrival voices count approaching followers and fire once when they near the ordered area (1244.667715ms)
✔ area approach, combat, arrival voices and queued destinations agree at 5–240 Hz and irregular rendering (2592.160448ms)
✔ pausing an unfinished music play preserves enabled sound and later resume (11.567839ms)
✔ late rejection from an older resume cannot cancel the newest playing request (2.17204ms)
✔ a superseded context resume does not submit an extra music play (3.910527ms)
✔ mute cancels pending playback without recreating the background timer (1.936942ms)
✔ dispose cancels pending playback without recreating the background timer (1.592851ms)
✔ the current playback failure still rejects rather than hiding a real media error (2.114695ms)
✔ current context errors propagate, while a disposed request cannot report a stale failure (0.830311ms)
✔ initial enable can finish while paused without turning the sound setting off (1.799328ms)
✔ enable reports cancellation when muted during its pending playback (0.719597ms)
✔ first visit and non-browser rendering keep the existing defaults without writing (4.028231ms)
✔ versioned zero/full volume restores without truthiness fallback or autoplay data (1.572411ms)
✔ malformed, unsupported and unsafe values fall back without overwriting the record (0.64065ms)
✔ only an explicit valid change writes the known preference fields and leaves other storage alone (0.387454ms)
✔ invalid programmatic values never persist or replace the last valid choice (0.510887ms)
✔ denied storage getter, reads and writes are safe session-only fallbacks (0.478419ms)
✔ restoring volumes does not create audio, enable playback, or change audio RNG/reset semantics (0.44491ms)
✔ authored origins survive initialization for all five currently live campaign bridge heads (1320.40805ms)
✔ ordinary Mission 2 worship creates the authored crossing and every live terrain turn matches it (2738.032374ms)
✔ legacy migration recovers only missing immutable origins without replaying active terrain (1230.228603ms)
✔ component checkpoint preserves authored birth caches when sampled terrain changes before the next visit (533.637183ms)
✔ pre-activation legacy save and mid-bridge checkpoint continue once at the authored origin (2704.454057ms)
✔ automatic Boat search filters native-ineligible vehicles and boarding shares the driver route (331.453077ms)
✔ music sections and ordinary ambient decisions match captured original execution (10.01742ms)
✔ percussion uses audio timestamps at low/high/irregular frame rates and skips stale starts (16.403838ms)
✔ Blast head reaches impact and native first/last wave visits launch enemies/allies (322.492066ms)
✔ Blast and follower presentation share elapsed time at low/high/irregular refresh rates (657.657051ms)
✔ projectile snapshots preserve pause, wrap and explicit placement without touching unrelated effects (56.054721ms)
✔ original Blast indexed visits, alliances, repeated impulses and damage gates (26.250024ms)
✔ live Blast delays allied launch, retains native flight height and restores commands after landing (255.465232ms)
✔ Blast and landing damage share original shields, protection, attacker and life wrapping (0.747017ms)
✔ wild followers land into their original state 8 without losing the unit (120.893737ms)
✔ a burning airborne follower keeps one panic clock and releases its native pose after landing (66.947346ms)
✔ Boat House launch matches native type-1 computer full ejection (187.117862ms)
✔ Boat House launch matches native type-2 human driver removal with retained occupants (172.591997ms)
✔ maintained checkpoint callsite waits for delayed false reads before reloading (8.066499ms)
✔ maintained checkpoint callsite rejects exhausted false reads without reloading (26.477777ms)
✔ maintained checkpoint callsite closes rejected reads without reloading (1.924042ms)
✔ rendered transport checker independently counts whole mixed-class craft (9.921019ms)
✔ rendered transport checker rejects partial, unrelated, duplicate and wrong-class groups (13.990703ms)
✔ transport pixel oracle retains real device scale and outward clip padding (0.695621ms)
✔ transport oracle preserves fractional scales and detects the old footer/hit failure (6.703919ms)
✔ readiness reads rebind after fresh page reload and on repeated calls (5.110567ms)
✔ readiness wait sequentially awaits false samples before accepting literal true (3.884249ms)
✔ a truthy non-boolean readiness field does not pass the wait (6.550371ms)
✔ read errors propagate and repeated unready samples time out without mutation (18.934717ms)
✔ maintained Mission 4 callsite awaits valid profile completion before continuing and reloading (149.886036ms)
✔ maintained Mission 4 callsite exhausts false reads without starting continuation (81.06608ms)
✔ maintained Mission 4 callsite accepts completion on the last read without a final pause (88.298121ms)
✔ maintained Mission 4 callsite rejects failed opens without starting continuation (2.000716ms)
✔ maintained Mission 4 callsite closes rejected reads without starting continuation (5.064709ms)
✔ maintained Mission 4 callsite closes a database when starting its read throws (7.372211ms)
✔ maintained Mission 4 callsite closes databases with a missing store and fails closed (40.986668ms)
✔ maintained Mission 4 callsite requires literal true before starting continuation (2.30008ms)
✔ building attack phases, entrances, damage and shake match native execution (77.074982ms)
✔ an entirely occupied world cancels special positioning instead of hanging (2.167023ms)
✔ live building assault enters, strikes, shakes and destroys via native damage accumulation (1455.865334ms)
✔ occupied building ejects a defender and the same native command resumes after winning (167.85337ms)
✔ building attack mechanics and poses are independent of rendering cadence (1162.898319ms)
✔ attacker death releases immediately; target loss rescans the area before completing (305.795974ms)
✔ native defence gate and shaking retain counter cadence, signed lifetime and collapse RNG (2.925267ms)
✔ cancelling or killing an attacker during its defender encounter releases the retained order (725.03472ms)
✔ complete native scenery clearing, shared waits and ownership requests (277.937842ms)
✔ complete native people clearing, shared waits and ownership requests (570.634846ms)
✔ live clearers harvest on-site trees, carry and deposit logs, then move bystanders before allocation (1126.850315ms)
✔ clearing pauses without advancing and cancellation releases its native animation and route (162.104828ms)
✔ clearing bushes starts the original fire and retreats before the site is allocated (191.577594ms)
✔ occupant restoration and facing match native captures, including seams and backwards facing (11.272663ms)
✔ live exits retain position and sprite ownership for every building orientation (2616.405776ms)
✔ command cancellation uses shared exit restoration without changing the route start (52.591693ms)
✔ timber hauling matches native phases, movement, reservations, transfers, poses and clocks (48.499396ms)
✔ native building origins, exact ground writes and plan height initialization (232.982353ms)
✔ live rotated foundations use native vertices and preserve surrounding terrain (888.729165ms)
✔ buildings retain distinct terrain handles after long effect-heavy games (559.71901ms)
✔ native descriptor data routes completed huts through kind 7 with resident capacities (1.234521ms)
✔ kind-7 hut rows place occupant and dismantle hit targets from native capacity (1.570649ms)
✔ training charge row keeps existing controls aligned after shared geometry extraction (0.189732ms)
✔ unbuilt plan priorities, validation, allocation and abandonment match native decisions (12.307279ms)
✔ leveling movement, animation, timers, terrain and sound match complete native task 8 (42.787335ms)
✔ live plans retain uneven ground, level visibly and wait for timber and crew clearance (6596.488758ms)
✔ a full shared order pool leaves a new plan unstaffed without leaking ownership (327.541988ms)
✔ simultaneous fetch deposits cap preparation work and preserve surplus timber (323.548212ms)
✔ unattended plans expire and redirected leveling workers release their sprite and route (1049.281257ms)
✔ native preparation clears on-site timber before allocation without deleting its resource (623.314839ms)
✔ foundation settling, flooding and dock edges match original executable captures (64.713437ms)
✔ original wet-side tipping, drift, spin and sinking expiry retain complete native trajectories (139.66137ms)
✔ terrain collapse ejects before destruction, retaining its two-turn delay (0.586519ms)
✔ healthy buildings settle without entering repair; deformed and flooded buildings use distinct destruction (1459.402195ms)
✔ complete native cell validity and exact placement feedback (209.365337ms)
✔ placement protects reincarnation stones without a living Shaman and reserves buildings (3185.45656ms)
✔ building activity matches native geometry, clocks, speed, facing and animation requests (238.097435ms)
✔ live builders reach work poses, animate, pause, cancel and finish without stale sprites (1620.052115ms)
✔ crews leave finished huts in all four orientations before the plan releases them (9883.886327ms)
✔ player construction orders approach natively and deposit carried logs before fetching (4017.674003ms)
✔ builder admission and stale-slot pruning match complete native calls (86.092469ms)
✔ construction dispatch, repair clocks and departure gates match native plan calls (55.314038ms)
✔ scheduled burning plans panic only unlocked builders on building cells (535.256129ms)
✔ repair smoke footprint and terrain refresh match native cell traversal (7.081509ms)
✔ two live builders dispatch one hauler on the original sixteen-turn phase (1543.569449ms)
✔ later construction haulers skip timber reserved by an earlier search (186.13983ms)
✔ timber reservations reopen, drain and release on native transitions (0.368687ms)
✔ live plan capacities, duplicate orders and replacement workers share registration (323.588171ms)
✔ zoom retains native preset bounds and the existing 18-step timer (15.470356ms)
✔ render previews do not mutate native state and meet every committed step across all resolution tables (1306.685228ms)
✔ 30/60/120/144 Hz and irregular preview schedules retain duration and every owned native configuration (17.931976ms)
✔ conversion observation requires the native victim-owner and replacement flags without world mutation (5.771667ms)
✔ death, ordinary births, startup conversion flags and enemy preacher ownership are not credited (3.676661ms)
✔ observation resets at mission boundaries and does not infer events across unobserved turns (0.300465ms)
{"label":"fixture","ready":true,"turn":1,"status":"playing"}
{"checkpoint":"mission-2-start","level":3,"status":"won","turn":1,"population":{}}
{"checkpoint":"mission-2-won","level":3,"status":"won","turn":1,"population":{}}
{"checkpoint":"mission-2-result","level":3,"status":"won","turn":1,"population":{}}
{"checkpoint":"mission-3-continued","level":3,"status":"won","turn":1,"population":{}}
{"checkpoint":"mission-3-won","level":3,"status":"won","turn":1,"population":{}}
{"checkpoint":"mission-3-result","level":3,"status":"won","turn":1,"population":{}}
PASS: fixed-turn diagnostic wins Mission 2, continues, and wins Mission 3; not real-clock gameplay
✔ sandbox adapter retains every existing assertion, turn bound and campaign action (4.31643ms)
✔ changed or duplicated maintained checker scaffold fails closed before browser execution (2.30027ms)
✔ late final screenshot completion cannot mark an aborted campaign scenario passed (13.780121ms)
✔ actual native triangles supplement the historical fixed anchor scan (8.598017ms)
✔ geometry candidates cannot bypass foreign object or DOM overlay ownership (6.370825ms)
✔ normal zero-dt frame refresh resolves stale panels while retaining simulation slots and clock (3.49372ms)
✔ presentation refresh cannot conceal a simulation change (3.859012ms)
✔ presentation reservation exception cannot conceal secondary slot allocation (2.15845ms)
✔ stale pre-refresh reservations fail instead of being normalized by the checker (2.309314ms)
✔ presentation refresh cannot conceal changed world Map entries (3.711603ms)
✔ occluded shrine fallback uses bounded ordinary camera drags and strict target re-probes (0.585348ms)
✔ the shipped right-drag mapping rotates 512 native angle units without panning (142.193139ms)
✔ Mission 3 trains a bounded Preacher group and retains identified HUD-reachable Braves (0.24917ms)
✔ additive native Ctrl-five requires the ordinary cancel/deselect before reserving workers (6300.069634ms)
✔ missing checkpoint does not suppress independent campaign progress (340.364612ms)
✔ malformed checkpoint does not suppress independent campaign progress (170.593707ms)
✔ partially migratable checkpoint does not suppress independent campaign progress (112.347961ms)
✔ incompatible checkpoint does not suppress independent campaign progress (270.929852ms)
✔ current valid checkpoint still restores and loads (279.621954ms)
✔ legacy valid checkpoint still restores and loads (221.438427ms)
✔ malformed stored checkpoint preserves usable session checkpoint and merges completion (95.880171ms)
✔ storage read failure retains in-session progress and checkpoint (123.493847ms)
✔ camera release alone does not make the startup Shaman selectable; observation is read-only (516.957771ms)
✔ readiness still rejects absent actors, global input locks and paused play (533.24704ms)
✔ Continue readiness waits on real RAF before suspension with the existing timeout (2.655898ms)
✔ the production wait polls synchronous false until native selection readiness (5.105869ms)
✔ Mission 3 Swarm target observation is read-only and chooses an actually castable enemy (3066.674074ms)
✔ Mission 3 Swarm eligibility does not depend on distance to the vault or unit array order (1468.957424ms)
✔ Mission 3 Swarm diagnostic refuses missing stock, blocked input, cooldown and invalid enemies (2185.539095ms)
✔ checkpoint readback awaits false reads before the actual true result (3.262476ms)
✔ checkpoint readback fails closed after bounded asynchronous false results (0.799676ms)
✔ attack approach points and search pool state match complete native queries (702.189378ms)
✔ fight/person pursuit, housed entry, waiting and retries match native visits (80.311839ms)
✔ attack search, march records and automatic retargeting match native dispatch boundaries (32.938ms)
✔ arrival voices and reservation release replay native thresholds and compacted-list visits (9.810671ms)
✔ original automatic commands preserve normal queues, share one reference-counted record and handle allocation exhaustion (284.657035ms)
✔ native scan dispatch preserves pending bits, suppression, specialist selection and consumer call counts (6.156799ms)
✔ ordinary combat entry reveals a completed Spy disguise (1147.44383ms)
✔ live campaign scan suppression consumes pending alerts without changing person counters or sprites (313.367482ms)
✔ dead building attackers release queued shaman-guard duty (272.72631ms)
✔ fight motion initializes its retained sermon without a native owner (220.146945ms)
✔ coastal response targets come from the corrected native cell, including its newly exposed edge (119.21059ms)
✔ tower counterattacks ignore hostile people in water (208.710427ms)
✔ coastal area/dismantling order preparation matches full native calls and retains flags on identical commands (1.740601ms)
✔ live same-cell followers share one automatic command 21 and resume their queued destination (333.127311ms)
✔ an on-foot Firewarrior owns one automatic response per cooldown and yields to player movement (1098.722217ms)
✔ an on-foot Firewarrior repeatedly launches at and damages a completed enemy building (162.95341ms)
✔ automatic combat restarts a retained direct tree harvest instead of harvesting during battle (257.355507ms)
✔ live automatic combat consumes a pending worship scan without replacing command 27 (228.070101ms)
✔ live automatic allocation failure preserves its source and queued order (145.838793ms)
✔ live automatic sharing leaves a nonmatching same-cell peer untouched (146.386847ms)
✔ live preacher response retains its sermon queue and resumes conversion (131.940027ms)
✔ preacher response allocation failure consumes the scan without changing its queue (152.79735ms)
✔ complete pursuit, target setup and attack-area gates match native fields, RNG and consumer ordering (41.560936ms)
✔ full-fight waiting positions and fallback RNG match original terrain and collision execution (138.444677ms)
✔ mixed target collection, native distance bands, fight admission and reservations replay executable captures (17.997363ms)
✔ live followers choose closer enemies, distribute reservations, then fall back to a saturated target (475.760111ms)
✔ live mixed scans detect enemy footprints and prefer an eligible person in the same distance band (317.037286ms)
✔ automatic squads share native area orders and target capacity independently of render frequency (1274.120939ms)
✔ live target priority joins a fight ahead of a solitary enemy in its distance band (149.368942ms)
✔ nearby automatic building attacks keep their command-21 target between detection visits (161.344308ms)
✔ automatic contextual priority matches original single and mixed-class captures (2.739061ms)
✔ live ground context follows native registered cells through rotations and world seams (267.912562ms)
✔ ground beside a hut moves the group, while its occupied cell enters it (155.930242ms)
✔ an exact tree click harvests, seeks a timber plan and otherwise returns to rest (331.692866ms)
✔ a queued ordinary-tree harvest keeps its cargo and advances the existing waypoint (807.66401ms)
✔ input feedback matches native ground-cell centers and suppresses flashes over pointed objects (0.455137ms)
✔ object commands retain the chosen identity through overlaps and array reordering (808.077809ms)
✔ live target choice follows captured native ownership for both tribes (3689.910057ms)
✔ construction command matches native registration, fallback ownership and task handoffs (118.271482ms)
✔ construction panel matches native submissions and corrects the unlinked second-row height (29.251417ms)
✔ construction workers can be selected, reassigned to dismantle, cancelled and restarted (1245.494921ms)
✔ construction icons select the active worker record and respect its native eligibility (58.22705ms)
✔ original priming consumes no elapsed progress; each frame stops before batch overshoot (11.046576ms)
✔ separate calls continue from the original previous timestamp without re-priming (0.928261ms)
✔ a promise is never accepted as a truthy readiness predicate (5.331497ms)
✔ frame and object-turn exhaustion fail without extending a goal (4.40498ms)
✔ an explicitly bounded coastal position attempt can return unmet without hiding its limit (0.399083ms)
✔ abort and Scene/World replacement are detected across browser-task yields (0.673221ms)
✔ normal speed, unpaused commands, positive finite deltas and wall bound stay mandatory (5.107264ms)
✔ original-frame failures propagate without another step (0.386785ms)
✔ unexpected automatic elapsed frames during a yield are rejected (0.368958ms)
✔ Convert Wild scans, converts, animates, and casts through player and computer paths (277.809155ms)
✔ deselection matches native command flags for every selection byte (3.812182ms)
✔ cancel targeting first; deselection preserves shared marching orders, routes, RNG and pause (462.841699ms)
✔ deselection reaches retained work representations once, leaves enemy ownership alone (216.772544ms)
✔ deselected groups retain identical mechanics and poses at 5–240 Hz and irregular frames (1318.304847ms)
✔ training selection eligibility reads command flags, independently of motion turning flags (818.052952ms)
✔ dismantling reassigns residents and queued braves, recovers all timber and removes the building in four orientations (958.957163ms)
✔ cancelling dismantling stops existing workers; new orders can staff an empty dismantling building (348.071343ms)
✔ dismantling outcomes and timber remain independent of render frequency (1160.432259ms)
✔ mixed groups queue movement, dismantling and movement without redirecting ineligible warriors (734.955179ms)
✔ queued building entry can become dismantling; cancellation skips work while retaining the destination (540.91814ms)
✔ dismantling queue replacement and death release references while non-braves keep their current orders (404.364807ms)
✔ automatic combat pauses shared dismantling and resumes its retained order (755.849388ms)
✔ automatic combat completion follows the native circular dismantling queue (551.313513ms)
✔ automatic combat allocation failure keeps dismantling state intact (436.773564ms)
✔ queued dismantling, timber and following movement agree at 5–240 Hz and irregular frames (2609.188907ms)
✔ drag borders match original screen extrusion, texture coordinates and terrain crossings (56.768428ms)
✔ native area commands retain tower/training exclusions, current-order lookup and actual land membership (11215.658955ms)
✔ a real trainee remains drag-selectable on entry and becomes excluded only in the native interior phase (264.343389ms)
✔ fetching builders are selected at their active task-7 position (83.500794ms)
✔ world drag geometry matches captured native seams, camera bearings, clamps and degenerate drags (11.573675ms)
✔ live drag selection matches native flags and group voices without changing simulation ownership (1275.546267ms)
✔ Mission 3 periodic raid preserves native mask, strict thresholds and arguments (3.032739ms)
✔ Mission 3 naturally grows both tribes and recruits the authored three-Brave raid (22416.11728ms)
✔ Earthquake matches the native initializer and central deformation phase (21.772639ms)
✔ Earthquake building scans preserve protected models, RNG and ejection-before-damage (2.781429ms)
✔ live Earthquake casts, damages and deforms independently of refresh rate (752.141693ms)
✔ Mission 1 counts authored primary effects before the opening (233.931762ms)
✔ Mission 1 keeps the allocation phase across pause, checkpoint and restart (871.932253ms)
✔ Mission 2 counts authored primary effects before the opening (121.339093ms)
✔ Mission 2 keeps the allocation phase across pause, checkpoint and restart (404.896368ms)
✔ Mission 3 counts authored primary effects before the opening (52.995823ms)
✔ Mission 3 keeps the allocation phase across pause, checkpoint and restart (406.842636ms)
✔ early-level effect phase remains fixed-turn owned across frame schedules (1444.645218ms)
✔ prospective declaration binds the exact constructor return before immediate first processing (4.188934ms)
✔ wrong first target and second creation fail permanently without replacing or mutating controllers (3.583666ms)
✔ duplicate declarations invalidate the original instead of overwriting or rearming it (0.693038ms)
✔ late declarations cannot bind a preexisting controller; close is idempotent and never auto-rearms (0.378902ms)
✔ a constructor exception retains its identity and cannot bind a partial object (0.283851ms)
✔ constructor diagnostic binding failures never change the returned object or its immediate step (1.389451ms)
(node:530) ExperimentalWarning: stripTypeScriptTypes is an experimental feature and might change at any time
(Use `node --trace-warnings ...` to show where the warning was created)
✔ constructor output and wrapping match pinned original source with declaration disabled and enabled (2.688258ms)
✔ all 64 visits match pinned uninstrumented source with observation disabled and enabled (145.974156ms)
✔ actual application errors keep their identity, partial state, receiver and call count (17.517295ms)
✔ read copies and later game writes cannot change each other or historical capture (1.101644ms)
✔ active callback wrappers preserve their original return values (1.304916ms)
✔ copy failure and overflow invalidate evidence without skipping the original body (14.574719ms)
✔ after-copy diagnostic failure cannot replace an application exception (11.323757ms)
✔ a thrown empty string permanently invalidates capture while all original calls continue (2.937238ms)
✔ a thrown empty stringifier permanently invalidates capture while all original calls continue (11.611744ms)
✔ a thrown zero permanently invalidates capture while all original calls continue (1.845638ms)
✔ a thrown false permanently invalidates capture while all original calls continue (8.280294ms)
✔ a thrown null permanently invalidates capture while all original calls continue (7.78621ms)
✔ a thrown undefined permanently invalidates capture while all original calls continue (33.886096ms)
✔ an empty diagnostic throw cannot replace an application exception (11.334093ms)
✔ diagnostic append failure disables capture and still invokes the body once (1.532403ms)
✔ no observer or detached capture makes no diagnostic copy and invokes the body once (2.720305ms)
✔ capturing a live controller does not change any World field or completed turn (source fixture) (984.181232ms)
✔ scenario cleanup preserves the original thrown undefined value (7.109829ms)
✔ scenario cleanup preserves the original thrown null value (5.866417ms)
✔ scenario cleanup preserves the original thrown false value (0.353895ms)
✔ scenario cleanup preserves the original thrown 0 value (0.312964ms)
✔ scenario cleanup preserves the original thrown  value (0.316709ms)
✔ scenario cleanup preserves the original thrown Error: synthetic primary value (0.242429ms)
✔ startup-smoke uses the ordinary prefix and cleanup without capture or worship (8.050654ms)
✔ startup binding retries only real TimeoutError and retains diagnostics without repeating physical inputs (5.995558ms)
✔ startup binding propagates non-timeout and lookalike errors immediately with exact identity (4.685215ms)
✔ a binding success after the startup deadline is rejected before readiness or later work (0.769681ms)
✔ a preserving stop arriving during a successful bind rejects before later work (3.954432ms)
✔ Skip dispatches once without a navigation barrier and still waits for original-actor readiness (1.254459ms)
✔ Skip action errors retain identity and never cause a second physical click or readiness continuation (0.745084ms)
✔ real named-scenario CLI import reaches the missing-plan guard before browser/server setup (684.058133ms)
✔ combined corrected producer has identical full World state with capture disabled and enabled for all64 visits (2187.85884ms)
✔ lifecycle wrapper preserves original exception identity and exactly one callback (280.812978ms)
✔ the actual harness Vite launcher must resolve inside the pinned package closure (3956.605382ms)
✔ immutable compiler identity includes nested executable chunks and declared dependencies (5.246441ms)
✔ polling rejects stop or timeout arriving during an awaited ready predicate (0.615122ms)
✔ external launch plan rejects wrong source, compiler, dirty source, bounds and reused path shape (1.986767ms)
✔ all 64 captured calls with worst-case signed heights fit the 32MiB replay input bound (391.980225ms)
✔ original Mission 3 Shaman can plan to the unused Erosion head on a clone (157.323213ms)
✔ source correspondence accepts exact bytes or inline maps containing the pinned source (2.744551ms)
✔ module read covers all eight prescribed scripts using only observational CDP calls (9.530427ms)
✔ missing required module is rejected before a source read (5.462111ms)
✔ a required module parsed under another origin does not satisfy admission (2.893482ms)
✔ two script identities for one required module are rejected (2.423756ms)
✔ required modules from different execution contexts are rejected (3.406603ms)
✔ a stop arriving during an awaited source read prevents any result or next read (2.038113ms)
✔ dispose removes its parsed-event listener and detaches without removing other listeners (1.856173ms)
✔ authored Mission 3 activation runs the first native Erosion call immediately and only once (1538.924486ms)
✔ multiple authored targets process in link order at activation and newest-first on later visits (93.676969ms)
✔ activation queues radius6 texture updates and notifies before allocating the next target (451.16169ms)
✔ repeated rewards get one initial visit each and exhausted rewards never allocate again (488.816479ms)
✔ live Erosion casting deforms terrain independently of refresh rate (2255.623732ms)
✔ a newer Lightning consumes simulation RNG before Erosion (57.349647ms)
✔ original cleanup, center, terminal release/counters and recovery match native captures (10.643306ms)
✔ last opponent death ends the fight, credits its winner once and returns a survivor to commands (218.838981ms)
✔ live separation uses the squared eight-unit boundary (278.887429ms)
✔ a native interruption detaches its slot and protected survivors defer state recovery (90.324738ms)
✔ fight completion, recovery and RNG agree at 5–240 Hz and irregular frame schedules (456.339448ms)
✔ Firestorm emits its complete native 220-turn rain sequence (8.860421ms)
✔ live Firestorm composes fire, panic Blast and building ignition independently of refresh rate (853.538409ms)
✔ Firewarrior row15 has its own eight-direction five-frame firing family (15.947644ms)
✔ firing pieces use disjoint 32px subslots while every old atlas origin stays fixed (38.99051ms)
✔ actual ranged body matches owned native visits: person-entry-walk-frame3 (2.310436ms)
✔ actual ranged body matches owned native visits: person-entry-idle-frame4 (0.225274ms)
✔ actual ranged body matches owned native visits: person-recovery-boundary-present (0.219506ms)
✔ actual ranged body matches owned native visits: person-wait-entry-present (0.190903ms)
✔ actual ranged body matches owned native visits: person-wait-entry-gone (0.169231ms)
✔ actual ranged body matches owned native visits: person-cooldown-entry (0.132156ms)
✔ actual ranged body matches owned native visits: person-cooldown-expiry (0.166888ms)
✔ actual ranged body matches owned native visits: person-cooldown-cleared (0.156332ms)
✔ actual ranged body matches owned native visits: building-entry-walk-frame3 (0.259935ms)
✔ actual ranged body matches owned native visits: building-entry-idle-frame4 (1.2805ms)
✔ actual ranged body matches owned native visits: building-recovery-boundary-present (0.315017ms)
✔ actual ranged body matches owned native visits: building-wait-entry-present (0.143923ms)
✔ actual ranged body matches owned native visits: building-wait-entry-gone (0.109612ms)
✔ actual ranged body matches owned native visits: building-cooldown-entry (0.117885ms)
✔ actual ranged body matches owned native visits: building-cooldown-expiry (0.103303ms)
✔ actual ranged body matches owned native visits: building-cooldown-cleared (0.138065ms)
✔ native Firewarrior resting source720 resolves its actual original frames (4.716626ms)
✔ Flatten follows the native 15-turn terrain and orbit lifecycle (328.653958ms)
✔ live Flatten casting is refresh-rate independent (2375.572764ms)
✔ persistent follower controls retain native descriptor order and class HFX ownership (2.302084ms)
✔ live own class totals enable controls independently of training knowledge or occupancy (126.468907ms)
✔ reading the follower strip does not mutate simulation or selection state (256.571557ms)
✔ shipped G task classification follows deferred native adoption without mutating HUD reads (458.435104ms)
✔ specific legacy work overrides dormant idle while real native disruption remains authoritative (122.187859ms)
✔ construction, pre-entry, actual entry and native idle routes use their own categories (88.549864ms)
✔ task selection preserves orders and RNG during a real movement command and propagates occupied groups (132.634784ms)
✔ live task count reads nearby camera coordinates without creating or registering people (98.857941ms)
✔ real boarding through a route owner overrides a dormant native person for Selected task propagation (87.351258ms)
✔ task classifier preserves every recovered native state and command category (1.594014ms)
✔ inside classification follows building category and the Preacher command exception (2.297688ms)
✔ global existence and nearby task counts are independent; selected overlays preserve native addition (1.441037ms)
✔ task selection ignores persistent-strip assignment priority and uses category nearest (0.537097ms)
✔ Selected row click/Shift deselect, Ctrl reselects nearest without changing its work or the group (1.089847ms)
✔ Total single/five can select the Shaman while Shift excludes it (0.51912ms)
✔ task focus filters category and cycles with the Shaman nearby exemption without mutation (0.911281ms)
✔ vehicle creation and frame cache use apparent tribe, including checkpoints and legacy fallback (944.613844ms)
✔ vehicle damage immunity follows apparent tribe while real-owner counts stay unchanged (147.729546ms)
✔ live Blast projects class4 apparent tribe without changing the real owner (207.528517ms)
✔ ordinary live boarding exposes class vehicle counts, all passengers and independent owner fields (300.892446ms)
✔ Spy boarding uses immediate target bits, later boarding rewrites owner and exit preserves apparent owner (64.5386ms)
✔ split owner and occupied selection survive checkpoint, legacy vehicles use real team fallback (67.345836ms)
✔ destroyed last vehicle keeps presence during its visible wreck and cannot select or focus (180.670184ms)
✔ shipped disguise command aboard publishes apparent ownership through completion and countdown (706.969922ms)
✔ legacy occupied checkpoint retains apparent fallback across voluntary unload (205.27002ms)
✔ first and later boarding, either exit and reuse preserve the native two-owner contract (730.042117ms)
✔ occupied class reads rebuild from current passengers rather than stale row totals (46.979102ms)
✔ transport presence uses real ownership and survives an empty count (2.55723ms)
✔ class filter acquires a vehicle and selects all eligible passengers; Ctrl counts vehicles (0.942977ms)
✔ driver command priority, matching-passenger distance and vehicle nearby boundary remain distinct (0.887285ms)
✔ native reverse vehicle-list focus cycles, variants reacquire, and selected/blocked occupants can focus (3.038153ms)
✔ footprint history matches native ring replacement and its per-cell pixel counts (883.366731ms)
✔ partial footprint shading equals a complete native-palette atlas rebuild (2543.789571ms)
✔ live walking footprints use the elapsed animation clock, including pause and disabled trails (459.818512ms)
✔ live turn preserves native tribe order, inactive skipping and next-turn formation admission (2257.101676ms)
✔ actual recruited groups wait a turn and then steer before member physics (124.021908ms)
✔ render cadence and idle production worship hooks cannot change gameplay, RNG or owned animation state (27512.938928ms)
✔ paused time stays paused; long active frames retain elapsed time (293.915211ms)
✔ campaign messages use the presentation clock and freeze while paused (1598.09729ms)
✔ campaign pending auto-open waits for settled motion and consumes one oldest record per presentation visit (243.715571ms)
✔ scenery shade follows cell occupants through overlap, depletion and regrowth (98.132287ms)
✔ rotated building plans keep their anchor, entrance routes and orientation through construction (1256.056723ms)
✔ Lightning ignites only its building footprint, then evacuates, damages and permits repair (713.267693ms)
✔ Lightning burns original scenery through smoke and cleanup without leaking fire state (112.698517ms)
✔ native impacts expire on exact turns and debris preserves the sprite allocation counter (147.5357ms)
✔ terrain rebuilds preserve queue precedence and initialize the original mission before sampling (34.511289ms)
✔ territory preserves native footprint asymmetry, overlap clearing and staggered recovery (1.748083ms)
✔ opening tooltips resolve mission cells and have an independent lifetime (41.900857ms)
✔ original level layout, native foundations, and the complete mission (5546.678277ms)
✔ housing, mana allocation, pause, drowning, and reincarnation (617.760808ms)
✔ ordinary land deaths keep the native corpse lifecycle (210.856343ms)
✔ native transformed compound bases stay on their ground pads (44.784348ms)
✔ native animation identity, casting interruption, gradual terrain and blast survival (606.082157ms)
✔ native economy uses fixed turns, population bands and real hut upgrades (1204.590223ms)
✔ lightning hits a native map cell and Blast leaves allied health intact (54.392638ms)
✔ native integer movement and combat exchanges preserve timing, retaliation and replay (588.6607ms)
✔ native fight slots form four-person groups and release on interruption (191.872188ms)
✔ native sound cues preserve sample identity, cast phases and simulation randomness (283.105463ms)
✔ native Lightning delays the upper flash and regenerates eight segments for three turns (64.633275ms)
✔ native spell allocation, discrete flight, RNG trails and delayed impact (777.571512ms)
✔ native terrain ridges, reflected diagonals, surface planes and boundary vertices (10.531538ms)
✔ original campaign setup disables only enemy reincarnation and retains deferred commands (624.680419ms)
✔ mission-one AI applies its native spell interval profile on the original phase (1251.292766ms)
✔ mission-one closes its construction latch after the first Red hut (677.461231ms)
✔ campaign marker setup snapshots native entry state before live execution (447.770127ms)
✔ mission marker task sends one reserved brave to marker one (1438.370515ms)
✔ mission-one ordinary marker guard patrols and answers nearby enemies (1079.571579ms)
✔ campaign markers remove the bridge head on the native phase, independently of routing (1106.299047ms)
✔ campaign counters track allocation and remaining head gifts through gameplay (468.427888ms)
✔ worship decays without followers and continues at full spell stock (1862.395821ms)
✔ vault discovery follows worship, door, entry and exit tasks (823.082562ms)
✔ vault allocation preserves the current order when the shared pool is full (645.669559ms)
✔ original discovery messages follow script phases, persist and reset (886.810713ms)
✔ partial building queries consume their mode once and marker triggers bypass worship (77.713822ms)
✔ original opening runs before object turn 72 and its independent flyby clock can be interrupted (427.739218ms)
✔ native outcome phases honor campaign opponents, forced results and defeat recovery (911.238958ms)
✔ tribe gates suppress scripts and AI while object turns and eligible cooldowns keep their native phases (1149.570209ms)
✔ emergency casting preserves queued work and preacher responses keep their own payment rules (352.663434ms)
✔ mission-one AI casting uses the live shaman state and cast-block flags (757.62702ms)
✔ live spell scans use population thresholds and building territory with delayed overlap recovery (96.412878ms)
✔ original campaign stops Dakini Blast casting after its second allocation (1555.433432ms)
✔ campaign attack commitment follows living warrior counts on its original turn (468.217279ms)
✔ mission-one Dakini launches its native attack route when Blue enters marker three (254.837394ms)
✔ mission-one Dakini launches its later building attack when Blue overwhelms it (276.761277ms)
✔ mission-one Dakini pursues a fallback shaman by exact command target (49.945414ms)
✔ computer attack exhausts native scans and retreats below its surviving-member threshold (0.737023ms)
✔ computer attack pool exhaustion skips hostile dispatch and retires through native empty scans (113.142654ms)
✔ queued training keeps its selection lock until issuing the order and frees its slot after arrival (0.697384ms)
✔ mission-one red AI queues exact task 6 below one warrior and executes live training (215.553779ms)
✔ mission-one red AI does not reserve a second brave already committed to warrior training (64.75462ms)
✔ external game store publishes edits and restarts without sharing worlds between sessions (1035.4898ms)
✔ mission-one victory continuation creates and restarts the recovered mission-two world (1071.666242ms)
✔ mission-two Totem route reaches the Tornado guidance and use instruction (4027.434792ms)
✔ mission-two enemy marker orders nearby Matak defenders to counterattack (428.767391ms)
✔ game store checkpoints restore an isolated exact world snapshot (191.409648ms)
✔ computer recruitment preserves wrapped-distance ties and native command eligibility (1.448668ms)
✔ group orders share references and release their object only after the final follower leaves (1.027945ms)
✔ AI reservation enters native selection state and releases through the normal person initializer (7.878445ms)
✔ training order startup uses configured speed and preserves only a compatible building occupant (1.849983ms)
✔ native training queue yields to an untrained follower and releases its new head (1.082736ms)
✔ live followers reach rotated native doors before entering buildings (1150.024642ms)
✔ building admission preserves native slot order, training activity and shared commands (2.28565ms)
✔ training replaces a whole batch, inherits the first occupant order tail and rolls back partial allocation (1.950953ms)
✔ live mana refunds wait for a pulse and computer training receives only the original first pass (51.306252ms)
✔ follower mana uses native preacher orders, registration and ghost flags before tribe scaling (76.744214ms)
✔ live spell reach follows terrain height and enemy casts require and spend native mana (148.174187ms)
✔ native casting lockout survives animation and computer usage recovers one charge at a time (83.674187ms)
✔ spell targeting preserves native cell allowances and wrapped coordinate seams (100.523995ms)
✔ native spell scans retain slots and Blast scoring avoids friendly concentrations (75.686395ms)
✔ defeat seeds native building collapse and staged damage ejects occupants before removal (137.410402ms)
✔ building display stages follow remaining work and retain separate complete meshes (61.922246ms)
✔ results preserve pending turns, collapse defeated settlements and reject new orders (423.747183ms)
✔ result camera crosses the world seam, releases input and retains native sky timing (4.586142ms)
✔ victory owns persistent native followers, drops cargo and pauses logical animation (101.180002ms)
✔ live blocked followers retain native detour steering and recovery timers (41.958311ms)
✔ live celebrants obey native walk masks and survive the legacy ground-height cutoff (43.546526ms)
✔ live completed-building footprints relocate and clear on removal (42.022581ms)
✔ live native cell order follows arrivals and removes dead records (81.619245ms)
✔ live cell insertion repairs a stale head left by a removed person (0.467273ms)
✔ dead vehicle passengers release their slots and driver position (52.165477ms)
✔ live native preparation consumes reroutes and completes slow turns and reactions (38.903802ms)
✔ interrupted victory followers resume through native orders and rejoin celebration (39.861412ms)
✔ native idle approach composes with shared state and original resting animation (38.682513ms)
✔ native resting ownership allocates distinct slots and compacts after a follower leaves (42.140902ms)
✔ native route reuse shares ownership and live celebration releases each follower (86.081692ms)
✔ native route construction retries expired failures and stores the original bounded path (245.944676ms)
✔ native path search packs a trimmed route and preserves distinct vehicle retry flags (89.057835ms)
✔ native wrapped route smoothing respects blocked steps and measures retained segments (201.820478ms)
✔ native obstacle solving builds a world-seam detour and rejects a blocked destination (201.515117ms)
✔ native planned routes use the recovered solver and advance shared followers to their goal (55.797783ms)
✔ native boarding checks the first boat and landing requests reserve distinct original search cells (1.277265ms)
✔ live native routes release query ownership, expire failures and walk low shoreline (217.41503ms)
✔ live followers share routes, advance before exact arrival and release every owner (297.271597ms)
✔ hut families are selected once, shared with shapes and retained through upgrades (146.492941ms)
✔ mission-one low population response assigns and releases persistent shaman escorts (254.235606ms)
✔ shaman escort uses native pursuit cadence and strict boundaries (4.918053ms)
✔ Mission 5 Boat worship emits its original one-shot tutorial (1611.58963ms)
✔ Mission 5 grants, boards, sails, lands and checkpoints its original Boat (1572.361763ms)
✔ Ghost Army casts, spawns native ghosts, accepts orders, vanishes in combat, and follows AI (457.510033ms)
✔ world-view terrain matches captured native mesh order, projection and lighting (201.657542ms)
✔ overview drag/release matches native snapshots and every star-parallax step (5.714694ms)
✔ overview morph timing matches the original complete lifetime snapshots (6.407393ms)
✔ Ctrl starts followers immediately, appends shared waypoints and ordinary click ends the sequence (598.791979ms)
✔ eighth Ctrl click and Alt final click deselect without cancelling issued orders; right-click ends staging (224.522575ms)
✔ queued ground movement preserves every turn, RNG, poses and footprints at 5–240 Hz and irregular frames (1274.329396ms)
✔ continued queue allocation failure retains issued orders, and an ordinary replacement releases them (113.024212ms)
✔ an enemy-person order waits behind a waypoint and advances when its target becomes unavailable (919.172233ms)
✔ ground waypoint handoff uses each playable class default initializer (707.265257ms)
✔ ordinary person turns apply native follower and Shaman healing without reviving excluded units (246.118815ms)
✔ live health adapter preserves airborne/state exclusions and combat status flags (127.866965ms)
✔ each original healing model receives exactly one recovered increment on the eighth turn (130.239343ms)
✔ a follower injured by the shipped missing-building release path later heals on an ordinary turn (58.184742ms)
✔ healing follows simulation turns across speed, refresh cadence, irregular frames and pause (1058.392181ms)
✔ checkpoint migration preserves the next native healing turn (90.685852ms)
✔ building admission clocks match captured native blocks (7.852836ms)
✔ followers visibly cross the native interior threshold before housing consumes their command (7906.746382ms)
✔ simultaneous arrivals respect hut capacity and cancellation releases the scoped animation and route (675.039132ms)
✔ hut slots remain authoritative through a departure, replacement and birth turn (1019.160756ms)
✔ fire interrupts entry without retaining its walking sprites or command record (1072.123281ms)
✔ staged entry positions, RNG, admission and sprite clocks are independent of rendered frame rate (2102.054968ms)
✔ entry re-plans interrupted steering and releases its source when the hut becomes unavailable (132.405536ms)
✔ scaled native panel and bottom-row digits remain above the modern footer (7.532282ms)
✔ HUD keeps preferred manual sizes and the original nominal auto steps when they fit (18.21661ms)
✔ HUD extraction retains the page client-component directive (4.460727ms)
✔ HUD selection and focus match captured original commands without changing other person fields (15.917341ms)
✔ HUD controls add followers without stealing simulation ownership or replacing marching orders (236.757441ms)
✔ building menu waits through delayed false images before continuing (32.538495ms)
✔ building menu exhausts its existing 30000 ms scope without continuing (1380.389601ms)
✔ building menu propagates failed texture acquisition without retrying (8.836978ms)
✔ building hover Mission 1 waits through delayed false images before continuing (23.168141ms)
✔ building hover Mission 1 exhausts its existing 30000 ms scope without continuing (494.878094ms)
✔ building hover Mission 1 propagates failed texture acquisition without retrying (2.780344ms)
✔ building hover Mission 2 waits through delayed false images before continuing (4.299197ms)
✔ building hover Mission 2 exhausts its existing 30000 ms scope without continuing (234.32348ms)
✔ building hover Mission 2 propagates failed texture acquisition without retrying (5.21112ms)
✔ worship Tutorial waits through delayed false images before continuing (5.090892ms)
✔ worship Tutorial exhausts its existing 30000 ms scope without continuing (274.906081ms)
✔ worship Tutorial propagates failed texture acquisition without retrying (2.365319ms)
✔ worship Mission 1 waits through delayed false images before continuing (4.142344ms)
✔ worship Mission 1 exhausts its existing 20000 ms scope without continuing (238.208067ms)
✔ worship Mission 1 propagates failed texture acquisition without retrying (1.943583ms)
✔ repeated helper calls acquire the replacement document image (2.781967ms)
✔ only literal true permits readiness, never a truthy observation value (0.516696ms)
✔ late true is rejected after the awaited read settles, without another observation (1.509569ms)
✔ the last pause fits the deadline and no read starts after it (1.880189ms)
✔ invalid wait bounds fail before reading (0.428215ms)
✔ shaman health fill follows native integer bounds and absent/overfull cases (7.447289ms)
✔ HUD atlas metadata matches the PNG and contains every imported sprite (15.817379ms)
✔ portrait backgrounds and shadow-free directional layers match native captures (9.972801ms)
✔ tooltip bitmap placement and wrapping match the original desktop controller (109.248882ms)
✔ mana production stripes follow native rates, warning bands and controller modes (19.81037ms)
✔ live mana estimation uses the simulation clock and follows charging toggles (630.894011ms)
✔ follower counts, icon placement and housing fill match native HUD controllers (15.98658ms)
✔ population readouts exclude dead followers and reserve the shaman allowance (148.644978ms)
✔ hut birth clocks and destinations match captured original calls (22.425059ms)
✔ live newborns leave the hut and keep native birth feedback and gates (443.899891ms)
✔ hut smoke uses descriptor attachment slots, independently of resident capacity (3.933524ms)
✔ hut occupancy producer samples real occupancy every 32 building turns (0.825845ms)
✔ partial root uses the native 16-visit visible lifetime and restart draw (0.274417ms)
✔ full root is persistent and does not invent the unresolved child-puff phase (0.227778ms)
✔ all supported residential hut capacities switch partial to full at their native capacity (0.253466ms)
✔ visual frames stay on the recovered 16-frame sequences (0.222179ms)
✔ immediate occupancy events preserve capacity, phase and same-mode root identity (1.596378ms)
✔ drain elapsed old-root visits before an off-phase event without backdating the new root (1.662806ms)
✔ listeners are transient, identity-scoped and released through material disposal (0.910351ms)
✔ multiple presentation consumers unsubscribe independently without resetting each other (0.339784ms)
✔ live command8 owner publishes authoritative entry/removal for Hut level 1 (405.67761ms)
✔ live command8 owner publishes authoritative entry/removal for Hut level 2 (387.111706ms)
✔ live command8 owner publishes authoritative entry/removal for Hut level 3 (231.865267ms)
✔ ordinary Mission2 admission includes the new smoke root in that turn’s effect visit (11014.879182ms)
✔ pre-building occupancy removal receives one first visit, including counter wrap (296.086253ms)
✔ out-of-turn allocation survives pause; commands while paused remain rejected (530.33986ms)
✔ new-root completion is identity-scoped and one-shot for same-turn transitions (0.571217ms)
✔ batched turns and repeated rendering preserve the native first lifetime (1452.726206ms)
✔ turn completion callbacks are clock-specific and are discarded on a failed turn (62.028942ms)
✔ hut maturity and cell timber match captured original calls (5.320812ms)
✔ residents fetch and stage timber before their hut upgrades (689.534323ms)
✔ Hypnotise uses the native footprint, temporary ownership, expiry, and AI target path (508.471697ms)
✔ Invisibility marks the native six, does not refresh, and reveals on time or combat (642.023153ms)
✔ player and computer casts share Invisibility application and old saves migrate (1261.418977ms)
✔ complete Land Bridge lifetimes match native terrain, ordered trails and notifications (2086.008366ms)
✔ live bridge terrain and particle cleanup are identical across refresh rates and stalls (6100.220469ms)
✔ ordinary Mission1–3 startup uses native terrain, authored gates and real conversion (2300.823789ms)
✔ native opening excludes Shaman selection, without inventing a casting restriction (126.412788ms)
✔ checkpoint restore resumes every opening stage without replaying terrain/conversion (2879.593659ms)
✔ restart gets one fresh sequence; repeated flyby skip does not replay it (586.52123ms)
✔ only carrier-created stones are obstacles, while legacy sites keep their reservations (90.956735ms)
✔ opening wave, conversion and stone cues preload their existing original samples (12.322465ms)
✔ permitted opening casts enter native state22 and resume command18 without a stuck controller (1981.446988ms)
✔ fresh-load camera follows native cell-edge/center snapping and angle retention (0.587ms)
✔ the command18 completion turn owns exactly one native person visit (419.130858ms)
✔ permitted state22 interruption and completion retain one counter increment per turn (454.489042ms)
✔ replacement player orders cancel startup before its counter write (212.85119ms)
✔ only the linked neutral startup conversion flash follows its replacement Brave (519.154602ms)
✔ a missing converted Brave does not retarget its flash or shorten the native expiry (186.319411ms)
✔ an invalidated command18 is consumed by the ordinary queue without completing the site (99.28775ms)
✔ original Lightning target gates, inclusive cap, attacker and electrocution phases (4.595715ms)
✔ live Lightning retains victims, displays native shock sprites, scatters survivors and cleans up (314.82423ms)
✔ Lightning outcomes and turn-by-turn poses are independent of rendering cadence (607.367269ms)
✔ live marching uses shared commands, original poses, separate slots and releases interruption/death/arrival ownership (766.395096ms)
✔ marching and resting preserve mechanics, footprints and sprite frames at 5–240 Hz and irregular frames (1863.5628ms)
✔ exhausted command pool preserves the previous movement and group ownership (302.034154ms)
✔ panic retains the real movement command and resumes its route after recovery (127.454259ms)
✔ obstacle recovery replans the owned group order and settles identically at 5–240 Hz (2266.161663ms)
✔ shared ground motion advances a retained route once before any state controller (95.581906ms)
✔ native432260 empty current slot returns before building live order context (37.977874ms)
✔ live worship shares an order, occupies exact slots, prays, earns gifts and releases interrupted/dead members (517.947759ms)
✔ live head rewards, displayed standing roster and group selection retain their distinct native rules (265.849223ms)
✔ worship motion, prayer frames, pose RNG and rewards are identical at 5–240 Hz and irregular frames (1810.09047ms)
✔ an unreachable head preserves the existing command without entering an unported retry state (149.304353ms)
✔ Ctrl waypoints finish at a stone head without replacing the current route or person (157.898499ms)
✔ training replacements inherit a queued stone-head order and perform the original prayer (153.82107ms)
✔ queued worship preserves turns, poses, RNG and rewards at 5–240 Hz and irregular frames (2228.230623ms)
✔ local launch preserves sandbox and removes all unsafe Playwright defaults (2.049258ms)
✔ CLI accepts separate game root, owned output, browser and bounded settings (0.325192ms)
✔ CLI rejects unknown flags, missing values and unbounded inputs (0.235158ms)
✔ harness preserves the exact side-effect-free source fingerprint export (0.14799ms)
✔ source fingerprint catches dirty tracked and untracked byte drift with unchanged porcelain (184.202912ms)
✔ active scenario completing during timeout diagnostics cannot turn failure into pass (108.126589ms)
✔ active scenario completing during interrupt diagnostics cannot turn failure into pass (7.654372ms)
✔ ordinary native constructors restore the logical gate without adding interpolation behavior (225.67517ms)
✔ native person and Splash frames wait for logical visits while clear-bit effects keep 24 Hz (219.41443ms)
✔ each catch-up turn observes the prior frame before one post-observer logical advance (214.556916ms)
✔ ordinary owner aliases and a post-turn handoff never advance twice (455.201412ms)
✔ state0 and removed gated sources do not fall through to presentation advancement (96.065734ms)
✔ pause, land pause and speed changes preserve owned logical animation visits (54.029467ms)
✔ legacy save aliases gain the gate without resetting frames or replaying on a new Scene clock (49.999391ms)
✔ a Splash allocated after processing gets one animation visit but no invented lifetime visit (811.047109ms)
✔ morph transitions keep one presentation owner even on coincident logical boundaries (185.542023ms)
✔ Firewarrior descriptor holds are measured in eligible logical visits (85.387443ms)
✔ post-turn source replacement visits only the active record, including at turn wrap (63.675573ms)
✔ direct simulation ticks and presentation calls do not manufacture logical visits (74.99512ms)
✔ marching geometry, recruitment, cleanup, speed and poses replay complete original calls (69.322925ms)
✔ native movement completion preserves payload, seam and vehicle boundaries and four-turn cadence (10.235104ms)
✔ marching cleanup tolerates a member whose native record was already released (7.219213ms)
✔ outdoor and building encounter calls match captured original fields, timing, RNG and sound (35.698757ms)
✔ all playable encounter pairs show the opening strike, physical stagger and defender-centered fight (1767.574907ms)
✔ encounters and their animations stay deterministic across render schedules (506.214926ms)
✔ the native skip-intro flag and player cancellation do not leave stuck encounters (193.342697ms)
✔ an encounter releases cleanly when an airborne participant returns to ordinary motion (100.763763ms)
✔ live fights refresh the first native player alert each object turn (205.864445ms)
✔ simulation owns quiet, attack and battle music activity across pause and cancellation (732.423434ms)
✔ native fight admission, replacement and splitting retain original slots, flags and RNG (13.133713ms)
✔ stronger reinforcements replace the first weaker ally and preserve a three-person tribe limit (168.8521ms)
✔ two-sided reinforcements split the last fighter of each tribe into a new live fight (175.359285ms)
✔ reinforced group motion and combat remain identical at every render cadence (545.263799ms)
✔ center changes preserve original membership slots for subsequent splits (60.727818ms)
✔ pursuit refresh uses the original inclusive axis threshold and signed coordinates (1.28767ms)
✔ live pursuit updates before reaching the old destination and reuses unchanged routes (1503.857064ms)
✔ automatic engagement uses equal tribe ranges, whole cells and original scan cadence (78.383046ms)
✔ native inhibition and pending scans apply without giving idle shamans automatic attacks (35.663ms)
✔ live move orders cross nearby enemies without the old distance interruption (69.382476ms)
✔ idle followers of either tribe pursue detected enemies at every render cadence (712.880722ms)
✔ group attacks hit busy opponents without restarting their action or facing (9552.129762ms)
✔ Magical Shield does not block native mode-one melee damage (61.56139ms)
✔ opportunistic reach is measured from the opponent slot with an exclusive 360-unit boundary (575.063249ms)
✔ group combat stays deterministic across render schedules and yields to player orders (443.957299ms)
✔ knockback waits for terrain physics to settle and preserves cell ownership (140.287956ms)
✔ hits during knockback survive physics and player orders do not teleport the person (68.812734ms)
✔ sliding recoil, native animation and recovery are independent of render cadence (438.042176ms)
✔ shamans and the native game flag suppress ordinary attack knockback (1143.095866ms)
✔ fight sites use the native 32-turn search and retain groups when no site is available (79.788192ms)
✔ fight sites leave original building footprints even between periodic search visits (107.744127ms)
✔ sequential fight searches avoid other fight centers and release exhausted searches (1.710245ms)
✔ live groups relocate sequentially without sharing another fight center (72.906362ms)
✔ native approach reaches its slot from every direction and waits one turn to chase a moved slot (623.435761ms)
✔ approach uses native cell collision and preserves the person across attack, recoil and new orders (81.948934ms)
✔ approach, native animation and subsequent combat stay identical across frame rates (441.967781ms)
✔ native descriptor threshold chooses exact small and large corner dimensions (1.844626ms)
✔ 1x frame overlaps native corners in a 100x96 rectangle, bottom corners last (7.003739ms)
✔ 2x and partial tiles retain exact 1:1 corner/edge pixels and a transparent center (72.269929ms)
✔ frame is a separate overlay and does not change terrain, markers or click ownership (1.134372ms)
✔ minimap pixels, camera wrapping, rotated UVs and markers match native captures (160.859263ms)
✔ Mission 10 runs its first Totem deadline and second Totem Erosion sequence (28713.705981ms)
✔ Mission 11 opens with both enemy tribes and four original knowledge sites (153.762517ms)
✔ Mission 11 opponents build their first settlement and scripted BUILD_AT tower on native cadence (9802.39549ms)
✔ Mission 12 opens with all three enemy tribes and original knowledge (794.332776ms)
✔ Mission 12 starts its original turn-7 flyby once (226.356597ms)
✔ Mission 12 opponents request their first Guard Towers on native cadence (457.54806ms)
✔ Mission 12 opening remains deterministic through checkpoint migration (3062.397778ms)
✔ Mission 13 opens with both enemy tribes and original knowledge (346.615079ms)
✔ Mission 13 starts its original Yellow turn-6 flyby once (649.774282ms)
✔ Mission 13 Balloon Hut knowledge is visible before construction (560.75298ms)
✔ Mission 13 Land Bridge uses native surface categories at low shore (71.089763ms)
✔ Mission 13 Balloon Hut repeatedly produces occupied airborne transport (1786.833378ms)
✔ Mission 13 opening remains deterministic through checkpoint migration (603.13806ms)
✔ Mission 14 delivers both linked gifts and a castable Angel through shipped paths (2444.110514ms)
✔ Mission 15 ordinary Prison attack frees the captive and cancels the timer (437.084524ms)
✔ Mission 15 timer expiry locks input and kills the captive with enemy Lightning (205.994266ms)
✔ Mission 15 expiry stays latched if the Prison falls before Lightning lands (153.430678ms)
✔ Mission 15 captive Lightning branch requires an enemy caster, not the Prison cell (102.615055ms)
✔ Mission 16 worship grants Bloodlust and live combat consumes its status (565.871842ms)
✔ old checkpoints default Bloodlust stock without disturbing their world (111.40462ms)
✔ Mission 17 grants Armageddon and stages the native arena through the live cast path (1817.994546ms)
✔ Armageddon uses generic victory and defeat outcomes and restores control (1677.719485ms)
✔ Mission 18 loads its authored tribes and grants Armageddon and both Volcano rewards (5103.743002ms)
✔ Mission 18 starts its authored Red marker patrol through normal AI orders (206.029717ms)
✔ Mission 18 Armageddon restores its arena checkpoint and reaches both result directions (4607.398717ms)
✔ Mission 19 loads its authored objective and grants all three worship rewards (1963.611249ms)
✔ Mission 19 Teleport spends only accepted stock and resumes identically from a checkpoint (496.4214ms)
✔ Mission 19 warns once and gives Chumara loss priority over Dakini defeat (1345.111447ms)
✔ Mission 2 naturally earns Matak kills and launches the organized raid (7187.369696ms)
✔ Mission 2 checkpoints retain kill ownership from the old red slot (98.383131ms)
✔ Mission 2 camp targeting takes the first model match without RNG (83.928733ms)
✔ Mission 2 producer matches native base, loss, capacity and resource boundary cases (1848.061418ms)
✔ Mission 2 naturally establishes a new home Tower base and preserves phase3 checkpoint continuation (8192.413828ms)
✔ Mission 2 rebuilds after a real player army destroys both Towers, retaining its first construction base (14544.303029ms)
✔ Mission 2 explicitly trains replacement Warriors after natural combat despite zero producer preferences (13281.534816ms)
✔ Mission 20 loads its authored opening and four-stage linked chain (590.840337ms)
✔ Mission 20 worship consumes each head once and restores the live chain (6619.571515ms)
✔ Mission 21 loads its authored opening and first fault state (131.090018ms)
✔ Mission 21 converts worshippers and seals the first fault across a checkpoint (6712.721274ms)
✔ Mission 21 checkpoints one unsealed first-fault eruption without replay (5357.604599ms)
✔ Mission 22 opens with its solo Shaman, native heads, tribes and transport (127.951831ms)
✔ Mission 22 mode-3 head rejects an injected Brave supporting fixture (188.316479ms)
✔ Mission 22 nearby head is a one-shot presentation with no gameplay reward (472.78582ms)
✔ Mission 22 southern head delivers its delayed 600,000 mana gift after real worship (14161.679603ms)
✔ Mission 22 Shaman can steal, checkpoint and sail the authored enemy Boat (3354.458008ms)
✔ Mission 22 Shaman can claim the authored Balloon and complete the northern mana route (13067.608795ms)
✔ Mission 23 loads its authored tribes, Wildmen and worship chain (145.911389ms)
✔ Mission 23 enemy tribes grow their native settlements and populations (25731.265528ms)
✔ Mission 23 unlocks and repeats the native zero-mana gift through ordinary worship (1697.238842ms)
✔ Convert Wild allocation gates state and duplicates without cancelling existing work (4.687587ms)
✔ Convert Wild target retains density, wrap, tie, inclusive radius and list-centroid rules (4.177149ms)
✔ Convert Wild standability preserves initial target and tries only the first24 spiral positions (0.782731ms)
✔ Mission3 active type2 advances after allocation state is switched off (115.425721ms)
✔ type2 timeout clears motion before a blocked state transition and then frees the task (134.608484ms)
✔ type2 reads the active fight person even when its attack animation has no presentation source (132.178923ms)
✔ Convert Wild region lookup normalizes signed browser-native positions to unsigned words (0.285634ms)
✔ type2 casting preserves the real person flags2 readiness gate (56.278797ms)
✔ explicit flight person receives the allocation-safe return order without restarting its state (44.143186ms)
✔ explicit flight return preserves the complete world on order allocation exhaustion (75.37022ms)
✔ cast-ready flight-owned Shaman receives the type2 post-cast return on the same person (80.745852ms)
✔ type2 range reads actual signed person height rather than terrain beneath it (72.825338ms)
ℹ {"terrainHeight":146,"personHeight":896,"terrainRange":14,"personRange":24}
✔ Mission3 Chumara moves, spends its original shot and mana, then stops allocating at the population cutoff (2112.774465ms)
✔ Mission3 keeps idle follow-ups and area-summary automatic training unreachable (224.891549ms)
✔ ordinary Mission3 allocates a real pre-table response before ordinary production (346.306322ms)
✔ defense allocation preserves native caps, immediate empty-area cleanup and recycled scratch (1.687134ms)
✔ active defense suppression uses strict squared26 and wrapped cell distance (0.259636ms)
✔ native defense no-force fallback is a finite seven-visit lifecycle (0.652699ms)
✔ defense cleanup clears only matching assignment and native flag bits while preserving another lock (72.088142ms)
✔ lost early defense targets are invalidated before a different task dispatch (82.120101ms)
✔ defense Blast uses signed active-person height for native and flight-owned Shamans (171.384486ms)
✔ defense Blast reads active native, flight and non-presented fight positions in both range directions (251.101851ms)
✔ defense target collection preserves category caps, rejection rules and the omitted last spiral cell (1.224928ms)
✔ ordinary Mission3 intrusion produces a real type8 fallback, cleanup, repeat and checkpoint continuation (1697.695251ms)
✔ ordinary Temple acquisition and Preacher intrusion recruit a real Chumara defender with orders and movement (3837.867184ms)
✔ Mission 3 naturally trains a Blue Preacher, converts an authored Brave and resumes its mid-conversion checkpoint (4769.479984ms)
✔ a real movement command cancels the naturally acquired Blue sermon without converting its listener (2215.965556ms)
✔ natural Mission 3 conversion follows elapsed game time across display schedules (5010.768072ms)
✔ Mission 3 opens through original Chumara, Swarm, Temple and Erosion paths (5315.937195ms)
✔ single Preacher selector preserves native first-near/band order and strict distance boundaries (5.891714ms)
✔ single-person strict19 boundary, wrap, mode0 and invalid mode match native cases (0.626059ms)
✔ type11 waits for selection ownership and cancellation safely releases state14 and slot (178.203163ms)
✔ duplicate raw payload and failed allocator preserve native selection side effects (86.701807ms)
✔ Preacher allocator preserves native five-slot/state/signed-count boundaries (0.686659ms)
✔ 1103 replacement preserves all person/order state on allocation exhaustion (99.020934ms)
✔ natural Chumara training reaches marker3 Preacher task, checkpoint phases and movement (4665.055307ms)
✔ complete128-turn block preserves strict gates, command ordering and message lifetime (1.847963ms)
✔ 1103 retargets only active order30 in native state10/33 without restarting state (240.971118ms)
✔ cancelled blocked-state Preacher resets motion before the native state gate (48.586614ms)
✔ Mission 3 warns once when a naturally trained Chumara Preacher starts converting a Blue Brave (9522.864617ms)
✔ Mission3 authored raid allocation matches original: nominal accepted fixture (1.898448ms)
✔ Mission3 authored raid allocation matches original: state20 disabled (0.15517ms)
✔ Mission3 authored raid allocation matches original: one active raid reaches authored cap1 (0.106719ms)
✔ Mission3 authored raid allocation matches original: all ten slots occupied by other tasks (0.095121ms)
✔ Mission3 authored raid allocation matches original: only final slot free (2.753236ms)
✔ Mission3 retains loaded Shaman origin for loaded-cell-shaman-moved (3.026799ms)
✔ Mission3 retains loaded Shaman origin for loaded-cell-shaman-absent (0.246155ms)
✔ Mission3 retains loaded Shaman origin for loaded-cell-shaman-moved after checkpoint (0.214648ms)
✔ Mission3 retains loaded Shaman origin for loaded-cell-shaman-absent after checkpoint (0.20875ms)
✔ Mission3 recruitment preserves original common-origin-control (5.390966ms)
✔ Mission3 recruitment preserves original no-base-authored-coordinates (0.995487ms)
✔ Mission3 recruitment preserves original established-base-distinct (0.194118ms)
✔ Mission3 recruitment retains a valid established base at cell zero (0.238414ms)
✔ Mission 3 starts its original recurring-script flyby through ordinary turns (3227.030739ms)
✔ Mission 3 Chumara builds its settlement and trains its first Preacher (3475.165663ms)
✔ Mission 4 starts its original opening flyby once through ordinary turns (1112.18021ms)
✔ Mission 4 teaches training and attack from its original live conditions once (107.594108ms)
✔ Mission 4 converts Wildmen, discovers the Guard Tower, and defeats the Matak (12285.187775ms)
✔ Mission 5 Angel head delivers its linked hostile summon through live worship (516.948629ms)
✔ Mission 5 checkpoint migration upgrades an explicit mode-5 legacy Angel without changing gameplay state (136.736253ms)
✔ Mission 5 checkpoint migration recovers an absent authored mode before upgrading the Angel model (68.730003ms)
✔ Mission 5 checkpoint migration adds only the previously omitted Angel head (105.287887ms)
✔ Mission 5 imports its linked Boat template from the verified native coordinates (1.988101ms)
✔ Mission 5 runs its imported opening flyby once through ordinary turns (2702.073048ms)
✔ Mission 5 launches its original ordinary raid when the player reaches the Angel head (578.729314ms)
✔ Mission 5 launches its surviving Dakini at the player Shaman (269.88441ms)
✔ Mission 5 staffs its original Dakini tower with a Preacher (569.044159ms)
✔ Mission 6 keeps both original opponents distinct through outcome and checkpoints (997.218191ms)
✔ Mission 6 credits each opponent attack task independently (95.170929ms)
✔ Mission 6 low-population survivors counterattack the player Shaman (305.631044ms)
✔ Mission 6 Chumara trains Preachers and launches its first mixed raid (30007.174157ms)
✔ Mission 6 opponents expand and Matak launches its first Warrior raid (32692.768629ms)
✔ Mission 6 ATTACK snapshots the native three-spell payload and keeps old tasks compatible (1.303353ms)
✔ type-20 sixth ATTACK quota selects exactly the tribe Shaman outside the generic selector (0.576435ms)
✔ Mission 6 first Matak ATTACK retains source-derived Land Bridge, Lightning, Blast order (38203.681316ms)
✔ Mission 6 phase-6 task Shaman uses native payment, eligibility, usage and range gates (690.565243ms)
✔ Mission 6 phase-6 task spell uses task target outside Shaman states 25/29 (125.049703ms)
✔ Mission 7 converts Wildmen and grants Invisibility through its original head (1315.080821ms)
✔ Mission8 natural acceptance starts from the shipped seven-person Blue and eleven-person Red roster (370.724218ms)
✔ Mission8 attack staging is a land order for the original party, not a transport or worship prerequisite (86.553837ms)
✔ shared ground → training → destination queues retain identities until conversion and inherit the original tail (1174.345141ms)
✔ shared ground → construction → destination queues retain identity and resume after the crew leaves (165.261337ms)
✔ cancelled, invalid, removed and dead queued builders release command-6 ownership exactly once (696.021964ms)
✔ a waypoint added while trainees are inside preserves occupancy; ordinary hut admission consumes the complete queue (422.486433ms)
✔ unavailable or cancelled buildings advance to the next order; replacement and death release shared references (741.669943ms)
✔ mixed movement, training, inherited orders, RNG and footprints match from 5 to 240 Hz and irregular frames (1357.353543ms)
✔ building order preparation matches complete original CPU calls (1.773583ms)
✔ reinforcements and new encounters retain the same person and resume ground, building and worship orders (1881.877672ms)
✔ replacing or killing a reinforcement releases every retained command reference (305.284615ms)
✔ a displaced fighter retains its queue and a split keeps both followers’ original records (320.775548ms)
✔ combat interruption and resumed orders preserve simulation and poses across render rates (1561.018142ms)
✔ combat removes a waiting trainee from its physical line while retaining its training order (118.560893ms)
✔ native model wave uses half, quarter, eighth strength then resets (1.990685ms)
✔ live waves retain first-hit deformation on resource scenery (175.033411ms)
✔ move input eligibility matches native category, strict-land and quarter-mask captures (9.307848ms)
✔ blocked move clicks preserve the whole selected group, shared orders, markers and RNG (172.107708ms)
✔ Markdown sections retain ancestry, repetitions, CRLF boundaries, and ignore fenced headings (4.117882ms)
✔ manifest validation accepts reviewed data and rejects duplicate IDs, missing paths, invalid parity references, and unsafe paths (238.808247ms)
✔ index is deterministic, clean without a cache, ignored when written, and regenerates after source changes (177.838126ms)
✔ index and context reject an indexed source symlink that escapes the repository (107.735803ms)
✔ repository validation requires one current top-level execution-order heading (51.713725ms)
✔ context returns bounded provenance, limitations, checks, and visible source truncation (82.077639ms)
✔ context output saves current JSON and rejects silent option mistakes (441.327459ms)
✔ preparation is independent of retired local status state (318.747864ms)
✔ native research packets grant only a contract-allowed ignored scratch directory (208.443326ms)
✔ role context carries a validated bounded assignment and explicit overflow (403.821346ms)
✔ reviewer context fingerprints the actual dirty, renamed, deleted, and untracked inputs (158.192094ms)
✔ real mapped evidence excerpts retain their material performance boundaries (5135.756479ms)
✔ Shaman appearance context keeps its complete checks and evidence within the default budget (1430.762622ms)
✔ Followers task context retains complete checks without bloating selection context (675.522212ms)
✔ plan handles cross-cutting edits, renames, deletions, untracked and unsafe inputs without executing checks (208.070427ms)
✔ audit distinguishes baseline edits and reports out-of-scope, generated, input, untracked, and stale verification changes (264.884287ms)
✔ audit reports a pre-existing baseline change that disappears (394.756475ms)
✔ audit requires exactly one result for every required check (240.79232ms)
✔ blocked verification cannot masquerade as passing and passed results require evidence (157.89252ms)
✔ game server rejects an invalid isolated port (0.958814ms)
✔ preparation captures real baseline and hashes, validates intent, and refuses overwrite (437.396759ms)
✔ verification persists completed checks across interruption and replaces old passes at startup (202.387201ms)
✔ verification replaces a required receipt invalidated by a changed check definition (170.910218ms)
✔ reviewed aggregate coverage executes once, fingerprints covered inputs, and fails closed on script drift (987.211667ms)
✔ orchestration-tests receipts become stale when worker configuration changes (431.061179ms)
✔ repository-check receipts become stale when worker configuration changes (507.745641ms)
✔ verification runs only safe contract checks, records blocking, and detects mutations (929.494263ms)
✔ ephemeral default stays opt-in; persistent launch keeps sandbox and explicit data-dir (2.819295ms)
✔ unknown personal, noncanonical, existing unmarked and symlink directories fail before adoption (36.730469ms)
✔ symlink ancestor and evidence overlap are rejected (16.366407ms)
✔ an output symlink cannot alias profile data before preflight creates logs (21.586037ms)
✔ exclusive live and unknown locks are never recovered, and failed cleanup keeps ownership (37.248393ms)
✔ normal terminal cleanup retains checkpoint identity across a new exclusive run (33.006411ms)
✔ source/runtime/origin drift cannot silently adopt a game save (83.159593ms)
✔ symlinked source bytes and external or ignored scenarios cannot bypass input binding (52.350689ms)
✔ checker-only correspondence must bind prior run and both exact source identities (54.560149ms)
✔ unverified source and changed terminal ownership remain blocked (32.466669ms)
✔ lease refuses a replaced lock and leaves that owner untouched (22.207068ms)
✔ leftover Chromium ownership and replaced data directory block reuse (37.24927ms)
✔ committed readback is readonly, awaits completion, and hashes typed arrays/Map/Set contents (132.610011ms)
THREE.InterleavedBufferAttribute.clone(): Cloning an interleaved buffer attribute will de-interleave buffer data.
✔ painter centers retain precision and follow position replacement and updates (3.920971ms)
✔ construction caps replace face modes and hidden picking faces emit no material (2.925263ms)
✔ cell render order matches native mixed passes and retained arrival order (371.008092ms)
✔ cell traversal preserves live ordering when a stale chain entry is encountered (2.630796ms)
✔ mixed polygon buckets, reverse insertion ties and raster depths match native captures (6.867616ms)
✔ completed models reject native rear faces and shared side/bottom outcodes (3.04433ms)
THREE.InterleavedBufferAttribute.clone(): Cloning an interleaved buffer attribute will de-interleave buffer data.
✔ shared painter vertices follow attribute edits, splits and replacement (3.907281ms)
✔ native grid mapping matches exact XYZ mapping and rejects split heights or irregular coordinates (0.648042ms)
Unrecorded ledger change: run parity:record with a note
✔ parity credits verified scope only and rejects misleading or untraceable assessments (44.274359ms)
✔ report-only rendering refuses unrecorded parity progress (209.36529ms)
✔ verified requirements advance a fixed checkpoint share without hiding unknown scope (31.069596ms)
✔ assessments expose small gains and regressions without crediting scope revisions (53.102255ms)
✔ browser supervisor verifies cleanup after a missing checker dependency (599.677935ms)
✔ browser supervisor does not start the checker while the server port refuses connections (1127.136047ms)
✔ browser supervisor verifies cleanup after a checker exception (385.972718ms)
✔ browser supervisor classifies server spawn failure and verifies empty cleanup (14.774424ms)
✔ browser supervisor stops the checker when the ready server exits (757.449285ms)
✔ browser supervisor SIGTERM includes a detached checker descendant (1116.779167ms)
✔ concurrent submitters and controllers preserve FIFO without overlap (1802.449693ms)
✔ failed and timed-out jobs release before automatic next job (1725.159662ms)
✔ cancel running and queued jobs without running queued command (1543.813124ms)
✔ missing cleanup blocks handoff, recovery requires a fresh matching receipt (1340.130192ms)
✔ live detached child prevents next test and is never killed by the queue (1435.425314ms)
✔ controller crash retains lock; recovery refuses live owner or job (1926.904865ms)
✔ foreign or missing execution scope cannot prove a controller stopped or authorize recovery (901.388395ms)
✔ legacy active jobs remain unknown even with no controller lock (804.573964ms)
✔ paused submissions start no transient controller before recovery (893.094179ms)
✔ source drift and busy ports block commands without touching existing server (870.738736ms)
✔ all linked worktrees resolve the same queue; invalid specs never launch (536.930251ms)
✔ submission preserves PATH under an ESM temp parent and returns one compact result (1856.683439ms)
✔ concurrent identical retries share one unfinished job; completed work can run again (2249.876704ms)
✔ run exposes a recovery ID before caller interruption; retry keeps the running job (1288.58479ms)
✔ person panels preserve native command traversal, health and original draw submissions (5.251208ms)
✔ person-panel lifetime matches native refresh and remains independent of render rate (6.376114ms)
✔ order focus matches native targets and follows the displayed queue record (0.819426ms)
✔ destination marker preserves native attachment, frames and lifetime at every render rate (476.751863ms)
✔ panic and personal fire trails retain original timer, sound, anchor and allocation decisions (13.023918ms)
✔ burning huts eject running followers with distinct panic and trail lifetimes in all orientations (787.265344ms)
✔ panic motion, animation and fire trails are independent of presentation frame rate (435.897897ms)
✔ native building flames traverse matching cells in order, including repeated sockets and failed allocations (38.98844ms)
✔ live flame-cell adapter preserves protected followers, immunity, tribe and hidden occupants (53.212801ms)
✔ real Lightning ignition reaches nearby surviving followers before occupant evacuation (42.335445ms)
✔ ordinary clicks replace only new selections; Ctrl toggles and blocked clicks preserve the group (2.16192ms)
✔ selection never creates a simulation owner or interrupts existing group orders (250.687932ms)
✔ all native single/group selection voices and pointer acknowledgements are ready before audio activation (13.38272ms)
✔ worship placement preserves native two-pass search, occupancy, route order and failure flags (19.445883ms)
✔ worship command preserves native approach, prayer, retry and presentation RNG decisions (8.010324ms)
✔ ordinary stone-head visits expire the standing-slot cursor at the native byte timer (2.051586ms)
✔ construction-plan entrances, approach and timed attack sequences match native execution (21.634383ms)
✔ player append matches native shared references, cursor wrap, full queues, eligibility and pool exhaustion (35.393236ms)
✔ ground, building and forced-final worship modifiers and eighth-order deselection match complete native player packets (0.785326ms)
✔ replacement preserves prior orders when the shared pool is full (0.659969ms)
✔ sprite pointer brackets match native palette, two/four-layer geometry and unsigned animation wrap (7.851119ms)
✔ native conversion delay uses the recovered 200/3 timing basis (1.935352ms)
✔ a full order pool does not stop a moving Preacher without attaching its sermon (95.66318ms)
✔ inside command 31 binds its building and uses the native five-cell sermon radius (107.292838ms)
✔ conversion moves a newborn outside a building footprint before centering it (84.761735ms)
✔ sermon poses preserve native multi-turn RNG timing (49.847158ms)
✔ an idle preacher sermons, converts by replacement, and releases listeners on a new order (424.356783ms)
✔ preacher conversion is independent of display refresh rate (611.931413ms)
✔ queued command 31 rewrites to friendly building entry or ground movement (78.423079ms)
✔ live sermon selects original source176 with the shared cosmetic RNG and returns on its logical boundary (344.425923ms)
✔ source176 checkpoints preserve active ownership, phase and RNG without a second birth (267.667261ms)
✔ live sermon selects original source184 with the shared cosmetic RNG and returns on its logical boundary (220.224486ms)
✔ source184 checkpoints preserve active ownership, phase and RNG without a second birth (155.404756ms)
✔ live entry and loop setters restore first-frame delay and loop assignment without clearing other bits (89.005609ms)
✔ unsuccessful gesture decisions advance the shared cosmetic stream once without taking simulation randomness (187.126534ms)
✔ a paused logical clock preserves an active gesture and presentation visits do not advance it (83.260727ms)
✔ flight and encounter owners suppress the detached sermon animation; ordinary movement supersedes it (99.692994ms)
✔ live blue sermon for player tribe0 requests cue51 with its actual owner (142.490371ms)
✔ live red sermon for player tribe0 requests cue189 with its actual owner (144.582571ms)
✔ live red sermon for player tribe1 requests cue51 with its actual owner (146.206751ms)
✔ newly acquired listeners do not retroactively request a sermon cue (144.295024ms)
✔ both sermon cue families have actual sample preload coverage (0.643084ms)
✔ the live order dispatcher shares gesture ownership across commands17/31/32 (321.172507ms)
✔ live active preaching reaches emergency Blast priority (346.845925ms)
✔ live active preaching reaches emergency Swarm fallback (173.049784ms)
✔ live active preaching reaches emergency Lightning fallback (75.831832ms)
✔ emergency preaching response excludes no active assignment (72.413253ms)
✔ emergency preaching response excludes no live person record (58.167256ms)
✔ emergency preaching response excludes same tribe (115.681673ms)
✔ emergency preaching response excludes allied tribe (88.578529ms)
✔ emergency preaching response excludes invisible preacher (42.298405ms)
✔ emergency preaching response excludes caster cooldown (55.449393ms)
✔ emergency preaching response excludes no ready spell entry (46.989427ms)
✔ emergency preaching response excludes paused target scan (45.579835ms)
✔ emergency preaching response excludes no spell payment (48.060997ms)
✔ emergency preaching response excludes stored Lightning below its mana cost (42.957433ms)
✔ the independent enemy-Shaman response still spends stored Lightning without mana (44.285905ms)
✔ failed allocation consumes the sole producer opportunity before a later spawn (133.940461ms)
✔ busy rejection consumes allocation identity but preserves the active wave and saved site (73.997165ms)
✔ site height follows native ground-then-quantize arithmetic (262.056733ms)
✔ mode2 uses native eligibility, panic, descriptor damage and RNG without Swarm filters (1049.532438ms)
✔ protected transitions retain repeated native cell hits and consume no panic RNG (66.071405ms)
✔ a wave removes an older in-cell Swamp before it can process in the same turn (101.429918ms)
✔ mode2 cleanup keeps an outside Swamp and the next enemy receives panic (63.467084ms)
✔ ordinary death produces a next-turn wave that outlives successful respawn (525.910347ms)
✔ checkpoints preserve mode2 identity, sites, orbits, terrain and RNG without replay (661.426555ms)
✔ mode2 interrupts the real encounter owner while retaining its person and order queue (76.529562ms)
✔ ordinary Boat and Balloon boarding retain seats and deselect passengers under mode2 panic (229.262806ms)
✔ panic transfers a live building-entry queue and resumes it after expiry (177.307494ms)
✔ ordinary groups settle into native rings, compact on departure and retain status through new orders (1572.880038ms)
✔ group resting positions, facing, gestures and footprints agree at 5–240 Hz and irregular frames (1421.940397ms)
✔ exhausted resting search waits and retries its original anchor through state 10 (129.125055ms)
✔ route probes preserve native building, coast and vehicle endpoint correction (40.849504ms)
✔ failed-route initialization and retries match native fields, timing and ordered consumers (19.789151ms)
✔ disconnected groups stop, retain shared attack/waypoint orders, retry and resume after land connects (1061.657403ms)
✔ route-failure notice keeps the original text and retriggers without tutorial history (123.266096ms)
✔ new orders and death release blocked commands; shaman failures use their own original voice (318.508121ms)
✔ blocked groups retry on simulation counters, with identical recovery and combat at 5–240 Hz (1842.491241ms)
✔ blocked building-entry owners resume the same person and finish ordinary admission (147.84859ms)
✔ real command8 full occupancy emits an original-frame child without scene-owned RNG (1726.175749ms)
✔ equal elapsed turns preserve secondary state across frame schedules with no bolt draws (605.91347ms)
✔ legacy missing-history roots bootstrap on first render without inventing past visits (239.142804ms)
✔ full roots copy the allocation byte and defer newly prepended children (3.651468ms)
✔ all byte phases and low-five-bit outcomes use the proved root gate (180.614176ms)
✔ actual UI reservations participate in inclusive gates after the root RNG draw (0.587121ms)
✔ marker expiry and child allocation share the same newest-first traversal (0.473673ms)
✔ children keep their own sixteen visits after the root is removed (0.81556ms)
✔ native free-list reuse and checkpoint reconstruction preserve physical slot ownership (0.800538ms)
✔ panel and preview reservations are derived from live adapter owners (1.632733ms)
✔ legacy marker overflow cannot leave ownerless immortal effects after restore (1.761163ms)
✔ browser capture retains the same live puff across ordinary Pause latency (3.790565ms)
✔ selection terrain mesh matches the executable with documented seven-point fan repairs (960.823267ms)
✔ selection fill/edges/corners retain native visibility, depth, UV and shared-corner ownership (28.634076ms)
✔ Shaman import preserves every prior frame, piece and animation entry (95.996234ms)
✔ actual tribe selects every native Shaman source and eight original directions (2.806635ms)
✔ Shaman idle artwork uses all four distinct original body pieces (0.257772ms)
✔ reincarnation distinguishes tribe bodies from shared spirit sources and layer owners (0.316149ms)
✔ shipped live and effect renderers consume the Shaman selector without changing generic mechanics (2.794406ms)
✔ all 3276 previous occupied sprite rectangles retain their reviewed RGBA (160.513492ms)
✔ real Mission 23 Shaman identity and death heading survive checkpoint reconstruction (1286.037789ms)
✔ first and second actual presentation visits display 0 then 1, not 1 then 2 (984.21984ms)
✔ normal processed phases reset, loop independently of simulation, then freeze and hide (400.464319ms)
✔ new checkpoints retain shown/next frames; legacy checkpoints start at a bounded deterministic frame (100.311285ms)
✔ pause and native land-pause freeze the latch as well as the counter (12.939925ms)
✔ render schedules and effect-only animation cannot change gameplay, either RNG or respawn (4751.654495ms)
✔ ordinary combat death finishes existing wait and respawn without a duplicate effect (292.247774ms)
✔ ordinary Shaman phase1 follows both rising and lowering death-site ground (827.797968ms)
✔ the last processed phase1 sample survives checkpoint, transition and rise (168.132331ms)
✔ phase0 retains the death height until the first processed phase1 visit (11.109829ms)
✔ a direct drowning-entry fixture rises from its initial height without phase1 resampling (9.7629ms)
✔ model-12 rise freezes the last original spirit frame for all tribes and bearings (2.811693ms)
✔ death-site visibility follows the existing land and drowning lifecycles without changing them (113.196218ms)
✔ earlier body/transition poses retain their existing renderer behavior (4.57467ms)
✔ the live caller applies the bounded presentation only to model-12 reincarnation effects (2.194447ms)
✔ G queues one shared native guard and repeat replaces it without early preparation (415.379107ms)
✔ G empty selection cancels adopted guards through the next native visit (305.358313ms)
✔ G Shaman-only selection cancels adopted guards through the next native visit (165.073702ms)
✔ native G retains the ordinary move owner and route until its deferred turn (133.338071ms)
✔ same-turn move replacement discards G before the legacy resting initializer (165.43597ms)
✔ same-turn attack replacement discards G before the legacy resting initializer (167.287849ms)
✔ same-turn worship replacement discards G before the legacy resting initializer (177.534221ms)
✔ same-turn entry replacement discards G before the legacy resting initializer (121.282079ms)
✔ pending G replacement survives pause and checkpoint (136.358415ms)
✔ pending G cancellation survives pause and checkpoint (161.181952ms)
✔ G exhaustion still clears and attaches slot zero then retries after cleanup frees a slot (176.14428ms)
✔ target entering a vehicle with inside still null completes the saved guard order (439.450203ms)
✔ ordinary Shaman Tower entry retains Guard and resolves its building outside point (185.458327ms)
✔ actual deferred G setters match native phase vector G-retain-deselect-1-3 (158.384806ms)
✔ actual deferred G setters match native phase vector G-retain-deselect-7-5 (117.73088ms)
✔ actual deferred G setters match native phase vector G-retain-deselect-0-2 (156.887241ms)
✔ protected preparation and passenger early-return retain pending ownership until actual adoption (101.873805ms)
✔ protected cancelled state10 retains ownership until its empty-queue transition really occurs (120.756358ms)
✔ death anchors to the saved Shaman in another cell before cleanup (105.473285ms)
✔ class0 anchors to the saved Shaman in another cell before cleanup (105.431126ms)
✔ vehicle anchors to the saved Shaman in another cell before cleanup (114.181625ms)
✔ cancel anchors to the saved Shaman in another cell before cleanup (106.447657ms)
✔ saved Shaman identity does not retarget when the current Shaman is replaced (100.10886ms)
✔ legacy boolean checkpoints retain their old targetless history until supported fresh input (147.54609ms)
✔ flight single selection retains the entire legacy G operation (113.525861ms)
✔ flight mixed selection retains the entire legacy G operation (111.515569ms)
✔ fight single selection retains the entire legacy G operation (179.375447ms)
✔ fight mixed selection retains the entire legacy G operation (146.359509ms)
✔ entry single selection retains the entire legacy G operation (137.084634ms)
✔ entry mixed selection retains the entire legacy G operation (121.859158ms)
✔ builder single selection retains the entire legacy G operation (126.984926ms)
✔ builder mixed selection retains the entire legacy G operation (107.206683ms)
✔ passenger single selection retains the entire legacy G operation (337.090332ms)
✔ passenger mixed selection retains the entire legacy G operation (187.563629ms)
✔ work single selection retains the entire legacy G operation (171.948344ms)
✔ work mixed selection retains the entire legacy G operation (122.546259ms)
✔ gather single selection retains the entire legacy G operation (109.39504ms)
✔ gather mixed selection retains the entire legacy G operation (155.144582ms)
✔ delivery single selection retains the entire legacy G operation (123.187499ms)
✔ delivery mixed selection retains the entire legacy G operation (129.704422ms)
✔ casting single selection retains the entire legacy G operation (117.64173ms)
✔ casting mixed selection retains the entire legacy G operation (93.97141ms)
✔ legacy single selection retains the entire legacy G operation (177.323442ms)
✔ legacy mixed selection retains the entire legacy G operation (103.279334ms)
✔ legacy path single selection retains the entire legacy G operation (99.11817ms)
✔ legacy path mixed selection retains the entire legacy G operation (97.902175ms)
✔ different route owner single selection retains the entire legacy G operation (105.076712ms)
✔ different route owner mixed selection retains the entire legacy G operation (97.119833ms)
✔ native Brave guards do not fall into legacy automatic housing while near the Shaman (430.267481ms)
✔ G replacement/cancellation have identical turn ownership at ordinary and irregular refresh schedules (195.459313ms)
✔ native G producer: shared-two-followers-repeat-and-partial-replacement / G allocates one shared command30 (10.044657ms)
✔ native G producer: shared-two-followers-repeat-and-partial-replacement / G repeats while both selected (3.759419ms)
✔ native G producer: shared-two-followers-repeat-and-partial-replacement / G replaces only selected first follower (8.715855ms)
✔ native G producer: shared-order-no-follower-selection-cancellation / G creates (1.542349ms)
✔ native G producer: shared-order-no-follower-selection-cancellation / Shaman-only G cancels both adopted guards (1.868223ms)
✔ native G producer: queued-not-adopted-no-selection / G queues (1.497923ms)
✔ native G producer: queued-not-adopted-no-selection / G without non-Shaman selection before adoption (2.090323ms)
✔ native G producer: exhausted-pool-no-old-order / G allocation fails separately for both followers (4.434391ms)
✔ native G producer: exhausted-pool-clear-frees-slot-for-later-person / first failure clears old1, later retry succeeds and third shares (1.771819ms)
✔ native G producer: last-free-slot-wrap-is-shared / G uses last free slot once (1.77891ms)
✔ native G producer: producer-selected-dead-flag / raw selected non-Shaman-pointer still receives command30 (1.953429ms)
✔ native G producer: producer-selected-protected / raw selected non-Shaman-pointer still receives command30 (1.35434ms)
✔ native G producer: producer-selected-airborne / raw selected non-Shaman-pointer still receives command30 (0.898524ms)
✔ native G producer: producer-selected-ghost / raw selected non-Shaman-pointer still receives command30 (0.721641ms)
✔ native G producer: producer-selected-removed-class / raw selected non-Shaman-pointer still receives command30 (0.660911ms)
✔ native G producer: producer-selected-other-model7 / raw selected non-Shaman-pointer still receives command30 (0.675452ms)
✔ native G producer: producer-selected-training-state21 / raw selected non-Shaman-pointer still receives command30 (0.636825ms)
✔ native G producer: vehicle-passenger-selection-retain1 / G selected passengers (0.717545ms)
✔ native G producer: absent-current-shaman-does-not-issue-or-cancel / no Shaman pointer with selected followers (0.700749ms)
✔ native G producer: absent-current-shaman-does-not-issue-or-cancel / restore Shaman and issue (0.758886ms)
✔ native G producer: absent-current-shaman-does-not-issue-or-cancel / no Shaman pointer with existing guards (1.314631ms)
✔ native G producer: stale-shaman-pointer-dead / producer still emits target73 (0.652418ms)
✔ native G producer: stale-shaman-pointer-class0 / producer still emits target73 (0.697755ms)
✔ native G producer: stale-shaman-pointer-vehicle / producer still emits target73 (0.766237ms)
✔ native G producer: saved-target-is-not-rebound-by-tribe-shaman-replacement / G targets original73 (0.684847ms)
✔ native G producer: saved-target-is-not-rebound-by-tribe-shaman-replacement / new explicit G targets replacement74 (0.650485ms)
✔ native Guard distance: near-axis0-delta-824 (0.428015ms)
✔ native Guard distance: near-axis0-delta-823 (0.084666ms)
✔ native Guard distance: near-axis0-delta823 (0.070004ms)
✔ native Guard distance: near-axis0-delta824 (0.11473ms)
✔ native Guard distance: near-axis1-delta-824 (0.064956ms)
✔ native Guard distance: near-axis1-delta-823 (0.059548ms)
✔ native Guard distance: near-axis1-delta823 (0.119247ms)
✔ native Guard distance: near-axis1-delta824 (0.074691ms)
✔ native Guard distance: signed-edge-person32767-target32768 (0.103023ms)
✔ native Guard distance: signed-edge-person32768-target32767 (0.090625ms)
✔ native Guard distance: signed-edge-person0-target32768 (0.093018ms)
✔ native Guard distance: signed-edge-person32768-target0 (0.051567ms)
✔ native Guard distance: signed-edge-person65535-target0 (0.049553ms)
✔ native Guard distance: signed-edge-person0-target65535 (0.050605ms)
✔ native Guard distance: signed-edge-person32768-target33591 (0.044636ms)
✔ native Guard distance: signed-edge-person32768-target33592 (0.043575ms)
✔ native Guard distance: signed-edge-person32768-target31945 (0.062082ms)
✔ native Guard distance: signed-edge-person32768-target31944 (0.115211ms)
✔ native Guard distance: replan-axis0-delta-440 (0.102312ms)
✔ native Guard distance: replan-axis0-delta-439 (0.098547ms)
✔ native Guard distance: replan-axis0-delta439 (0.054481ms)
✔ native Guard distance: replan-axis0-delta440 (0.046649ms)
✔ native Guard distance: replan-axis1-delta-440 (0.046889ms)
✔ native Guard distance: replan-axis1-delta-439 (0.046279ms)
✔ native Guard distance: replan-axis1-delta439 (0.047361ms)
✔ native Guard distance: replan-axis1-delta440 (0.046188ms)
✔ native Guard distance: replan-signed-edge-goal32767-target32768 (0.046188ms)
✔ native Guard distance: replan-signed-edge-goal32768-target32767 (0.045568ms)
✔ Magical Shield protects six nearby followers for the native lifetime (198.456009ms)
✔ old checkpoints default new Shield stock without disturbing their world (87.879991ms)
✔ normal early mission data selects each original backdrop and both cloud layers (6.423383ms)
✔ same-bank Mission 10 uses the same p sky set without mission-number overrides (0.268749ms)
✔ previous bank d and g sky modes and unhandled banks remain unchanged (0.222631ms)
✔ early mission sky PNGs preserve exact original bytes (10.617898ms)
✔ camera horizons preserve original sky dispatch coordinates and fade (25.21453ms)
✔ continuous sky retains native wind rates and is invariant to segment subdivision (17.970379ms)
✔ spell button artwork, positions and charging fills match native draws (15.230864ms)
✔ all six original Shield/Bloodlust descriptor frames have real atlas rectangles (2.025837ms)
✔ ready, inactive, hover and selected states use the original descriptors, not Unicode or guessed frames (0.792837ms)
✔ authored Mission16 already exposes both sprites without forced availability or stock (240.389437ms)
✔ the original undiscovered spell question mark follows the accepted six-frame append (0.373224ms)
✔ all shipped spell descriptor icons remain available after the append (0.28956ms)
✔ HudSprite no longer substitutes a text glyph and still rejects unknown resources (3.633853ms)
✔ fresh and later missions use the native owned/reward-source/cast-permission precedence (241.1208ms)
✔ restart and checkpoint restore reproduce fresh Mission 1 HUD visibility (506.184552ms)
✔ owned stock wins over the mission-load discovery mask (90.595069ms)
✔ undiscovered art is the native HFX1056 branch and visible-disabled keeps normal art (0.996889ms)
✔ unit atlas retains reviewed tribe/state/direction layers when new models append (291.19286ms)
✔ brave carry animations retain the baked timber body layer (8.925015ms)
✔ base149 retains 51 original faces and existing atlas coverage without key model slots (28.041055ms)
✔ authored default149 roots and linked Mission10 Totem select the base mesh (1634.285929ms)
✔ spell45, Obelisk8, Angel157 and Vault154 remain outside static149 (147.183079ms)
✔ source qualification rejects ambiguous identity, reward flags, missing links and scenery (155.613676ms)
✔ old null/absent presentation and new checkpoints derive149 without mutating saved state (163.323188ms)
✔ static presentation never replaces a different model or an active morph family (89.141261ms)
✔ only reward-derived model45 sources are initialized; unrelated head families and Vault remain separate (431.643638ms)
✔ enabled idle cycles18native animation visits without followers; hold/refill retain the original counter rules (1.413979ms)
✔ raw keypoints use base45indices/scale rather than endpoint face layout; all18cached outputs are distinct (29.131854ms)
✔ presentation pauses with world and native land pause without touching simulation or RNG (135.207526ms)
✔ normal authored worship earns Bridge stock while presentation leaves the entire gameplay state unchanged (616.587228ms)
✔ exhausted trigger does not remove its independent enabled decorative model45 animation (238.337044ms)
✔ mid-animation new checkpoint keeps phase and old optional-field checkpoint restores safely without rewards (92.756426ms)
✔ multiple heads keep separate state while30/60/120/144Hz and irregular schedules share one animation timeline (990.790871ms)
✔ shipped scene updates ordinary head positions byphase and leaves Vault on the existing path (1.789846ms)
✔ disable and refill within one presentation interval reset once without advancing the clock (0.365693ms)
✔ authored45 constructors retain the original logical animation gate (116.177445ms)
✔ ordinary body frames wait for logical turns without changing the24Hz presentation clock (101.773615ms)
✔ each catch-up controller and observer sees the prior body frame before one logical advance (71.557897ms)
✔ mode4 transition remains exclusively presentation-owned despite the gate bit (48.699583ms)
✔ lazy, post-turn allocated and removed bodies obey the completed-turn boundary (310.271147ms)
✔ legacy body checkpoints gain only the gate and a new Scene clock does not replay a turn (89.502573ms)
✔ disable and refill notifications retain raw phase then reset before their owned visit (47.407066ms)
✔ trigger exhaustion, pause, land pause and turn wrap preserve the separate decorative owner (97.743423ms)
✔ heading comes from the decorative scenery word, never trigger settings or model selection (2.261296ms)
✔ all16bits reach the angle-table mask and a missing producer is not treated as north (0.333305ms)
✔ linking uses the native512-unit cell, first scenery match and toroidal coordinate identity (0.294888ms)
✔ existing negative-Y scene rotation agrees with native heading basis; no camera or global offset is required (1.515929ms)
✔ Vault and unknown scenery keep their original angle; orientation lookup does not mutate saved gameplay (105.679826ms)
✔ both ordinary scene orientation consumers use the same helper; no other angle consumer changes (0.731696ms)
✔ real authored zero and high-byte headings survive the producer while saved trigger fields stay unchanged (959.024545ms)
✔ Swamp scans its native 3x3 footprint and honors victim and terrain gates (4.617116ms)
✔ Swamp uses one RNG draw, scans every fourth visit, and expires at ten kills (0.878612ms)
✔ the thirtieth same-tribe Swamp discards the oldest remaining controller (0.3309ms)
✔ live Swamp casting kills through the ordinary corpse path independently of refresh rate (409.010086ms)
✔ Swarm uses the supplied standalone original insect texture (1.794078ms)
✔ Swarm creation and first controller visit preserve original gameplay RNG and child fields (1.662133ms)
✔ Swarm first live visit allocates children before wandering begins on the second visit (121.209445ms)
✔ Swarm final fifteen controller visits progressively remove children before expiry (0.819254ms)
✔ Swarm reveals disguised Spies on panic and panic-protected non-removal paths (1394.224254ms)
✔ confirmed invented generic and Angel success strings are not emitted (456.302928ms)
✔ Swarm follows player and computer cast paths with native insects, victim cadence, and lifetime (520.715333ms)
✔ Mission 2 naturally funds the Matak Shaman and casts Swarm through player orders (8476.689024ms)
✔ terrain ambience matches complete native ground queues, including empty views and depth ties (484.952907ms)
✔ tree ambience camera offset and wrapped radius match complete native cell visits (287.371505ms)
✔ local lights match complete native allocation, movement and cleanup captures (379.401903ms)
✔ Blast owns immediate terrain light until its ninth turn, preserving occupancy and pause (763.618975ms)
✔ native height notifications retain object order, duplicate visits and touching building flags (20.103374ms)
✔ terrain edits notify nearby plans, revalidate original slope rules and release an invalid plan (620.408096ms)
✔ a large terrain edit indexes live people once while retaining dirty notifications (367.89258ms)
✔ terrain dirtiness resets live steering without replacing its route (82.841662ms)
✔ terrain texture endpoints match original Direct3D triangle submissions (6.943154ms)
✔ model atlas UVs match native texel centers and retain fractional/outside coordinates (2.616528ms)
✔ terrain submission covers the native cell gate across headings and seams (420.806179ms)
✔ terrain copies omit only tiles with no native-visible cell, including seams and expanded bounds (265.099416ms)
✔ timber search matches native cell order, fog, protected stock and two-pass queries (72.664364ms)
✔ shared timber caches match native allocation, expansion, routing, ownership and expiry (136.448771ms)
✔ an exhausted indexed-search pool postpones expansion without corrupting the cache (1.100212ms)
✔ terrain changes recheck nearby timber routes and live Land Bridge reaches the cache (960.649701ms)
✔ live timber cost probes report routes and foreign territory without taking route ownership (87.117392ms)
✔ harvest clocks, transfer, scale and animation match original executable captures (1.430503ms)
✔ delivery waits, timber and construction stages match complete native calls (1.899829ms)
✔ Tornado replays native initialization, lifetime, carry and throw (5.97029ms)
✔ Tornado uses the native building protection and one-draw damage gate (1.173712ms)
✔ live Tornado casts, captures and throws independently of refresh rate (1041.247523ms)
✔ tower admission uses rotated tribe sockets, ground membership and original one-shot occupant pose (5111.273554ms)
✔ a tower admits one follower and movement orders preserve elevation until physics resumes (128.131577ms)
✔ tower entry and held animation are deterministic at 5–240 Hz (593.80512ms)
✔ destroying an occupied tower releases its native record and display height (91.946477ms)
✔ a tower Firewarrior autonomously attacks an eligible hostile on the tower cadence (102.86132ms)
✔ tower preachers hand occupancy to command 31 and cleanly leave or die (461.429999ms)
✔ tower panel matches every original one-slot draw trace (7.365524ms)
✔ tower panel selection preserves occupancy; ordinary orders leave without teleporting (1008.072387ms)
✔ tower dismantling releases its occupant and only braves perform the work (887.464479ms)
✔ training exit orders match original coastal correction and building precedence (10.098858ms)
✔ training admits five visible residents and places overflow on native rotated queue sockets (1201.98832ms)
✔ queue cancellation retains successors and occupant departure reuses the first empty slot (173.289042ms)
✔ checkpoint reload preserves a full training hut and its waiting queue without loss (250.28902ms)
✔ funded training replaces a complete batch, releases references and walks warriors out (335.644144ms)
✔ a funded Temple trains a native model-4 preacher and sends it outside (194.026801ms)
✔ a funded Spy Training Hut trains an original model-5 Spy and sends it outside (472.93978ms)
✔ queue movement, admission, conversion and shared references are independent of render rate (2047.470804ms)
✔ already-trained warriors accept training orders and yield queue priority to new braves (205.068671ms)
✔ training append preserves all70 pre-existing original models, including vehicles (17.407749ms)
✔ all original training types and owners resolve to actual meshes, not Blue substitutes (2.115869ms)
✔ the five recovered training variants retain original geometry, color tiles and all stages (5.821738ms)
✔ authored Mission16/17/22 training assets and identities survive checkpoint reconstruction (353.873833ms)
✔ the live building factory opts into original training selection without tint or gameplay changes (1.01733ms)
✔ camp human group command retains visible admission interpolation (2092.767879ms)
✔ camp shared command-8 retains visible admission interpolation (601.195695ms)
✔ temple human group command retains visible admission interpolation (645.053388ms)
✔ temple shared command-8 retains visible admission interpolation (1180.38596ms)
✔ spyHut human group command retains visible admission interpolation (605.558695ms)
✔ spyHut shared command-8 retains visible admission interpolation (657.89783ms)
✔ firewarriorHut human group command retains visible admission interpolation (957.037774ms)
✔ firewarriorHut shared command-8 retains visible admission interpolation (502.381257ms)
✔ hidden admission, exit, replacement and explicit placement remain discrete (106.670821ms)
✔ native training panels preserve slots, selection, palette, frames and turn-driven feedback (26.444505ms)
✔ wide charge arithmetic never runs backwards or exceeds its frame at maximum training mana (50.101425ms)
✔ shipped disguise completes aboard Boat, holds and accepts another command (188.051267ms)
✔ Balloon passenger idle entry holds without advancing or consuming orders (138.045034ms)
✔ shipped Balloon disguise configures its command position and completes aboard (99.198599ms)
✔ Balloon raw-coordinate startup wraps payload words and retains unported encodings (69.818829ms)
✔ pending Balloon disguise checkpoint retains command position and resumes once (86.840484ms)
✔ occupied state30 checkpoint resumes countdown without reinitializing motion or RNG (75.270146ms)
✔ ordinary disembark clears vehicle and state30 returns to orders for one visit (59.460901ms)
✔ replacement disguise interrupts pending and partially completed aboard commands (64.567778ms)
✔ fractional reference uses exact rectangle coverage at edges and corners (3.96984ms)
✔ adjacent glyph elements composite their shared fractional edge sequentially (0.49872ms)
✔ disabled opacity combines with coverage while transparent source pixels preserve background (3.962078ms)
✔ source crop and nearest sampling retain native pixels without atlas bleed (0.381215ms)
✔ pinned fixed8 coverage and integer interpolation explain the opaque edge without fitting (0.381536ms)
✔ single-pixel fixed8 rectangles and straight-alpha output retain their separate contracts (0.216832ms)
✔ tree growth and complete replant searches match native captures (38.484628ms)
✔ depleted timber replants after its full delay and grows on its own phase (5044.089855ms)
✔ burning depletion also queues one replant without reviving the old tree (215.91979ms)
✔ Tutorial advances through Shaman selection into the authored Obelisk flyby (2080.965938ms)
✔ Tutorial restart recreates fresh script and view state (423.890753ms)
✔ overhead health gauges match native visibility, scaled-pose anchors and 24-pixel fills (2.594606ms)
✔ continuous positions follow captured native body/shadow interpolation (2.094128ms)
✔ every elapsed-time schedule reaches the same displayed position without changing simulation (1803.630333ms)
✔ pause, endpoints, placement, entry, conversion and new people never replay stale movement (42.797072ms)
✔ Vault knowledge uses the original class-6/model-2 reward frames and socket (1.205279ms)
✔ Vault knowledge is present only while its authored reward source is active (0.199235ms)
✔ Mission 7 Vault knowledge uses occupied model-18 socket 1 placement (1.157067ms)
✔ Mission 3 Temple descriptor selects the native HFX identity (105.884679ms)
✔ Mission 3 marker glow owns a saved fourteen-frame cursor on the existing animation boundary (102.165485ms)
✔ ordinary Mission 3 Vault collection preserves payout while changing only world presentation (2607.12717ms)
✔ unrelated Vault and ordinary spell families retain their existing presentation owners (233.656986ms)
✔ a glow born on an animation boundary first displays frame zero before its next cursor (1079.426584ms)
✔ original class4 mesh selection distinguishes geometry from tooltip IDs (2.693498ms)
✔ vehicle-only import preserves all68 existing model records (25.427981ms)
✔ authored campaign vehicles retain mesh identity across checkpoint reconstruction (283.59676ms)
✔ normal boarding, exit and destruction retain original mesh rather than changing gameplay state (97.568301ms)
✔ the normal Balloon Hut producer creates the original144 appearance (74.169329ms)
✔ the shipped vehicle factory consumes original models, with no custom hull/envelope (0.880256ms)
✔ original vehicle owner textures use adjacent source tiles and retain local UVs (7.572736ms)
✔ Boat travel and exit keep registered passenger object-cell membership current (165.948618ms)
✔ Balloon travel and exit keep registered passenger object-cell membership current (86.534668ms)
✔ same-cell passenger sync preserves one linked membership and never allocates an unregistered person (777.715803ms)
✔ checkpoint clone retains passenger cell identity and wrapped exit reindexes without duplicates (65.090569ms)
✔ live vehicle damage keeps the native owner, special, signed and reset rules (115.714027ms)
✔ Blast reaches live vehicles and native destruction ejects passengers alive (87.756033ms)
✔ vehicle life and destruction survive checkpoint migration and reload (157.750965ms)
✔ success-bearing exit preserves existing public point API and real failure (121.556401ms)
✔ live panel selection only changes native selection flags and preserves unrelated selections/orders/RNG (83.58519ms)
✔ Boat and Balloon unload launch without teleporting, clear orders, and survive occupied/airborne checkpoints (155.909131ms)
✔ unload click rechecks speed, occupancy and terrain after rendered enabled state (44.478855ms)
✔ authored Mission22 Boat and Balloon unload retain launch until a living landing (123.902056ms)
✔ vehicle panel uses native kind9 geometry, disabled raw art and selection overlays (14.319537ms)
✔ raw disabled vehicle sprite alpha is85 while tail remains170 and normal art opaque (0.486492ms)
✔ vehicle selection keeps work on single, expands deselection, and Shift selects blocked mates (0.398862ms)
✔ passenger right-click has inspection semantics, while unload right-click is inert (0.205765ms)
✔ unload readiness refresh clears cached success at speed12 or failed terrain (0.230542ms)
✔ stale unload failure repeatedly clears only current driver orders, without teleporting anyone (0.751395ms)
✔ hover adds a native fill, never a false selected marker; pressed overlays palette130 (0.342628ms)
✔ horizontal viewport expansion preserves native depth and safe projection arithmetic (850.81731ms)
✔ intermediate display footprint fills the observed bird-view cut without changing native camera state (6.015714ms)
✔ added display cells cover safe front-branch projected samples across zoom, rotation and torus fractions (91.975409ms)
✔ display bounds texture and CPU visibility share the same derived rows without feeding camera state (4.672932ms)
✔ visible cells match original traversal at boundaries and wrapped camera centers (1052.318463ms)
✔ Volcano replays its native terrain, emission and disruption lifecycle (6.328918ms)
✔ player and computer Volcano casts share the live controller and old saves migrate (273.436044ms)
✔ review bundle is independently readable from a non-overlapping local fixture (208.349352ms)
✔ review bundle rejects quoted secret fields and environment-secret files atomically (239.463729ms)
✔ decoded command-receipt stdout and stderr reject escaped secret JSON without exposing values (179.785344ms)
✔ double JSON-string wrappers in stdout and stderr reject secrets without echoing values (209.136464ms)
✔ benign nested JSON strings pass within depth and decoded-byte bounds (81.221716ms)
✔ decoded JSON recursion fails closed beyond depth or total decoded-byte bounds (251.954838ms)
✔ decoded JSON byte boundary accepts exactly the configured budget (110.97208ms)
✔ tracked deletion has an explicit expected deletion identity and rejects tamper or omission (1195.897373ms)
✔ real-path canonicalization rejects source aliases and bundle outputs through source symlinks (190.753921ms)
✔ bundle verification is bound to caller-supplied identities and rejects traversal (165.16476ms)
✔ raw command receipts retain source head and complete stdout/stderr (300.217542ms)
✔ command receipts bind dirty source and explicit ignored inputs and invalidate drift (244.13645ms)
✔ receipt CLI preserves repeated input flags and rejects zero-exit input drift (815.421332ms)
✔ a killed foreground wrapper retains unknown state and raw output, never a pass (1601.932954ms)
✔ retired status and binding commands are not exposed or coupled to verification (1.787542ms)
✔ live aggregate coverage includes every maintained workflow integrity suite (328.345187ms)
✔ native models 13 and 15 route only completed vehicle workshops into kind 6 (2.038183ms)
✔ Boat House kind-6 panel uses native 136x82 rows and hit targets (1.340498ms)
✔ Boat House work cells fill only at each complete native 100-work boundary (0.609574ms)
✔ Boat House reuses original dismantle and cancel control phases (0.294687ms)
✔ Balloon Hut kind-6 geometry derives 208x82 from native capacity and ten work cells (0.589594ms)
✔ Balloon Hut work cells fill only at each complete native 100-work boundary (0.281988ms)
✔ Balloon Hut reuses the original dismantle and cancel control phases (0.228048ms)
✔ followers cross the former crop and both world seams, then settle at every frame rate (9466.499444ms)
✔ direct attacks take the short route and engage across both world seams (215.802345ms)
✔ live heights and sprite grounding read native terrain outside the compatibility grid (124.409497ms)
✔ mixed picking follows captured native painter ownership and pixel edges (9.418701ms)
✔ live pointer eligibility uses the active record and recorded cell building (926.429776ms)
✔ ScenePicking re-resolves injected overlapping terrain candidates against the current painter command (532.790548ms)
✔ native selector body hierarchy retains all 25 worlds and first-three moons (2.619606ms)
✔ opening campaign availability reflects completion without hiding replay access (0.605518ms)
✔ native controller, particles, palette and ordered draw arguments: companion-seed1 (112.63041ms)
✔ native controller, particles, palette and ordered draw arguments: companion-seed12345678 (21.590838ms)
✔ native controller, particles, palette and ordered draw arguments: companion-initial-pause (25.576646ms)
✔ native controller, particles, palette and ordered draw arguments: companion-mid-pause (19.402011ms)
✔ native controller, particles, palette and ordered draw arguments: spell-3-visible (28.515851ms)
✔ native controller, particles, palette and ordered draw arguments: spell-3-offscreen (17.455109ms)
✔ native controller, particles, palette and ordered draw arguments: spell-4-visible (16.372331ms)
✔ native controller, particles, palette and ordered draw arguments: spell-4-offscreen (11.66231ms)
✔ native controller, particles, palette and ordered draw arguments: spell-12-visible (18.889126ms)
✔ native controller, particles, palette and ordered draw arguments: spell-12-offscreen (17.396411ms)
✔ native spell kinematics and pending transitions: model-3-visible (4.976382ms)
✔ native spell kinematics and pending transitions: model-4-visible (3.664696ms)
✔ native spell kinematics and pending transitions: model-12-visible (5.023803ms)
✔ native spell kinematics and pending transitions: offscreen-bit (3.816712ms)
✔ native singleton replacement and independent pulse: bridge-replaced-at-10 (23.139035ms)
✔ native singleton replacement and independent pulse: bridge-replaced-at-26 (31.035634ms)
✔ native singleton replacement and independent pulse: bridge-replaced-at-30 (30.509739ms)
✔ handoff geometry is an owned snapshot; rendering is read-only and draws the last pulse once (47.006761ms)
✔ structured-clone restores all particles, trails, pending phases, draws and independent pulse (280.832576ms)
✔ spell motion, arrival and retirement do not depend on intervening shared cosmetic consumers (6.670095ms)
✔ native before/after limiter selection owns activation, active and tail deadlines (1.263424ms)
✔ ordinary phase handoff, arrival and next-object payout keep elapsed deadlines across refresh schedules (867.6927ms)
✔ simultaneous authored M1 handoffs use native clone priority without reversing payouts (52.470676ms)
✔ missing geometry consumes one request while world countdown continues without replay (215.686954ms)
✔ arrival suppression and capped stock preserve ordinary payout ownership (228.198345ms)
✔ visible acquisition pause preserves original order without broadening land-bit pause (84.792513ms)
✔ checkpoint continuation retains controller, queue, clock and cosmetic state without initialization replay (198.905371ms)
✔ layout transforms move only draw output and retain raised-body/fallback anchors (1.092821ms)
✔ authored ordinary sources exclude the spell-valued Vault and other missions (2.495933ms)
✔ ordinary shrine completion persists provenance, recipient and creation order (322.618712ms)
✔ generic spell, mana and knowledge gifts do not inherit ordinary eligibility (63.78392ms)
✔ legacy head identity may recover eligibility but an existing gift cannot (73.955116ms)
✔ ordinary Stone Head completion creates the original six-visit acquisition VFX before stock delivery (684.888738ms)
✔ spell-head reward admission preserves native oriented cell ranges and active command eligibility (6.306535ms)
✔ head-group selection shares native occupant flag rules and imported panel heights match the original consumer (2.50104ms)
✔ proved worship modes use their original static models without changing other head families (1.048576ms)
✔ original worship model 8 is the reviewed bank-2 geometry (1.467597ms)
✔ original worship model 157 is the reviewed static Angel-head geometry (0.553041ms)
✔ legacy appearance migration recovers recursive authored modes and preserves existing families (347.95912ms)
✔ linked tutorial mode-3 Obelisk retains its authored mode and model (35.324671ms)
✔ Temple training uses the canonical shape doorway rather than crossing its footprint (106.962682ms)
✔ normal worship approach follows the same canonical stone-head heading as the rendered head (104.930706ms)
✔ legacy Mission22 worship appearance is derived from authored source identity without changing checkpoint state (231.984381ms)
✔ legacy linked mode3 head migrates recursively while root trigger and unrelated state stay byte-for-byte equivalent (48.692521ms)
✔ legacy non-mode3 and Vault heads recover mode without changing their presentation families (38.9438ms)
✔ authored worship lookup uses immutable source fields and agrees for Mission22 and linked tutorial head (76.646675ms)
✔ shipped store load migrates legacy Mission22 before real command-27 Brave admission (170.848775ms)
✔ automatic worship-panel activity is written only by a supported completed mode-0 sample (1.825198ms)
✔ automatic producer keeps unproven families out of the first shipped slice (0.500692ms)
✔ automatic retention reads the last player-specific sample rather than generic follower state (0.159206ms)
✔ automatic retention releases an inactive completed head even after a positive last sample (0.185405ms)
✔ worship panels preserve native progress, recharge, slots and artwork without clipping the second row (17.388775ms)
ℹ tests 1343
ℹ suites 0
ℹ pass 1343
ℹ fail 0
ℹ cancelled 0
ℹ skipped 0
ℹ todo 0
ℹ duration_ms 413386.132996

> populous-first-dawn@0.1.0 parity:check
> node scripts/parity.mjs check

Parity ledger, evidence paths, revision and generated report are consistent.

> populous-first-dawn@0.1.0 orchestration:check
> node scripts/orchestration/cli.mjs check

{
  "status": "passed",
  "checks": 130,
  "subsystems": 11,
  "generatedOwners": 6,
  "unmappedSourceCount": 152,
  "unmappedSources": [
    "app/ambient-sound.ts",
    "app/animation.ts",
    "app/audio-preferences.ts",
    "app/audio.ts",
    "app/blast-wave.ts",
    "app/building-clearing.ts",
    "app/building-damage.ts",
    "app/building-debris.ts",
    "app/building-dismantle.ts",
    "app/building-occupants.ts",
    "app/building-sinking.ts",
    "app/building-smoke.ts",
    "app/building-terrain.ts",
    "app/celebration.ts",
    "app/chatgpt-auth.ts",
    "app/combat-approach.ts",
    "app/combat-building.ts",
    "app/combat-order-search.ts",
    "app/combat-orders.ts",
    "app/combat-pursuit.ts",
    "app/combat-targets.ts",
    "app/command-context.ts",
    "app/construction-panel.ts",
    "app/convert-wild.ts",
    "app/drag-border.ts",
    "app/drag-overlay.ts",
    "app/earthquake.ts",
    "app/effect-motion.ts",
    "app/erosion-observation.ts",
    "app/erosion.ts",
    "app/firestorm.ts",
    "app/flatten.ts",
    "app/footprints.ts",
    "app/fps-graph.ts",
    "app/globe-renderer.ts",
    "app/globe.ts",
    "app/ground-overlay.ts",
    "app/hud-charge.ts",
    "app/hud-font.ts",
    "app/hud-health.ts",
    "app/hud-mana.ts",
    "app/hud-population.ts",
    "app/hud-portrait.ts",
    "app/hud-selection.ts",
    "app/hut-birth.ts",
    "app/hut-occupancy-smoke.ts",
    "app/hut-smoke-runtime.ts",
    "app/hut-upgrade.ts",
    "app/indexed-search.ts",
    "app/land-bridge.ts",
    "app/layout.tsx",
    "app/level-one.ts",
    "app/level-three.ts",
    "app/level-two.ts",
    "app/live-resting.ts",
    "app/mana.ts",
    "app/melee-encounter.ts",
    "app/melee-engagement.ts",
    "app/melee-groups.ts",
    "app/melee-placement.ts",
    "app/melee.ts",
    "app/minimap-frame-view.tsx",
    "app/minimap-frame.ts",
    "app/minimap-renderer.ts",
    "app/minimap.ts",
    "app/model-faces.ts",
    "app/model-lighting.ts",
    "app/morph.ts",
    "app/music.ts",
    "app/native-math.ts",
    "app/original-bloodlust.json",
    "app/original-camera.json",
    "app/original-constants.json",
    "app/original-effects.json",
    "app/original-fire.json",
    "app/original-minimap-frame.json",
    "app/original-music.json",
    "app/original-pointer.json",
    "app/original-script-three.json",
    "app/original-script-two.json",
    "app/original-script.json",
    "app/original-search.json",
    "app/original-shapes.json",
    "app/original-sky.json",
    "app/original-skylens.json",
    "app/original-sound.json",
    "app/original-stone-heads.json",
    "app/original-tooltips.json",
    "app/original-vault-knowledge.json",
    "app/painter-vertices.ts",
    "app/painter.ts",
    "app/path-geometry.ts",
    "app/path-search.ts",
    "app/path-solver.ts",
    "app/person-collision.ts",
    "app/person-idle.ts",
    "app/person-motion.ts",
    "app/person-panel.ts",
    "app/person-physics.ts",
    "app/person-route-recovery.ts",
    "app/person-state.ts",
    "app/preacher-conversion.ts",
    "app/projectile-motion.ts",
    "app/projection.ts",
    "app/resting-slots.ts",
    "app/scene-hud-runtime.ts",
    "app/scene-secondary-effects.ts",
    "app/scene-vault-knowledge.ts",
    "app/scenery-fire.ts",
    "app/secondary-effects.ts",
    "app/selection-raster.ts",
    "app/shaman-death-vfx.ts",
    "app/sky-motion.ts",
    "app/sky.ts",
    "app/special-battle.ts",
    "app/spell-button.ts",
    "app/spell-halo.ts",
    "app/spell-trails.ts",
    "app/spell-visibility.ts",
    "app/sprite-layers.ts",
    "app/stone-head-149.ts",
    "app/stone-head-animation.ts",
    "app/stone-head-orientation.ts",
    "app/swamp.ts",
    "app/swarm.ts",
    "app/terrain-ambience.ts",
    "app/terrain-light.ts",
    "app/territory.ts",
    "app/tooltip-layout.ts",
    "app/tornado-runtime.ts",
    "app/tornado.ts",
    "app/training-conversion.ts",
    "app/training-hut-appearance.ts",
    "app/training.ts",
    "app/tree-growth.ts",
    "app/unit-health.ts",
    "app/vault-appearance.ts",
    "app/vehicle-appearance.ts",
    "app/vehicle-routing.ts",
    "app/volcano.ts",
    "app/water.ts",
    "app/workshop-panel.ts",
    "app/world-coordinates.ts",
    "app/world-initialization.ts",
    "app/world-selector-data.ts",
    "app/world-selector.module.css",
    "app/world-selector.tsx",
    "app/world-state.ts",
    "app/world-tasks.ts",
    "app/worship-appearance.ts",
    "app/worship-panel-activity.ts",
    "app/worship-panel.ts"
  ],
  "cacheRequired": false
}
