
> populous-first-dawn@0.1.0 check
> npm run typecheck && npm test && npm run parity:check && npm run orchestration:check


> populous-first-dawn@0.1.0 typecheck
> tsc --noEmit


> populous-first-dawn@0.1.0 test
> node --test tests/*.test.mjs

✔ live Mission3 adapters rotate an eligible Convert Wild producer behind training (147.317965ms)
✔ producer table preserves singleton priority, one stable pass, and signed counts (1.112411ms)
✔ producer capacity is checked before callbacks and after pre-table allocation (0.625438ms)
✔ checkpoint migration retains producer history and initializes each legacy AI independently (129.257702ms)
✔ authored early producer opportunities record native table attempts without changing later missions (1184.809333ms)
✔ Missions1/2 never enable type8 or idle type11/15 response follow-ups (204.446025ms)
✔ ordinary Missions1/2 allocate a real pre-table scan at their first producer opportunity (297.812663ms)
✔ normal first scans finish and repeat without a placeholder reservation (1036.680981ms)
✔ ordinary Mission2 movement reaches a real response and resumes the scan checkpoint (440.776307ms)
✔ response allocation preserves native duplicate, disabled, cancellation and exhaustion gates (1.10683ms)
✔ early automatic training requires at least the native school capacity (205.634421ms)
✔ training capacity compares the native signed32-bit available total (0.95807ms)
✔ six followers share ground → area attack → ground orders, destroy the hut and regroup (802.415358ms)
✔ losing an acquired building rescans the area, fights a new person and retains the waypoint tail (208.534094ms)
✔ cancelling a reserved fight releases its reservation and the entire staged tail (125.439926ms)
✔ area targeting distinguishes an unbuilt plan from a partially constructed building (224.651086ms)
✔ arrival voices count approaching followers and fire once when they near the ordered area (309.751516ms)
✔ area approach, combat, arrival voices and queued destinations agree at 5–240 Hz and irregular rendering (969.603633ms)
✔ pausing an unfinished music play preserves enabled sound and later resume (5.220886ms)
✔ late rejection from an older resume cannot cancel the newest playing request (1.798104ms)
✔ a superseded context resume does not submit an extra music play (1.780409ms)
✔ mute cancels pending playback without recreating the background timer (1.096335ms)
✔ dispose cancels pending playback without recreating the background timer (0.962025ms)
✔ the current playback failure still rejects rather than hiding a real media error (0.939122ms)
✔ current context errors propagate, while a disposed request cannot report a stale failure (0.623904ms)
✔ initial enable can finish while paused without turning the sound setting off (1.564288ms)
✔ enable reports cancellation when muted during its pending playback (1.618038ms)
✔ first visit and non-browser rendering keep the existing defaults without writing (2.196585ms)
✔ versioned zero/full volume restores without truthiness fallback or autoplay data (0.265253ms)
✔ malformed, unsupported and unsafe values fall back without overwriting the record (0.638567ms)
✔ only an explicit valid change writes the known preference fields and leaves other storage alone (0.25027ms)
✔ invalid programmatic values never persist or replace the last valid choice (0.300415ms)
✔ denied storage getter, reads and writes are safe session-only fallbacks (0.491288ms)
✔ restoring volumes does not create audio, enable playback, or change audio RNG/reset semantics (0.414994ms)
✔ authored origins survive initialization for all five currently live campaign bridge heads (557.525426ms)
✔ ordinary Mission 2 worship creates the authored crossing and every live terrain turn matches it (1278.564284ms)
✔ legacy migration recovers only missing immutable origins without replaying active terrain (500.654785ms)
✔ component checkpoint preserves authored birth caches when sampled terrain changes before the next visit (392.069699ms)
✔ pre-activation legacy save and mid-bridge checkpoint continue once at the authored origin (1268.834357ms)
✔ automatic Boat search filters native-ineligible vehicles and boarding shares the driver route (132.748093ms)
✔ music sections and ordinary ambient decisions match captured original execution (7.652062ms)
✔ percussion uses audio timestamps at low/high/irregular frame rates and skips stale starts (14.147869ms)
✔ Blast head reaches impact and native first/last wave visits launch enemies/allies (176.338366ms)
✔ Blast and follower presentation share elapsed time at low/high/irregular refresh rates (567.263847ms)
✔ projectile snapshots preserve pause, wrap and explicit placement without touching unrelated effects (35.58244ms)
✔ original Blast indexed visits, alliances, repeated impulses and damage gates (26.771487ms)
✔ live Blast delays allied launch, retains native flight height and restores commands after landing (112.678808ms)
✔ Blast and landing damage share original shields, protection, attacker and life wrapping (0.61338ms)
✔ wild followers land into their original state 8 without losing the unit (60.229376ms)
✔ a burning airborne follower keeps one panic clock and releases its native pose after landing (42.340455ms)
✔ Boat House launch matches native type-1 computer full ejection (117.059117ms)
✔ Boat House launch matches native type-2 human driver removal with retained occupants (66.841415ms)
✔ maintained checkpoint callsite waits for delayed false reads before reloading (6.322821ms)
✔ maintained checkpoint callsite rejects exhausted false reads without reloading (17.088272ms)
✔ maintained checkpoint callsite closes rejected reads without reloading (1.541567ms)
✔ rendered transport checker independently counts whole mixed-class craft (1.929723ms)
✔ rendered transport checker rejects partial, unrelated, duplicate and wrong-class groups (1.810897ms)
✔ transport pixel oracle retains real device scale and outward clip padding (0.714941ms)
✔ transport oracle preserves fractional scales and detects the old footer/hit failure (1.518553ms)
✔ readiness reads rebind after fresh page reload and on repeated calls (4.834522ms)
✔ readiness wait sequentially awaits false samples before accepting literal true (3.683715ms)
✔ a truthy non-boolean readiness field does not pass the wait (2.374913ms)
✔ read errors propagate and repeated unready samples time out without mutation (19.280063ms)
✔ maintained Mission 4 callsite awaits valid profile completion before continuing and reloading (8.177692ms)
✔ maintained Mission 4 callsite exhausts false reads without starting continuation (14.285363ms)
✔ maintained Mission 4 callsite accepts completion on the last read without a final pause (15.391855ms)
✔ maintained Mission 4 callsite rejects failed opens without starting continuation (1.774643ms)
✔ maintained Mission 4 callsite closes rejected reads without starting continuation (1.423351ms)
✔ maintained Mission 4 callsite closes a database when starting its read throws (1.292087ms)
✔ maintained Mission 4 callsite closes databases with a missing store and fails closed (7.633029ms)
✔ maintained Mission 4 callsite requires literal true before starting continuation (1.949251ms)
✔ building attack phases, entrances, damage and shake match native execution (74.558654ms)
✔ an entirely occupied world cancels special positioning instead of hanging (0.777634ms)
✔ live building assault enters, strikes, shakes and destroys via native damage accumulation (817.460379ms)
✔ occupied building ejects a defender and the same native command resumes after winning (154.55151ms)
✔ building attack mechanics and poses are independent of rendering cadence (1162.595828ms)
✔ attacker death releases immediately; target loss rescans the area before completing (240.045267ms)
✔ native defence gate and shaking retain counter cadence, signed lifetime and collapse RNG (2.953532ms)
✔ cancelling or killing an attacker during its defender encounter releases the retained order (212.677924ms)
✔ complete native scenery clearing, shared waits and ownership requests (239.89209ms)
✔ complete native people clearing, shared waits and ownership requests (166.171509ms)
✔ live clearers harvest on-site trees, carry and deposit logs, then move bystanders before allocation (1157.765211ms)
✔ clearing pauses without advancing and cancellation releases its native animation and route (124.228573ms)
✔ clearing bushes starts the original fire and retreats before the site is allocated (153.908336ms)
✔ occupant restoration and facing match native captures, including seams and backwards facing (6.271374ms)
✔ live exits retain position and sprite ownership for every building orientation (1964.631312ms)
✔ command cancellation uses shared exit restoration without changing the route start (34.614314ms)
✔ timber hauling matches native phases, movement, reservations, transfers, poses and clocks (27.787826ms)
✔ native building origins, exact ground writes and plan height initialization (162.858089ms)
✔ live rotated foundations use native vertices and preserve surrounding terrain (576.500516ms)
✔ buildings retain distinct terrain handles after long effect-heavy games (37.777566ms)
✔ native descriptor data routes completed huts through kind 7 with resident capacities (1.423893ms)
✔ kind-7 hut rows place occupant and dismantle hit targets from native capacity (1.833581ms)
✔ training charge row keeps existing controls aligned after shared geometry extraction (0.223592ms)
✔ unbuilt plan priorities, validation, allocation and abandonment match native decisions (36.182632ms)
✔ leveling movement, animation, timers, terrain and sound match complete native task 8 (88.739305ms)
✔ live plans retain uneven ground, level visibly and wait for timber and crew clearance (3425.100687ms)
✔ a full shared order pool leaves a new plan unstaffed without leaking ownership (116.441068ms)
✔ simultaneous fetch deposits cap preparation work and preserve surplus timber (124.663782ms)
✔ unattended plans expire and redirected leveling workers release their sprite and route (231.455365ms)
✔ native preparation clears on-site timber before allocation without deleting its resource (193.275355ms)
✔ foundation settling, flooding and dock edges match original executable captures (110.703506ms)
✔ original wet-side tipping, drift, spin and sinking expiry retain complete native trajectories (123.303404ms)
✔ terrain collapse ejects before destruction, retaining its two-turn delay (0.395006ms)
✔ healthy buildings settle without entering repair; deformed and flooded buildings use distinct destruction (1423.427668ms)
✔ complete native cell validity and exact placement feedback (59.519634ms)
✔ placement protects reincarnation stones without a living Shaman and reserves buildings (1297.720332ms)
✔ building activity matches native geometry, clocks, speed, facing and animation requests (36.005162ms)
✔ live builders reach work poses, animate, pause, cancel and finish without stale sprites (439.096999ms)
✔ crews leave finished huts in all four orientations before the plan releases them (3085.107ms)
✔ player construction orders approach natively and deposit carried logs before fetching (1735.360775ms)
✔ builder admission and stale-slot pruning match complete native calls (8.894526ms)
✔ construction dispatch, repair clocks and departure gates match native plan calls (11.152366ms)
✔ scheduled burning plans panic only unlocked builders on building cells (87.059602ms)
✔ repair smoke footprint and terrain refresh match native cell traversal (3.359324ms)
✔ two live builders dispatch one hauler on the original sixteen-turn phase (586.537809ms)
✔ later construction haulers skip timber reserved by an earlier search (165.750208ms)
✔ timber reservations reopen, drain and release on native transitions (0.41754ms)
✔ live plan capacities, duplicate orders and replacement workers share registration (153.125383ms)
✔ zoom retains native preset bounds and the existing 18-step timer (2.808466ms)
✔ render previews do not mutate native state and meet every committed step across all resolution tables (72.088193ms)
✔ 30/60/120/144 Hz and irregular preview schedules retain duration and every owned native configuration (15.962313ms)
✔ conversion observation requires the native victim-owner and replacement flags without world mutation (2.845983ms)
✔ death, ordinary births, startup conversion flags and enemy preacher ownership are not credited (0.588253ms)
✔ observation resets at mission boundaries and does not infer events across unobserved turns (0.255249ms)
{"label":"fixture","ready":true,"turn":1,"status":"playing"}
{"checkpoint":"mission-2-start","level":3,"status":"won","turn":1,"population":{}}
{"checkpoint":"mission-2-won","level":3,"status":"won","turn":1,"population":{}}
{"checkpoint":"mission-2-result","level":3,"status":"won","turn":1,"population":{}}
{"checkpoint":"mission-3-continued","level":3,"status":"won","turn":1,"population":{}}
{"checkpoint":"mission-3-won","level":3,"status":"won","turn":1,"population":{}}
{"checkpoint":"mission-3-result","level":3,"status":"won","turn":1,"population":{}}
PASS: fixed-turn diagnostic wins Mission 2, continues, and wins Mission 3; not real-clock gameplay
✔ sandbox adapter retains every existing assertion, turn bound and campaign action (4.209635ms)
✔ changed or duplicated maintained checker scaffold fails closed before browser execution (1.95419ms)
✔ late final screenshot completion cannot mark an aborted campaign scenario passed (11.904382ms)
✔ actual native triangles supplement the historical fixed anchor scan (5.260936ms)
✔ geometry candidates cannot bypass foreign object or DOM overlay ownership (3.475717ms)
✔ normal zero-dt frame refresh resolves stale panels while retaining simulation slots and clock (2.409905ms)
✔ presentation refresh cannot conceal a simulation change (5.530315ms)
✔ presentation reservation exception cannot conceal secondary slot allocation (1.386527ms)
✔ stale pre-refresh reservations fail instead of being normalized by the checker (1.501768ms)
✔ presentation refresh cannot conceal changed world Map entries (1.878988ms)
✔ occluded shrine fallback uses bounded ordinary camera drags and strict target re-probes (0.22899ms)
✔ the shipped right-drag mapping rotates 512 native angle units without panning (61.801973ms)
✔ Mission 3 trains a bounded Preacher group and retains identified HUD-reachable Braves (0.247778ms)
✔ additive native Ctrl-five requires the ordinary cancel/deselect before reserving workers (1411.602187ms)
✔ missing checkpoint does not suppress independent campaign progress (90.295376ms)
✔ malformed checkpoint does not suppress independent campaign progress (81.762296ms)
✔ partially migratable checkpoint does not suppress independent campaign progress (40.116678ms)
✔ incompatible checkpoint does not suppress independent campaign progress (30.943809ms)
✔ current valid checkpoint still restores and loads (135.782458ms)
✔ legacy valid checkpoint still restores and loads (111.875267ms)
✔ malformed stored checkpoint preserves usable session checkpoint and merges completion (56.192225ms)
✔ storage read failure retains in-session progress and checkpoint (111.30401ms)
✔ camera release alone does not make the startup Shaman selectable; observation is read-only (424.176851ms)
✔ readiness still rejects absent actors, global input locks and paused play (312.054202ms)
✔ Continue readiness waits on real RAF before suspension with the existing timeout (1.043978ms)
✔ the production wait polls synchronous false until native selection readiness (2.552838ms)
✔ Mission 3 Swarm target observation is read-only and chooses an actually castable enemy (1533.56068ms)
✔ Mission 3 Swarm eligibility does not depend on distance to the vault or unit array order (1038.055258ms)
✔ Mission 3 Swarm diagnostic refuses missing stock, blocked input, cooldown and invalid enemies (798.092768ms)
✔ checkpoint readback awaits false reads before the actual true result (6.024258ms)
✔ checkpoint readback fails closed after bounded asynchronous false results (1.110428ms)
✔ attack approach points and search pool state match complete native queries (52.60008ms)
✔ fight/person pursuit, housed entry, waiting and retries match native visits (22.100021ms)
✔ attack search, march records and automatic retargeting match native dispatch boundaries (13.641829ms)
✔ arrival voices and reservation release replay native thresholds and compacted-list visits (2.334613ms)
✔ original automatic commands preserve normal queues, share one reference-counted record and handle allocation exhaustion (48.825384ms)
✔ native scan dispatch preserves pending bits, suppression, specialist selection and consumer call counts (0.614392ms)
✔ ordinary combat entry reveals a completed Spy disguise (198.756368ms)
✔ live campaign scan suppression consumes pending alerts without changing person counters or sprites (128.427747ms)
✔ dead building attackers release queued shaman-guard duty (130.668691ms)
✔ fight motion initializes its retained sermon without a native owner (78.742728ms)
✔ coastal response targets come from the corrected native cell, including its newly exposed edge (65.442907ms)
✔ tower counterattacks ignore hostile people in water (140.981476ms)
✔ coastal area/dismantling order preparation matches full native calls and retains flags on identical commands (0.805365ms)
✔ live same-cell followers share one automatic command 21 and resume their queued destination (173.975929ms)
✔ an on-foot Firewarrior owns one automatic response per cooldown and yields to player movement (628.304054ms)
✔ an on-foot Firewarrior repeatedly launches at and damages a completed enemy building (106.095797ms)
✔ automatic combat restarts a retained direct tree harvest instead of harvesting during battle (116.76854ms)
✔ live automatic combat consumes a pending worship scan without replacing command 27 (79.885853ms)
✔ live automatic allocation failure preserves its source and queued order (59.26391ms)
✔ live automatic sharing leaves a nonmatching same-cell peer untouched (68.63335ms)
✔ live preacher response retains its sermon queue and resumes conversion (59.433593ms)
✔ preacher response allocation failure consumes the scan without changing its queue (81.189613ms)
✔ complete pursuit, target setup and attack-area gates match native fields, RNG and consumer ordering (11.798944ms)
✔ full-fight waiting positions and fallback RNG match original terrain and collision execution (34.64669ms)
✔ mixed target collection, native distance bands, fight admission and reservations replay executable captures (11.089802ms)
✔ live followers choose closer enemies, distribute reservations, then fall back to a saturated target (237.218428ms)
✔ live mixed scans detect enemy footprints and prefer an eligible person in the same distance band (186.89806ms)
✔ automatic squads share native area orders and target capacity independently of render frequency (967.571915ms)
✔ live target priority joins a fight ahead of a solitary enemy in its distance band (103.196957ms)
✔ nearby automatic building attacks keep their command-21 target between detection visits (108.547344ms)
✔ automatic contextual priority matches original single and mixed-class captures (1.717047ms)
✔ live ground context follows native registered cells through rotations and world seams (114.886353ms)
✔ ground beside a hut moves the group, while its occupied cell enters it (107.716672ms)
✔ an exact tree click harvests, seeks a timber plan and otherwise returns to rest (479.746787ms)
✔ a queued ordinary-tree harvest keeps its cargo and advances the existing waypoint (344.853979ms)
✔ input feedback matches native ground-cell centers and suppresses flashes over pointed objects (0.354826ms)
✔ object commands retain the chosen identity through overlaps and array reordering (115.524014ms)
✔ live target choice follows captured native ownership for both tribes (2292.392261ms)
✔ construction command matches native registration, fallback ownership and task handoffs (69.665452ms)
✔ construction panel matches native submissions and corrects the unlinked second-row height (17.138635ms)
✔ construction workers can be selected, reassigned to dismantle, cancelled and restarted (523.424465ms)
✔ construction icons select the active worker record and respect its native eligibility (151.304065ms)
✔ original priming consumes no elapsed progress; each frame stops before batch overshoot (2.56866ms)
✔ separate calls continue from the original previous timestamp without re-priming (0.394064ms)
✔ a promise is never accepted as a truthy readiness predicate (0.805575ms)
✔ frame and object-turn exhaustion fail without extending a goal (0.447634ms)
✔ an explicitly bounded coastal position attempt can return unmet without hiding its limit (0.306154ms)
✔ abort and Scene/World replacement are detected across browser-task yields (0.657134ms)
✔ normal speed, unpaused commands, positive finite deltas and wall bound stay mandatory (0.512921ms)
✔ original-frame failures propagate without another step (0.30385ms)
✔ unexpected automatic elapsed frames during a yield are rejected (1.574105ms)
✔ Convert Wild scans, converts, animates, and casts through player and computer paths (149.075578ms)
✔ deselection matches native command flags for every selection byte (2.610172ms)
✔ cancel targeting first; deselection preserves shared marching orders, routes, RNG and pause (246.077573ms)
✔ deselection reaches retained work representations once, leaves enemy ownership alone (80.829854ms)
✔ deselected groups retain identical mechanics and poses at 5–240 Hz and irregular frames (545.901906ms)
✔ training selection eligibility reads command flags, independently of motion turning flags (386.431737ms)
✔ dismantling reassigns residents and queued braves, recovers all timber and removes the building in four orientations (635.560097ms)
✔ cancelling dismantling stops existing workers; new orders can staff an empty dismantling building (159.922129ms)
✔ dismantling outcomes and timber remain independent of render frequency (778.312999ms)
✔ mixed groups queue movement, dismantling and movement without redirecting ineligible warriors (423.240339ms)
✔ queued building entry can become dismantling; cancellation skips work while retaining the destination (226.882005ms)
✔ dismantling queue replacement and death release references while non-braves keep their current orders (208.703066ms)
✔ automatic combat pauses shared dismantling and resumes its retained order (63.611043ms)
✔ automatic combat completion follows the native circular dismantling queue (111.294013ms)
✔ automatic combat allocation failure keeps dismantling state intact (82.921406ms)
✔ queued dismantling, timber and following movement agree at 5–240 Hz and irregular frames (676.110484ms)
✔ drag borders match original screen extrusion, texture coordinates and terrain crossings (31.48517ms)
✔ native area commands retain tower/training exclusions, current-order lookup and actual land membership (3990.410609ms)
✔ a real trainee remains drag-selectable on entry and becomes excluded only in the native interior phase (121.758131ms)
✔ fetching builders are selected at their active task-7 position (24.844277ms)
✔ world drag geometry matches captured native seams, camera bearings, clamps and degenerate drags (4.029588ms)
✔ live drag selection matches native flags and group voices without changing simulation ownership (560.890942ms)
✔ Mission 3 periodic raid preserves native mask, strict thresholds and arguments (4.518873ms)
✔ Mission 3 naturally grows both tribes and recruits the authored three-Brave raid (11653.288196ms)
✔ Earthquake matches the native initializer and central deformation phase (8.814497ms)
✔ Earthquake building scans preserve protected models, RNG and ejection-before-damage (0.517607ms)
✔ live Earthquake casts, damages and deforms independently of refresh rate (309.566496ms)
✔ Mission 1 counts authored primary effects before the opening (113.440708ms)
✔ Mission 1 keeps the allocation phase across pause, checkpoint and restart (285.198647ms)
✔ Mission 2 counts authored primary effects before the opening (75.056749ms)
✔ Mission 2 keeps the allocation phase across pause, checkpoint and restart (550.120724ms)
✔ Mission 3 counts authored primary effects before the opening (68.898133ms)
✔ Mission 3 keeps the allocation phase across pause, checkpoint and restart (325.417609ms)
✔ early-level effect phase remains fixed-turn owned across frame schedules (1142.435428ms)
✔ prospective declaration binds the exact constructor return before immediate first processing (6.128832ms)
✔ wrong first target and second creation fail permanently without replacing or mutating controllers (2.87147ms)
✔ duplicate declarations invalidate the original instead of overwriting or rearming it (0.482055ms)
✔ late declarations cannot bind a preexisting controller; close is idempotent and never auto-rearms (0.389938ms)
✔ a constructor exception retains its identity and cannot bind a partial object (0.231934ms)
✔ constructor diagnostic binding failures never change the returned object or its immediate step (0.66748ms)
(node:796) ExperimentalWarning: stripTypeScriptTypes is an experimental feature and might change at any time
(Use `node --trace-warnings ...` to show where the warning was created)
✔ constructor output and wrapping match pinned original source with declaration disabled and enabled (2.652114ms)
✔ all 64 visits match pinned uninstrumented source with observation disabled and enabled (53.083712ms)
✔ actual application errors keep their identity, partial state, receiver and call count (6.07316ms)
✔ read copies and later game writes cannot change each other or historical capture (6.077387ms)
✔ active callback wrappers preserve their original return values (10.31319ms)
✔ copy failure and overflow invalidate evidence without skipping the original body (10.45866ms)
✔ after-copy diagnostic failure cannot replace an application exception (1.791829ms)
✔ a thrown empty string permanently invalidates capture while all original calls continue (1.275473ms)
✔ a thrown empty stringifier permanently invalidates capture while all original calls continue (1.001987ms)
✔ a thrown zero permanently invalidates capture while all original calls continue (1.053713ms)
✔ a thrown false permanently invalidates capture while all original calls continue (0.882549ms)
✔ a thrown null permanently invalidates capture while all original calls continue (1.468789ms)
✔ a thrown undefined permanently invalidates capture while all original calls continue (0.75494ms)
✔ an empty diagnostic throw cannot replace an application exception (1.013123ms)
✔ diagnostic append failure disables capture and still invokes the body once (0.900355ms)
✔ no observer or detached capture makes no diagnostic copy and invokes the body once (1.298376ms)
✔ capturing a live controller does not change any World field or completed turn (source fixture) (605.205684ms)
✔ scenario cleanup preserves the original thrown undefined value (3.22844ms)
✔ scenario cleanup preserves the original thrown null value (1.203165ms)
✔ scenario cleanup preserves the original thrown false value (0.217713ms)
✔ scenario cleanup preserves the original thrown 0 value (0.123493ms)
✔ scenario cleanup preserves the original thrown  value (0.170172ms)
✔ scenario cleanup preserves the original thrown Error: synthetic primary value (0.2019ms)
✔ startup-smoke uses the ordinary prefix and cleanup without capture or worship (6.015174ms)
✔ startup binding retries only real TimeoutError and retains diagnostics without repeating physical inputs (2.079946ms)
✔ startup binding propagates non-timeout and lookalike errors immediately with exact identity (1.403437ms)
✔ a binding success after the startup deadline is rejected before readiness or later work (0.738095ms)
✔ a preserving stop arriving during a successful bind rejects before later work (0.543576ms)
✔ Skip dispatches once without a navigation barrier and still waits for original-actor readiness (0.692938ms)
✔ Skip action errors retain identity and never cause a second physical click or readiness continuation (0.374816ms)
✔ real named-scenario CLI import reaches the missing-plan guard before browser/server setup (577.670404ms)
✔ combined corrected producer has identical full World state with capture disabled and enabled for all64 visits (2057.870952ms)
✔ lifecycle wrapper preserves original exception identity and exactly one callback (301.417064ms)
✔ the actual harness Vite launcher must resolve inside the pinned package closure (1014.42034ms)
✔ immutable compiler identity includes nested executable chunks and declared dependencies (4.123707ms)
✔ polling rejects stop or timeout arriving during an awaited ready predicate (0.545209ms)
✔ external launch plan rejects wrong source, compiler, dirty source, bounds and reused path shape (4.63153ms)
✔ all 64 captured calls with worst-case signed heights fit the 32MiB replay input bound (130.533143ms)
✔ original Mission 3 Shaman can plan to the unused Erosion head on a clone (83.084664ms)
✔ source correspondence accepts exact bytes or inline maps containing the pinned source (2.749128ms)
✔ module read covers all eight prescribed scripts using only observational CDP calls (7.9074ms)
✔ missing required module is rejected before a source read (3.289319ms)
✔ a required module parsed under another origin does not satisfy admission (3.460383ms)
✔ two script identities for one required module are rejected (3.118166ms)
✔ required modules from different execution contexts are rejected (3.3769ms)
✔ a stop arriving during an awaited source read prevents any result or next read (2.064923ms)
✔ dispose removes its parsed-event listener and detaches without removing other listeners (1.374029ms)
✔ authored Mission 3 activation runs the first native Erosion call immediately and only once (807.017339ms)
✔ multiple authored targets process in link order at activation and newest-first on later visits (61.272777ms)
✔ activation queues radius6 texture updates and notifies before allocating the next target (171.413647ms)
✔ repeated rewards get one initial visit each and exhausted rewards never allocate again (300.944328ms)
✔ live Erosion casting deforms terrain independently of refresh rate (743.771309ms)
✔ a newer Lightning consumes simulation RNG before Erosion (28.075499ms)
✔ original cleanup, center, terminal release/counters and recovery match native captures (9.888339ms)
✔ last opponent death ends the fight, credits its winner once and returns a survivor to commands (168.929443ms)
✔ live separation uses the squared eight-unit boundary (181.68885ms)
✔ a native interruption detaches its slot and protected survivors defer state recovery (41.284855ms)
✔ fight completion, recovery and RNG agree at 5–240 Hz and irregular frame schedules (728.555638ms)
✔ Firestorm emits its complete native 220-turn rain sequence (6.430129ms)
✔ live Firestorm composes fire, panic Blast and building ignition independently of refresh rate (905.415914ms)
✔ Firewarrior row15 has its own eight-direction five-frame firing family (2.008799ms)
✔ firing pieces use disjoint 32px subslots while every old atlas origin stays fixed (25.493397ms)
✔ actual ranged body matches owned native visits: person-entry-walk-frame3 (2.047458ms)
✔ actual ranged body matches owned native visits: person-entry-idle-frame4 (0.312633ms)
✔ actual ranged body matches owned native visits: person-recovery-boundary-present (0.165896ms)
✔ actual ranged body matches owned native visits: person-wait-entry-present (0.257302ms)
✔ actual ranged body matches owned native visits: person-wait-entry-gone (0.138465ms)
✔ actual ranged body matches owned native visits: person-cooldown-entry (0.095242ms)
✔ actual ranged body matches owned native visits: person-cooldown-expiry (0.116382ms)
✔ actual ranged body matches owned native visits: person-cooldown-cleared (0.177032ms)
✔ actual ranged body matches owned native visits: building-entry-walk-frame3 (0.266375ms)
✔ actual ranged body matches owned native visits: building-entry-idle-frame4 (0.3238ms)
✔ actual ranged body matches owned native visits: building-recovery-boundary-present (0.139557ms)
✔ actual ranged body matches owned native visits: building-wait-entry-present (0.098286ms)
✔ actual ranged body matches owned native visits: building-wait-entry-gone (0.069803ms)
✔ actual ranged body matches owned native visits: building-cooldown-entry (0.12119ms)
✔ actual ranged body matches owned native visits: building-cooldown-expiry (0.058187ms)
✔ actual ranged body matches owned native visits: building-cooldown-cleared (0.082453ms)
✔ native Firewarrior resting source720 resolves its actual original frames (2.012336ms)
✔ Flatten follows the native 15-turn terrain and orbit lifecycle (4.04472ms)
✔ live Flatten casting is refresh-rate independent (1679.265753ms)
✔ persistent follower controls retain native descriptor order and class HFX ownership (1.52976ms)
✔ live own class totals enable controls independently of training knowledge or occupancy (85.939926ms)
✔ reading the follower strip does not mutate simulation or selection state (121.049238ms)
✔ shipped G task classification follows deferred native adoption without mutating HUD reads (128.461613ms)
✔ specific legacy work overrides dormant idle while real native disruption remains authoritative (94.392199ms)
✔ construction, pre-entry, actual entry and native idle routes use their own categories (39.274811ms)
✔ task selection preserves orders and RNG during a real movement command and propagates occupied groups (42.460247ms)
✔ live task count reads nearby camera coordinates without creating or registering people (61.890439ms)
✔ real boarding through a route owner overrides a dormant native person for Selected task propagation (48.076268ms)
✔ task classifier preserves every recovered native state and command category (1.07194ms)
✔ inside classification follows building category and the Preacher command exception (0.321106ms)
✔ global existence and nearby task counts are independent; selected overlays preserve native addition (0.843962ms)
✔ task selection ignores persistent-strip assignment priority and uses category nearest (0.516416ms)
✔ Selected row click/Shift deselect, Ctrl reselects nearest without changing its work or the group (0.538649ms)
✔ Total single/five can select the Shaman while Shift excludes it (0.328548ms)
✔ task focus filters category and cycles with the Shaman nearby exemption without mutation (0.257192ms)
✔ vehicle creation and frame cache use apparent tribe, including checkpoints and legacy fallback (309.070518ms)
✔ vehicle damage immunity follows apparent tribe while real-owner counts stay unchanged (72.467301ms)
✔ live Blast projects class4 apparent tribe without changing the real owner (504.654167ms)
✔ ordinary live boarding exposes class vehicle counts, all passengers and independent owner fields (164.842536ms)
✔ Spy boarding uses immediate target bits, later boarding rewrites owner and exit preserves apparent owner (67.227857ms)
✔ split owner and occupied selection survive checkpoint, legacy vehicles use real team fallback (68.777407ms)
✔ destroyed last vehicle keeps presence during its visible wreck and cannot select or focus (65.581065ms)
✔ shipped disguise command aboard publishes apparent ownership through completion and countdown (61.821168ms)
✔ legacy occupied checkpoint retains apparent fallback across voluntary unload (102.107729ms)
✔ first and later boarding, either exit and reuse preserve the native two-owner contract (461.812045ms)
✔ occupied class reads rebuild from current passengers rather than stale row totals (38.668822ms)
✔ transport presence uses real ownership and survives an empty count (4.232308ms)
✔ class filter acquires a vehicle and selects all eligible passengers; Ctrl counts vehicles (0.896169ms)
✔ driver command priority, matching-passenger distance and vehicle nearby boundary remain distinct (0.242049ms)
✔ native reverse vehicle-list focus cycles, variants reacquire, and selected/blocked occupants can focus (0.677064ms)
✔ footprint history matches native ring replacement and its per-cell pixel counts (550.469071ms)
✔ partial footprint shading equals a complete native-palette atlas rebuild (1620.377606ms)
✔ live walking footprints use the elapsed animation clock, including pause and disabled trails (231.639856ms)
✔ live turn preserves native tribe order, inactive skipping and next-turn formation admission (1257.283299ms)
✔ actual recruited groups wait a turn and then steer before member physics (99.917141ms)
✔ render cadence and idle production worship hooks cannot change gameplay, RNG or owned animation state (13958.372413ms)
✔ paused time stays paused; long active frames retain elapsed time (145.901537ms)
✔ campaign messages use the presentation clock and freeze while paused (345.397239ms)
✔ campaign pending auto-open waits for settled motion and consumes one oldest record per presentation visit (82.450072ms)
✔ scenery shade follows cell occupants through overlap, depletion and regrowth (85.910602ms)
✔ rotated building plans keep their anchor, entrance routes and orientation through construction (706.912104ms)
✔ Lightning ignites only its building footprint, then evacuates, damages and permits repair (414.828665ms)
✔ Lightning burns original scenery through smoke and cleanup without leaking fire state (64.930892ms)
✔ native impacts expire on exact turns and debris preserves the sprite allocation counter (56.328547ms)
✔ terrain rebuilds preserve queue precedence and initialize the original mission before sampling (16.699483ms)
✔ territory preserves native footprint asymmetry, overlap clearing and staggered recovery (1.585091ms)
✔ opening tooltips resolve mission cells and have an independent lifetime (26.745379ms)
✔ original level layout, native foundations, and the complete mission (3715.273793ms)
✔ housing, mana allocation, pause, drowning, and reincarnation (575.32035ms)
✔ ordinary land deaths keep the native corpse lifecycle (268.133468ms)
✔ native transformed compound bases stay on their ground pads (45.895586ms)
✔ native animation identity, casting interruption, gradual terrain and blast survival (544.105183ms)
✔ native economy uses fixed turns, population bands and real hut upgrades (978.550508ms)
✔ lightning hits a native map cell and Blast leaves allied health intact (46.857335ms)
✔ native integer movement and combat exchanges preserve timing, retaliation and replay (556.724767ms)
✔ native fight slots form four-person groups and release on interruption (123.672847ms)
✔ native sound cues preserve sample identity, cast phases and simulation randomness (217.158337ms)
✔ native Lightning delays the upper flash and regenerates eight segments for three turns (63.254971ms)
✔ native spell allocation, discrete flight, RNG trails and delayed impact (648.292404ms)
✔ native terrain ridges, reflected diagonals, surface planes and boundary vertices (2.285517ms)
✔ original campaign setup disables only enemy reincarnation and retains deferred commands (278.439142ms)
✔ mission-one AI applies its native spell interval profile on the original phase (117.014047ms)
✔ mission-one closes its construction latch after the first Red hut (30.640963ms)
✔ campaign marker setup snapshots native entry state before live execution (57.630083ms)
✔ mission marker task sends one reserved brave to marker one (59.740982ms)
✔ mission-one ordinary marker guard patrols and answers nearby enemies (83.733395ms)
✔ campaign markers remove the bridge head on the native phase, independently of routing (142.071709ms)
✔ campaign counters track allocation and remaining head gifts through gameplay (159.547422ms)
✔ worship decays without followers and continues at full spell stock (250.491036ms)
✔ vault discovery follows worship, door, entry and exit tasks (207.910986ms)
✔ vault allocation preserves the current order when the shared pool is full (120.151101ms)
✔ original discovery messages follow script phases, persist and reset (107.749029ms)
✔ partial building queries consume their mode once and marker triggers bypass worship (45.958042ms)
✔ original opening runs before object turn 72 and its independent flyby clock can be interrupted (144.462642ms)
✔ native outcome phases honor campaign opponents, forced results and defeat recovery (291.305184ms)
✔ tribe gates suppress scripts and AI while object turns and eligible cooldowns keep their native phases (291.611979ms)
✔ emergency casting preserves queued work and preacher responses keep their own payment rules (88.539767ms)
✔ mission-one AI casting uses the live shaman state and cast-block flags (286.304741ms)
✔ live spell scans use population thresholds and building territory with delayed overlap recovery (46.782821ms)
✔ original campaign stops Dakini Blast casting after its second allocation (232.088718ms)
✔ campaign attack commitment follows living warrior counts on its original turn (199.841215ms)
✔ mission-one Dakini launches its native attack route when Blue enters marker three (150.199988ms)
✔ mission-one Dakini launches its later building attack when Blue overwhelms it (263.275693ms)
✔ mission-one Dakini pursues a fallback shaman by exact command target (47.764918ms)
✔ computer attack exhausts native scans and retreats below its surviving-member threshold (1.366227ms)
✔ computer attack pool exhaustion skips hostile dispatch and retires through native empty scans (106.751569ms)
✔ queued training keeps its selection lock until issuing the order and frees its slot after arrival (0.622994ms)
✔ mission-one red AI queues exact task 6 below one warrior and executes live training (163.47387ms)
✔ mission-one red AI does not reserve a second brave already committed to warrior training (44.027439ms)
✔ external game store publishes edits and restarts without sharing worlds between sessions (329.174253ms)
✔ mission-one victory continuation creates and restarts the recovered mission-two world (359.151743ms)
✔ mission-two Totem route reaches the Tornado guidance and use instruction (1606.214535ms)
✔ mission-two enemy marker orders nearby Matak defenders to counterattack (290.354096ms)
✔ game store checkpoints restore an isolated exact world snapshot (136.551543ms)
✔ computer recruitment preserves wrapped-distance ties and native command eligibility (1.061193ms)
✔ group orders share references and release their object only after the final follower leaves (1.380536ms)
✔ AI reservation enters native selection state and releases through the normal person initializer (1.920568ms)
✔ training order startup uses configured speed and preserves only a compatible building occupant (1.186809ms)
✔ native training queue yields to an untrained follower and releases its new head (1.09934ms)
✔ live followers reach rotated native doors before entering buildings (1314.662841ms)
✔ building admission preserves native slot order, training activity and shared commands (3.293783ms)
✔ training replaces a whole batch, inherits the first occupant order tail and rolls back partial allocation (1.725739ms)
✔ live mana refunds wait for a pulse and computer training receives only the original first pass (50.36869ms)
✔ follower mana uses native preacher orders, registration and ghost flags before tribe scaling (75.356649ms)
✔ live spell reach follows terrain height and enemy casts require and spend native mana (121.269854ms)
✔ native casting lockout survives animation and computer usage recovers one charge at a time (63.531343ms)
✔ spell targeting preserves native cell allowances and wrapped coordinate seams (92.722834ms)
✔ native spell scans retain slots and Blast scoring avoids friendly concentrations (58.024019ms)
✔ defeat seeds native building collapse and staged damage ejects occupants before removal (104.54865ms)
✔ building display stages follow remaining work and retain separate complete meshes (34.443936ms)
✔ results preserve pending turns, collapse defeated settlements and reject new orders (415.844972ms)
✔ result camera crosses the world seam, releases input and retains native sky timing (4.623805ms)
✔ victory owns persistent native followers, drops cargo and pauses logical animation (97.778163ms)
✔ live blocked followers retain native detour steering and recovery timers (43.986448ms)
✔ live celebrants obey native walk masks and survive the legacy ground-height cutoff (41.221429ms)
✔ live completed-building footprints relocate and clear on removal (42.432354ms)
✔ live native cell order follows arrivals and removes dead records (81.936409ms)
✔ live cell insertion repairs a stale head left by a removed person (0.420584ms)
✔ dead vehicle passengers release their slots and driver position (51.905478ms)
✔ live native preparation consumes reroutes and completes slow turns and reactions (40.641313ms)
✔ interrupted victory followers resume through native orders and rejoin celebration (40.230876ms)
✔ native idle approach composes with shared state and original resting animation (40.619022ms)
✔ native resting ownership allocates distinct slots and compacts after a follower leaves (41.328124ms)
✔ native route reuse shares ownership and live celebration releases each follower (72.458715ms)
✔ native route construction retries expired failures and stores the original bounded path (40.489029ms)
✔ native path search packs a trimmed route and preserves distinct vehicle retry flags (80.236668ms)
✔ native wrapped route smoothing respects blocked steps and measures retained segments (82.786321ms)
✔ native obstacle solving builds a world-seam detour and rejects a blocked destination (80.477936ms)
✔ native planned routes use the recovered solver and advance shared followers to their goal (209.652506ms)
✔ native boarding checks the first boat and landing requests reserve distinct original search cells (1.897695ms)
✔ live native routes release query ownership, expire failures and walk low shoreline (130.339863ms)
✔ live followers share routes, advance before exact arrival and release every owner (136.257806ms)
✔ hut families are selected once, shared with shapes and retained through upgrades (72.233687ms)
✔ mission-one low population response assigns and releases persistent shaman escorts (143.160285ms)
✔ shaman escort uses native pursuit cadence and strict boundaries (0.807218ms)
✔ Mission 5 Boat worship emits its original one-shot tutorial (305.177557ms)
✔ Mission 5 grants, boards, sails, lands and checkpoints its original Boat (334.526957ms)
✔ Ghost Army casts, spawns native ghosts, accepts orders, vanishes in combat, and follows AI (534.466613ms)
✔ world-view terrain matches captured native mesh order, projection and lighting (199.681871ms)
✔ overview drag/release matches native snapshots and every star-parallax step (3.221917ms)
✔ overview morph timing matches the original complete lifetime snapshots (1.036036ms)
✔ Ctrl starts followers immediately, appends shared waypoints and ordinary click ends the sequence (805.47794ms)
✔ eighth Ctrl click and Alt final click deselect without cancelling issued orders; right-click ends staging (308.712161ms)
✔ queued ground movement preserves every turn, RNG, poses and footprints at 5–240 Hz and irregular frames (1250.782926ms)
✔ continued queue allocation failure retains issued orders, and an ordinary replacement releases them (99.160759ms)
✔ an enemy-person order waits behind a waypoint and advances when its target becomes unavailable (625.006788ms)
✔ ground waypoint handoff uses each playable class default initializer (340.925228ms)
✔ ordinary person turns apply native follower and Shaman healing without reviving excluded units (496.347698ms)
✔ live health adapter preserves airborne/state exclusions and combat status flags (207.846035ms)
✔ each original healing model receives exactly one recovered increment on the eighth turn (42.360005ms)
✔ a follower injured by the shipped missing-building release path later heals on an ordinary turn (51.850377ms)
✔ healing follows simulation turns across speed, refresh cadence, irregular frames and pause (965.028795ms)
✔ checkpoint migration preserves the next native healing turn (41.251036ms)
✔ building admission clocks match captured native blocks (6.630591ms)
✔ followers visibly cross the native interior threshold before housing consumes their command (1288.205162ms)
✔ simultaneous arrivals respect hut capacity and cancellation releases the scoped animation and route (229.408789ms)
✔ hut slots remain authoritative through a departure, replacement and birth turn (101.553456ms)
✔ fire interrupts entry without retaining its walking sprites or command record (84.676948ms)
✔ staged entry positions, RNG, admission and sprite clocks are independent of rendered frame rate (998.624914ms)
✔ entry re-plans interrupted steering and releases its source when the hut becomes unavailable (72.477967ms)
✔ scaled native panel and bottom-row digits remain above the modern footer (1.327038ms)
✔ HUD keeps preferred manual sizes and the original nominal auto steps when they fit (0.196552ms)
✔ HUD extraction retains the page client-component directive (0.796552ms)
✔ HUD selection and focus match captured original commands without changing other person fields (11.398094ms)
✔ HUD controls add followers without stealing simulation ownership or replacing marching orders (178.423225ms)
✔ building menu waits through delayed false images before continuing (19.879441ms)
✔ building menu exhausts its existing 30000 ms scope without continuing (276.893289ms)
✔ building menu propagates failed texture acquisition without retrying (2.106945ms)
✔ building hover Mission 1 waits through delayed false images before continuing (13.69439ms)
✔ building hover Mission 1 exhausts its existing 30000 ms scope without continuing (231.879488ms)
✔ building hover Mission 1 propagates failed texture acquisition without retrying (6.225712ms)
✔ building hover Mission 2 waits through delayed false images before continuing (7.798126ms)
✔ building hover Mission 2 exhausts its existing 30000 ms scope without continuing (298.897843ms)
✔ building hover Mission 2 propagates failed texture acquisition without retrying (2.664792ms)
✔ worship Tutorial waits through delayed false images before continuing (4.125809ms)
✔ worship Tutorial exhausts its existing 30000 ms scope without continuing (218.391946ms)
✔ worship Tutorial propagates failed texture acquisition without retrying (1.728673ms)
✔ worship Mission 1 waits through delayed false images before continuing (3.314065ms)
✔ worship Mission 1 exhausts its existing 20000 ms scope without continuing (181.165408ms)
✔ worship Mission 1 propagates failed texture acquisition without retrying (1.715304ms)
✔ repeated helper calls acquire the replacement document image (2.362483ms)
✔ only literal true permits readiness, never a truthy observation value (0.457609ms)
✔ late true is rejected after the awaited read settles, without another observation (1.527044ms)
✔ the last pause fits the deadline and no read starts after it (1.89468ms)
✔ invalid wait bounds fail before reading (0.643915ms)
✔ shaman health fill follows native integer bounds and absent/overfull cases (2.777489ms)
✔ HUD atlas metadata matches the PNG and contains every imported sprite (8.696203ms)
✔ portrait backgrounds and shadow-free directional layers match native captures (2.921442ms)
✔ tooltip bitmap placement and wrapping match the original desktop controller (67.740851ms)
✔ mana production stripes follow native rates, warning bands and controller modes (15.909008ms)
✔ live mana estimation uses the simulation clock and follows charging toggles (249.808733ms)
✔ follower counts, icon placement and housing fill match native HUD controllers (10.94367ms)
✔ population readouts exclude dead followers and reserve the shaman allowance (417.557578ms)
✔ hut birth clocks and destinations match captured original calls (3.756781ms)
✔ live newborns leave the hut and keep native birth feedback and gates (189.031343ms)
✔ hut smoke uses descriptor attachment slots, independently of resident capacity (5.941722ms)
✔ hut occupancy producer samples real occupancy every 32 building turns (0.298092ms)
✔ partial root uses the native 16-visit visible lifetime and restart draw (0.22932ms)
✔ full root is persistent and does not invent the unresolved child-puff phase (0.4856ms)
✔ all supported residential hut capacities switch partial to full at their native capacity (0.278904ms)
✔ visual frames stay on the recovered 16-frame sequences (0.132286ms)
✔ immediate occupancy events preserve capacity, phase and same-mode root identity (1.032481ms)
✔ drain elapsed old-root visits before an off-phase event without backdating the new root (0.910009ms)
✔ listeners are transient, identity-scoped and released through material disposal (0.699848ms)
✔ multiple presentation consumers unsubscribe independently without resetting each other (0.165365ms)
✔ live command8 owner publishes authoritative entry/removal for Hut level 1 (282.072009ms)
✔ live command8 owner publishes authoritative entry/removal for Hut level 2 (263.616369ms)
✔ live command8 owner publishes authoritative entry/removal for Hut level 3 (116.477614ms)
✔ ordinary Mission2 admission includes the new smoke root in that turn’s effect visit (6395.328516ms)
✔ pre-building occupancy removal receives one first visit, including counter wrap (291.698291ms)
✔ out-of-turn allocation survives pause; commands while paused remain rejected (371.872124ms)
✔ new-root completion is identity-scoped and one-shot for same-turn transitions (0.199576ms)
✔ batched turns and repeated rendering preserve the native first lifetime (474.512697ms)
✔ turn completion callbacks are clock-specific and are discarded on a failed turn (69.822184ms)
✔ observer forwards each original render receiver, arguments and exact result without a synthetic call (223.056438ms)
✔ observer propagates the exact original render exception and never takes a successful-frame sample (8.795874ms)
✔ diagnostic identity and readback errors remain bounded without changing original render results (3.210741ms)
✔ observer refuses to overwrite a later renderer owner during close (0.55937ms)
✔ Lightning retires a 3-resident hut root after fire initialization (5987.282875ms)
✔ Lightning retires a 1-resident hut root after fire initialization (195.123083ms)
✔ Lightning retires a 0-resident hut root after fire initialization (269.863802ms)
✔ blocked ignition preserves the completed root and its real residents (160.569079ms)
✔ repeat ignition does not reset fire or mutate surviving children (130.851832ms)
✔ paused restore retires historically saved burning roots while preserving children and legacy completed huts (136.408703ms)
✔ Spy command15 ignition retires the same occupied-hut root (127.05117ms)
✔ hut maturity and cell timber match captured original calls (2.914142ms)
✔ residents fetch and stage timber before their hut upgrades (588.413378ms)
✔ Hypnotise uses the native footprint, temporary ownership, expiry, and AI target path (509.739844ms)
✔ Invisibility marks the native six, does not refresh, and reveals on time or combat (133.44937ms)
✔ player and computer casts share Invisibility application and old saves migrate (171.35244ms)
✔ complete Land Bridge lifetimes match native terrain, ordered trails and notifications (580.334752ms)
✔ live bridge terrain and particle cleanup are identical across refresh rates and stalls (3649.189719ms)
✔ ordinary Mission1–3 startup uses native terrain, authored gates and real conversion (1301.806185ms)
✔ native opening excludes Shaman selection, without inventing a casting restriction (117.107541ms)
✔ checkpoint restore resumes every opening stage without replaying terrain/conversion (2375.858263ms)
✔ restart gets one fresh sequence; repeated flyby skip does not replay it (478.251531ms)
✔ only carrier-created stones are obstacles, while legacy sites keep their reservations (93.009276ms)
✔ opening wave, conversion and stone cues preload their existing original samples (10.594314ms)
✔ permitted opening casts enter native state22 and resume command18 without a stuck controller (1329.122768ms)
✔ fresh-load camera follows native cell-edge/center snapping and angle retention (0.527643ms)
✔ the command18 completion turn owns exactly one native person visit (324.428576ms)
✔ permitted state22 interruption and completion retain one counter increment per turn (436.487825ms)
✔ replacement player orders cancel startup before its counter write (223.181833ms)
✔ only the linked neutral startup conversion flash follows its replacement Brave (139.513775ms)
✔ a missing converted Brave does not retarget its flash or shorten the native expiry (111.382388ms)
✔ an invalidated command18 is consumed by the ordinary queue without completing the site (79.042138ms)
✔ original Lightning target gates, inclusive cap, attacker and electrocution phases (5.196268ms)
✔ live Lightning retains victims, displays native shock sprites, scatters survivors and cleans up (253.934266ms)
✔ Lightning outcomes and turn-by-turn poses are independent of rendering cadence (775.465026ms)
✔ live marching uses shared commands, original poses, separate slots and releases interruption/death/arrival ownership (1020.097882ms)
✔ marching and resting preserve mechanics, footprints and sprite frames at 5–240 Hz and irregular frames (1211.436355ms)
✔ exhausted command pool preserves the previous movement and group ownership (136.036619ms)
✔ panic retains the real movement command and resumes its route after recovery (143.613243ms)
✔ obstacle recovery replans the owned group order and settles identically at 5–240 Hz (2415.235526ms)
✔ shared ground motion advances a retained route once before any state controller (79.869379ms)
✔ native432260 empty current slot returns before building live order context (31.147635ms)
✔ live worship shares an order, occupies exact slots, prays, earns gifts and releases interrupted/dead members (344.098064ms)
✔ live head rewards, displayed standing roster and group selection retain their distinct native rules (205.320757ms)
✔ worship motion, prayer frames, pose RNG and rewards are identical at 5–240 Hz and irregular frames (1424.66831ms)
✔ an unreachable head preserves the existing command without entering an unported retry state (94.780986ms)
✔ Ctrl waypoints finish at a stone head without replacing the current route or person (220.739052ms)
✔ training replacements inherit a queued stone-head order and perform the original prayer (213.814305ms)
✔ queued worship preserves turns, poses, RNG and rewards at 5–240 Hz and irregular frames (1643.443818ms)
✔ local launch preserves sandbox and removes all unsafe Playwright defaults (1.895271ms)
✔ CLI accepts separate game root, owned output, browser and bounded settings (0.255839ms)
✔ CLI rejects unknown flags, missing values and unbounded inputs (0.257592ms)
✔ harness preserves the exact side-effect-free source fingerprint export (0.112587ms)
✔ source fingerprint catches dirty tracked and untracked byte drift with unchanged porcelain (227.069276ms)
✔ active scenario completing during timeout diagnostics cannot turn failure into pass (328.792809ms)
✔ active scenario completing during interrupt diagnostics cannot turn failure into pass (21.349547ms)
✔ ordinary native constructors restore the logical gate without adding interpolation behavior (96.419627ms)
✔ native person and Splash frames wait for logical visits while clear-bit effects keep 24 Hz (67.357389ms)
✔ each catch-up turn observes the prior frame before one post-observer logical advance (68.223445ms)
✔ ordinary owner aliases and a post-turn handoff never advance twice (223.484878ms)
✔ state0 and removed gated sources do not fall through to presentation advancement (60.701277ms)
✔ pause, land pause and speed changes preserve owned logical animation visits (35.125971ms)
✔ legacy save aliases gain the gate without resetting frames or replaying on a new Scene clock (46.439242ms)
✔ a Splash allocated after processing gets one animation visit but no invented lifetime visit (46.526231ms)
✔ morph transitions keep one presentation owner even on coincident logical boundaries (89.97683ms)
✔ Firewarrior descriptor holds are measured in eligible logical visits (36.275947ms)
✔ post-turn source replacement visits only the active record, including at turn wrap (29.81233ms)
✔ direct simulation ticks and presentation calls do not manufacture logical visits (46.658697ms)
✔ marching geometry, recruitment, cleanup, speed and poses replay complete original calls (67.753157ms)
✔ native movement completion preserves payload, seam and vehicle boundaries and four-turn cadence (4.499103ms)
✔ marching cleanup tolerates a member whose native record was already released (0.689002ms)
✔ outdoor and building encounter calls match captured original fields, timing, RNG and sound (21.268287ms)
✔ all playable encounter pairs show the opening strike, physical stagger and defender-centered fight (1246.749667ms)
✔ encounters and their animations stay deterministic across render schedules (422.672135ms)
✔ the native skip-intro flag and player cancellation do not leave stuck encounters (80.782794ms)
✔ an encounter releases cleanly when an airborne participant returns to ordinary motion (42.662266ms)
✔ live fights refresh the first native player alert each object turn (164.295844ms)
✔ simulation owns quiet, attack and battle music activity across pause and cancellation (56.315096ms)
✔ native fight admission, replacement and splitting retain original slots, flags and RNG (9.124927ms)
✔ stronger reinforcements replace the first weaker ally and preserve a three-person tribe limit (182.466566ms)
✔ two-sided reinforcements split the last fighter of each tribe into a new live fight (87.376907ms)
✔ reinforced group motion and combat remain identical at every render cadence (457.490199ms)
✔ center changes preserve original membership slots for subsequent splits (59.063894ms)
✔ pursuit refresh uses the original inclusive axis threshold and signed coordinates (1.502159ms)
✔ live pursuit updates before reaching the old destination and reuses unchanged routes (498.715523ms)
✔ automatic engagement uses equal tribe ranges, whole cells and original scan cadence (85.466132ms)
✔ native inhibition and pending scans apply without giving idle shamans automatic attacks (74.682114ms)
✔ live move orders cross nearby enemies without the old distance interruption (49.231957ms)
✔ idle followers of either tribe pursue detected enemies at every render cadence (520.120403ms)
✔ group attacks hit busy opponents without restarting their action or facing (7825.974465ms)
✔ Magical Shield does not block native mode-one melee damage (43.241942ms)
✔ opportunistic reach is measured from the opponent slot with an exclusive 360-unit boundary (269.384281ms)
✔ group combat stays deterministic across render schedules and yields to player orders (305.043317ms)
✔ knockback waits for terrain physics to settle and preserves cell ownership (143.314759ms)
✔ hits during knockback survive physics and player orders do not teleport the person (88.052845ms)
✔ sliding recoil, native animation and recovery are independent of render cadence (242.402493ms)
✔ shamans and the native game flag suppress ordinary attack knockback (349.156745ms)
✔ fight sites use the native 32-turn search and retain groups when no site is available (46.759492ms)
✔ fight sites leave original building footprints even between periodic search visits (70.553076ms)
✔ sequential fight searches avoid other fight centers and release exhausted searches (1.316102ms)
✔ live groups relocate sequentially without sharing another fight center (44.403507ms)
✔ native approach reaches its slot from every direction and waits one turn to chase a moved slot (396.577006ms)
✔ approach uses native cell collision and preserves the person across attack, recoil and new orders (39.812797ms)
✔ approach, native animation and subsequent combat stay identical across frame rates (305.195408ms)
✔ native descriptor threshold chooses exact small and large corner dimensions (1.775874ms)
✔ 1x frame overlaps native corners in a 100x96 rectangle, bottom corners last (8.650623ms)
✔ 2x and partial tiles retain exact 1:1 corner/edge pixels and a transparent center (43.51767ms)
✔ frame is a separate overlay and does not change terrain, markers or click ownership (0.897531ms)
✔ minimap pixels, camera wrapping, rotated UVs and markers match native captures (291.100973ms)
✔ Mission 10 runs its first Totem deadline and second Totem Erosion sequence (14510.454801ms)
✔ Mission 11 opens with both enemy tribes and four original knowledge sites (133.254296ms)
✔ Mission 11 opponents build their first settlement and scripted BUILD_AT tower on native cadence (9521.139805ms)
✔ Mission 12 opens with all three enemy tribes and original knowledge (81.984129ms)
✔ Mission 12 starts its original turn-7 flyby once (137.893366ms)
✔ Mission 12 opponents request their first Guard Towers on native cadence (298.683309ms)
✔ Mission 12 opening remains deterministic through checkpoint migration (1031.129936ms)
✔ Mission 13 opens with both enemy tribes and original knowledge (78.044183ms)
✔ Mission 13 starts its original Yellow turn-6 flyby once (371.4203ms)
✔ Mission 13 Balloon Hut knowledge is visible before construction (259.697181ms)
✔ Mission 13 Land Bridge uses native surface categories at low shore (58.849029ms)
✔ Mission 13 Balloon Hut repeatedly produces occupied airborne transport (544.732388ms)
✔ Mission 13 opening remains deterministic through checkpoint migration (441.379772ms)
✔ Mission 14 delivers both linked gifts and a castable Angel through shipped paths (705.298865ms)
✔ Mission 15 ordinary Prison attack frees the captive and cancels the timer (350.340149ms)
✔ Mission 15 timer expiry locks input and kills the captive with enemy Lightning (198.371122ms)
✔ Mission 15 expiry stays latched if the Prison falls before Lightning lands (561.305455ms)
✔ Mission 15 captive Lightning branch requires an enemy caster, not the Prison cell (102.492411ms)
✔ Mission 16 worship grants Bloodlust and live combat consumes its status (477.214059ms)
✔ old checkpoints default Bloodlust stock without disturbing their world (94.180731ms)
✔ Mission 17 grants Armageddon and stages the native arena through the live cast path (1617.051731ms)
✔ Armageddon uses generic victory and defeat outcomes and restores control (1029.392388ms)
✔ Mission 18 loads its authored tribes and grants Armageddon and both Volcano rewards (3975.256048ms)
✔ Mission 18 starts its authored Red marker patrol through normal AI orders (192.313606ms)
✔ Mission 18 Armageddon restores its arena checkpoint and reaches both result directions (3387.208458ms)
✔ Mission 19 loads its authored objective and grants all three worship rewards (1187.849569ms)
✔ Mission 19 Teleport spends only accepted stock and resumes identically from a checkpoint (212.624407ms)
✔ Mission 19 warns once and gives Chumara loss priority over Dakini defeat (938.291323ms)
✔ Mission 2 naturally earns Matak kills and launches the organized raid (3628.173276ms)
✔ Mission 2 checkpoints retain kill ownership from the old red slot (59.13319ms)
✔ Mission 2 camp targeting takes the first model match without RNG (79.129024ms)
✔ Mission 2 producer matches native base, loss, capacity and resource boundary cases (415.199335ms)
✔ Mission 2 naturally establishes a new home Tower base and preserves phase3 checkpoint continuation (1594.344312ms)
✔ Mission 2 rebuilds after a real player army destroys both Towers, retaining its first construction base (10378.869838ms)
✔ Mission 2 explicitly trains replacement Warriors after natural combat despite zero producer preferences (9069.87724ms)
✔ Mission 20 loads its authored opening and four-stage linked chain (91.583635ms)
✔ Mission 20 worship consumes each head once and restores the live chain (3033.981568ms)
✔ Mission 21 loads its authored opening and first fault state (145.635876ms)
✔ Mission 21 converts worshippers and seals the first fault across a checkpoint (5477.248025ms)
✔ Mission 21 checkpoints one unsealed first-fault eruption without replay (4146.384391ms)
✔ Mission 22 opens with its solo Shaman, native heads, tribes and transport (110.700322ms)
✔ Mission 22 mode-3 head rejects an injected Brave supporting fixture (139.050105ms)
✔ Mission 22 nearby head is a one-shot presentation with no gameplay reward (336.504078ms)
✔ Mission 22 southern head delivers its delayed 600,000 mana gift after real worship (9824.555665ms)
✔ Mission 22 Shaman can steal, checkpoint and sail the authored enemy Boat (2549.413371ms)
✔ Mission 22 Shaman can claim the authored Balloon and complete the northern mana route (12622.956628ms)
✔ Mission 23 loads its authored tribes, Wildmen and worship chain (82.555432ms)
✔ Mission 23 enemy tribes grow their native settlements and populations (19487.56381ms)
✔ Mission 23 unlocks and repeats the native zero-mana gift through ordinary worship (1697.975123ms)
✔ Convert Wild allocation gates state and duplicates without cancelling existing work (3.022166ms)
✔ Convert Wild target retains density, wrap, tie, inclusive radius and list-centroid rules (0.636263ms)
✔ Convert Wild standability preserves initial target and tries only the first24 spiral positions (0.587ms)
✔ Mission3 active type2 advances after allocation state is switched off (76.951664ms)
✔ type2 timeout clears motion before a blocked state transition and then frees the task (79.25861ms)
✔ type2 reads the active fight person even when its attack animation has no presentation source (33.898361ms)
✔ Convert Wild region lookup normalizes signed browser-native positions to unsigned words (0.204252ms)
✔ type2 casting preserves the real person flags2 readiness gate (24.774548ms)
✔ explicit flight person receives the allocation-safe return order without restarting its state (27.309002ms)
✔ explicit flight return preserves the complete world on order allocation exhaustion (41.796727ms)
✔ cast-ready flight-owned Shaman receives the type2 post-cast return on the same person (43.368746ms)
✔ type2 range reads actual signed person height rather than terrain beneath it (31.322917ms)
ℹ {"terrainHeight":146,"personHeight":896,"terrainRange":14,"personRange":24}
✔ Mission3 Chumara moves, spends its original shot and mana, then stops allocating at the population cutoff (1799.935462ms)
✔ Mission3 keeps idle follow-ups and area-summary automatic training unreachable (337.461962ms)
✔ ordinary Mission3 allocates a real pre-table response before ordinary production (286.312809ms)
✔ defense allocation preserves native caps, immediate empty-area cleanup and recycled scratch (0.812566ms)
✔ active defense suppression uses strict squared26 and wrapped cell distance (0.225334ms)
✔ native defense no-force fallback is a finite seven-visit lifecycle (0.576455ms)
✔ defense cleanup clears only matching assignment and native flag bits while preserving another lock (70.215546ms)
✔ lost early defense targets are invalidated before a different task dispatch (39.518881ms)
✔ defense Blast uses signed active-person height for native and flight-owned Shamans (142.827922ms)
✔ defense Blast reads active native, flight and non-presented fight positions in both range directions (154.960283ms)
✔ defense target collection preserves category caps, rejection rules and the omitted last spiral cell (1.134743ms)
✔ ordinary Mission3 intrusion produces a real type8 fallback, cleanup, repeat and checkpoint continuation (1612.759641ms)
✔ ordinary Temple acquisition and Preacher intrusion recruit a real Chumara defender with orders and movement (2825.172477ms)
✔ Mission 3 naturally trains a Blue Preacher, converts an authored Brave and resumes its mid-conversion checkpoint (4424.409393ms)
✔ a real movement command cancels the naturally acquired Blue sermon without converting its listener (2060.349671ms)
✔ natural Mission 3 conversion follows elapsed game time across display schedules (4123.96687ms)
✔ Mission 3 opens through original Chumara, Swarm, Temple and Erosion paths (2677.225025ms)
✔ single Preacher selector preserves native first-near/band order and strict distance boundaries (2.344616ms)
✔ single-person strict19 boundary, wrap, mode0 and invalid mode match native cases (0.450258ms)
✔ type11 waits for selection ownership and cancellation safely releases state14 and slot (94.380767ms)
✔ duplicate raw payload and failed allocator preserve native selection side effects (73.466404ms)
✔ Preacher allocator preserves native five-slot/state/signed-count boundaries (0.650244ms)
✔ 1103 replacement preserves all person/order state on allocation exhaustion (66.643754ms)
✔ natural Chumara training reaches marker3 Preacher task, checkpoint phases and movement (3382.130959ms)
✔ complete128-turn block preserves strict gates, command ordering and message lifetime (0.800176ms)
✔ 1103 retargets only active order30 in native state10/33 without restarting state (152.152455ms)
✔ cancelled blocked-state Preacher resets motion before the native state gate (26.003159ms)
✔ Mission 3 warns once when a naturally trained Chumara Preacher starts converting a Blue Brave (5645.667025ms)
✔ Mission3 authored raid allocation matches original: nominal accepted fixture (1.326677ms)
✔ Mission3 authored raid allocation matches original: state20 disabled (0.152997ms)
✔ Mission3 authored raid allocation matches original: one active raid reaches authored cap1 (0.09389ms)
✔ Mission3 authored raid allocation matches original: all ten slots occupied by other tasks (0.191845ms)
✔ Mission3 authored raid allocation matches original: only final slot free (0.19592ms)
✔ Mission3 retains loaded Shaman origin for loaded-cell-shaman-moved (1.828151ms)
✔ Mission3 retains loaded Shaman origin for loaded-cell-shaman-absent (0.821559ms)
✔ Mission3 retains loaded Shaman origin for loaded-cell-shaman-moved after checkpoint (0.41132ms)
✔ Mission3 retains loaded Shaman origin for loaded-cell-shaman-absent after checkpoint (0.260526ms)
✔ Mission3 recruitment preserves original common-origin-control (1.325165ms)
✔ Mission3 recruitment preserves original no-base-authored-coordinates (0.238854ms)
✔ Mission3 recruitment preserves original established-base-distinct (0.211623ms)
✔ Mission3 recruitment retains a valid established base at cell zero (0.204364ms)
✔ Mission 3 starts its original recurring-script flyby through ordinary turns (1534.041226ms)
✔ Mission 3 Chumara builds its settlement and trains its first Preacher (2260.914301ms)
✔ Mission 4 starts its original opening flyby once through ordinary turns (1019.322765ms)
✔ Mission 4 teaches training and attack from its original live conditions once (85.025728ms)
✔ Mission 4 converts Wildmen, discovers the Guard Tower, and defeats the Matak (8278.279187ms)
✔ Mission 5 Angel head delivers its linked hostile summon through live worship (325.750579ms)
✔ Mission 5 checkpoint migration upgrades an explicit mode-5 legacy Angel without changing gameplay state (68.350852ms)
✔ Mission 5 checkpoint migration recovers an absent authored mode before upgrading the Angel model (34.041943ms)
✔ Mission 5 checkpoint migration adds only the previously omitted Angel head (65.981659ms)
✔ Mission 5 imports its linked Boat template from the verified native coordinates (1.283673ms)
✔ Mission 5 runs its imported opening flyby once through ordinary turns (2066.033113ms)
✔ Mission 5 launches its original ordinary raid when the player reaches the Angel head (799.641834ms)
✔ Mission 5 launches its surviving Dakini at the player Shaman (114.662513ms)
✔ Mission 5 staffs its original Dakini tower with a Preacher (229.10906ms)
✔ Mission 6 keeps both original opponents distinct through outcome and checkpoints (925.767694ms)
✔ Mission 6 credits each opponent attack task independently (101.914947ms)
✔ Mission 6 low-population survivors counterattack the player Shaman (251.354869ms)
✔ Mission 6 Chumara trains Preachers and launches its first mixed raid (21724.669969ms)
✔ Mission 6 opponents expand and Matak launches its first Warrior raid (21491.921883ms)
✔ Mission 6 ATTACK snapshots the native three-spell payload and keeps old tasks compatible (0.972402ms)
✔ type-20 sixth ATTACK quota selects exactly the tribe Shaman outside the generic selector (0.365022ms)
✔ Mission 6 first Matak ATTACK retains source-derived Land Bridge, Lightning, Blast order (19724.518733ms)
✔ Mission 6 phase-6 task Shaman uses native payment, eligibility, usage and range gates (196.636863ms)
✔ Mission 6 phase-6 task spell uses task target outside Shaman states 25/29 (88.690177ms)
✔ Mission 7 converts Wildmen and grants Invisibility through its original head (1082.363907ms)
✔ Mission8 natural acceptance starts from the shipped seven-person Blue and eleven-person Red roster (348.976874ms)
✔ Mission8 attack staging is a land order for the original party, not a transport or worship prerequisite (78.998921ms)
✔ shared ground → training → destination queues retain identities until conversion and inherit the original tail (779.019504ms)
✔ shared ground → construction → destination queues retain identity and resume after the crew leaves (137.481711ms)
✔ cancelled, invalid, removed and dead queued builders release command-6 ownership exactly once (665.703243ms)
✔ a waypoint added while trainees are inside preserves occupancy; ordinary hut admission consumes the complete queue (498.892276ms)
✔ unavailable or cancelled buildings advance to the next order; replacement and death release shared references (407.780479ms)
✔ mixed movement, training, inherited orders, RNG and footprints match from 5 to 240 Hz and irregular frames (1210.843621ms)
✔ building order preparation matches complete original CPU calls (1.113862ms)
✔ reinforcements and new encounters retain the same person and resume ground, building and worship orders (1041.411472ms)
✔ replacing or killing a reinforcement releases every retained command reference (211.73205ms)
✔ a displaced fighter retains its queue and a split keeps both followers’ original records (457.679913ms)
✔ combat interruption and resumed orders preserve simulation and poses across render rates (909.095288ms)
✔ combat removes a waiting trainee from its physical line while retaining its training order (115.418492ms)
✔ native model wave uses half, quarter, eighth strength then resets (2.48803ms)
✔ live waves retain first-hit deformation on resource scenery (392.880272ms)
✔ move input eligibility matches native category, strict-land and quarter-mask captures (5.368331ms)
✔ blocked move clicks preserve the whole selected group, shared orders, markers and RNG (169.828571ms)
✔ Markdown sections retain ancestry, repetitions, CRLF boundaries, and ignore fenced headings (3.269156ms)
✔ manifest validation accepts reviewed data and rejects duplicate IDs, missing paths, invalid parity references, and unsafe paths (100.437632ms)
✔ index is deterministic, clean without a cache, ignored when written, and regenerates after source changes (147.635871ms)
✔ index and context reject an indexed source symlink that escapes the repository (57.657465ms)
✔ repository validation requires one current top-level execution-order heading (62.795196ms)
✔ context returns bounded provenance, limitations, checks, and visible source truncation (78.683963ms)
✔ context output saves current JSON and rejects silent option mistakes (121.209856ms)
✔ preparation is independent of retired local status state (53.97407ms)
✔ native research packets grant only a contract-allowed ignored scratch directory (276.130013ms)
✔ role context carries a validated bounded assignment and explicit overflow (222.243414ms)
✔ reviewer context fingerprints the actual dirty, renamed, deleted, and untracked inputs (113.603994ms)
✔ real mapped evidence excerpts retain their material performance boundaries (4146.440536ms)
✔ Shaman appearance context keeps its complete checks and evidence within the default budget (1200.037531ms)
✔ Followers task context retains complete checks without bloating selection context (572.619155ms)
✔ plan handles cross-cutting edits, renames, deletions, untracked and unsafe inputs without executing checks (117.47961ms)
✔ audit distinguishes baseline edits and reports out-of-scope, generated, input, untracked, and stale verification changes (331.79077ms)
✔ audit reports a pre-existing baseline change that disappears (151.168629ms)
✔ audit requires exactly one result for every required check (128.225038ms)
✔ blocked verification cannot masquerade as passing and passed results require evidence (110.455415ms)
✔ game server rejects an invalid isolated port (0.773458ms)
✔ preparation captures real baseline and hashes, validates intent, and refuses overwrite (318.349955ms)
✔ verification persists completed checks across interruption and replaces old passes at startup (194.340871ms)
✔ verification replaces a required receipt invalidated by a changed check definition (127.862622ms)
✔ reviewed aggregate coverage executes once, fingerprints covered inputs, and fails closed on script drift (442.871981ms)
✔ orchestration-tests receipts become stale when worker configuration changes (437.155871ms)
✔ repository-check receipts become stale when worker configuration changes (660.085472ms)
✔ verification runs only safe contract checks, records blocking, and detects mutations (794.795408ms)
✔ ephemeral default stays opt-in; persistent launch keeps sandbox and explicit data-dir (6.587484ms)
✔ unknown personal, noncanonical, existing unmarked and symlink directories fail before adoption (35.604884ms)
✔ symlink ancestor and evidence overlap are rejected (17.844725ms)
✔ an output symlink cannot alias profile data before preflight creates logs (18.621083ms)
✔ exclusive live and unknown locks are never recovered, and failed cleanup keeps ownership (25.47122ms)
✔ normal terminal cleanup retains checkpoint identity across a new exclusive run (21.451597ms)
✔ source/runtime/origin drift cannot silently adopt a game save (39.640758ms)
✔ symlinked source bytes and external or ignored scenarios cannot bypass input binding (20.610148ms)
✔ checker-only correspondence must bind prior run and both exact source identities (34.655621ms)
✔ unverified source and changed terminal ownership remain blocked (18.543102ms)
✔ lease refuses a replaced lock and leaves that owner untouched (16.39502ms)
✔ leftover Chromium ownership and replaced data directory block reuse (17.617157ms)
✔ committed readback is readonly, awaits completion, and hashes typed arrays/Map/Set contents (80.191826ms)
THREE.InterleavedBufferAttribute.clone(): Cloning an interleaved buffer attribute will de-interleave buffer data.
✔ painter centers retain precision and follow position replacement and updates (9.803029ms)
✔ construction caps replace face modes and hidden picking faces emit no material (1.971805ms)
✔ cell render order matches native mixed passes and retained arrival order (64.539506ms)
✔ cell traversal preserves live ordering when a stale chain entry is encountered (0.689383ms)
✔ mixed polygon buckets, reverse insertion ties and raster depths match native captures (2.07687ms)
✔ completed models reject native rear faces and shared side/bottom outcodes (0.650755ms)
THREE.InterleavedBufferAttribute.clone(): Cloning an interleaved buffer attribute will de-interleave buffer data.
✔ shared painter vertices follow attribute edits, splits and replacement (3.651626ms)
✔ native grid mapping matches exact XYZ mapping and rejects split heights or irregular coordinates (0.65377ms)
Unrecorded ledger change: run parity:record with a note
✔ parity credits verified scope only and rejects misleading or untraceable assessments (64.03598ms)
✔ report-only rendering refuses unrecorded parity progress (196.444589ms)
✔ verified requirements advance a fixed checkpoint share without hiding unknown scope (19.364102ms)
✔ assessments expose small gains and regressions without crediting scope revisions (61.882095ms)
✔ browser supervisor verifies cleanup after a missing checker dependency (252.857547ms)
✔ browser supervisor does not start the checker while the server port refuses connections (1167.846201ms)
✔ browser supervisor verifies cleanup after a checker exception (290.902642ms)
✔ browser supervisor classifies server spawn failure and verifies empty cleanup (9.997319ms)
✔ browser supervisor stops the checker when the ready server exits (667.622699ms)
✔ browser supervisor SIGTERM includes a detached checker descendant (1190.617798ms)
✔ concurrent submitters and controllers preserve FIFO without overlap (1258.441807ms)
✔ failed and timed-out jobs release before automatic next job (1582.454473ms)
✔ cancel running and queued jobs without running queued command (1003.335355ms)
✔ missing cleanup blocks handoff, recovery requires a fresh matching receipt (1118.15668ms)
✔ live detached child prevents next test and is never killed by the queue (951.968562ms)
✔ controller crash retains lock; recovery refuses live owner or job (1238.574895ms)
✔ foreign or missing execution scope cannot prove a controller stopped or authorize recovery (680.616721ms)
✔ legacy active jobs remain unknown even with no controller lock (621.140451ms)
✔ paused submissions start no transient controller before recovery (775.702253ms)
✔ source drift and busy ports block commands without touching existing server (595.875621ms)
✔ all linked worktrees resolve the same queue; invalid specs never launch (394.983258ms)
✔ submission preserves PATH under an ESM temp parent and returns one compact result (1536.444695ms)
✔ concurrent identical retries share one unfinished job; completed work can run again (1377.733386ms)
✔ run exposes a recovery ID before caller interruption; retry keeps the running job (748.645933ms)
✔ person panels preserve native command traversal, health and original draw submissions (5.158871ms)
✔ person-panel lifetime matches native refresh and remains independent of render rate (2.808826ms)
✔ order focus matches native targets and follows the displayed queue record (0.745596ms)
✔ destination marker preserves native attachment, frames and lifetime at every render rate (595.442535ms)
✔ panic and personal fire trails retain original timer, sound, anchor and allocation decisions (11.976671ms)
✔ burning huts eject running followers with distinct panic and trail lifetimes in all orientations (1059.60234ms)
✔ panic motion, animation and fire trails are independent of presentation frame rate (348.936065ms)
✔ native building flames traverse matching cells in order, including repeated sockets and failed allocations (39.956933ms)
✔ live flame-cell adapter preserves protected followers, immunity, tribe and hidden occupants (54.386076ms)
✔ real Lightning ignition reaches nearby surviving followers before occupant evacuation (51.124094ms)
✔ ordinary clicks replace only new selections; Ctrl toggles and blocked clicks preserve the group (1.513906ms)
✔ selection never creates a simulation owner or interrupts existing group orders (187.302978ms)
✔ all native single/group selection voices and pointer acknowledgements are ready before audio activation (9.671984ms)
✔ worship placement preserves native two-pass search, occupancy, route order and failure flags (21.762399ms)
✔ worship command preserves native approach, prayer, retry and presentation RNG decisions (6.294546ms)
✔ ordinary stone-head visits expire the standing-slot cursor at the native byte timer (0.89686ms)
✔ construction-plan entrances, approach and timed attack sequences match native execution (17.044491ms)
✔ player append matches native shared references, cursor wrap, full queues, eligibility and pool exhaustion (26.899418ms)
✔ ground, building and forced-final worship modifiers and eighth-order deselection match complete native player packets (0.656263ms)
✔ replacement preserves prior orders when the shared pool is full (0.568934ms)
✔ sprite pointer brackets match native palette, two/four-layer geometry and unsigned animation wrap (3.305273ms)
✔ native conversion delay uses the recovered 200/3 timing basis (1.68594ms)
✔ a full order pool does not stop a moving Preacher without attaching its sermon (80.138023ms)
✔ inside command 31 binds its building and uses the native five-cell sermon radius (68.964441ms)
✔ conversion moves a newborn outside a building footprint before centering it (56.435878ms)
✔ sermon poses preserve native multi-turn RNG timing (31.759066ms)
✔ an idle preacher sermons, converts by replacement, and releases listeners on a new order (417.593179ms)
✔ preacher conversion is independent of display refresh rate (400.280862ms)
✔ queued command 31 rewrites to friendly building entry or ground movement (50.974798ms)
✔ live sermon selects original source176 with the shared cosmetic RNG and returns on its logical boundary (415.567893ms)
✔ source176 checkpoints preserve active ownership, phase and RNG without a second birth (171.12981ms)
✔ live sermon selects original source184 with the shared cosmetic RNG and returns on its logical boundary (163.430122ms)
✔ source184 checkpoints preserve active ownership, phase and RNG without a second birth (82.71946ms)
✔ live entry and loop setters restore first-frame delay and loop assignment without clearing other bits (104.899409ms)
✔ unsuccessful gesture decisions advance the shared cosmetic stream once without taking simulation randomness (177.989141ms)
✔ a paused logical clock preserves an active gesture and presentation visits do not advance it (58.745691ms)
✔ flight and encounter owners suppress the detached sermon animation; ordinary movement supersedes it (54.703316ms)
✔ live blue sermon for player tribe0 requests cue51 with its actual owner (79.564221ms)
✔ live red sermon for player tribe0 requests cue189 with its actual owner (79.539055ms)
✔ live red sermon for player tribe1 requests cue51 with its actual owner (96.155284ms)
✔ newly acquired listeners do not retroactively request a sermon cue (71.405979ms)
✔ both sermon cue families have actual sample preload coverage (2.472296ms)
✔ the live order dispatcher shares gesture ownership across commands17/31/32 (214.450638ms)
✔ live active preaching reaches emergency Blast priority (113.637092ms)
✔ live active preaching reaches emergency Swarm fallback (67.360094ms)
✔ live active preaching reaches emergency Lightning fallback (41.351999ms)
✔ emergency preaching response excludes no active assignment (33.761814ms)
✔ emergency preaching response excludes no live person record (36.093989ms)
✔ emergency preaching response excludes same tribe (80.13074ms)
✔ emergency preaching response excludes allied tribe (84.286114ms)
✔ emergency preaching response excludes invisible preacher (30.257207ms)
✔ emergency preaching response excludes caster cooldown (30.861805ms)
✔ emergency preaching response excludes no ready spell entry (31.085256ms)
✔ emergency preaching response excludes paused target scan (31.109973ms)
✔ emergency preaching response excludes no spell payment (30.185542ms)
✔ emergency preaching response excludes stored Lightning below its mana cost (47.224564ms)
✔ the independent enemy-Shaman response still spends stored Lightning without mana (48.417343ms)
✔ terminal command17 entry flag and all three composed phases match the frozen native record (3.752206ms)
✔ phase4 restart selects the native standing family without using route-cleaning stop (0.422356ms)
✔ phase4 pure stop preserves route ownership and cached-path state (0.23571ms)
✔ shared phase4 stop retains queue/building fields and the known command32 expiry behavior (0.401075ms)
✔ a following command still releases and returns before the new restart stop (0.413934ms)
✔ terminal mode0 turning now preserves the retained native RNG outcome (0.241018ms)
✔ shared sermon timer boundary: mode0 before cutoff (0.578858ms)
✔ shared sermon timer boundary: mode0 at cutoff (0.288408ms)
✔ shared sermon timer boundary: mode1 entry before cutoff (0.246666ms)
✔ shared sermon timer boundary: mode1 entry at cutoff (0.277952ms)
✔ shared sermon timer boundary: mode1 expiry before cutoff (0.36375ms)
✔ shared sermon timer boundary: mode1 expiry at cutoff (0.347696ms)
✔ shared sermon timer boundary: mode2 before cutoff off the decision counter (0.233637ms)
✔ shared sermon timer boundary: mode2 at cutoff off the decision counter (0.177434ms)
✔ shared sermon timer boundary: mode2 above cutoff (0.159897ms)
✔ shared sermon timer boundary: bit2 suppresses mode0 below cutoff (0.181419ms)
✔ shared sermon timer boundary: bit2 suppresses mode1 below cutoff (0.525339ms)
✔ shared sermon timer boundary: bit2 suppresses mode2 below cutoff (0.180147ms)
✔ shared sermon timer boundary: speed interruption remains outside the timer guard (0.173057ms)
✔ shared sermon timer boundary: flag4 interruption remains outside the timer guard (0.256881ms)
✔ shared sermon timer boundary: flag2000 interruption remains outside the timer guard (0.215449ms)
✔ real five-listener preaching caller preserves the original terminal turning cutoff (229.908903ms)
✔ failed allocation consumes the sole producer opportunity before a later spawn (111.475111ms)
✔ busy rejection consumes allocation identity but preserves the active wave and saved site (65.384008ms)
✔ site height follows native ground-then-quantize arithmetic (217.495275ms)
✔ mode2 uses native eligibility, panic, descriptor damage and RNG without Swarm filters (833.973414ms)
✔ protected transitions retain repeated native cell hits and consume no panic RNG (63.183845ms)
✔ a wave removes an older in-cell Swamp before it can process in the same turn (79.32128ms)
✔ mode2 cleanup keeps an outside Swamp and the next enemy receives panic (54.57063ms)
✔ ordinary death produces a next-turn wave that outlives successful respawn (417.644062ms)
✔ checkpoints preserve mode2 identity, sites, orbits, terrain and RNG without replay (482.581255ms)
✔ mode2 interrupts the real encounter owner while retaining its person and order queue (67.382788ms)
✔ ordinary Boat and Balloon boarding retain seats and deselect passengers under mode2 panic (241.84156ms)
✔ panic transfers a live building-entry queue and resumes it after expiry (142.686048ms)
✔ ordinary groups settle into native rings, compact on departure and retain status through new orders (1083.881102ms)
✔ group resting positions, facing, gestures and footprints agree at 5–240 Hz and irregular frames (1190.918208ms)
✔ exhausted resting search waits and retries its original anchor through state 10 (74.269688ms)
✔ route probes preserve native building, coast and vehicle endpoint correction (29.227173ms)
✔ failed-route initialization and retries match native fields, timing and ordered consumers (8.208573ms)
✔ disconnected groups stop, retain shared attack/waypoint orders, retry and resume after land connects (365.453445ms)
✔ route-failure notice keeps the original text and retriggers without tutorial history (69.227121ms)
✔ new orders and death release blocked commands; shaman failures use their own original voice (206.30425ms)
✔ blocked groups retry on simulation counters, with identical recovery and combat at 5–240 Hz (1759.680833ms)
✔ blocked building-entry owners resume the same person and finish ordinary admission (108.401388ms)
✔ real command8 full occupancy emits an original-frame child without scene-owned RNG (1127.459078ms)
✔ equal elapsed turns preserve secondary state across frame schedules with no bolt draws (256.713497ms)
✔ legacy missing-history roots bootstrap on first render without inventing past visits (182.15312ms)
✔ full roots copy the allocation byte and defer newly prepended children (2.044142ms)
✔ all byte phases and low-five-bit outcomes use the proved root gate (89.070307ms)
✔ actual UI reservations participate in inclusive gates after the root RNG draw (0.582735ms)
✔ marker expiry and child allocation share the same newest-first traversal (0.421926ms)
✔ children keep their own sixteen visits after the root is removed (4.103346ms)
✔ native free-list reuse and checkpoint reconstruction preserve physical slot ownership (0.586981ms)
✔ panel and preview reservations are derived from live adapter owners (2.406159ms)
✔ legacy marker overflow cannot leave ownerless immortal effects after restore (1.394298ms)
✔ browser capture retains the same live puff across ordinary Pause latency (2.870127ms)
✔ selection terrain mesh matches the executable with documented seven-point fan repairs (1040.421921ms)
✔ selection fill/edges/corners retain native visibility, depth, UV and shared-corner ownership (25.639614ms)
✔ Shaman import preserves every prior frame, piece and animation entry (75.066816ms)
✔ actual tribe selects every native Shaman source and eight original directions (4.150477ms)
✔ Shaman idle artwork uses all four distinct original body pieces (0.293265ms)
✔ reincarnation distinguishes tribe bodies from shared spirit sources and layer owners (0.307876ms)
✔ shipped live and effect renderers consume the Shaman selector without changing generic mechanics (0.596595ms)
✔ all 3276 previous occupied sprite rectangles retain their reviewed RGBA (448.042941ms)
✔ real Mission 23 Shaman identity and death heading survive checkpoint reconstruction (868.385575ms)
✔ first and second actual presentation visits display 0 then 1, not 1 then 2 (1221.282961ms)
✔ normal processed phases reset, loop independently of simulation, then freeze and hide (224.788396ms)
✔ new checkpoints retain shown/next frames; legacy checkpoints start at a bounded deterministic frame (119.059807ms)
✔ pause and native land-pause freeze the latch as well as the counter (10.476167ms)
✔ render schedules and effect-only animation cannot change gameplay, either RNG or respawn (4328.493976ms)
✔ ordinary combat death finishes existing wait and respawn without a duplicate effect (308.569315ms)
✔ ordinary Shaman phase1 follows both rising and lowering death-site ground (1108.098098ms)
✔ the last processed phase1 sample survives checkpoint, transition and rise (231.184778ms)
✔ phase0 retains the death height until the first processed phase1 visit (16.589533ms)
✔ a direct drowning-entry fixture rises from its initial height without phase1 resampling (12.682258ms)
✔ model-12 rise freezes the last original spirit frame for all tribes and bearings (2.903676ms)
✔ death-site visibility follows the existing land and drowning lifecycles without changing them (60.465393ms)
✔ earlier body/transition poses retain their existing renderer behavior (0.45196ms)
✔ the live caller applies the bounded presentation only to model-12 reincarnation effects (1.070267ms)
✔ G queues one shared native guard and repeat replaces it without early preparation (288.715719ms)
✔ G empty selection cancels adopted guards through the next native visit (170.116297ms)
✔ G Shaman-only selection cancels adopted guards through the next native visit (139.388784ms)
✔ native G retains the ordinary move owner and route until its deferred turn (107.53405ms)
✔ same-turn move replacement discards G before the legacy resting initializer (121.883511ms)
✔ same-turn attack replacement discards G before the legacy resting initializer (137.378708ms)
✔ same-turn worship replacement discards G before the legacy resting initializer (150.17318ms)
✔ same-turn entry replacement discards G before the legacy resting initializer (148.81151ms)
✔ pending G replacement survives pause and checkpoint (153.188531ms)
✔ pending G cancellation survives pause and checkpoint (167.553116ms)
✔ G exhaustion still clears and attaches slot zero then retries after cleanup frees a slot (233.146521ms)
✔ target entering a vehicle with inside still null completes the saved guard order (171.686788ms)
✔ ordinary Shaman Tower entry retains Guard and resolves its building outside point (105.764564ms)
✔ actual deferred G setters match native phase vector G-retain-deselect-1-3 (102.633581ms)
✔ actual deferred G setters match native phase vector G-retain-deselect-7-5 (125.734122ms)
✔ actual deferred G setters match native phase vector G-retain-deselect-0-2 (167.097285ms)
✔ protected preparation and passenger early-return retain pending ownership until actual adoption (109.515123ms)
✔ protected cancelled state10 retains ownership until its empty-queue transition really occurs (109.109967ms)
✔ death anchors to the saved Shaman in another cell before cleanup (103.080444ms)
✔ class0 anchors to the saved Shaman in another cell before cleanup (80.945164ms)
✔ vehicle anchors to the saved Shaman in another cell before cleanup (66.968674ms)
✔ cancel anchors to the saved Shaman in another cell before cleanup (97.972949ms)
✔ saved Shaman identity does not retarget when the current Shaman is replaced (105.200969ms)
✔ legacy boolean checkpoints retain their old targetless history until supported fresh input (133.873659ms)
✔ flight single selection retains the entire legacy G operation (179.593093ms)
✔ flight mixed selection retains the entire legacy G operation (86.90312ms)
✔ fight single selection retains the entire legacy G operation (83.032309ms)
✔ fight mixed selection retains the entire legacy G operation (76.333594ms)
✔ entry single selection retains the entire legacy G operation (76.043985ms)
✔ entry mixed selection retains the entire legacy G operation (92.945191ms)
✔ builder single selection retains the entire legacy G operation (103.383602ms)
✔ builder mixed selection retains the entire legacy G operation (103.641536ms)
✔ passenger single selection retains the entire legacy G operation (463.529281ms)
✔ passenger mixed selection retains the entire legacy G operation (107.196118ms)
✔ work single selection retains the entire legacy G operation (96.292396ms)
✔ work mixed selection retains the entire legacy G operation (66.003062ms)
✔ gather single selection retains the entire legacy G operation (87.132841ms)
✔ gather mixed selection retains the entire legacy G operation (74.537029ms)
✔ delivery single selection retains the entire legacy G operation (79.577975ms)
✔ delivery mixed selection retains the entire legacy G operation (76.6983ms)
✔ casting single selection retains the entire legacy G operation (84.349057ms)
✔ casting mixed selection retains the entire legacy G operation (93.755623ms)
✔ legacy single selection retains the entire legacy G operation (101.785122ms)
✔ legacy mixed selection retains the entire legacy G operation (80.479107ms)
✔ legacy path single selection retains the entire legacy G operation (105.970655ms)
✔ legacy path mixed selection retains the entire legacy G operation (81.958877ms)
✔ different route owner single selection retains the entire legacy G operation (83.548244ms)
✔ different route owner mixed selection retains the entire legacy G operation (123.184515ms)
✔ native Brave guards do not fall into legacy automatic housing while near the Shaman (121.192041ms)
✔ G replacement/cancellation have identical turn ownership at ordinary and irregular refresh schedules (108.737934ms)
✔ native G producer: shared-two-followers-repeat-and-partial-replacement / G allocates one shared command30 (10.539382ms)
✔ native G producer: shared-two-followers-repeat-and-partial-replacement / G repeats while both selected (2.705122ms)
✔ native G producer: shared-two-followers-repeat-and-partial-replacement / G replaces only selected first follower (14.848268ms)
✔ native G producer: shared-order-no-follower-selection-cancellation / G creates (1.251386ms)
✔ native G producer: shared-order-no-follower-selection-cancellation / Shaman-only G cancels both adopted guards (1.115114ms)
✔ native G producer: queued-not-adopted-no-selection / G queues (1.108384ms)
✔ native G producer: queued-not-adopted-no-selection / G without non-Shaman selection before adoption (0.97807ms)
✔ native G producer: exhausted-pool-no-old-order / G allocation fails separately for both followers (3.716091ms)
✔ native G producer: exhausted-pool-clear-frees-slot-for-later-person / first failure clears old1, later retry succeeds and third shares (2.906541ms)
✔ native G producer: last-free-slot-wrap-is-shared / G uses last free slot once (1.342752ms)
✔ native G producer: producer-selected-dead-flag / raw selected non-Shaman-pointer still receives command30 (1.062927ms)
✔ native G producer: producer-selected-protected / raw selected non-Shaman-pointer still receives command30 (1.366677ms)
✔ native G producer: producer-selected-airborne / raw selected non-Shaman-pointer still receives command30 (0.992672ms)
✔ native G producer: producer-selected-ghost / raw selected non-Shaman-pointer still receives command30 (0.865353ms)
✔ native G producer: producer-selected-removed-class / raw selected non-Shaman-pointer still receives command30 (0.968457ms)
✔ native G producer: producer-selected-other-model7 / raw selected non-Shaman-pointer still receives command30 (0.488235ms)
✔ native G producer: producer-selected-training-state21 / raw selected non-Shaman-pointer still receives command30 (0.832364ms)
✔ native G producer: vehicle-passenger-selection-retain1 / G selected passengers (0.413624ms)
✔ native G producer: absent-current-shaman-does-not-issue-or-cancel / no Shaman pointer with selected followers (0.437188ms)
✔ native G producer: absent-current-shaman-does-not-issue-or-cancel / restore Shaman and issue (0.543136ms)
✔ native G producer: absent-current-shaman-does-not-issue-or-cancel / no Shaman pointer with existing guards (0.488664ms)
✔ native G producer: stale-shaman-pointer-dead / producer still emits target73 (0.389658ms)
✔ native G producer: stale-shaman-pointer-class0 / producer still emits target73 (0.899945ms)
✔ native G producer: stale-shaman-pointer-vehicle / producer still emits target73 (0.409617ms)
✔ native G producer: saved-target-is-not-rebound-by-tribe-shaman-replacement / G targets original73 (0.436988ms)
✔ native G producer: saved-target-is-not-rebound-by-tribe-shaman-replacement / new explicit G targets replacement74 (0.453102ms)
✔ native Guard distance: near-axis0-delta-824 (0.338513ms)
✔ native Guard distance: near-axis0-delta-823 (0.058066ms)
✔ native Guard distance: near-axis0-delta823 (0.038437ms)
✔ native Guard distance: near-axis0-delta824 (0.078596ms)
✔ native Guard distance: near-axis1-delta-824 (0.037306ms)
✔ native Guard distance: near-axis1-delta-823 (0.054571ms)
✔ native Guard distance: near-axis1-delta823 (0.075923ms)
✔ native Guard distance: near-axis1-delta824 (0.04044ms)
✔ native Guard distance: signed-edge-person32767-target32768 (0.067761ms)
✔ native Guard distance: signed-edge-person32768-target32767 (0.057425ms)
✔ native Guard distance: signed-edge-person0-target32768 (0.041592ms)
✔ native Guard distance: signed-edge-person32768-target0 (0.031026ms)
✔ native Guard distance: signed-edge-person65535-target0 (0.02742ms)
✔ native Guard distance: signed-edge-person0-target65535 (0.058898ms)
✔ native Guard distance: signed-edge-person32768-target33591 (0.032418ms)
✔ native Guard distance: signed-edge-person32768-target33592 (0.027791ms)
✔ native Guard distance: signed-edge-person32768-target31945 (0.052298ms)
✔ native Guard distance: signed-edge-person32768-target31944 (0.066028ms)
✔ native Guard distance: replan-axis0-delta-440 (0.058317ms)
✔ native Guard distance: replan-axis0-delta-439 (0.030275ms)
✔ native Guard distance: replan-axis0-delta439 (0.149602ms)
✔ native Guard distance: replan-axis0-delta440 (0.044426ms)
✔ native Guard distance: replan-axis1-delta-440 (0.027882ms)
✔ native Guard distance: replan-axis1-delta-439 (0.028903ms)
✔ native Guard distance: replan-axis1-delta439 (0.024516ms)
✔ native Guard distance: replan-axis1-delta440 (0.023294ms)
✔ native Guard distance: replan-signed-edge-goal32767-target32768 (0.023214ms)
✔ native Guard distance: replan-signed-edge-goal32768-target32767 (0.022804ms)
✔ Magical Shield protects six nearby followers for the native lifetime (110.735852ms)
✔ old checkpoints default new Shield stock without disturbing their world (76.925732ms)
✔ normal early mission data selects each original backdrop and both cloud layers (1.922432ms)
✔ same-bank Mission 10 uses the same p sky set without mission-number overrides (0.166447ms)
✔ previous bank d and g sky modes and unhandled banks remain unchanged (0.180638ms)
✔ early mission sky PNGs preserve exact original bytes (5.752752ms)
✔ camera horizons preserve original sky dispatch coordinates and fade (4.123887ms)
✔ continuous sky retains native wind rates and is invariant to segment subdivision (23.07936ms)
✔ spell button artwork, positions and charging fills match native draws (19.483577ms)
✔ all six original Shield/Bloodlust descriptor frames have real atlas rectangles (1.870664ms)
✔ ready, inactive, hover and selected states use the original descriptors, not Unicode or guessed frames (0.652698ms)
✔ authored Mission16 already exposes both sprites without forced availability or stock (126.236517ms)
✔ the original undiscovered spell question mark follows the accepted six-frame append (0.281117ms)
✔ all shipped spell descriptor icons remain available after the append (0.260076ms)
✔ HudSprite no longer substitutes a text glyph and still rejects unknown resources (0.629093ms)
✔ fresh and later missions use the native owned/reward-source/cast-permission precedence (189.241078ms)
✔ restart and checkpoint restore reproduce fresh Mission 1 HUD visibility (171.891079ms)
✔ owned stock wins over the mission-load discovery mask (26.576867ms)
✔ undiscovered art is the native HFX1056 branch and visible-disabled keeps normal art (0.610856ms)
✔ unit atlas retains reviewed tribe/state/direction layers when new models append (182.878591ms)
✔ brave carry animations retain the baked timber body layer (0.54606ms)
✔ default burst draws match all 32 retained original birth records (2.693886ms)
✔ burst initializer composes with SpellTrail through all 139 retained native visits (5.755526ms)
✔ ordinary Mission 1–3 startup assigns each observed draw to the native angle owner (1138.403784ms)
✔ retained original arrival grounds its root before the default height offset (0.892553ms)
✔ ordinary Mission 1 startup births retain the original root height offset (596.906985ms)
ℹ {"level":1,"births":256,"gameplay":2291033406,"cosmetic":1775192911,"effectCounter":129,"nextId":1184,"stoneTurns":[[0,[52,49,48,45,44,41,40,37]],[1,[null,null,null,null,null,null,null,null]]],"phaseHistory":[[1,"0:1,1:4"],[13,"0:2,1:4"],[35,"0:3,1:4"],[52,"0:4,1:4"]]}
✔ ordinary Mission 2 startup births retain the original root height offset (245.620266ms)
ℹ {"level":2,"births":256,"gameplay":661852190,"cosmetic":1775192911,"effectCounter":147,"nextId":1245,"stoneTurns":[[3,[null,null,null,null,null,null,null,null]],[0,[52,49,48,45,44,41,40,37]]],"phaseHistory":[[1,"3:4,0:1"],[13,"3:4,0:2"],[35,"3:4,0:3"],[52,"3:4,0:4"]]}
✔ ordinary Mission 3 startup births retain the original root height offset (185.259653ms)
ℹ {"level":3,"births":512,"gameplay":2772966691,"cosmetic":2096320492,"effectCounter":27,"nextId":2432,"stoneTurns":[[0,[52,49,48,45,44,41,40,37]],[2,[53,50,49,46,45,42,41,38]]],"phaseHistory":[[1,"0:1,2:1"],[13,"0:2,2:2"],[35,"0:3,2:3"],[52,"0:4,2:3"],[53,"0:4,2:4"]]}
✔ observer forwards each original render receiver, arguments and exact result without a synthetic call (4.119379ms)
✔ observer propagates the exact original render exception and never takes a successful-frame sample (0.695272ms)
✔ diagnostic identity and readback errors remain bounded without changing original render results (1.135624ms)
✔ observer refuses to overwrite a later renderer owner during close (0.243441ms)
✔ three captures use the actual same-call state and wait for a moved burst particle (1.215473ms)
✔ pre-Mission discovery binds the owned loading scene without starting or drawing it (0.946384ms)
✔ pre-Mission discovery retains failed guard facts without installing or changing the world (0.531077ms)
✔ closing an unbound pre-Mission observer disconnects discovery and prevents later capture (0.245194ms)
✔ pre-Mission discovery waits for matching refs after the first canvas mutation (0.483647ms)
✔ base149 retains 51 original faces and existing atlas coverage without key model slots (3.365232ms)
✔ authored default149 roots and linked Mission10 Totem select the base mesh (333.363496ms)
✔ spell45, Obelisk8, Angel157 and Vault154 remain outside static149 (97.127711ms)
✔ source qualification rejects ambiguous identity, reward flags, missing links and scenery (33.064359ms)
✔ old null/absent presentation and new checkpoints derive149 without mutating saved state (102.614341ms)
✔ static presentation never replaces a different model or an active morph family (38.728563ms)
✔ only reward-derived model45 sources are initialized; unrelated head families and Vault remain separate (114.423117ms)
✔ enabled idle cycles18native animation visits without followers; hold/refill retain the original counter rules (0.567923ms)
✔ raw keypoints use base45indices/scale rather than endpoint face layout; all18cached outputs are distinct (7.141923ms)
✔ presentation pauses with world and native land pause without touching simulation or RNG (46.615387ms)
✔ normal authored worship earns Bridge stock while presentation leaves the entire gameplay state unchanged (202.163614ms)
✔ exhausted trigger does not remove its independent enabled decorative model45 animation (415.563163ms)
✔ mid-animation new checkpoint keeps phase and old optional-field checkpoint restores safely without rewards (97.435418ms)
✔ multiple heads keep separate state while30/60/120/144Hz and irregular schedules share one animation timeline (512.028348ms)
✔ shipped scene updates ordinary head positions byphase and leaves Vault on the existing path (1.49705ms)
✔ disable and refill within one presentation interval reset once without advancing the clock (0.435085ms)
✔ authored45 constructors retain the original logical animation gate (94.97532ms)
✔ ordinary body frames wait for logical turns without changing the24Hz presentation clock (76.924147ms)
✔ each catch-up controller and observer sees the prior body frame before one logical advance (56.28039ms)
✔ mode4 transition remains exclusively presentation-owned despite the gate bit (23.16707ms)
✔ lazy, post-turn allocated and removed bodies obey the completed-turn boundary (107.620625ms)
✔ legacy body checkpoints gain only the gate and a new Scene clock does not replay a turn (31.896867ms)
✔ disable and refill notifications retain raw phase then reset before their owned visit (36.628485ms)
✔ trigger exhaustion, pause, land pause and turn wrap preserve the separate decorative owner (32.005262ms)
✔ heading comes from the decorative scenery word, never trigger settings or model selection (1.976982ms)
✔ all16bits reach the angle-table mask and a missing producer is not treated as north (1.770587ms)
✔ linking uses the native512-unit cell, first scenery match and toroidal coordinate identity (0.295648ms)
✔ existing negative-Y scene rotation agrees with native heading basis; no camera or global offset is required (1.57141ms)
✔ Vault and unknown scenery keep their original angle; orientation lookup does not mutate saved gameplay (115.431128ms)
✔ both ordinary scene orientation consumers use the same helper; no other angle consumer changes (0.667741ms)
✔ real authored zero and high-byte headings survive the producer while saved trigger fields stay unchanged (188.620286ms)
✔ Swamp scans its native 3x3 footprint and honors victim and terrain gates (1.550169ms)
✔ Swamp uses one RNG draw, scans every fourth visit, and expires at ten kills (0.418491ms)
✔ the thirtieth same-tribe Swamp discards the oldest remaining controller (0.358792ms)
✔ live Swamp casting kills through the ordinary corpse path independently of refresh rate (247.233326ms)
✔ Swarm uses the supplied standalone original insect texture (3.119928ms)
✔ Swarm creation and first controller visit preserve original gameplay RNG and child fields (2.28564ms)
✔ Swarm first live visit allocates children before wandering begins on the second visit (79.040717ms)
✔ Swarm final fifteen controller visits progressively remove children before expiry (0.454714ms)
✔ Swarm reveals disguised Spies on panic and panic-protected non-removal paths (109.485851ms)
✔ confirmed invented generic and Angel success strings are not emitted (276.822911ms)
✔ Swarm follows player and computer cast paths with native insects, victim cadence, and lifetime (155.938294ms)
✔ Mission 2 naturally funds the Matak Shaman and casts Swarm through player orders (3834.386418ms)
✔ terrain ambience matches complete native ground queues, including empty views and depth ties (15.122519ms)
✔ tree ambience camera offset and wrapped radius match complete native cell visits (1.256824ms)
✔ local lights match complete native allocation, movement and cleanup captures (223.312538ms)
✔ Blast owns immediate terrain light until its ninth turn, preserving occupancy and pause (358.229075ms)
✔ native height notifications retain object order, duplicate visits and touching building flags (13.950049ms)
✔ terrain edits notify nearby plans, revalidate original slope rules and release an invalid plan (169.090276ms)
✔ a large terrain edit indexes live people once while retaining dirty notifications (207.553236ms)
✔ terrain dirtiness resets live steering without replacing its route (103.753924ms)
✔ terrain texture endpoints match original Direct3D triangle submissions (1.687413ms)
✔ model atlas UVs match native texel centers and retain fractional/outside coordinates (1.527816ms)
✔ terrain submission covers the native cell gate across headings and seams (436.027936ms)
✔ terrain copies omit only tiles with no native-visible cell, including seams and expanded bounds (249.905344ms)
✔ timber search matches native cell order, fog, protected stock and two-pass queries (40.688808ms)
✔ shared timber caches match native allocation, expansion, routing, ownership and expiry (102.870993ms)
✔ an exhausted indexed-search pool postpones expansion without corrupting the cache (0.719848ms)
✔ terrain changes recheck nearby timber routes and live Land Bridge reaches the cache (905.210377ms)
✔ live timber cost probes report routes and foreign territory without taking route ownership (438.312245ms)
✔ harvest clocks, transfer, scale and animation match original executable captures (1.556569ms)
✔ delivery waits, timber and construction stages match complete native calls (1.943032ms)
✔ Tornado replays native initialization, lifetime, carry and throw (4.878606ms)
✔ Tornado uses the native building protection and one-draw damage gate (0.697154ms)
✔ live Tornado casts, captures and throws independently of refresh rate (781.620099ms)
✔ tower admission uses rotated tribe sockets, ground membership and original one-shot occupant pose (3604.339923ms)
✔ a tower admits one follower and movement orders preserve elevation until physics resumes (123.003083ms)
✔ tower entry and held animation are deterministic at 5–240 Hz (441.313496ms)
✔ destroying an occupied tower releases its native record and display height (67.793598ms)
✔ a tower Firewarrior autonomously attacks an eligible hostile on the tower cadence (98.650714ms)
✔ tower preachers hand occupancy to command 31 and cleanly leave or die (224.013802ms)
✔ tower panel matches every original one-slot draw trace (6.480442ms)
✔ tower panel selection preserves occupancy; ordinary orders leave without teleporting (442.688365ms)
✔ tower dismantling releases its occupant and only braves perform the work (468.534475ms)
✔ training exit orders match original coastal correction and building precedence (9.691053ms)
✔ training admits five visible residents and places overflow on native rotated queue sockets (675.892734ms)
✔ queue cancellation retains successors and occupant departure reuses the first empty slot (95.765605ms)
✔ checkpoint reload preserves a full training hut and its waiting queue without loss (146.001477ms)
✔ funded training replaces a complete batch, releases references and walks warriors out (244.440423ms)
✔ a funded Temple trains a native model-4 preacher and sends it outside (218.671433ms)
✔ a funded Spy Training Hut trains an original model-5 Spy and sends it outside (180.276647ms)
✔ queue movement, admission, conversion and shared references are independent of render rate (1035.766923ms)
✔ already-trained warriors accept training orders and yield queue priority to new braves (139.491117ms)
✔ training append preserves all70 pre-existing original models, including vehicles (25.653022ms)
✔ all original training types and owners resolve to actual meshes, not Blue substitutes (4.560764ms)
✔ the five recovered training variants retain original geometry, color tiles and all stages (12.159384ms)
✔ authored Mission16/17/22 training assets and identities survive checkpoint reconstruction (510.675749ms)
✔ the live building factory opts into original training selection without tint or gameplay changes (1.310213ms)
✔ camp human group command retains visible admission interpolation (592.976613ms)
✔ camp shared command-8 retains visible admission interpolation (424.202998ms)
✔ temple human group command retains visible admission interpolation (772.06471ms)
✔ temple shared command-8 retains visible admission interpolation (373.741546ms)
✔ spyHut human group command retains visible admission interpolation (297.147782ms)
✔ spyHut shared command-8 retains visible admission interpolation (296.92455ms)
✔ firewarriorHut human group command retains visible admission interpolation (350.447422ms)
✔ firewarriorHut shared command-8 retains visible admission interpolation (340.830954ms)
✔ hidden admission, exit, replacement and explicit placement remain discrete (84.32115ms)
✔ native training panels preserve slots, selection, palette, frames and turn-driven feedback (16.071587ms)
✔ wide charge arithmetic never runs backwards or exceeds its frame at maximum training mana (17.034154ms)
✔ shipped disguise completes aboard Boat, holds and accepts another command (122.000584ms)
✔ Balloon passenger idle entry holds without advancing or consuming orders (64.565505ms)
✔ shipped Balloon disguise configures its command position and completes aboard (66.00575ms)
✔ Balloon raw-coordinate startup wraps payload words and retains unported encodings (54.108131ms)
✔ pending Balloon disguise checkpoint retains command position and resumes once (74.707847ms)
✔ occupied state30 checkpoint resumes countdown without reinitializing motion or RNG (50.958754ms)
✔ ordinary disembark clears vehicle and state30 returns to orders for one visit (41.894625ms)
✔ replacement disguise interrupts pending and partially completed aboard commands (42.399063ms)
✔ fractional reference uses exact rectangle coverage at edges and corners (2.358288ms)
✔ adjacent glyph elements composite their shared fractional edge sequentially (0.23577ms)
✔ disabled opacity combines with coverage while transparent source pixels preserve background (0.222059ms)
✔ source crop and nearest sampling retain native pixels without atlas bleed (1.314991ms)
✔ pinned fixed8 coverage and integer interpolation explain the opaque edge without fitting (0.514033ms)
✔ single-pixel fixed8 rectangles and straight-alpha output retain their separate contracts (0.221599ms)
✔ tree growth and complete replant searches match native captures (11.989852ms)
✔ depleted timber replants after its full delay and grows on its own phase (3149.696771ms)
✔ burning depletion also queues one replant without reviving the old tree (138.352196ms)
✔ Tutorial advances through Shaman selection into the authored Obelisk flyby (1676.54405ms)
✔ Tutorial restart recreates fresh script and view state (227.267555ms)
✔ overhead health gauges match native visibility, scaled-pose anchors and 24-pixel fills (1.778929ms)
✔ continuous positions follow captured native body/shadow interpolation (1.315912ms)
✔ every elapsed-time schedule reaches the same displayed position without changing simulation (722.135596ms)
✔ pause, endpoints, placement, entry, conversion and new people never replay stale movement (28.268206ms)
✔ Vault knowledge uses the original class-6/model-2 reward frames and socket (0.818845ms)
✔ Vault knowledge is present only while its authored reward source is active (5.168275ms)
✔ Mission 7 Vault knowledge uses occupied model-18 socket 1 placement (1.386356ms)
✔ Mission 3 Temple descriptor selects the native HFX identity (92.240977ms)
✔ Mission 3 marker glow owns a saved fourteen-frame cursor on the existing animation boundary (50.826287ms)
✔ ordinary Mission 3 Vault collection preserves payout while changing only world presentation (1559.182047ms)
✔ unrelated Vault and ordinary spell families retain their existing presentation owners (182.584569ms)
✔ a glow born on an animation boundary first displays frame zero before its next cursor (885.963011ms)
✔ original class4 mesh selection distinguishes geometry from tooltip IDs (2.701066ms)
✔ vehicle-only import preserves all68 existing model records (17.811337ms)
✔ authored campaign vehicles retain mesh identity across checkpoint reconstruction (297.022662ms)
✔ normal boarding, exit and destruction retain original mesh rather than changing gameplay state (65.782821ms)
✔ the normal Balloon Hut producer creates the original144 appearance (71.022107ms)
✔ the shipped vehicle factory consumes original models, with no custom hull/envelope (1.028025ms)
✔ original vehicle owner textures use adjacent source tiles and retain local UVs (34.124782ms)
✔ Boat travel and exit keep registered passenger object-cell membership current (112.246247ms)
✔ Balloon travel and exit keep registered passenger object-cell membership current (68.367218ms)
✔ same-cell passenger sync preserves one linked membership and never allocates an unregistered person (46.32029ms)
✔ checkpoint clone retains passenger cell identity and wrapped exit reindexes without duplicates (57.926603ms)
✔ live vehicle damage keeps the native owner, special, signed and reset rules (82.462359ms)
✔ Blast reaches live vehicles and native destruction ejects passengers alive (63.549823ms)
✔ vehicle life and destruction survive checkpoint migration and reload (128.991694ms)
✔ success-bearing exit preserves existing public point API and real failure (93.483455ms)
✔ live panel selection only changes native selection flags and preserves unrelated selections/orders/RNG (67.124285ms)
✔ Boat and Balloon unload launch without teleporting, clear orders, and survive occupied/airborne checkpoints (131.916702ms)
✔ unload click rechecks speed, occupancy and terrain after rendered enabled state (53.497654ms)
✔ authored Mission22 Boat and Balloon unload retain launch until a living landing (90.796434ms)
✔ vehicle panel uses native kind9 geometry, disabled raw art and selection overlays (2.79118ms)
✔ raw disabled vehicle sprite alpha is85 while tail remains170 and normal art opaque (4.553824ms)
✔ vehicle selection keeps work on single, expands deselection, and Shift selects blocked mates (0.472251ms)
✔ passenger right-click has inspection semantics, while unload right-click is inert (0.22214ms)
✔ unload readiness refresh clears cached success at speed12 or failed terrain (0.206557ms)
✔ stale unload failure repeatedly clears only current driver orders, without teleporting anyone (0.37792ms)
✔ hover adds a native fill, never a false selected marker; pressed overlays palette130 (0.325093ms)
✔ horizontal viewport expansion preserves native depth and safe projection arithmetic (389.153264ms)
✔ intermediate display footprint fills the observed bird-view cut without changing native camera state (3.912433ms)
✔ added display cells cover safe front-branch projected samples across zoom, rotation and torus fractions (64.105554ms)
✔ display bounds texture and CPU visibility share the same derived rows without feeding camera state (5.325919ms)
✔ visible cells match original traversal at boundaries and wrapped camera centers (1360.13697ms)
✔ Volcano replays its native terrain, emission and disruption lifecycle (8.907771ms)
✔ player and computer Volcano casts share the live controller and old saves migrate (248.530532ms)
✔ review bundle is independently readable from a non-overlapping local fixture (189.913754ms)
✔ review bundle rejects quoted secret fields and environment-secret files atomically (214.677252ms)
✔ decoded command-receipt stdout and stderr reject escaped secret JSON without exposing values (144.590924ms)
✔ double JSON-string wrappers in stdout and stderr reject secrets without echoing values (131.270413ms)
✔ benign nested JSON strings pass within depth and decoded-byte bounds (112.849007ms)
✔ decoded JSON recursion fails closed beyond depth or total decoded-byte bounds (183.672467ms)
✔ decoded JSON byte boundary accepts exactly the configured budget (97.343454ms)
✔ tracked deletion has an explicit expected deletion identity and rejects tamper or omission (588.2774ms)
✔ real-path canonicalization rejects source aliases and bundle outputs through source symlinks (138.807751ms)
✔ bundle verification is bound to caller-supplied identities and rejects traversal (101.935774ms)
✔ raw command receipts retain source head and complete stdout/stderr (215.376781ms)
✔ command receipts bind dirty source and explicit ignored inputs and invalidate drift (117.578049ms)
✔ receipt CLI preserves repeated input flags and rejects zero-exit input drift (452.098796ms)
✔ a killed foreground wrapper retains unknown state and raw output, never a pass (705.16111ms)
✔ retired status and binding commands are not exposed or coupled to verification (1.985745ms)
✔ live aggregate coverage includes every maintained workflow integrity suite (268.770791ms)
✔ native models 13 and 15 route only completed vehicle workshops into kind 6 (2.006245ms)
✔ Boat House kind-6 panel uses native 136x82 rows and hit targets (0.826626ms)
✔ Boat House work cells fill only at each complete native 100-work boundary (0.55942ms)
✔ Boat House reuses original dismantle and cancel control phases (0.249921ms)
✔ Balloon Hut kind-6 geometry derives 208x82 from native capacity and ten work cells (0.487653ms)
✔ Balloon Hut work cells fill only at each complete native 100-work boundary (0.320756ms)
✔ Balloon Hut reuses the original dismantle and cancel control phases (0.353274ms)
✔ followers cross the former crop and both world seams, then settle at every frame rate (6381.954274ms)
✔ direct attacks take the short route and engage across both world seams (198.415094ms)
✔ live heights and sprite grounding read native terrain outside the compatibility grid (80.399464ms)
✔ mixed picking follows captured native painter ownership and pixel edges (4.293468ms)
✔ live pointer eligibility uses the active record and recorded cell building (1235.531042ms)
✔ ScenePicking re-resolves injected overlapping terrain candidates against the current painter command (469.231522ms)
✔ native selector body hierarchy retains all 25 worlds and first-three moons (2.316526ms)
✔ opening campaign availability reflects completion without hiding replay access (0.362016ms)
✔ native controller, particles, palette and ordered draw arguments: companion-seed1 (36.323424ms)
✔ native controller, particles, palette and ordered draw arguments: companion-seed12345678 (13.924587ms)
✔ native controller, particles, palette and ordered draw arguments: companion-initial-pause (15.684332ms)
✔ native controller, particles, palette and ordered draw arguments: companion-mid-pause (13.987036ms)
✔ native controller, particles, palette and ordered draw arguments: spell-3-visible (13.168832ms)
✔ native controller, particles, palette and ordered draw arguments: spell-3-offscreen (11.528699ms)
✔ native controller, particles, palette and ordered draw arguments: spell-4-visible (9.97185ms)
✔ native controller, particles, palette and ordered draw arguments: spell-4-offscreen (7.673812ms)
✔ native controller, particles, palette and ordered draw arguments: spell-12-visible (11.135576ms)
✔ native controller, particles, palette and ordered draw arguments: spell-12-offscreen (12.208839ms)
✔ native spell kinematics and pending transitions: model-3-visible (4.253318ms)
✔ native spell kinematics and pending transitions: model-4-visible (2.275855ms)
✔ native spell kinematics and pending transitions: model-12-visible (1.718218ms)
✔ native spell kinematics and pending transitions: offscreen-bit (17.025892ms)
✔ native singleton replacement and independent pulse: bridge-replaced-at-10 (26.448738ms)
✔ native singleton replacement and independent pulse: bridge-replaced-at-26 (24.442532ms)
✔ native singleton replacement and independent pulse: bridge-replaced-at-30 (14.722446ms)
✔ handoff geometry is an owned snapshot; rendering is read-only and draws the last pulse once (10.997161ms)
✔ structured-clone restores all particles, trails, pending phases, draws and independent pulse (343.352637ms)
✔ spell motion, arrival and retirement do not depend on intervening shared cosmetic consumers (6.402637ms)
✔ native before/after limiter selection owns activation, active and tail deadlines (1.259258ms)
✔ ordinary phase handoff, arrival and next-object payout keep elapsed deadlines across refresh schedules (690.434924ms)
✔ simultaneous authored M1 handoffs use native clone priority without reversing payouts (40.50176ms)
✔ missing geometry consumes one request while world countdown continues without replay (111.865392ms)
✔ arrival suppression and capped stock preserve ordinary payout ownership (146.622618ms)
✔ visible acquisition pause preserves original order without broadening land-bit pause (60.375926ms)
✔ checkpoint continuation retains controller, queue, clock and cosmetic state without initialization replay (143.724224ms)
✔ layout transforms move only draw output and retain raised-body/fallback anchors (0.798705ms)
✔ authored ordinary sources exclude the spell-valued Vault and other missions (2.020787ms)
✔ ordinary shrine completion persists provenance, recipient and creation order (235.209966ms)
✔ generic spell, mana and knowledge gifts do not inherit ordinary eligibility (40.095407ms)
✔ legacy head identity may recover eligibility but an existing gift cannot (61.291975ms)
✔ ordinary Stone Head completion creates the original six-visit acquisition VFX before stock delivery (494.529836ms)
✔ spell-head reward admission preserves native oriented cell ranges and active command eligibility (8.419247ms)
✔ head-group selection shares native occupant flag rules and imported panel heights match the original consumer (1.695134ms)
✔ proved worship modes use their original static models without changing other head families (0.723533ms)
✔ original worship model 8 is the reviewed bank-2 geometry (3.610595ms)
✔ original worship model 157 is the reviewed static Angel-head geometry (0.44478ms)
✔ legacy appearance migration recovers recursive authored modes and preserves existing families (251.001217ms)
✔ linked tutorial mode-3 Obelisk retains its authored mode and model (34.876156ms)
✔ Temple training uses the canonical shape doorway rather than crossing its footprint (77.609697ms)
✔ normal worship approach follows the same canonical stone-head heading as the rendered head (91.827619ms)
✔ legacy Mission22 worship appearance is derived from authored source identity without changing checkpoint state (163.902561ms)
✔ legacy linked mode3 head migrates recursively while root trigger and unrelated state stay byte-for-byte equivalent (26.074713ms)
✔ legacy non-mode3 and Vault heads recover mode without changing their presentation families (41.053649ms)
✔ authored worship lookup uses immutable source fields and agrees for Mission22 and linked tutorial head (51.038147ms)
✔ shipped store load migrates legacy Mission22 before real command-27 Brave admission (166.060568ms)
✔ automatic worship-panel activity is written only by a supported completed mode-0 sample (1.217736ms)
✔ automatic producer keeps unproven families out of the first shipped slice (0.290972ms)
✔ automatic retention reads the last player-specific sample rather than generic follower state (0.127519ms)
✔ automatic retention releases an inactive completed head even after a positive last sample (0.219986ms)
✔ worship panels preserve native progress, recharge, slots and artwork without clipping the second row (9.934574ms)
ℹ tests 1392
ℹ suites 0
ℹ pass 1392
ℹ fail 0
ℹ cancelled 0
ℹ skipped 0
ℹ todo 0
ℹ duration_ms 373841.779491

> populous-first-dawn@0.1.0 parity:check
> node scripts/parity.mjs check

Parity ledger, evidence paths, revision and generated report are consistent.

> populous-first-dawn@0.1.0 orchestration:check
> node scripts/orchestration/cli.mjs check

{
  "status": "passed",
  "checks": 130,
  "subsystems": 11,
  "generatedOwners": 6,
  "unmappedSourceCount": 152,
  "unmappedSources": [
    "app/ambient-sound.ts",
    "app/animation.ts",
    "app/audio-preferences.ts",
    "app/audio.ts",
    "app/blast-wave.ts",
    "app/building-clearing.ts",
    "app/building-damage.ts",
    "app/building-debris.ts",
    "app/building-dismantle.ts",
    "app/building-occupants.ts",
    "app/building-sinking.ts",
    "app/building-smoke.ts",
    "app/building-terrain.ts",
    "app/celebration.ts",
    "app/chatgpt-auth.ts",
    "app/combat-approach.ts",
    "app/combat-building.ts",
    "app/combat-order-search.ts",
    "app/combat-orders.ts",
    "app/combat-pursuit.ts",
    "app/combat-targets.ts",
    "app/command-context.ts",
    "app/construction-panel.ts",
    "app/convert-wild.ts",
    "app/drag-border.ts",
    "app/drag-overlay.ts",
    "app/earthquake.ts",
    "app/effect-motion.ts",
    "app/erosion-observation.ts",
    "app/erosion.ts",
    "app/firestorm.ts",
    "app/flatten.ts",
    "app/footprints.ts",
    "app/fps-graph.ts",
    "app/globe-renderer.ts",
    "app/globe.ts",
    "app/ground-overlay.ts",
    "app/hud-charge.ts",
    "app/hud-font.ts",
    "app/hud-health.ts",
    "app/hud-mana.ts",
    "app/hud-population.ts",
    "app/hud-portrait.ts",
    "app/hud-selection.ts",
    "app/hut-birth.ts",
    "app/hut-occupancy-smoke.ts",
    "app/hut-smoke-runtime.ts",
    "app/hut-upgrade.ts",
    "app/indexed-search.ts",
    "app/land-bridge.ts",
    "app/layout.tsx",
    "app/level-one.ts",
    "app/level-three.ts",
    "app/level-two.ts",
    "app/live-resting.ts",
    "app/mana.ts",
    "app/melee-encounter.ts",
    "app/melee-engagement.ts",
    "app/melee-groups.ts",
    "app/melee-placement.ts",
    "app/melee.ts",
    "app/minimap-frame-view.tsx",
    "app/minimap-frame.ts",
    "app/minimap-renderer.ts",
    "app/minimap.ts",
    "app/model-faces.ts",
    "app/model-lighting.ts",
    "app/morph.ts",
    "app/music.ts",
    "app/native-math.ts",
    "app/original-bloodlust.json",
    "app/original-camera.json",
    "app/original-constants.json",
    "app/original-effects.json",
    "app/original-fire.json",
    "app/original-minimap-frame.json",
    "app/original-music.json",
    "app/original-pointer.json",
    "app/original-script-three.json",
    "app/original-script-two.json",
    "app/original-script.json",
    "app/original-search.json",
    "app/original-shapes.json",
    "app/original-sky.json",
    "app/original-skylens.json",
    "app/original-sound.json",
    "app/original-stone-heads.json",
    "app/original-tooltips.json",
    "app/original-vault-knowledge.json",
    "app/painter-vertices.ts",
    "app/painter.ts",
    "app/path-geometry.ts",
    "app/path-search.ts",
    "app/path-solver.ts",
    "app/person-collision.ts",
    "app/person-idle.ts",
    "app/person-motion.ts",
    "app/person-panel.ts",
    "app/person-physics.ts",
    "app/person-route-recovery.ts",
    "app/person-state.ts",
    "app/preacher-conversion.ts",
    "app/projectile-motion.ts",
    "app/projection.ts",
    "app/resting-slots.ts",
    "app/scene-hud-runtime.ts",
    "app/scene-secondary-effects.ts",
    "app/scene-vault-knowledge.ts",
    "app/scenery-fire.ts",
    "app/secondary-effects.ts",
    "app/selection-raster.ts",
    "app/shaman-death-vfx.ts",
    "app/sky-motion.ts",
    "app/sky.ts",
    "app/special-battle.ts",
    "app/spell-button.ts",
    "app/spell-halo.ts",
    "app/spell-trails.ts",
    "app/spell-visibility.ts",
    "app/sprite-layers.ts",
    "app/stone-head-149.ts",
    "app/stone-head-animation.ts",
    "app/stone-head-orientation.ts",
    "app/swamp.ts",
    "app/swarm.ts",
    "app/terrain-ambience.ts",
    "app/terrain-light.ts",
    "app/territory.ts",
    "app/tooltip-layout.ts",
    "app/tornado-runtime.ts",
    "app/tornado.ts",
    "app/training-conversion.ts",
    "app/training-hut-appearance.ts",
    "app/training.ts",
    "app/tree-growth.ts",
    "app/unit-health.ts",
    "app/vault-appearance.ts",
    "app/vehicle-appearance.ts",
    "app/vehicle-routing.ts",
    "app/volcano.ts",
    "app/water.ts",
    "app/workshop-panel.ts",
    "app/world-coordinates.ts",
    "app/world-initialization.ts",
    "app/world-selector-data.ts",
    "app/world-selector.module.css",
    "app/world-selector.tsx",
    "app/world-state.ts",
    "app/world-tasks.ts",
    "app/worship-appearance.ts",
    "app/worship-panel-activity.ts",
    "app/worship-panel.ts"
  ],
  "cacheRequired": false
}
