
> populous-first-dawn@0.1.0 check
> npm run typecheck && npm test && npm run parity:check && npm run orchestration:check


> populous-first-dawn@0.1.0 typecheck
> tsc --noEmit


> populous-first-dawn@0.1.0 test
> node --test tests/*.test.mjs

✔ live Mission3 adapters rotate an eligible Convert Wild producer behind training (157.808502ms)
✔ producer table preserves singleton priority, one stable pass, and signed counts (0.801073ms)
✔ producer capacity is checked before callbacks and after pre-table allocation (0.520321ms)
✔ checkpoint migration retains producer history and initializes each legacy AI independently (176.142199ms)
✔ authored early producer opportunities record native table attempts without changing later missions (854.597938ms)
✔ Missions1/2 never enable type8 or idle type11/15 response follow-ups (206.732368ms)
✔ ordinary Missions1/2 allocate a real pre-table scan at their first producer opportunity (269.773415ms)
✔ normal first scans finish and repeat without a placeholder reservation (449.948123ms)
✔ ordinary Mission2 movement reaches a real response and resumes the scan checkpoint (389.597646ms)
✔ response allocation preserves native duplicate, disabled, cancellation and exhaustion gates (0.690596ms)
✔ early automatic training requires at least the native school capacity (200.985124ms)
✔ training capacity compares the native signed32-bit available total (4.659666ms)
✔ six followers share ground → area attack → ground orders, destroy the hut and regroup (393.880792ms)
✔ losing an acquired building rescans the area, fights a new person and retains the waypoint tail (159.917388ms)
✔ cancelling a reserved fight releases its reservation and the entire staged tail (106.440833ms)
✔ area targeting distinguishes an unbuilt plan from a partially constructed building (260.606716ms)
✔ arrival voices count approaching followers and fire once when they near the ordered area (317.21265ms)
✔ area approach, combat, arrival voices and queued destinations agree at 5–240 Hz and irregular rendering (1033.589295ms)
✔ pausing an unfinished music play preserves enabled sound and later resume (5.088108ms)
✔ late rejection from an older resume cannot cancel the newest playing request (11.218902ms)
✔ a superseded context resume does not submit an extra music play (1.336907ms)
✔ mute cancels pending playback without recreating the background timer (0.870386ms)
✔ dispose cancels pending playback without recreating the background timer (2.183888ms)
✔ the current playback failure still rejects rather than hiding a real media error (1.384839ms)
✔ current context errors propagate, while a disposed request cannot report a stale failure (0.63277ms)
✔ initial enable can finish while paused without turning the sound setting off (1.346631ms)
✔ enable reports cancellation when muted during its pending playback (0.802796ms)
✔ first visit and non-browser rendering keep the existing defaults without writing (7.106027ms)
✔ versioned zero/full volume restores without truthiness fallback or autoplay data (0.430016ms)
✔ malformed, unsupported and unsafe values fall back without overwriting the record (0.62609ms)
✔ only an explicit valid change writes the known preference fields and leaves other storage alone (0.382865ms)
✔ invalid programmatic values never persist or replace the last valid choice (0.407131ms)
✔ denied storage getter, reads and writes are safe session-only fallbacks (0.566581ms)
✔ restoring volumes does not create audio, enable playback, or change audio RNG/reset semantics (0.366861ms)
✔ authored origins survive initialization for all five currently live campaign bridge heads (561.828457ms)
✔ ordinary Mission 2 worship creates the authored crossing and every live terrain turn matches it (1439.513595ms)
✔ legacy migration recovers only missing immutable origins without replaying active terrain (549.805676ms)
✔ pre-activation legacy save and mid-bridge checkpoint continue once at the authored origin (1170.612951ms)
✔ automatic Boat search filters native-ineligible vehicles and boarding shares the driver route (126.069303ms)
✔ music sections and ordinary ambient decisions match captured original execution (11.230972ms)
✔ percussion uses audio timestamps at low/high/irregular frame rates and skips stale starts (8.895616ms)
✔ Blast head reaches impact and native first/last wave visits launch enemies/allies (262.281435ms)
✔ Blast and follower presentation share elapsed time at low/high/irregular refresh rates (607.778754ms)
✔ projectile snapshots preserve pause, wrap and explicit placement without touching unrelated effects (33.130663ms)
✔ original Blast indexed visits, alliances, repeated impulses and damage gates (26.919157ms)
✔ live Blast delays allied launch, retains native flight height and restores commands after landing (182.04341ms)
✔ Blast and landing damage share original shields, protection, attacker and life wrapping (0.478348ms)
✔ wild followers land into their original state 8 without losing the unit (83.93378ms)
✔ a burning airborne follower keeps one panic clock and releases its native pose after landing (48.162553ms)
✔ Boat House launch matches native type-1 computer full ejection (154.921342ms)
✔ Boat House launch matches native type-2 human driver removal with retained occupants (107.07181ms)
✔ maintained checkpoint callsite waits for delayed false reads before reloading (17.877933ms)
✔ maintained checkpoint callsite rejects exhausted false reads without reloading (43.43863ms)
✔ maintained checkpoint callsite closes rejected reads without reloading (5.337524ms)
✔ rendered transport checker independently counts whole mixed-class craft (5.006216ms)
✔ rendered transport checker rejects partial, unrelated, duplicate and wrong-class groups (1.261174ms)
✔ transport pixel oracle retains real device scale and outward clip padding (5.395402ms)
✔ transport oracle preserves fractional scales and detects the old footer/hit failure (13.930465ms)
✔ readiness reads rebind after fresh page reload and on repeated calls (4.156521ms)
✔ readiness wait sequentially awaits false samples before accepting literal true (3.347176ms)
✔ a truthy non-boolean readiness field does not pass the wait (3.003359ms)
✔ read errors propagate and repeated unready samples time out without mutation (17.126003ms)
✔ building attack phases, entrances, damage and shake match native execution (49.197486ms)
✔ an entirely occupied world cancels special positioning instead of hanging (0.587372ms)
✔ live building assault enters, strikes, shakes and destroys via native damage accumulation (625.978639ms)
✔ occupied building ejects a defender and the same native command resumes after winning (99.653903ms)
✔ building attack mechanics and poses are independent of rendering cadence (783.139704ms)
✔ attacker death releases immediately; target loss rescans the area before completing (330.229335ms)
✔ native defence gate and shaking retain counter cadence, signed lifetime and collapse RNG (6.426189ms)
✔ cancelling or killing an attacker during its defender encounter releases the retained order (283.111571ms)
✔ complete native scenery clearing, shared waits and ownership requests (317.167578ms)
✔ complete native people clearing, shared waits and ownership requests (155.858058ms)
✔ live clearers harvest on-site trees, carry and deposit logs, then move bystanders before allocation (1010.338406ms)
✔ clearing pauses without advancing and cancellation releases its native animation and route (152.327799ms)
✔ clearing bushes starts the original fire and retreats before the site is allocated (173.539426ms)
✔ occupant restoration and facing match native captures, including seams and backwards facing (9.09771ms)
✔ live exits retain position and sprite ownership for every building orientation (1798.303105ms)
✔ command cancellation uses shared exit restoration without changing the route start (30.772102ms)
✔ timber hauling matches native phases, movement, reservations, transfers, poses and clocks (40.918987ms)
✔ native building origins, exact ground writes and plan height initialization (189.511397ms)
✔ live rotated foundations use native vertices and preserve surrounding terrain (640.93122ms)
✔ buildings retain distinct terrain handles after long effect-heavy games (41.01392ms)
✔ native descriptor data routes completed huts through kind 7 with resident capacities (0.847852ms)
✔ kind-7 hut rows place occupant and dismantle hit targets from native capacity (2.382347ms)
✔ training charge row keeps existing controls aligned after shared geometry extraction (0.331968ms)
✔ unbuilt plan priorities, validation, allocation and abandonment match native decisions (8.477148ms)
✔ leveling movement, animation, timers, terrain and sound match complete native task 8 (46.96862ms)
✔ live plans retain uneven ground, level visibly and wait for timber and crew clearance (2226.426895ms)
✔ a full shared order pool leaves a new plan unstaffed without leaking ownership (66.214817ms)
✔ simultaneous fetch deposits cap preparation work and preserve surplus timber (57.124318ms)
✔ unattended plans expire and redirected leveling workers release their sprite and route (136.198852ms)
✔ native preparation clears on-site timber before allocation without deleting its resource (137.93521ms)
✔ foundation settling, flooding and dock edges match original executable captures (47.256102ms)
✔ original wet-side tipping, drift, spin and sinking expiry retain complete native trajectories (140.296204ms)
✔ terrain collapse ejects before destruction, retaining its two-turn delay (0.436355ms)
✔ healthy buildings settle without entering repair; deformed and flooded buildings use distinct destruction (974.28205ms)
✔ complete native cell validity and exact placement feedback (28.297687ms)
✔ placement protects reincarnation stones without a living Shaman and reserves buildings (820.926669ms)
✔ building activity matches native geometry, clocks, speed, facing and animation requests (46.444383ms)
✔ live builders reach work poses, animate, pause, cancel and finish without stale sprites (382.288687ms)
✔ crews leave finished huts in all four orientations before the plan releases them (2007.577191ms)
✔ player construction orders approach natively and deposit carried logs before fetching (1396.441738ms)
✔ builder admission and stale-slot pruning match complete native calls (6.91987ms)
✔ construction dispatch, repair clocks and departure gates match native plan calls (13.19424ms)
✔ scheduled burning plans panic only unlocked builders on building cells (86.506933ms)
✔ repair smoke footprint and terrain refresh match native cell traversal (1.835746ms)
✔ two live builders dispatch one hauler on the original sixteen-turn phase (230.486237ms)
✔ later construction haulers skip timber reserved by an earlier search (68.835692ms)
✔ timber reservations reopen, drain and release on native transitions (0.239881ms)
✔ live plan capacities, duplicate orders and replacement workers share registration (110.596923ms)
✔ zoom retains native preset bounds and the existing 18-step timer (1.2587ms)
✔ render previews do not mutate native state and meet every committed step across all resolution tables (72.507044ms)
✔ 30/60/120/144 Hz and irregular preview schedules retain duration and every owned native configuration (14.329729ms)
✔ conversion observation requires the native victim-owner and replacement flags without world mutation (1.646662ms)
✔ death, ordinary births, startup conversion flags and enemy preacher ownership are not credited (8.313993ms)
✔ observation resets at mission boundaries and does not infer events across unobserved turns (0.209795ms)
{"label":"fixture","ready":true,"turn":1,"status":"playing"}
{"checkpoint":"mission-2-start","level":3,"status":"won","turn":1,"population":{}}
{"checkpoint":"mission-2-won","level":3,"status":"won","turn":1,"population":{}}
{"checkpoint":"mission-2-result","level":3,"status":"won","turn":1,"population":{}}
{"checkpoint":"mission-3-continued","level":3,"status":"won","turn":1,"population":{}}
{"checkpoint":"mission-3-won","level":3,"status":"won","turn":1,"population":{}}
{"checkpoint":"mission-3-result","level":3,"status":"won","turn":1,"population":{}}
PASS: fixed-turn diagnostic wins Mission 2, continues, and wins Mission 3; not real-clock gameplay
✔ sandbox adapter retains every existing assertion, turn bound and campaign action (2.871491ms)
✔ changed or duplicated maintained checker scaffold fails closed before browser execution (1.349026ms)
✔ late final screenshot completion cannot mark an aborted campaign scenario passed (8.120983ms)
✔ actual native triangles supplement the historical fixed anchor scan (4.742821ms)
✔ geometry candidates cannot bypass foreign object or DOM overlay ownership (3.139344ms)
✔ normal zero-dt frame refresh resolves stale panels while retaining simulation slots and clock (1.621995ms)
✔ presentation refresh cannot conceal a simulation change (2.036327ms)
✔ presentation reservation exception cannot conceal secondary slot allocation (1.253011ms)
✔ stale pre-refresh reservations fail instead of being normalized by the checker (1.455806ms)
✔ presentation refresh cannot conceal changed world Map entries (2.022267ms)
✔ occluded shrine fallback uses bounded ordinary camera drags and strict target re-probes (0.260882ms)
✔ the shipped right-drag mapping rotates 512 native angle units without panning (57.256576ms)
✔ Mission 3 trains a bounded Preacher group and retains identified HUD-reachable Braves (0.1797ms)
✔ additive native Ctrl-five requires the ordinary cancel/deselect before reserving workers (1209.252155ms)
✔ missing checkpoint does not suppress independent campaign progress (81.453877ms)
✔ malformed checkpoint does not suppress independent campaign progress (49.569935ms)
✔ partially migratable checkpoint does not suppress independent campaign progress (73.322649ms)
✔ incompatible checkpoint does not suppress independent campaign progress (71.022776ms)
✔ current valid checkpoint still restores and loads (121.911621ms)
✔ legacy valid checkpoint still restores and loads (93.156859ms)
✔ malformed stored checkpoint preserves usable session checkpoint and merges completion (42.3666ms)
✔ storage read failure retains in-session progress and checkpoint (67.717523ms)
✔ camera release alone does not make the startup Shaman selectable; observation is read-only (321.636202ms)
✔ readiness still rejects absent actors, global input locks and paused play (227.186664ms)
✔ Continue readiness waits on real RAF before suspension with the existing timeout (0.920191ms)
✔ the production wait polls synchronous false until native selection readiness (3.491833ms)
✔ Mission 3 Swarm target observation is read-only and chooses an actually castable enemy (1094.441042ms)
✔ Mission 3 Swarm eligibility does not depend on distance to the vault or unit array order (719.668572ms)
✔ Mission 3 Swarm diagnostic refuses missing stock, blocked input, cooldown and invalid enemies (897.619464ms)
✔ checkpoint readback awaits false reads before the actual true result (9.481987ms)
✔ checkpoint readback fails closed after bounded asynchronous false results (0.966431ms)
✔ attack approach points and search pool state match complete native queries (41.835643ms)
✔ fight/person pursuit, housed entry, waiting and retries match native visits (12.772907ms)
✔ attack search, march records and automatic retargeting match native dispatch boundaries (18.929016ms)
✔ arrival voices and reservation release replay native thresholds and compacted-list visits (1.409717ms)
✔ original automatic commands preserve normal queues, share one reference-counted record and handle allocation exhaustion (54.978425ms)
✔ native scan dispatch preserves pending bits, suppression, specialist selection and consumer call counts (1.00567ms)
✔ ordinary combat entry reveals a completed Spy disguise (318.841225ms)
✔ live campaign scan suppression consumes pending alerts without changing person counters or sprites (175.707448ms)
✔ dead building attackers release queued shaman-guard duty (161.897226ms)
✔ fight motion initializes its retained sermon without a native owner (169.561376ms)
✔ coastal response targets come from the corrected native cell, including its newly exposed edge (177.094031ms)
✔ tower counterattacks ignore hostile people in water (163.609142ms)
✔ coastal area/dismantling order preparation matches full native calls and retains flags on identical commands (0.734453ms)
✔ live same-cell followers share one automatic command 21 and resume their queued destination (215.945266ms)
✔ an on-foot Firewarrior owns one automatic response per cooldown and yields to player movement (430.565119ms)
✔ an on-foot Firewarrior repeatedly launches at and damages a completed enemy building (106.174171ms)
✔ automatic combat restarts a retained direct tree harvest instead of harvesting during battle (192.445422ms)
✔ live automatic combat consumes a pending worship scan without replacing command 27 (119.667462ms)
✔ live automatic allocation failure preserves its source and queued order (87.386705ms)
✔ live automatic sharing leaves a nonmatching same-cell peer untouched (127.05966ms)
✔ live preacher response retains its sermon queue and resumes conversion (124.560996ms)
✔ preacher response allocation failure consumes the scan without changing its queue (110.77373ms)
✔ complete pursuit, target setup and attack-area gates match native fields, RNG and consumer ordering (46.01635ms)
✔ full-fight waiting positions and fallback RNG match original terrain and collision execution (62.678792ms)
✔ mixed target collection, native distance bands, fight admission and reservations replay executable captures (8.513691ms)
✔ live followers choose closer enemies, distribute reservations, then fall back to a saturated target (307.098057ms)
✔ live mixed scans detect enemy footprints and prefer an eligible person in the same distance band (182.988028ms)
✔ automatic squads share native area orders and target capacity independently of render frequency (873.847214ms)
✔ live target priority joins a fight ahead of a solitary enemy in its distance band (74.300101ms)
✔ nearby automatic building attacks keep their command-21 target between detection visits (91.886754ms)
✔ automatic contextual priority matches original single and mixed-class captures (5.494859ms)
✔ live ground context follows native registered cells through rotations and world seams (175.971479ms)
✔ ground beside a hut moves the group, while its occupied cell enters it (170.539706ms)
✔ an exact tree click harvests, seeks a timber plan and otherwise returns to rest (260.92495ms)
✔ a queued ordinary-tree harvest keeps its cargo and advances the existing waypoint (677.932188ms)
✔ input feedback matches native ground-cell centers and suppresses flashes over pointed objects (0.351428ms)
✔ object commands retain the chosen identity through overlaps and array reordering (237.464296ms)
✔ live target choice follows captured native ownership for both tribes (2413.817511ms)
✔ construction command matches native registration, fallback ownership and task handoffs (66.814965ms)
✔ construction panel matches native submissions and corrects the unlinked second-row height (21.378835ms)
✔ construction workers can be selected, reassigned to dismantle, cancelled and restarted (624.572365ms)
✔ construction icons select the active worker record and respect its native eligibility (74.017877ms)
✔ Convert Wild scans, converts, animates, and casts through player and computer paths (165.147573ms)
✔ deselection matches native command flags for every selection byte (1.901045ms)
✔ cancel targeting first; deselection preserves shared marching orders, routes, RNG and pause (303.828582ms)
✔ deselection reaches retained work representations once, leaves enemy ownership alone (115.439151ms)
✔ deselected groups retain identical mechanics and poses at 5–240 Hz and irregular frames (703.230308ms)
✔ training selection eligibility reads command flags, independently of motion turning flags (237.472246ms)
✔ dismantling reassigns residents and queued braves, recovers all timber and removes the building in four orientations (593.52674ms)
✔ cancelling dismantling stops existing workers; new orders can staff an empty dismantling building (147.651115ms)
✔ dismantling outcomes and timber remain independent of render frequency (500.134595ms)
✔ mixed groups queue movement, dismantling and movement without redirecting ineligible warriors (566.057223ms)
✔ queued building entry can become dismantling; cancellation skips work while retaining the destination (220.870616ms)
✔ dismantling queue replacement and death release references while non-braves keep their current orders (282.425412ms)
✔ automatic combat pauses shared dismantling and resumes its retained order (55.713843ms)
✔ automatic combat completion follows the native circular dismantling queue (88.691963ms)
✔ automatic combat allocation failure keeps dismantling state intact (75.116607ms)
✔ queued dismantling, timber and following movement agree at 5–240 Hz and irregular frames (893.096491ms)
✔ drag borders match original screen extrusion, texture coordinates and terrain crossings (23.013163ms)
✔ native area commands retain tower/training exclusions, current-order lookup and actual land membership (4625.930865ms)
✔ a real trainee remains drag-selectable on entry and becomes excluded only in the native interior phase (167.944098ms)
✔ fetching builders are selected at their active task-7 position (38.70681ms)
✔ world drag geometry matches captured native seams, camera bearings, clamps and degenerate drags (4.690985ms)
✔ live drag selection matches native flags and group voices without changing simulation ownership (639.054783ms)
✔ Mission 3 periodic raid preserves native mask, strict thresholds and arguments (1.953635ms)
✔ Mission 3 naturally grows both tribes and recruits the authored three-Brave raid (11350.245783ms)
✔ Earthquake matches the native initializer and central deformation phase (4.124385ms)
✔ Earthquake building scans preserve protected models, RNG and ejection-before-damage (0.307091ms)
✔ live Earthquake casts, damages and deforms independently of refresh rate (267.950151ms)
✔ Mission 1 counts authored primary effects before the opening (245.219251ms)
✔ Mission 1 keeps the allocation phase across pause, checkpoint and restart (360.734296ms)
✔ Mission 2 counts authored primary effects before the opening (51.567317ms)
✔ Mission 2 keeps the allocation phase across pause, checkpoint and restart (304.776098ms)
✔ Mission 3 counts authored primary effects before the opening (38.62686ms)
✔ Mission 3 keeps the allocation phase across pause, checkpoint and restart (270.397265ms)
✔ early-level effect phase remains fixed-turn owned across frame schedules (703.121499ms)
✔ live Erosion casting deforms terrain independently of refresh rate (662.174911ms)
✔ a newer Lightning consumes simulation RNG before Erosion (25.856538ms)
✔ original cleanup, center, terminal release/counters and recovery match native captures (7.238071ms)
✔ last opponent death ends the fight, credits its winner once and returns a survivor to commands (230.851163ms)
✔ live separation uses the squared eight-unit boundary (181.248088ms)
✔ a native interruption detaches its slot and protected survivors defer state recovery (60.723263ms)
✔ fight completion, recovery and RNG agree at 5–240 Hz and irregular frame schedules (330.530974ms)
✔ Firestorm emits its complete native 220-turn rain sequence (8.217341ms)
✔ live Firestorm composes fire, panic Blast and building ignition independently of refresh rate (746.529025ms)
✔ Flatten follows the native 15-turn terrain and orbit lifecycle (3.859136ms)
✔ live Flatten casting is refresh-rate independent (1383.782402ms)
✔ persistent follower controls retain native descriptor order and class HFX ownership (2.913854ms)
✔ live own class totals enable controls independently of training knowledge or occupancy (82.10289ms)
✔ reading the follower strip does not mutate simulation or selection state (202.710478ms)
✔ shipped G has the recovered guard task without mutating native ownership in HUD reads (124.383135ms)
✔ specific legacy work overrides dormant idle while real native disruption remains authoritative (73.968999ms)
✔ construction, pre-entry, actual entry and native idle routes use their own categories (35.1962ms)
✔ task selection preserves orders and RNG during a real movement command and propagates occupied groups (48.971581ms)
✔ live task count reads nearby camera coordinates without creating or registering people (46.662544ms)
✔ real boarding through a route owner overrides a dormant native person for Selected task propagation (49.916389ms)
✔ task classifier preserves every recovered native state and command category (0.90602ms)
✔ inside classification follows building category and the Preacher command exception (0.227992ms)
✔ global existence and nearby task counts are independent; selected overlays preserve native addition (0.826581ms)
✔ task selection ignores persistent-strip assignment priority and uses category nearest (0.331207ms)
✔ Selected row click/Shift deselect, Ctrl reselects nearest without changing its work or the group (0.431498ms)
✔ Total single/five can select the Shaman while Shift excludes it (0.228974ms)
✔ task focus filters category and cycles with the Shaman nearby exemption without mutation (0.249985ms)
✔ vehicle creation and frame cache use apparent tribe, including checkpoints and legacy fallback (287.763522ms)
✔ vehicle damage immunity follows apparent tribe while real-owner counts stay unchanged (99.049502ms)
✔ live Blast projects class4 apparent tribe without changing the real owner (122.405667ms)
✔ ordinary live boarding exposes class vehicle counts, all passengers and independent owner fields (274.245387ms)
✔ Spy boarding uses immediate target bits, later boarding rewrites owner and exit preserves apparent owner (99.19442ms)
✔ split owner and occupied selection survive checkpoint, legacy vehicles use real team fallback (64.905131ms)
✔ destroyed last vehicle keeps presence during its visible wreck and cannot select or focus (67.959437ms)
✔ shipped disguise command aboard publishes apparent ownership through completion and countdown (58.3429ms)
✔ legacy occupied checkpoint retains apparent fallback across voluntary unload (157.235762ms)
✔ first and later boarding, either exit and reuse preserve the native two-owner contract (615.794862ms)
✔ occupied class reads rebuild from current passengers rather than stale row totals (32.597509ms)
✔ transport presence uses real ownership and survives an empty count (1.425129ms)
✔ class filter acquires a vehicle and selects all eligible passengers; Ctrl counts vehicles (2.259072ms)
✔ driver command priority, matching-passenger distance and vehicle nearby boundary remain distinct (0.185058ms)
✔ native reverse vehicle-list focus cycles, variants reacquire, and selected/blocked occupants can focus (2.026062ms)
✔ footprint history matches native ring replacement and its per-cell pixel counts (733.222124ms)
✔ partial footprint shading equals a complete native-palette atlas rebuild (1420.761576ms)
✔ live walking footprints use the elapsed animation clock, including pause and disabled trails (337.770177ms)
✔ live turn preserves native tribe order, inactive skipping and next-turn formation admission (1863.184556ms)
✔ actual recruited groups wait a turn and then steer before member physics (107.503946ms)
✔ render cadence cannot change gameplay, RNG or owned animation state (7453.212542ms)
✔ paused time stays paused; long active frames retain elapsed time (149.573609ms)
✔ campaign messages use the presentation clock and freeze while paused (281.197955ms)
✔ campaign pending auto-open waits for settled motion and consumes one oldest record per presentation visit (55.236538ms)
✔ scenery shade follows cell occupants through overlap, depletion and regrowth (112.466905ms)
✔ rotated building plans keep their anchor, entrance routes and orientation through construction (673.91656ms)
✔ Lightning ignites only its building footprint, then evacuates, damages and permits repair (477.392335ms)
✔ Lightning burns original scenery through smoke and cleanup without leaking fire state (73.711786ms)
✔ native impacts expire on exact turns and debris preserves the sprite allocation counter (71.357155ms)
✔ terrain rebuilds preserve queue precedence and initialize the original mission before sampling (13.885231ms)
✔ territory preserves native footprint asymmetry, overlap clearing and staggered recovery (1.104228ms)
✔ opening tooltips resolve mission cells and have an independent lifetime (32.38981ms)
✔ original level layout, native foundations, and the complete mission (3639.455493ms)
✔ housing, mana allocation, pause, drowning, and reincarnation (629.575648ms)
✔ ordinary land deaths keep the native corpse lifecycle (201.119927ms)
✔ native transformed compound bases stay on their ground pads (43.943729ms)
✔ native animation identity, casting interruption, gradual terrain and blast survival (447.454331ms)
✔ native economy uses fixed turns, population bands and real hut upgrades (866.611967ms)
✔ lightning hits a native map cell and Blast leaves allied health intact (33.554507ms)
✔ native integer movement and combat exchanges preserve timing, retaliation and replay (444.132774ms)
✔ native fight slots form four-person groups and release on interruption (108.156468ms)
✔ native sound cues preserve sample identity, cast phases and simulation randomness (260.408614ms)
✔ native Lightning delays the upper flash and regenerates eight segments for three turns (80.486688ms)
✔ native spell allocation, discrete flight, RNG trails and delayed impact (792.76475ms)
✔ native terrain ridges, reflected diagonals, surface planes and boundary vertices (1.359791ms)
✔ original campaign setup disables only enemy reincarnation and retains deferred commands (401.995462ms)
✔ mission-one AI applies its native spell interval profile on the original phase (160.72417ms)
✔ mission-one closes its construction latch after the first Red hut (31.077101ms)
✔ campaign marker setup snapshots native entry state before live execution (89.73756ms)
✔ mission marker task sends one reserved brave to marker one (133.493954ms)
✔ mission-one ordinary marker guard patrols and answers nearby enemies (76.042085ms)
✔ campaign markers remove the bridge head on the native phase, independently of routing (93.072132ms)
✔ campaign counters track allocation and remaining head gifts through gameplay (118.444102ms)
✔ worship decays without followers and continues at full spell stock (199.705635ms)
✔ vault discovery follows worship, door, entry and exit tasks (243.94516ms)
✔ vault allocation preserves the current order when the shared pool is full (186.211914ms)
✔ original discovery messages follow script phases, persist and reset (125.264714ms)
✔ partial building queries consume their mode once and marker triggers bypass worship (40.236855ms)
✔ original opening runs before object turn 72 and its independent flyby clock can be interrupted (157.04476ms)
✔ native outcome phases honor campaign opponents, forced results and defeat recovery (506.011309ms)
✔ tribe gates suppress scripts and AI while object turns and eligible cooldowns keep their native phases (473.959484ms)
✔ emergency casting preserves queued work and preacher responses keep their own payment rules (72.771756ms)
✔ mission-one AI casting uses the live shaman state and cast-block flags (305.251681ms)
✔ live spell scans use population thresholds and building territory with delayed overlap recovery (77.159474ms)
✔ original campaign stops Dakini Blast casting after its second allocation (305.849038ms)
✔ campaign attack commitment follows living warrior counts on its original turn (348.483948ms)
✔ mission-one Dakini launches its native attack route when Blue enters marker three (164.567025ms)
✔ mission-one Dakini launches its later building attack when Blue overwhelms it (363.067155ms)
✔ mission-one Dakini pursues a fallback shaman by exact command target (86.995402ms)
✔ computer attack exhausts native scans and retreats below its surviving-member threshold (0.553201ms)
✔ computer attack pool exhaustion skips hostile dispatch and retires through native empty scans (187.936163ms)
✔ queued training keeps its selection lock until issuing the order and frees its slot after arrival (0.633181ms)
✔ mission-one red AI queues exact task 6 below one warrior and executes live training (206.008093ms)
✔ mission-one red AI does not reserve a second brave already committed to warrior training (41.478189ms)
✔ external game store publishes edits and restarts without sharing worlds between sessions (273.546265ms)
✔ mission-one victory continuation creates and restarts the recovered mission-two world (492.054073ms)
✔ mission-two Totem route reaches the Tornado guidance and use instruction (1704.225003ms)
✔ mission-two enemy marker orders nearby Matak defenders to counterattack (231.382427ms)
✔ game store checkpoints restore an isolated exact world snapshot (161.825108ms)
✔ computer recruitment preserves wrapped-distance ties and native command eligibility (0.563166ms)
✔ group orders share references and release their object only after the final follower leaves (0.698378ms)
✔ AI reservation enters native selection state and releases through the normal person initializer (0.796485ms)
✔ training order startup uses configured speed and preserves only a compatible building occupant (0.890527ms)
✔ native training queue yields to an untrained follower and releases its new head (2.801867ms)
✔ live followers reach rotated native doors before entering buildings (939.730937ms)
✔ building admission preserves native slot order, training activity and shared commands (1.774604ms)
✔ training replaces a whole batch, inherits the first occupant order tail and rolls back partial allocation (1.426731ms)
✔ live mana refunds wait for a pulse and computer training receives only the original first pass (49.458564ms)
✔ follower mana uses native preacher orders, registration and ghost flags before tribe scaling (93.588476ms)
✔ live spell reach follows terrain height and enemy casts require and spend native mana (159.090033ms)
✔ native casting lockout survives animation and computer usage recovers one charge at a time (81.480389ms)
✔ spell targeting preserves native cell allowances and wrapped coordinate seams (121.383565ms)
✔ native spell scans retain slots and Blast scoring avoids friendly concentrations (69.755936ms)
✔ defeat seeds native building collapse and staged damage ejects occupants before removal (125.433975ms)
✔ building display stages follow remaining work and retain separate complete meshes (40.719953ms)
✔ results preserve pending turns, collapse defeated settlements and reject new orders (267.851939ms)
✔ result camera crosses the world seam, releases input and retains native sky timing (3.97613ms)
✔ victory owns persistent native followers, drops cargo and renders a separate paused animation clock (70.614414ms)
✔ live blocked followers retain native detour steering and recovery timers (25.82432ms)
✔ live celebrants obey native walk masks and survive the legacy ground-height cutoff (38.146291ms)
✔ live completed-building footprints relocate and clear on removal (24.262906ms)
✔ live native cell order follows arrivals and removes dead records (46.890478ms)
✔ live cell insertion repairs a stale head left by a removed person (0.31302ms)
✔ dead vehicle passengers release their slots and driver position (39.73239ms)
✔ live native preparation consumes reroutes and completes slow turns and reactions (21.962323ms)
✔ interrupted victory followers resume through native orders and rejoin celebration (22.933801ms)
✔ native idle approach composes with shared state and original resting animation (36.724806ms)
✔ native resting ownership allocates distinct slots and compacts after a follower leaves (24.534714ms)
✔ native route reuse shares ownership and live celebration releases each follower (45.429954ms)
✔ native route construction retries expired failures and stores the original bounded path (29.159348ms)
✔ native path search packs a trimmed route and preserves distinct vehicle retry flags (46.095454ms)
✔ native wrapped route smoothing respects blocked steps and measures retained segments (55.542868ms)
✔ native obstacle solving builds a world-seam detour and rejects a blocked destination (54.196836ms)
✔ native planned routes use the recovered solver and advance shared followers to their goal (24.191058ms)
✔ native boarding checks the first boat and landing requests reserve distinct original search cells (0.81955ms)
✔ live native routes release query ownership, expire failures and walk low shoreline (97.624746ms)
✔ live followers share routes, advance before exact arrival and release every owner (73.930214ms)
✔ hut families are selected once, shared with shapes and retained through upgrades (57.858014ms)
✔ mission-one low population response assigns and releases persistent shaman escorts (193.017642ms)
✔ shaman escort uses native pursuit cadence and strict boundaries (0.521132ms)
✔ Mission 5 Boat worship emits its original one-shot tutorial (203.963154ms)
✔ Mission 5 grants, boards, sails, lands and checkpoints its original Boat (289.504518ms)
✔ Ghost Army casts, spawns native ghosts, accepts orders, vanishes in combat, and follows AI (529.197299ms)
✔ world-view terrain matches captured native mesh order, projection and lighting (179.764328ms)
✔ overview drag/release matches native snapshots and every star-parallax step (4.999396ms)
✔ overview morph timing matches the original complete lifetime snapshots (4.139895ms)
✔ Ctrl starts followers immediately, appends shared waypoints and ordinary click ends the sequence (447.441332ms)
✔ eighth Ctrl click and Alt final click deselect without cancelling issued orders; right-click ends staging (191.212799ms)
✔ queued ground movement preserves every turn, RNG, poses and footprints at 5–240 Hz and irregular frames (1345.560376ms)
✔ continued queue allocation failure retains issued orders, and an ordinary replacement releases them (92.902168ms)
✔ an enemy-person order waits behind a waypoint and advances when its target becomes unavailable (450.570696ms)
✔ ground waypoint handoff uses each playable class default initializer (341.314233ms)
✔ ordinary person turns apply native follower and Shaman healing without reviving excluded units (156.929848ms)
✔ live health adapter preserves airborne/state exclusions and combat status flags (50.708708ms)
✔ each original healing model receives exactly one recovered increment on the eighth turn (44.269128ms)
✔ a follower injured by the shipped missing-building release path later heals on an ordinary turn (41.683244ms)
✔ healing follows simulation turns across speed, refresh cadence, irregular frames and pause (706.355723ms)
✔ checkpoint migration preserves the next native healing turn (29.220329ms)
✔ building admission clocks match captured native blocks (4.202111ms)
✔ followers visibly cross the native interior threshold before housing consumes their command (1674.335229ms)
✔ simultaneous arrivals respect hut capacity and cancellation releases the scoped animation and route (266.825871ms)
✔ hut slots remain authoritative through a departure, replacement and birth turn (124.918828ms)
✔ fire interrupts entry without retaining its walking sprites or command record (76.256722ms)
✔ staged entry positions, RNG, admission and sprite clocks are independent of rendered frame rate (519.143396ms)
✔ entry re-plans interrupted steering and releases its source when the hut becomes unavailable (108.912501ms)
✔ scaled native panel and bottom-row digits remain above the modern footer (0.960963ms)
✔ HUD keeps preferred manual sizes and the original nominal auto steps when they fit (0.143856ms)
✔ HUD extraction retains the page client-component directive (0.548764ms)
✔ HUD selection and focus match captured original commands without changing other person fields (14.021946ms)
✔ HUD controls add followers without stealing simulation ownership or replacing marching orders (217.843897ms)
✔ shaman health fill follows native integer bounds and absent/overfull cases (3.306486ms)
✔ HUD atlas metadata matches the PNG and contains every imported sprite (2.686965ms)
✔ portrait backgrounds and shadow-free directional layers match native captures (4.925425ms)
✔ tooltip bitmap placement and wrapping match the original desktop controller (71.898368ms)
✔ mana production stripes follow native rates, warning bands and controller modes (13.102365ms)
✔ live mana estimation uses the simulation clock and follows charging toggles (220.103445ms)
✔ follower counts, icon placement and housing fill match native HUD controllers (17.391546ms)
✔ population readouts exclude dead followers and reserve the shaman allowance (51.502765ms)
✔ hut birth clocks and destinations match captured original calls (12.230507ms)
✔ live newborns leave the hut and keep native birth feedback and gates (184.984341ms)
✔ hut smoke uses descriptor attachment slots, independently of resident capacity (2.580775ms)
✔ hut occupancy producer samples real occupancy every 32 building turns (0.305639ms)
✔ partial root uses the native 16-visit visible lifetime and restart draw (0.188032ms)
✔ full root is persistent and does not invent the unresolved child-puff phase (0.143435ms)
✔ all supported residential hut capacities switch partial to full at their native capacity (0.186059ms)
✔ visual frames stay on the recovered 16-frame sequences (0.151768ms)
✔ immediate occupancy events preserve capacity, phase and same-mode root identity (1.554214ms)
✔ drain elapsed old-root visits before an off-phase event without backdating the new root (1.224819ms)
✔ listeners are transient, identity-scoped and released through material disposal (0.620642ms)
✔ multiple presentation consumers unsubscribe independently without resetting each other (0.262344ms)
✔ live command8 owner publishes authoritative entry/removal for Hut level 1 (281.448685ms)
✔ live command8 owner publishes authoritative entry/removal for Hut level 2 (189.817184ms)
✔ live command8 owner publishes authoritative entry/removal for Hut level 3 (86.052323ms)
✔ ordinary Mission2 admission includes the new smoke root in that turn’s effect visit (4781.116288ms)
✔ pre-building occupancy removal receives one first visit, including counter wrap (262.828311ms)
✔ out-of-turn allocation survives pause; commands while paused remain rejected (237.496034ms)
✔ new-root completion is identity-scoped and one-shot for same-turn transitions (0.223786ms)
✔ batched turns and repeated rendering preserve the native first lifetime (156.203572ms)
✔ turn completion callbacks are clock-specific and are discarded on a failed turn (33.412227ms)
✔ hut maturity and cell timber match captured original calls (2.734766ms)
✔ residents fetch and stage timber before their hut upgrades (698.978113ms)
✔ Hypnotise uses the native footprint, temporary ownership, expiry, and AI target path (381.40053ms)
✔ Invisibility marks the native six, does not refresh, and reveals on time or combat (150.271339ms)
✔ player and computer casts share Invisibility application and old saves migrate (133.227315ms)
✔ complete Land Bridge lifetimes match native terrain, ordered trails and notifications (608.218157ms)
✔ live bridge terrain and particle cleanup are identical across refresh rates and stalls (2963.352547ms)
✔ ordinary Mission1–3 startup uses native terrain, authored gates and real conversion (891.767495ms)
✔ native opening excludes Shaman selection, without inventing a casting restriction (129.46187ms)
✔ checkpoint restore resumes every opening stage without replaying terrain/conversion (2009.284859ms)
✔ restart gets one fresh sequence; repeated flyby skip does not replay it (528.864111ms)
✔ only carrier-created stones are obstacles, while legacy sites keep their reservations (136.395506ms)
✔ opening wave, conversion and stone cues preload their existing original samples (13.685739ms)
✔ permitted opening casts enter native state22 and resume command18 without a stuck controller (1253.970848ms)
✔ fresh-load camera follows native cell-edge/center snapping and angle retention (0.321473ms)
✔ the command18 completion turn owns exactly one native person visit (250.122025ms)
✔ permitted state22 interruption and completion retain one counter increment per turn (801.609505ms)
✔ replacement player orders cancel startup before its counter write (358.639583ms)
✔ only the linked neutral startup conversion flash follows its replacement Brave (254.983994ms)
✔ a missing converted Brave does not retarget its flash or shorten the native expiry (88.925259ms)
✔ an invalidated command18 is consumed by the ordinary queue without completing the site (54.89876ms)
✔ original Lightning target gates, inclusive cap, attacker and electrocution phases (6.489613ms)
✔ live Lightning retains victims, displays native shock sprites, scatters survivors and cleans up (196.200376ms)
✔ Lightning outcomes and turn-by-turn poses are independent of rendering cadence (571.497134ms)
✔ live marching uses shared commands, original poses, separate slots and releases interruption/death/arrival ownership (465.912668ms)
✔ marching and resting preserve mechanics, footprints and sprite frames at 5–240 Hz and irregular frames (1159.028066ms)
✔ exhausted command pool preserves the previous movement and group ownership (122.613994ms)
✔ panic retains the real movement command and resumes its route after recovery (119.132337ms)
✔ obstacle recovery replans the owned group order and settles identically at 5–240 Hz (1870.997317ms)
✔ shared ground motion advances a retained route once before any state controller (97.362599ms)
✔ native432260 empty current slot returns before building live order context (31.10226ms)
✔ live worship shares an order, occupies exact slots, prays, earns gifts and releases interrupted/dead members (399.299599ms)
✔ live head rewards, displayed standing roster and group selection retain their distinct native rules (278.934262ms)
✔ worship motion, prayer frames, pose RNG and rewards are identical at 5–240 Hz and irregular frames (1485.928186ms)
✔ an unreachable head preserves the existing command without entering an unported retry state (169.848044ms)
✔ Ctrl waypoints finish at a stone head without replacing the current route or person (225.276279ms)
✔ training replacements inherit a queued stone-head order and perform the original prayer (166.90762ms)
✔ queued worship preserves turns, poses, RNG and rewards at 5–240 Hz and irregular frames (1302.213585ms)
✔ local launch preserves sandbox and removes all unsafe Playwright defaults (1.435695ms)
✔ CLI accepts separate game root, owned output, browser and bounded settings (0.393501ms)
✔ CLI rejects unknown flags, missing values and unbounded inputs (0.234833ms)
✔ source fingerprint catches dirty tracked and untracked byte drift with unchanged porcelain (221.138051ms)
✔ active scenario completing during timeout diagnostics cannot turn failure into pass (107.017919ms)
✔ active scenario completing during interrupt diagnostics cannot turn failure into pass (6.554ms)
✔ marching geometry, recruitment, cleanup, speed and poses replay complete original calls (44.881602ms)
✔ native movement completion preserves payload, seam and vehicle boundaries and four-turn cadence (4.174767ms)
✔ marching cleanup tolerates a member whose native record was already released (0.721353ms)
✔ outdoor and building encounter calls match captured original fields, timing, RNG and sound (14.40062ms)
✔ all playable encounter pairs show the opening strike, physical stagger and defender-centered fight (666.858436ms)
✔ encounters and their animations stay deterministic across render schedules (300.548099ms)
✔ the native skip-intro flag and player cancellation do not leave stuck encounters (109.391199ms)
✔ an encounter releases cleanly when an airborne participant returns to ordinary motion (54.116836ms)
✔ live fights refresh the first native player alert each object turn (154.233529ms)
✔ simulation owns quiet, attack and battle music activity across pause and cancellation (50.048867ms)
✔ native fight admission, replacement and splitting retain original slots, flags and RNG (18.902042ms)
✔ stronger reinforcements replace the first weaker ally and preserve a three-person tribe limit (212.001417ms)
✔ two-sided reinforcements split the last fighter of each tribe into a new live fight (123.633059ms)
✔ reinforced group motion and combat remain identical at every render cadence (658.539172ms)
✔ center changes preserve original membership slots for subsequent splits (41.031337ms)
✔ pursuit refresh uses the original inclusive axis threshold and signed coordinates (1.047573ms)
✔ live pursuit updates before reaching the old destination and reuses unchanged routes (547.344444ms)
✔ automatic engagement uses equal tribe ranges, whole cells and original scan cadence (65.464453ms)
✔ native inhibition and pending scans apply without giving idle shamans automatic attacks (53.748783ms)
✔ live move orders cross nearby enemies without the old distance interruption (47.775094ms)
✔ idle followers of either tribe pursue detected enemies at every render cadence (481.441106ms)
✔ group attacks hit busy opponents without restarting their action or facing (6801.387059ms)
✔ Magical Shield does not block native mode-one melee damage (36.461892ms)
✔ opportunistic reach is measured from the opponent slot with an exclusive 360-unit boundary (308.709619ms)
✔ group combat stays deterministic across render schedules and yields to player orders (294.588152ms)
✔ knockback waits for terrain physics to settle and preserves cell ownership (125.136668ms)
✔ hits during knockback survive physics and player orders do not teleport the person (80.320357ms)
✔ sliding recoil, native animation and recovery are independent of render cadence (317.42201ms)
✔ shamans and the native game flag suppress ordinary attack knockback (268.031209ms)
✔ fight sites use the native 32-turn search and retain groups when no site is available (43.513488ms)
✔ fight sites leave original building footprints even between periodic search visits (66.533078ms)
✔ sequential fight searches avoid other fight centers and release exhausted searches (0.707222ms)
✔ live groups relocate sequentially without sharing another fight center (47.274504ms)
✔ native approach reaches its slot from every direction and waits one turn to chase a moved slot (409.022443ms)
✔ approach uses native cell collision and preserves the person across attack, recoil and new orders (43.413127ms)
✔ approach, native animation and subsequent combat stay identical across frame rates (342.759843ms)
✔ native descriptor threshold chooses exact small and large corner dimensions (1.948696ms)
✔ 1x frame overlaps native corners in a 100x96 rectangle, bottom corners last (5.035821ms)
✔ 2x and partial tiles retain exact 1:1 corner/edge pixels and a transparent center (46.60071ms)
✔ frame is a separate overlay and does not change terrain, markers or click ownership (0.858819ms)
✔ minimap pixels, camera wrapping, rotated UVs and markers match native captures (169.649746ms)
✔ Mission 10 runs its first Totem deadline and second Totem Erosion sequence (16401.590304ms)
✔ Mission 11 opens with both enemy tribes and four original knowledge sites (123.449277ms)
✔ Mission 11 opponents build their first settlement and scripted BUILD_AT tower on native cadence (7982.29434ms)
✔ Mission 12 opens with all three enemy tribes and original knowledge (135.680432ms)
✔ Mission 12 starts its original turn-7 flyby once (132.009189ms)
✔ Mission 12 opponents request their first Guard Towers on native cadence (280.525996ms)
✔ Mission 12 opening remains deterministic through checkpoint migration (589.633135ms)
✔ Mission 13 opens with both enemy tribes and original knowledge (134.506269ms)
✔ Mission 13 starts its original Yellow turn-6 flyby once (111.820056ms)
✔ Mission 13 Balloon Hut knowledge is visible before construction (184.499734ms)
✔ Mission 13 Land Bridge uses native surface categories at low shore (27.368263ms)
✔ Mission 13 Balloon Hut repeatedly produces occupied airborne transport (884.335527ms)
✔ Mission 13 opening remains deterministic through checkpoint migration (566.854754ms)
✔ Mission 14 delivers both linked gifts and a castable Angel through shipped paths (940.904298ms)
✔ Mission 15 ordinary Prison attack frees the captive and cancels the timer (521.132433ms)
✔ Mission 15 timer expiry locks input and kills the captive with enemy Lightning (262.261752ms)
✔ Mission 15 expiry stays latched if the Prison falls before Lightning lands (224.580178ms)
✔ Mission 15 captive Lightning branch requires an enemy caster, not the Prison cell (122.884529ms)
✔ Mission 16 worship grants Bloodlust and live combat consumes its status (953.197231ms)
✔ old checkpoints default Bloodlust stock without disturbing their world (133.698215ms)
✔ Mission 17 grants Armageddon and stages the native arena through the live cast path (1531.530141ms)
✔ Armageddon uses generic victory and defeat outcomes and restores control (1218.682127ms)
✔ Mission 18 loads its authored tribes and grants Armageddon and both Volcano rewards (4371.646508ms)
✔ Mission 18 starts its authored Red marker patrol through normal AI orders (132.613054ms)
✔ Mission 18 Armageddon restores its arena checkpoint and reaches both result directions (4474.812213ms)
✔ Mission 19 loads its authored objective and grants all three worship rewards (1529.704016ms)
✔ Mission 19 Teleport spends only accepted stock and resumes identically from a checkpoint (356.073668ms)
✔ Mission 19 warns once and gives Chumara loss priority over Dakini defeat (757.211944ms)
✔ Mission 2 naturally earns Matak kills and launches the organized raid (3367.493658ms)
✔ Mission 2 checkpoints retain kill ownership from the old red slot (61.459982ms)
✔ Mission 2 camp targeting takes the first model match without RNG (31.157622ms)
✔ Mission 2 producer matches native base, loss, capacity and resource boundary cases (433.132137ms)
✔ Mission 2 naturally establishes a new home Tower base and preserves phase3 checkpoint continuation (1327.630312ms)
✔ Mission 2 rebuilds after a real player army destroys both Towers, retaining its first construction base (11594.022445ms)
✔ Mission 2 explicitly trains replacement Warriors after natural combat despite zero producer preferences (8149.612561ms)
✔ Mission 20 loads its authored opening and four-stage linked chain (148.145313ms)
✔ Mission 20 worship consumes each head once and restores the live chain (3319.79803ms)
✔ Mission 21 loads its authored opening and first fault state (160.152134ms)
✔ Mission 21 converts worshippers and seals the first fault across a checkpoint (4982.687252ms)
✔ Mission 21 checkpoints one unsealed first-fault eruption without replay (4855.483374ms)
✔ Mission 22 opens with its solo Shaman, native heads, tribes and transport (106.111126ms)
✔ Mission 22 mode-3 head rejects an injected Brave supporting fixture (167.72551ms)
✔ Mission 22 nearby head is a one-shot presentation with no gameplay reward (381.637551ms)
✔ Mission 22 southern head delivers its delayed 600,000 mana gift after real worship (8330.467014ms)
✔ Mission 22 Shaman can steal, checkpoint and sail the authored enemy Boat (2440.04522ms)
✔ Mission 22 Shaman can claim the authored Balloon and complete the northern mana route (10124.466182ms)
✔ Mission 23 loads its authored tribes, Wildmen and worship chain (158.432398ms)
✔ Mission 23 enemy tribes grow their native settlements and populations (18426.336562ms)
✔ Mission 23 unlocks and repeats the native zero-mana gift through ordinary worship (1199.308322ms)
✔ Convert Wild allocation gates state and duplicates without cancelling existing work (1.630518ms)
✔ Convert Wild target retains density, wrap, tie, inclusive radius and list-centroid rules (0.53256ms)
✔ Convert Wild standability preserves initial target and tries only the first24 spiral positions (0.629335ms)
✔ Mission3 active type2 advances after allocation state is switched off (95.322695ms)
✔ type2 timeout clears motion before a blocked state transition and then frees the task (80.836868ms)
✔ type2 reads the active fight person even when its attack animation has no presentation source (28.160783ms)
✔ Convert Wild region lookup normalizes signed browser-native positions to unsigned words (0.390786ms)
✔ type2 casting preserves the real person flags2 readiness gate (22.490241ms)
✔ explicit flight person receives the allocation-safe return order without restarting its state (38.451962ms)
✔ explicit flight return preserves the complete world on order allocation exhaustion (46.258381ms)
✔ cast-ready flight-owned Shaman receives the type2 post-cast return on the same person (46.673083ms)
✔ type2 range reads actual signed person height rather than terrain beneath it (31.933687ms)
ℹ {"terrainHeight":146,"personHeight":896,"terrainRange":14,"personRange":24}
✔ Mission3 Chumara moves, spends its original shot and mana, then stops allocating at the population cutoff (2021.009286ms)
✔ Mission3 keeps idle follow-ups and area-summary automatic training unreachable (134.816017ms)
✔ ordinary Mission3 allocates a real pre-table response before ordinary production (237.105353ms)
✔ defense allocation preserves native caps, immediate empty-area cleanup and recycled scratch (0.523616ms)
✔ active defense suppression uses strict squared26 and wrapped cell distance (0.152559ms)
✔ native defense no-force fallback is a finite seven-visit lifecycle (0.721423ms)
✔ defense cleanup clears only matching assignment and native flag bits while preserving another lock (47.652092ms)
✔ lost early defense targets are invalidated before a different task dispatch (56.304962ms)
✔ defense Blast uses signed active-person height for native and flight-owned Shamans (147.783584ms)
✔ defense Blast reads active native, flight and non-presented fight positions in both range directions (207.205905ms)
✔ defense target collection preserves category caps, rejection rules and the omitted last spiral cell (1.388624ms)
✔ ordinary Mission3 intrusion produces a real type8 fallback, cleanup, repeat and checkpoint continuation (1427.912175ms)
✔ ordinary Temple acquisition and Preacher intrusion recruit a real Chumara defender with orders and movement (2815.872106ms)
✔ Mission 3 naturally trains a Blue Preacher, converts an authored Brave and resumes its mid-conversion checkpoint (4776.019649ms)
✔ a real movement command cancels the naturally acquired Blue sermon without converting its listener (2126.898635ms)
✔ natural Mission 3 conversion follows elapsed game time across display schedules (4198.513207ms)
✔ Mission 3 opens through original Chumara, Swarm, Temple and Erosion paths (2959.848621ms)
✔ single Preacher selector preserves native first-near/band order and strict distance boundaries (1.694774ms)
✔ single-person strict19 boundary, wrap, mode0 and invalid mode match native cases (0.278849ms)
✔ type11 waits for selection ownership and cancellation safely releases state14 and slot (102.965297ms)
✔ duplicate raw payload and failed allocator preserve native selection side effects (57.577514ms)
✔ Preacher allocator preserves native five-slot/state/signed-count boundaries (0.330446ms)
✔ 1103 replacement preserves all person/order state on allocation exhaustion (37.449204ms)
✔ natural Chumara training reaches marker3 Preacher task, checkpoint phases and movement (3169.628245ms)
✔ complete128-turn block preserves strict gates, command ordering and message lifetime (0.956596ms)
✔ 1103 retargets only active order30 in native state10/33 without restarting state (418.041873ms)
✔ cancelled blocked-state Preacher resets motion before the native state gate (68.444531ms)
✔ Mission 3 warns once when a naturally trained Chumara Preacher starts converting a Blue Brave (6169.56932ms)
✔ Mission 3 starts its original recurring-script flyby through ordinary turns (1940.004738ms)
✔ Mission 3 Chumara builds its settlement and trains its first Preacher (1582.449813ms)
✔ Mission 4 starts its original opening flyby once through ordinary turns (1107.588649ms)
✔ Mission 4 teaches training and attack from its original live conditions once (74.329081ms)
✔ Mission 4 converts Wildmen, discovers the Guard Tower, and defeats the Matak (9027.067731ms)
✔ Mission 5 Angel head delivers its linked hostile summon through live worship (562.948151ms)
✔ Mission 5 checkpoint migration upgrades an explicit mode-5 legacy Angel without changing gameplay state (111.486016ms)
✔ Mission 5 checkpoint migration recovers an absent authored mode before upgrading the Angel model (67.205566ms)
✔ Mission 5 checkpoint migration adds only the previously omitted Angel head (114.988594ms)
✔ Mission 5 imports its linked Boat template from the verified native coordinates (1.248915ms)
✔ Mission 5 runs its imported opening flyby once through ordinary turns (2173.934054ms)
✔ Mission 5 launches its original ordinary raid when the player reaches the Angel head (739.796463ms)
✔ Mission 5 launches its surviving Dakini at the player Shaman (101.715536ms)
✔ Mission 5 staffs its original Dakini tower with a Preacher (183.766041ms)
✔ Mission 6 keeps both original opponents distinct through outcome and checkpoints (687.25272ms)
✔ Mission 6 credits each opponent attack task independently (96.891645ms)
✔ Mission 6 low-population survivors counterattack the player Shaman (357.023648ms)
✔ Mission 6 Chumara trains Preachers and launches its first mixed raid (19987.940293ms)
✔ Mission 6 opponents expand and Matak launches its first Warrior raid (14454.605692ms)
✔ Mission 6 ATTACK snapshots the native three-spell payload and keeps old tasks compatible (0.753271ms)
✔ type-20 sixth ATTACK quota selects exactly the tribe Shaman outside the generic selector (0.255593ms)
✔ Mission 6 first Matak ATTACK retains source-derived Land Bridge, Lightning, Blast order (11829.725098ms)
✔ Mission 6 phase-6 task Shaman uses native payment, eligibility, usage and range gates (123.332293ms)
✔ Mission 6 phase-6 task spell uses task target outside Shaman states 25/29 (68.882245ms)
✔ Mission 7 converts Wildmen and grants Invisibility through its original head (1087.850501ms)
✔ Mission8 natural acceptance starts from the shipped seven-person Blue and eleven-person Red roster (127.832977ms)
✔ Mission8 attack staging is a land order for the original party, not a transport or worship prerequisite (107.630917ms)
✔ shared ground → training → destination queues retain identities until conversion and inherit the original tail (744.837642ms)
✔ shared ground → construction → destination queues retain identity and resume after the crew leaves (141.65627ms)
✔ cancelled, invalid, removed and dead queued builders release command-6 ownership exactly once (538.854668ms)
✔ a waypoint added while trainees are inside preserves occupancy; ordinary hut admission consumes the complete queue (393.88265ms)
✔ unavailable or cancelled buildings advance to the next order; replacement and death release shared references (528.331702ms)
✔ mixed movement, training, inherited orders, RNG and footprints match from 5 to 240 Hz and irregular frames (1077.340961ms)
✔ building order preparation matches complete original CPU calls (5.757444ms)
✔ reinforcements and new encounters retain the same person and resume ground, building and worship orders (1127.984264ms)
✔ replacing or killing a reinforcement releases every retained command reference (145.709906ms)
✔ a displaced fighter retains its queue and a split keeps both followers’ original records (174.541414ms)
✔ combat interruption and resumed orders preserve simulation and poses across render rates (769.473753ms)
✔ combat removes a waiting trainee from its physical line while retaining its training order (117.5077ms)
✔ native model wave uses half, quarter, eighth strength then resets (1.294634ms)
✔ live waves retain first-hit deformation on resource scenery (104.641369ms)
✔ move input eligibility matches native category, strict-land and quarter-mask captures (9.928165ms)
✔ blocked move clicks preserve the whole selected group, shared orders, markers and RNG (217.832322ms)
✔ Markdown sections retain ancestry, repetitions, CRLF boundaries, and ignore fenced headings (2.620394ms)
✔ manifest validation accepts reviewed data and rejects duplicate IDs, missing paths, invalid parity references, and unsafe paths (90.196723ms)
✔ index is deterministic, clean without a cache, ignored when written, and regenerates after source changes (168.60321ms)
✔ index and context reject an indexed source symlink that escapes the repository (82.41456ms)
✔ repository validation requires one current top-level execution-order heading (47.490949ms)
✔ context returns bounded provenance, limitations, checks, and visible source truncation (88.867237ms)
✔ context output saves current JSON and rejects silent option mistakes (141.846186ms)
✔ preparation is independent of retired local status state (131.136496ms)
✔ native research packets grant only a contract-allowed ignored scratch directory (137.737255ms)
✔ role context carries a validated bounded assignment and explicit overflow (285.174449ms)
✔ reviewer context fingerprints the actual dirty, renamed, deleted, and untracked inputs (110.984161ms)
✔ real mapped evidence excerpts retain their material performance boundaries (3516.771879ms)
✔ Shaman appearance context keeps its complete checks and evidence within the default budget (1197.933577ms)
✔ Followers task context retains complete checks without bloating selection context (585.49471ms)
✔ plan handles cross-cutting edits, renames, deletions, untracked and unsafe inputs without executing checks (80.508258ms)
✔ audit distinguishes baseline edits and reports out-of-scope, generated, input, untracked, and stale verification changes (156.719003ms)
✔ audit reports a pre-existing baseline change that disappears (193.657408ms)
✔ audit requires exactly one result for every required check (168.403995ms)
✔ blocked verification cannot masquerade as passing and passed results require evidence (137.181261ms)
✔ game server rejects an invalid isolated port (0.650126ms)
✔ preparation captures real baseline and hashes, validates intent, and refuses overwrite (431.952827ms)
✔ verification persists completed checks across interruption and replaces old passes at startup (228.303983ms)
✔ verification replaces a required receipt invalidated by a changed check definition (164.585803ms)
✔ reviewed aggregate coverage executes once, fingerprints covered inputs, and fails closed on script drift (546.840775ms)
✔ orchestration-tests receipts become stale when worker configuration changes (383.932107ms)
✔ repository-check receipts become stale when worker configuration changes (355.485871ms)
✔ verification runs only safe contract checks, records blocking, and detects mutations (632.855553ms)
THREE.InterleavedBufferAttribute.clone(): Cloning an interleaved buffer attribute will de-interleave buffer data.
✔ painter centers retain precision and follow position replacement and updates (3.337581ms)
✔ construction caps replace face modes and hidden picking faces emit no material (1.478169ms)
✔ cell render order matches native mixed passes and retained arrival order (71.308851ms)
✔ cell traversal preserves live ordering when a stale chain entry is encountered (0.468554ms)
✔ mixed polygon buckets, reverse insertion ties and raster depths match native captures (1.958581ms)
✔ completed models reject native rear faces and shared side/bottom outcodes (0.448664ms)
THREE.InterleavedBufferAttribute.clone(): Cloning an interleaved buffer attribute will de-interleave buffer data.
✔ shared painter vertices follow attribute edits, splits and replacement (3.538072ms)
✔ native grid mapping matches exact XYZ mapping and rejects split heights or irregular coordinates (0.35339ms)
Unrecorded ledger change: run parity:record with a note
✔ parity credits verified scope only and rejects misleading or untraceable assessments (91.940751ms)
✔ report-only rendering refuses unrecorded parity progress (179.987406ms)
✔ verified requirements advance a fixed checkpoint share without hiding unknown scope (19.517271ms)
✔ assessments expose small gains and regressions without crediting scope revisions (52.548862ms)
✔ browser supervisor verifies cleanup after a missing checker dependency (412.62135ms)
✔ browser supervisor does not start the checker while the server port refuses connections (1194.060076ms)
✔ browser supervisor verifies cleanup after a checker exception (491.811788ms)
✔ browser supervisor classifies server spawn failure and verifies empty cleanup (24.33216ms)
✔ browser supervisor stops the checker when the ready server exits (810.420837ms)
✔ browser supervisor SIGTERM includes a detached checker descendant (1150.316269ms)
✔ concurrent submitters and controllers preserve FIFO without overlap (1950.388449ms)
✔ failed and timed-out jobs release before automatic next job (1866.853106ms)
✔ cancel running and queued jobs without running queued command (1244.398104ms)
✔ missing cleanup blocks handoff, recovery requires a fresh matching receipt (1240.06978ms)
✔ live detached child prevents next test and is never killed by the queue (1223.105173ms)
✔ controller crash retains lock; recovery refuses live owner or job (1554.510749ms)
✔ foreign or missing execution scope cannot prove a controller stopped or authorize recovery (932.24406ms)
✔ legacy active jobs remain unknown even with no controller lock (711.660736ms)
✔ paused submissions start no transient controller before recovery (961.39618ms)
✔ source drift and busy ports block commands without touching existing server (824.069774ms)
✔ all linked worktrees resolve the same queue; invalid specs never launch (410.165015ms)
✔ submission preserves PATH under an ESM temp parent and returns one compact result (1785.558624ms)
✔ concurrent identical retries share one unfinished job; completed work can run again (1316.307481ms)
✔ run exposes a recovery ID before caller interruption; retry keeps the running job (714.668286ms)
✔ person panels preserve native command traversal, health and original draw submissions (3.333986ms)
✔ person-panel lifetime matches native refresh and remains independent of render rate (1.232961ms)
✔ order focus matches native targets and follows the displayed queue record (0.507472ms)
✔ destination marker preserves native attachment, frames and lifetime at every render rate (323.721434ms)
✔ panic and personal fire trails retain original timer, sound, anchor and allocation decisions (11.331913ms)
✔ burning huts eject running followers with distinct panic and trail lifetimes in all orientations (927.559869ms)
✔ panic motion, animation and fire trails are independent of presentation frame rate (283.312067ms)
✔ native building flames traverse matching cells in order, including repeated sockets and failed allocations (31.086981ms)
✔ live flame-cell adapter preserves protected followers, immunity, tribe and hidden occupants (27.254747ms)
✔ real Lightning ignition reaches nearby surviving followers before occupant evacuation (28.632175ms)
✔ ordinary clicks replace only new selections; Ctrl toggles and blocked clicks preserve the group (1.411759ms)
✔ selection never creates a simulation owner or interrupts existing group orders (200.080227ms)
✔ all native single/group selection voices and pointer acknowledgements are ready before audio activation (13.150423ms)
✔ worship placement preserves native two-pass search, occupancy, route order and failure flags (13.022931ms)
✔ worship command preserves native approach, prayer, retry and presentation RNG decisions (6.930124ms)
✔ ordinary stone-head visits expire the standing-slot cursor at the native byte timer (4.426736ms)
✔ construction-plan entrances, approach and timed attack sequences match native execution (26.346894ms)
✔ player append matches native shared references, cursor wrap, full queues, eligibility and pool exhaustion (61.214262ms)
✔ ground, building and forced-final worship modifiers and eighth-order deselection match complete native player packets (0.747522ms)
✔ replacement preserves prior orders when the shared pool is full (4.499666ms)
✔ sprite pointer brackets match native palette, two/four-layer geometry and unsigned animation wrap (11.582739ms)
✔ native conversion delay uses the recovered 200/3 timing basis (11.438242ms)
✔ a full order pool does not stop a moving Preacher without attaching its sermon (106.765452ms)
✔ inside command 31 binds its building and uses the native five-cell sermon radius (83.542713ms)
✔ conversion moves a newborn outside a building footprint before centering it (72.012282ms)
✔ sermon poses preserve native multi-turn RNG timing (42.232363ms)
✔ an idle preacher sermons, converts by replacement, and releases listeners on a new order (378.702968ms)
✔ preacher conversion is independent of display refresh rate (650.523739ms)
✔ queued command 31 rewrites to friendly building entry or ground movement (67.080798ms)
✔ ordinary groups settle into native rings, compact on departure and retain status through new orders (1100.458508ms)
✔ group resting positions, facing, gestures and footprints agree at 5–240 Hz and irregular frames (889.117629ms)
✔ exhausted resting search waits and retries its original anchor through state 10 (64.833585ms)
✔ route probes preserve native building, coast and vehicle endpoint correction (17.589107ms)
✔ failed-route initialization and retries match native fields, timing and ordered consumers (10.255036ms)
✔ disconnected groups stop, retain shared attack/waypoint orders, retry and resume after land connects (461.431268ms)
✔ route-failure notice keeps the original text and retriggers without tutorial history (112.143361ms)
✔ new orders and death release blocked commands; shaman failures use their own original voice (210.707681ms)
✔ blocked groups retry on simulation counters, with identical recovery and combat at 5–240 Hz (1225.516582ms)
✔ blocked building-entry owners resume the same person and finish ordinary admission (141.849559ms)
✔ real command8 full occupancy emits an original-frame child without scene-owned RNG (920.916651ms)
✔ equal elapsed turns preserve secondary state across frame schedules with no bolt draws (265.093375ms)
✔ legacy missing-history roots bootstrap on first render without inventing past visits (194.096142ms)
✔ full roots copy the allocation byte and defer newly prepended children (5.46141ms)
✔ all byte phases and low-five-bit outcomes use the proved root gate (147.581309ms)
✔ actual UI reservations participate in inclusive gates after the root RNG draw (0.46652ms)
✔ marker expiry and child allocation share the same newest-first traversal (0.700712ms)
✔ children keep their own sixteen visits after the root is removed (0.854823ms)
✔ native free-list reuse and checkpoint reconstruction preserve physical slot ownership (0.489394ms)
✔ panel and preview reservations are derived from live adapter owners (1.340182ms)
✔ legacy marker overflow cannot leave ownerless immortal effects after restore (1.428114ms)
✔ browser capture retains the same live puff across ordinary Pause latency (3.241837ms)
✔ selection terrain mesh matches the executable with documented seven-point fan repairs (837.637402ms)
✔ selection fill/edges/corners retain native visibility, depth, UV and shared-corner ownership (35.913918ms)
✔ Shaman import preserves every prior frame, piece and animation entry (33.995998ms)
✔ actual tribe selects every native Shaman source and eight original directions (3.929969ms)
✔ Shaman idle artwork uses all four distinct original body pieces (0.284367ms)
✔ reincarnation distinguishes tribe bodies from shared spirit sources and layer owners (4.137011ms)
✔ shipped live and effect renderers consume the Shaman selector without changing generic mechanics (0.763366ms)
✔ all 3276 previous occupied sprite rectangles retain their reviewed RGBA (175.260048ms)
✔ real Mission 23 Shaman identity and death heading survive checkpoint reconstruction (827.678616ms)
✔ first and second actual presentation visits display 0 then 1, not 1 then 2 (719.911771ms)
✔ normal processed phases reset, loop independently of simulation, then freeze and hide (181.853217ms)
✔ new checkpoints retain shown/next frames; legacy checkpoints start at a bounded deterministic frame (121.570173ms)
✔ pause and native land-pause freeze the latch as well as the counter (10.10497ms)
✔ render schedules and effect-only animation cannot change gameplay, either RNG or respawn (3346.641773ms)
✔ ordinary combat death finishes existing wait and respawn without a duplicate effect (273.417334ms)
✔ model-12 rise freezes the last original spirit frame for all tribes and bearings (2.541655ms)
✔ death-site visibility follows the existing land and drowning lifecycles without changing them (85.420172ms)
✔ earlier body/transition poses retain their existing renderer behavior (0.471478ms)
✔ the live caller applies the bounded presentation only to model-12 reincarnation effects (0.913982ms)
✔ Magical Shield protects six nearby followers for the native lifetime (144.134029ms)
✔ old checkpoints default new Shield stock without disturbing their world (98.163248ms)
✔ normal early mission data selects each original backdrop and both cloud layers (1.845321ms)
✔ same-bank Mission 10 uses the same p sky set without mission-number overrides (0.197316ms)
✔ previous bank d and g sky modes and unhandled banks remain unchanged (0.224938ms)
✔ early mission sky PNGs preserve exact original bytes (3.391622ms)
✔ camera horizons preserve original sky dispatch coordinates and fade (3.203219ms)
✔ continuous sky retains native wind rates and is invariant to segment subdivision (13.545056ms)
✔ spell button artwork, positions and charging fills match native draws (13.507509ms)
✔ all six original Shield/Bloodlust descriptor frames have real atlas rectangles (1.490017ms)
✔ ready, inactive, hover and selected states use the original descriptors, not Unicode or guessed frames (0.483076ms)
✔ authored Mission16 already exposes both sprites without forced availability or stock (126.07086ms)
✔ the original undiscovered spell question mark follows the accepted six-frame append (0.261783ms)
✔ all shipped spell descriptor icons remain available after the append (0.198548ms)
✔ HudSprite no longer substitutes a text glyph and still rejects unknown resources (0.399169ms)
✔ fresh and later missions use the native owned/reward-source/cast-permission precedence (218.445893ms)
✔ restart and checkpoint restore reproduce fresh Mission 1 HUD visibility (142.464813ms)
✔ owned stock wins over the mission-load discovery mask (54.033901ms)
✔ undiscovered art is the native HFX1056 branch and visible-disabled keeps normal art (0.470977ms)
✔ unit atlas retains reviewed tribe/state/direction layers when new models append (12.007887ms)
✔ brave carry animations retain the baked timber body layer (0.277236ms)
✔ base149 retains 51 original faces and existing atlas coverage without key model slots (2.2714ms)
✔ authored default149 roots and linked Mission10 Totem select the base mesh (432.63934ms)
✔ spell45, Obelisk8, Angel157 and Vault154 remain outside static149 (98.152439ms)
✔ source qualification rejects ambiguous identity, reward flags, missing links and scenery (71.765709ms)
✔ old null/absent presentation and new checkpoints derive149 without mutating saved state (135.04033ms)
✔ static presentation never replaces a different model or an active morph family (31.244107ms)
✔ only reward-derived model45 sources are initialized; unrelated head families and Vault remain separate (158.832019ms)
✔ enabled idle cycles18native animation visits without followers; hold/refill retain the original counter rules (0.414061ms)
✔ raw keypoints use base45indices/scale rather than endpoint face layout; all18cached outputs are distinct (13.704314ms)
✔ presentation pauses with world and native land pause without touching simulation or RNG (70.963738ms)
✔ normal authored worship earns Bridge stock while presentation leaves the entire gameplay state unchanged (202.458242ms)
✔ exhausted trigger does not remove its independent enabled decorative model45 animation (73.254289ms)
✔ mid-animation new checkpoint keeps phase and old optional-field checkpoint restores safely without rewards (36.848402ms)
✔ multiple heads keep separate state while30/60/120/144Hz and irregular schedules share one animation timeline (415.218519ms)
✔ shipped scene updates ordinary head positions byphase and leaves Vault on the existing path (4.766906ms)
✔ disable and refill within one presentation interval reset once without advancing the clock (0.267742ms)
✔ heading comes from the decorative scenery word, never trigger settings or model selection (1.413141ms)
✔ all16bits reach the angle-table mask and a missing producer is not treated as north (0.210516ms)
✔ linking uses the native512-unit cell, first scenery match and toroidal coordinate identity (2.345572ms)
✔ existing negative-Y scene rotation agrees with native heading basis; no camera or global offset is required (1.26518ms)
✔ Vault and unknown scenery keep their original angle; orientation lookup does not mutate saved gameplay (99.869146ms)
✔ both ordinary scene orientation consumers use the same helper; no other angle consumer changes (0.503636ms)
✔ real authored zero and high-byte headings survive the producer while saved trigger fields stay unchanged (201.237804ms)
✔ Swamp scans its native 3x3 footprint and honors victim and terrain gates (2.174525ms)
✔ Swamp uses one RNG draw, scans every fourth visit, and expires at ten kills (0.354111ms)
✔ the thirtieth same-tribe Swamp discards the oldest remaining controller (0.208483ms)
✔ live Swamp casting kills through the ordinary corpse path independently of refresh rate (252.147266ms)
✔ Swarm uses the supplied standalone original insect texture (1.255514ms)
✔ Swarm creation and first controller visit preserve original gameplay RNG and child fields (1.492471ms)
✔ Swarm first live visit allocates children before wandering begins on the second visit (80.181108ms)
✔ Swarm final fifteen controller visits progressively remove children before expiry (0.57298ms)
✔ Swarm reveals disguised Spies on panic and panic-protected non-removal paths (86.294055ms)
✔ confirmed invented generic and Angel success strings are not emitted (200.174373ms)
✔ Swarm follows player and computer cast paths with native insects, victim cadence, and lifetime (163.504674ms)
✔ Mission 2 naturally funds the Matak Shaman and casts Swarm through player orders (3214.505481ms)
✔ terrain ambience matches complete native ground queues, including empty views and depth ties (7.249544ms)
✔ tree ambience camera offset and wrapped radius match complete native cell visits (5.234349ms)
✔ local lights match complete native allocation, movement and cleanup captures (103.372255ms)
✔ Blast owns immediate terrain light until its ninth turn, preserving occupancy and pause (88.88796ms)
✔ native height notifications retain object order, duplicate visits and touching building flags (8.781053ms)
✔ terrain edits notify nearby plans, revalidate original slope rules and release an invalid plan (163.456292ms)
✔ a large terrain edit indexes live people once while retaining dirty notifications (125.60921ms)
✔ terrain dirtiness resets live steering without replacing its route (72.764974ms)
✔ terrain texture endpoints match original Direct3D triangle submissions (6.102682ms)
✔ model atlas UVs match native texel centers and retain fractional/outside coordinates (1.13863ms)
✔ terrain submission covers the native cell gate across headings and seams (329.702651ms)
✔ terrain copies omit only tiles with no native-visible cell, including seams and expanded bounds (326.728831ms)
✔ timber search matches native cell order, fog, protected stock and two-pass queries (107.387278ms)
✔ shared timber caches match native allocation, expansion, routing, ownership and expiry (108.25139ms)
✔ an exhausted indexed-search pool postpones expansion without corrupting the cache (2.127685ms)
✔ terrain changes recheck nearby timber routes and live Land Bridge reaches the cache (857.33144ms)
✔ live timber cost probes report routes and foreign territory without taking route ownership (54.157829ms)
✔ harvest clocks, transfer, scale and animation match original executable captures (0.909746ms)
✔ delivery waits, timber and construction stages match complete native calls (2.792673ms)
✔ Tornado replays native initialization, lifetime, carry and throw (6.71381ms)
✔ Tornado uses the native building protection and one-draw damage gate (0.574122ms)
✔ live Tornado casts, captures and throws independently of refresh rate (443.588281ms)
✔ tower admission uses rotated tribe sockets, ground membership and original one-shot occupant pose (2650.632624ms)
✔ a tower admits one follower and movement orders preserve elevation until physics resumes (74.161281ms)
✔ tower entry and held animation are deterministic at 5–240 Hz (337.845792ms)
✔ destroying an occupied tower releases its native record and display height (79.650602ms)
✔ a tower Firewarrior autonomously attacks an eligible hostile on the tower cadence (86.740195ms)
✔ tower preachers hand occupancy to command 31 and cleanly leave or die (241.664377ms)
✔ tower panel matches every original one-slot draw trace (14.598332ms)
✔ tower panel selection preserves occupancy; ordinary orders leave without teleporting (444.777582ms)
✔ tower dismantling releases its occupant and only braves perform the work (420.900756ms)
✔ training exit orders match original coastal correction and building precedence (7.940852ms)
✔ training admits five visible residents and places overflow on native rotated queue sockets (776.244919ms)
✔ queue cancellation retains successors and occupant departure reuses the first empty slot (183.870981ms)
✔ checkpoint reload preserves a full training hut and its waiting queue without loss (225.40683ms)
✔ funded training replaces a complete batch, releases references and walks warriors out (194.153268ms)
✔ a funded Temple trains a native model-4 preacher and sends it outside (93.382267ms)
✔ a funded Spy Training Hut trains an original model-5 Spy and sends it outside (206.587565ms)
✔ queue movement, admission, conversion and shared references are independent of render rate (922.016153ms)
✔ already-trained warriors accept training orders and yield queue priority to new braves (114.948265ms)
✔ training append preserves all70 pre-existing original models, including vehicles (14.698156ms)
✔ all original training types and owners resolve to actual meshes, not Blue substitutes (1.386312ms)
✔ the five recovered training variants retain original geometry, color tiles and all stages (3.707746ms)
✔ authored Mission16/17/22 training assets and identities survive checkpoint reconstruction (265.150318ms)
✔ the live building factory opts into original training selection without tint or gameplay changes (0.594873ms)
✔ camp human group command retains visible admission interpolation (575.707396ms)
✔ camp shared command-8 retains visible admission interpolation (440.306529ms)
✔ temple human group command retains visible admission interpolation (392.315509ms)
✔ temple shared command-8 retains visible admission interpolation (388.96213ms)
✔ spyHut human group command retains visible admission interpolation (465.084039ms)
✔ spyHut shared command-8 retains visible admission interpolation (386.029977ms)
✔ firewarriorHut human group command retains visible admission interpolation (372.766509ms)
✔ firewarriorHut shared command-8 retains visible admission interpolation (288.402837ms)
✔ hidden admission, exit, replacement and explicit placement remain discrete (82.595062ms)
✔ native training panels preserve slots, selection, palette, frames and turn-driven feedback (13.086407ms)
✔ wide charge arithmetic never runs backwards or exceeds its frame at maximum training mana (21.047018ms)
✔ shipped disguise completes aboard Boat, holds and accepts another command (124.617291ms)
✔ Balloon passenger idle entry holds without advancing or consuming orders (75.044877ms)
✔ occupied state30 checkpoint resumes countdown without reinitializing motion or RNG (89.084064ms)
✔ ordinary disembark clears vehicle and state30 returns to orders for one visit (64.724272ms)
✔ replacement disguise interrupts pending and partially completed aboard commands (56.707156ms)
✔ fractional reference uses exact rectangle coverage at edges and corners (1.523668ms)
✔ adjacent glyph elements composite their shared fractional edge sequentially (0.236104ms)
✔ disabled opacity combines with coverage while transparent source pixels preserve background (0.28028ms)
✔ source crop and nearest sampling retain native pixels without atlas bleed (0.217566ms)
✔ pinned fixed8 coverage and integer interpolation explain the opaque edge without fitting (1.189746ms)
✔ single-pixel fixed8 rectangles and straight-alpha output retain their separate contracts (0.176795ms)
✔ tree growth and complete replant searches match native captures (12.805826ms)
✔ depleted timber replants after its full delay and grows on its own phase (2667.180332ms)
✔ burning depletion also queues one replant without reviving the old tree (101.381162ms)
✔ Tutorial advances through Shaman selection into the authored Obelisk flyby (1100.971424ms)
✔ Tutorial restart recreates fresh script and view state (164.962578ms)
✔ overhead health gauges match native visibility, scaled-pose anchors and 24-pixel fills (1.623227ms)
✔ continuous positions follow captured native body/shadow interpolation (1.120932ms)
✔ every elapsed-time schedule reaches the same displayed position without changing simulation (768.910476ms)
✔ pause, endpoints, placement, entry, conversion and new people never replay stale movement (53.593922ms)
✔ Vault knowledge uses the original class-6/model-2 reward frames and socket (0.731428ms)
✔ Vault knowledge is present only while its authored reward source is active (0.177457ms)
✔ Mission 7 Vault knowledge uses occupied model-18 socket 1 placement (1.393312ms)
✔ original class4 mesh selection distinguishes geometry from tooltip IDs (3.279834ms)
✔ vehicle-only import preserves all68 existing model records (16.135765ms)
✔ authored campaign vehicles retain mesh identity across checkpoint reconstruction (236.767817ms)
✔ normal boarding, exit and destruction retain original mesh rather than changing gameplay state (67.969044ms)
✔ the normal Balloon Hut producer creates the original144 appearance (68.116685ms)
✔ the shipped vehicle factory consumes original models, with no custom hull/envelope (0.871328ms)
✔ original vehicle owner textures use adjacent source tiles and retain local UVs (5.923844ms)
✔ Boat travel and exit keep registered passenger object-cell membership current (107.517589ms)
✔ Balloon travel and exit keep registered passenger object-cell membership current (82.567761ms)
✔ same-cell passenger sync preserves one linked membership and never allocates an unregistered person (44.784557ms)
✔ checkpoint clone retains passenger cell identity and wrapped exit reindexes without duplicates (36.939748ms)
✔ live vehicle damage keeps the native owner, special, signed and reset rules (103.69886ms)
✔ Blast reaches live vehicles and native destruction ejects passengers alive (55.533011ms)
✔ vehicle life and destruction survive checkpoint migration and reload (126.218212ms)
✔ success-bearing exit preserves existing public point API and real failure (113.2646ms)
✔ live panel selection only changes native selection flags and preserves unrelated selections/orders/RNG (109.866802ms)
✔ Boat and Balloon unload launch without teleporting, clear orders, and survive occupied/airborne checkpoints (173.639388ms)
✔ unload click rechecks speed, occupancy and terrain after rendered enabled state (88.007309ms)
✔ authored Mission22 Boat and Balloon unload retain launch until a living landing (127.97638ms)
✔ vehicle panel uses native kind9 geometry, disabled raw art and selection overlays (2.166049ms)
✔ raw disabled vehicle sprite alpha is85 while tail remains170 and normal art opaque (0.317166ms)
✔ vehicle selection keeps work on single, expands deselection, and Shift selects blocked mates (0.236225ms)
✔ passenger right-click has inspection semantics, while unload right-click is inert (0.177657ms)
✔ unload readiness refresh clears cached success at speed12 or failed terrain (0.134582ms)
✔ stale unload failure repeatedly clears only current driver orders, without teleporting anyone (0.243215ms)
✔ hover adds a native fill, never a false selected marker; pressed overlays palette130 (0.188152ms)
✔ horizontal viewport expansion preserves native depth and safe projection arithmetic (649.614501ms)
✔ intermediate display footprint fills the observed bird-view cut without changing native camera state (3.534873ms)
✔ added display cells cover safe front-branch projected samples across zoom, rotation and torus fractions (91.350304ms)
✔ display bounds texture and CPU visibility share the same derived rows without feeding camera state (3.503826ms)
✔ visible cells match original traversal at boundaries and wrapped camera centers (834.432881ms)
✔ Volcano replays its native terrain, emission and disruption lifecycle (3.895594ms)
✔ player and computer Volcano casts share the live controller and old saves migrate (295.968348ms)
✔ review bundle is independently readable from a non-overlapping local fixture (250.848743ms)
✔ review bundle rejects quoted secret fields and environment-secret files atomically (351.125479ms)
✔ decoded command-receipt stdout and stderr reject escaped secret JSON without exposing values (164.484509ms)
✔ double JSON-string wrappers in stdout and stderr reject secrets without echoing values (156.581583ms)
✔ benign nested JSON strings pass within depth and decoded-byte bounds (119.075037ms)
✔ decoded JSON recursion fails closed beyond depth or total decoded-byte bounds (251.977667ms)
✔ decoded JSON byte boundary accepts exactly the configured budget (97.877015ms)
✔ tracked deletion has an explicit expected deletion identity and rejects tamper or omission (701.40674ms)
✔ real-path canonicalization rejects source aliases and bundle outputs through source symlinks (205.424758ms)
✔ bundle verification is bound to caller-supplied identities and rejects traversal (94.512849ms)
✔ raw command receipts retain source head and complete stdout/stderr (162.512956ms)
✔ command receipts bind dirty source and explicit ignored inputs and invalidate drift (113.747614ms)
✔ receipt CLI preserves repeated input flags and rejects zero-exit input drift (415.562282ms)
✔ a killed foreground wrapper retains unknown state and raw output, never a pass (665.62904ms)
✔ retired status and binding commands are not exposed or coupled to verification (4.213932ms)
✔ live aggregate coverage includes every maintained workflow integrity suite (371.266409ms)
✔ native models 13 and 15 route only completed vehicle workshops into kind 6 (1.729094ms)
✔ Boat House kind-6 panel uses native 136x82 rows and hit targets (0.567752ms)
✔ Boat House work cells fill only at each complete native 100-work boundary (0.300741ms)
✔ Boat House reuses original dismantle and cancel control phases (0.555463ms)
✔ Balloon Hut kind-6 geometry derives 208x82 from native capacity and ten work cells (0.359359ms)
✔ Balloon Hut work cells fill only at each complete native 100-work boundary (0.193641ms)
✔ Balloon Hut reuses the original dismantle and cancel control phases (0.225358ms)
✔ followers cross the former crop and both world seams, then settle at every frame rate (4193.900673ms)
✔ direct attacks take the short route and engage across both world seams (125.580317ms)
✔ live heights and sprite grounding read native terrain outside the compatibility grid (67.401432ms)
✔ mixed picking follows captured native painter ownership and pixel edges (3.462064ms)
✔ live pointer eligibility uses the active record and recorded cell building (689.076412ms)
✔ ScenePicking re-resolves injected overlapping terrain candidates against the current painter command (509.927669ms)
✔ native selector body hierarchy retains all 25 worlds and first-three moons (1.591698ms)
✔ opening campaign availability reflects completion without hiding replay access (0.256695ms)
✔ ordinary Stone Head completion creates the original six-visit acquisition VFX before stock delivery (197.707035ms)
✔ spell-head reward admission preserves native oriented cell ranges and active command eligibility (13.228775ms)
✔ head-group selection shares native occupant flag rules and imported panel heights match the original consumer (1.089995ms)
✔ proved worship modes use their original static models without changing other head families (0.838688ms)
✔ original worship model 8 is the reviewed bank-2 geometry (1.017846ms)
✔ original worship model 157 is the reviewed static Angel-head geometry (0.411167ms)
✔ legacy appearance migration recovers recursive authored modes and preserves existing families (251.331018ms)
✔ linked tutorial mode-3 Obelisk retains its authored mode and model (45.094862ms)
✔ Temple training uses the canonical shape doorway rather than crossing its footprint (100.577907ms)
✔ normal worship approach follows the same canonical stone-head heading as the rendered head (89.719727ms)
✔ legacy Mission22 worship appearance is derived from authored source identity without changing checkpoint state (132.580767ms)
✔ legacy linked mode3 head migrates recursively while root trigger and unrelated state stay byte-for-byte equivalent (30.14898ms)
✔ legacy non-mode3 and Vault heads recover mode without changing their presentation families (28.42947ms)
✔ authored worship lookup uses immutable source fields and agrees for Mission22 and linked tutorial head (69.295808ms)
✔ shipped store load migrates legacy Mission22 before real command-27 Brave admission (121.745151ms)
✔ automatic worship-panel activity is written only by a supported completed mode-0 sample (1.299169ms)
✔ automatic producer keeps unproven families out of the first shipped slice (0.196925ms)
✔ automatic retention reads the last player-specific sample rather than generic follower state (0.132939ms)
✔ automatic retention releases an inactive completed head even after a positive last sample (0.121091ms)
✔ worship panels preserve native progress, recharge, slots and artwork without clipping the second row (8.549326ms)
ℹ tests 994
ℹ suites 0
ℹ pass 994
ℹ fail 0
ℹ cancelled 0
ℹ skipped 0
ℹ todo 0
ℹ duration_ms 99181.744608

> populous-first-dawn@0.1.0 parity:check
> node scripts/parity.mjs check

Parity ledger, evidence paths, revision and generated report are consistent.

> populous-first-dawn@0.1.0 orchestration:check
> node scripts/orchestration/cli.mjs check

{
  "status": "passed",
  "checks": 124,
  "subsystems": 11,
  "generatedOwners": 6,
  "unmappedSourceCount": 149,
  "unmappedSources": [
    "app/ambient-sound.ts",
    "app/animation.ts",
    "app/audio-preferences.ts",
    "app/audio.ts",
    "app/blast-wave.ts",
    "app/building-clearing.ts",
    "app/building-damage.ts",
    "app/building-debris.ts",
    "app/building-dismantle.ts",
    "app/building-occupants.ts",
    "app/building-sinking.ts",
    "app/building-smoke.ts",
    "app/building-terrain.ts",
    "app/celebration.ts",
    "app/chatgpt-auth.ts",
    "app/combat-approach.ts",
    "app/combat-building.ts",
    "app/combat-order-search.ts",
    "app/combat-orders.ts",
    "app/combat-pursuit.ts",
    "app/combat-targets.ts",
    "app/command-context.ts",
    "app/construction-panel.ts",
    "app/convert-wild.ts",
    "app/drag-border.ts",
    "app/drag-overlay.ts",
    "app/earthquake.ts",
    "app/effect-motion.ts",
    "app/erosion.ts",
    "app/firestorm.ts",
    "app/flatten.ts",
    "app/footprints.ts",
    "app/fps-graph.ts",
    "app/globe-renderer.ts",
    "app/globe.ts",
    "app/ground-overlay.ts",
    "app/hud-charge.ts",
    "app/hud-font.ts",
    "app/hud-health.ts",
    "app/hud-mana.ts",
    "app/hud-population.ts",
    "app/hud-portrait.ts",
    "app/hud-selection.ts",
    "app/hut-birth.ts",
    "app/hut-occupancy-smoke.ts",
    "app/hut-smoke-runtime.ts",
    "app/hut-upgrade.ts",
    "app/indexed-search.ts",
    "app/land-bridge.ts",
    "app/layout.tsx",
    "app/level-one.ts",
    "app/level-three.ts",
    "app/level-two.ts",
    "app/live-resting.ts",
    "app/mana.ts",
    "app/melee-encounter.ts",
    "app/melee-engagement.ts",
    "app/melee-groups.ts",
    "app/melee-placement.ts",
    "app/melee.ts",
    "app/minimap-frame-view.tsx",
    "app/minimap-frame.ts",
    "app/minimap-renderer.ts",
    "app/minimap.ts",
    "app/model-faces.ts",
    "app/model-lighting.ts",
    "app/morph.ts",
    "app/music.ts",
    "app/native-math.ts",
    "app/original-bloodlust.json",
    "app/original-camera.json",
    "app/original-constants.json",
    "app/original-effects.json",
    "app/original-fire.json",
    "app/original-minimap-frame.json",
    "app/original-music.json",
    "app/original-pointer.json",
    "app/original-script-three.json",
    "app/original-script-two.json",
    "app/original-script.json",
    "app/original-search.json",
    "app/original-shapes.json",
    "app/original-sky.json",
    "app/original-skylens.json",
    "app/original-sound.json",
    "app/original-stone-heads.json",
    "app/original-tooltips.json",
    "app/painter-vertices.ts",
    "app/painter.ts",
    "app/path-geometry.ts",
    "app/path-search.ts",
    "app/path-solver.ts",
    "app/person-collision.ts",
    "app/person-idle.ts",
    "app/person-motion.ts",
    "app/person-panel.ts",
    "app/person-physics.ts",
    "app/person-route-recovery.ts",
    "app/person-state.ts",
    "app/preacher-conversion.ts",
    "app/projectile-motion.ts",
    "app/projection.ts",
    "app/resting-slots.ts",
    "app/scene-hud-runtime.ts",
    "app/scene-secondary-effects.ts",
    "app/scenery-fire.ts",
    "app/secondary-effects.ts",
    "app/selection-raster.ts",
    "app/shaman-death-vfx.ts",
    "app/sky-motion.ts",
    "app/sky.ts",
    "app/special-battle.ts",
    "app/spell-button.ts",
    "app/spell-halo.ts",
    "app/spell-trails.ts",
    "app/spell-visibility.ts",
    "app/sprite-layers.ts",
    "app/stone-head-149.ts",
    "app/stone-head-animation.ts",
    "app/stone-head-orientation.ts",
    "app/swamp.ts",
    "app/swarm.ts",
    "app/terrain-ambience.ts",
    "app/terrain-light.ts",
    "app/territory.ts",
    "app/tooltip-layout.ts",
    "app/tornado-runtime.ts",
    "app/tornado.ts",
    "app/training-conversion.ts",
    "app/training-hut-appearance.ts",
    "app/training.ts",
    "app/tree-growth.ts",
    "app/unit-health.ts",
    "app/vault-appearance.ts",
    "app/vehicle-appearance.ts",
    "app/vehicle-routing.ts",
    "app/volcano.ts",
    "app/water.ts",
    "app/workshop-panel.ts",
    "app/world-coordinates.ts",
    "app/world-initialization.ts",
    "app/world-selector-data.ts",
    "app/world-selector.module.css",
    "app/world-selector.tsx",
    "app/world-state.ts",
    "app/world-tasks.ts",
    "app/worship-appearance.ts",
    "app/worship-panel-activity.ts",
    "app/worship-panel.ts"
  ],
  "cacheRequired": false
}
