
> populous-first-dawn@0.1.0 check
> npm run typecheck && npm test && npm run parity:check && npm run orchestration:check


> populous-first-dawn@0.1.0 typecheck
> tsc --noEmit


> populous-first-dawn@0.1.0 test
> node --test tests/*.test.mjs

✔ live Mission3 adapters rotate an eligible Convert Wild producer behind training (81.871105ms)
✔ producer table preserves singleton priority, one stable pass, and signed counts (1.107167ms)
✔ producer capacity is checked before callbacks and after pre-table allocation (0.452447ms)
✔ checkpoint migration retains producer history and initializes each legacy AI independently (187.530081ms)
✔ authored early producer opportunities record native table attempts without changing later missions (852.294364ms)
✔ Missions1/2 never enable type8 or idle type11/15 response follow-ups (274.547212ms)
✔ ordinary Missions1/2 allocate a real pre-table scan at their first producer opportunity (457.491904ms)
✔ normal first scans finish and repeat without a placeholder reservation (805.711852ms)
✔ ordinary Mission2 movement reaches a real response and resumes the scan checkpoint (615.572923ms)
✔ response allocation preserves native duplicate, disabled, cancellation and exhaustion gates (1.10252ms)
✔ early automatic training requires at least the native school capacity (230.2622ms)
✔ training capacity compares the native signed32-bit available total (1.012226ms)
✔ six followers share ground → area attack → ground orders, destroy the hut and regroup (399.345641ms)
✔ losing an acquired building rescans the area, fights a new person and retains the waypoint tail (201.787864ms)
✔ cancelling a reserved fight releases its reservation and the entire staged tail (100.956034ms)
✔ area targeting distinguishes an unbuilt plan from a partially constructed building (243.967315ms)
✔ arrival voices count approaching followers and fire once when they near the ordered area (408.161643ms)
✔ area approach, combat, arrival voices and queued destinations agree at 5–240 Hz and irregular rendering (1004.474618ms)
✔ pausing an unfinished music play preserves enabled sound and later resume (11.244272ms)
✔ late rejection from an older resume cannot cancel the newest playing request (1.822274ms)
✔ a superseded context resume does not submit an extra music play (3.872949ms)
✔ mute cancels pending playback without recreating the background timer (1.175628ms)
✔ dispose cancels pending playback without recreating the background timer (1.586125ms)
✔ the current playback failure still rejects rather than hiding a real media error (1.902979ms)
✔ current context errors propagate, while a disposed request cannot report a stale failure (1.055554ms)
✔ initial enable can finish while paused without turning the sound setting off (2.294279ms)
✔ enable reports cancellation when muted during its pending playback (1.136227ms)
✔ first visit and non-browser rendering keep the existing defaults without writing (4.837944ms)
✔ versioned zero/full volume restores without truthiness fallback or autoplay data (0.320331ms)
✔ malformed, unsupported and unsafe values fall back without overwriting the record (2.825647ms)
✔ only an explicit valid change writes the known preference fields and leaves other storage alone (0.45875ms)
✔ invalid programmatic values never persist or replace the last valid choice (0.598162ms)
✔ denied storage getter, reads and writes are safe session-only fallbacks (0.502332ms)
✔ restoring volumes does not create audio, enable playback, or change audio RNG/reset semantics (2.367087ms)
✔ authored origins survive initialization for all five currently live campaign bridge heads (643.837516ms)
✔ ordinary Mission 2 worship creates the authored crossing and every live terrain turn matches it (1816.926855ms)
✔ legacy migration recovers only missing immutable origins without replaying active terrain (879.645684ms)
✔ component checkpoint preserves authored birth caches when sampled terrain changes before the next visit (559.930548ms)
✔ pre-activation legacy save and mid-bridge checkpoint continue once at the authored origin (1769.356383ms)
✔ automatic Boat search filters native-ineligible vehicles and boarding shares the driver route (95.704833ms)
✔ music sections and ordinary ambient decisions match captured original execution (8.585233ms)
✔ percussion uses audio timestamps at low/high/irregular frame rates and skips stale starts (6.021084ms)
✔ Blast head reaches impact and native first/last wave visits launch enemies/allies (181.961969ms)
✔ Blast and follower presentation share elapsed time at low/high/irregular refresh rates (518.615318ms)
✔ projectile snapshots preserve pause, wrap and explicit placement without touching unrelated effects (40.101028ms)
✔ a direct Blast retains the exact person and follows motion during windup (130.123672ms)
✔ Blast follows the same moving person in flight and updates the later impact point (75.698054ms)
✔ deletion in windup or flight retains the last destination and never acquires the nearby person (88.618216ms)
✔ parent and shot ownership remain independent after one identity is cleared (38.304904ms)
✔ ground aim, other spells and the bit-set mode do not acquire person identity (142.664152ms)
✔ direct-person eligibility does not depend on allegiance and uses native airborne pose (44.667523ms)
✔ dead airborne and electrocution owners remain targetable until actual native invalidation (75.23174ms)
✔ direct aim preserves payment/RNG and rejects out-of-range targets before payment (138.952802ms)
✔ current saves preserve target ownership and old point-only saves stay point-only (48.519698ms)
✔ removed IDs never select an overlapping replacement and missing stock remains rejected (89.596807ms)
✔ original Blast indexed visits, alliances, repeated impulses and damage gates (27.171142ms)
✔ live Blast delays allied launch, retains native flight height and restores commands after landing (186.423864ms)
✔ Blast and landing damage share original shields, protection, attacker and life wrapping (0.573065ms)
✔ wild followers land into their original state 8 without losing the unit (68.547124ms)
✔ a burning airborne follower keeps one panic clock and releases its native pose after landing (53.812833ms)
✔ Boat House launch matches native type-1 computer full ejection (103.397074ms)
✔ Boat House launch matches native type-2 human driver removal with retained occupants (43.342264ms)
✔ maintained checkpoint callsite waits for delayed false reads before reloading (5.572075ms)
✔ maintained checkpoint callsite rejects exhausted false reads without reloading (17.22799ms)
✔ maintained checkpoint callsite closes rejected reads without reloading (2.048953ms)
✔ rendered transport checker independently counts whole mixed-class craft (3.290822ms)
✔ rendered transport checker rejects partial, unrelated, duplicate and wrong-class groups (4.400865ms)
✔ transport pixel oracle retains real device scale and outward clip padding (1.035054ms)
✔ transport oracle preserves fractional scales and detects the old footer/hit failure (1.824598ms)
✔ readiness reads rebind after fresh page reload and on repeated calls (7.904757ms)
✔ readiness wait sequentially awaits false samples before accepting literal true (4.233513ms)
✔ a truthy non-boolean readiness field does not pass the wait (3.452818ms)
✔ read errors propagate and repeated unready samples time out without mutation (17.757426ms)
✔ maintained Mission 4 callsite awaits valid profile completion before continuing and reloading (7.564323ms)
✔ maintained Mission 4 callsite exhausts false reads without starting continuation (14.652213ms)
✔ maintained Mission 4 callsite accepts completion on the last read without a final pause (9.714893ms)
✔ maintained Mission 4 callsite rejects failed opens without starting continuation (1.536814ms)
✔ maintained Mission 4 callsite closes rejected reads without starting continuation (1.362844ms)
✔ maintained Mission 4 callsite closes a database when starting its read throws (1.8813ms)
✔ maintained Mission 4 callsite closes databases with a missing store and fails closed (6.679992ms)
✔ maintained Mission 4 callsite requires literal true before starting continuation (1.490242ms)
✔ source-derived controller/vertices/shared RNG: 103-seed1-visible (194.064958ms)
✔ source-derived controller/vertices/shared RNG: 103-seed1-fallback (131.960319ms)
✔ source-derived controller/vertices/shared RNG: 103-seed305419896-visible (115.401172ms)
✔ source-derived controller/vertices/shared RNG: 103-seed305419896-fallback (141.583543ms)
✔ source-derived controller/vertices/shared RNG: 103-pause-initial (150.158406ms)
✔ source-derived controller/vertices/shared RNG: 103-pause-whole (157.957437ms)
✔ source-derived controller/vertices/shared RNG: 103-pause-flight (193.438174ms)
✔ source-derived controller/vertices/shared RNG: 103-spell-overlap-10 (150.328853ms)
✔ source-derived controller/vertices/shared RNG: 103-spell-overlap-95 (136.475451ms)
✔ source-derived controller/vertices/shared RNG: 95-seed1-visible (150.598843ms)
✔ source-derived controller/vertices/shared RNG: 95-seed1-fallback (138.701226ms)
✔ source-derived controller/vertices/shared RNG: 95-seed305419896-visible (181.035733ms)
✔ source-derived controller/vertices/shared RNG: 95-seed305419896-fallback (187.079394ms)
✔ source-derived controller/vertices/shared RNG: 95-pause-initial (195.540419ms)
✔ source-derived controller/vertices/shared RNG: 95-pause-whole (216.263504ms)
✔ source-derived controller/vertices/shared RNG: 95-pause-flight (205.774773ms)
✔ source-derived controller/vertices/shared RNG: 95-spell-overlap-10 (187.323325ms)
✔ source-derived controller/vertices/shared RNG: 95-spell-overlap-95 (186.695284ms)
✔ building replacement, pure draw and restore keep distinct owners without replay (517.533838ms)
✔ face draw interpolation and resize preserve source state and replacement identity (231.575061ms)
✔ Buildings reselection belongs to unpaused phase4 entry, independent of the later handle check (245.552446ms)
✔ detached pass preserves painter buffers, affine W1, encoded RGB and strict cutout (10.824947ms)
✔ repeat draws reuse resources, clear stale geometry and never mutate commands (2.765774ms)
✔ overlay disposal releases only its own texture, geometry, material and context once (4.329827ms)
✔ Temple mode32 is fullbright cutout and bank replacement owns only its wrapper (1.414127ms)
✔ authored M1 Vault caller queues its camp gift on the sixth visit and starts the measured building target (342.111202ms)
✔ unrelated, nonlocal and legacy gifts never gain M1 screen eligibility (103.427552ms)
✔ active world checkpoint resumes faces, bindings and RNG without a second handoff; new world clears them (233.073503ms)
✔ creation rejects missing, redirected and duplicate authored reward links (27.957373ms)
✔ building start cues use existing preloaded samples through the audio owner (0.289929ms)
✔ M1 consumes the existing 107 face groups and only modes6/7 (4.589093ms)
✔ source depth arithmetic clamps before the bounded screen queue drain (0.199668ms)
✔ painter order is descending depth then reverse insertion, including quad023 before012 (0.484882ms)
✔ whole culls negative winding; per-face reverses positions and corresponding UV corners (0.351515ms)
✔ source outcodes use the full shell and leave top and partial clipping downstream (0.336758ms)
✔ screen lighting is flat per face, with screen depth adjustment and no world fade/highlight (0.257574ms)
✔ mode flags, bilinear texel-center inset and tile226-only tribe remap survive collection (0.33225ms)
✔ repeated collection cannot modify logical visit state or its selected feedback (3.433364ms)
✔ building attack phases, entrances, damage and shake match native execution (52.841749ms)
✔ an entirely occupied world cancels special positioning instead of hanging (0.962618ms)
✔ live building assault enters, strikes, shakes and destroys via native damage accumulation (682.299286ms)
✔ occupied building ejects a defender and the same native command resumes after winning (106.467501ms)
✔ building attack mechanics and poses are independent of rendering cadence (685.597591ms)
✔ attacker death releases immediately; target loss rescans the area before completing (165.322127ms)
✔ native defence gate and shaking retain counter cadence, signed lifetime and collapse RNG (2.149615ms)
✔ cancelling or killing an attacker during its defender encounter releases the retained order (198.356032ms)
✔ complete native scenery clearing, shared waits and ownership requests (358.587123ms)
✔ complete native people clearing, shared waits and ownership requests (142.019418ms)
✔ live clearers harvest on-site trees, carry and deposit logs, then move bystanders before allocation (855.633692ms)
✔ clearing pauses without advancing and cancellation releases its native animation and route (223.530222ms)
✔ clearing bushes starts the original fire and retreats before the site is allocated (124.303502ms)
✔ occupant restoration and facing match native captures, including seams and backwards facing (11.396065ms)
✔ live exits retain position and sprite ownership for every building orientation (2440.087239ms)
✔ command cancellation uses shared exit restoration without changing the route start (49.730498ms)
✔ timber hauling matches native phases, movement, reservations, transfers, poses and clocks (29.666317ms)
✔ native building origins, exact ground writes and plan height initialization (148.816918ms)
✔ live rotated foundations use native vertices and preserve surrounding terrain (538.382352ms)
✔ buildings retain distinct terrain handles after long effect-heavy games (37.57553ms)
✔ native descriptor data routes completed huts through kind 7 with resident capacities (1.380705ms)
✔ kind-7 hut rows place occupant and dismantle hit targets from native capacity (1.463017ms)
✔ training charge row keeps existing controls aligned after shared geometry extraction (0.208096ms)
✔ unbuilt plan priorities, validation, allocation and abandonment match native decisions (14.134165ms)
✔ leveling movement, animation, timers, terrain and sound match complete native task 8 (58.375598ms)
✔ live plans retain uneven ground, level visibly and wait for timber and crew clearance (3492.268859ms)
✔ a full shared order pool leaves a new plan unstaffed without leaking ownership (111.971666ms)
✔ simultaneous fetch deposits cap preparation work and preserve surplus timber (117.734414ms)
✔ unattended plans expire and redirected leveling workers release their sprite and route (360.43ms)
✔ native preparation clears on-site timber before allocation without deleting its resource (233.534835ms)
✔ foundation settling, flooding and dock edges match original executable captures (63.913056ms)
✔ original wet-side tipping, drift, spin and sinking expiry retain complete native trajectories (138.228906ms)
✔ terrain collapse ejects before destruction, retaining its two-turn delay (1.327255ms)
✔ healthy buildings settle without entering repair; deformed and flooded buildings use distinct destruction (1196.060392ms)
✔ complete native cell validity and exact placement feedback (59.556695ms)
✔ placement protects reincarnation stones without a living Shaman and reserves buildings (1308.27036ms)
✔ building activity matches native geometry, clocks, speed, facing and animation requests (76.234182ms)
✔ live builders reach work poses, animate, pause, cancel and finish without stale sprites (465.827107ms)
✔ crews leave finished huts in all four orientations before the plan releases them (2261.456552ms)
✔ player construction orders approach natively and deposit carried logs before fetching (1554.346619ms)
✔ builder admission and stale-slot pruning match complete native calls (12.956658ms)
✔ construction dispatch, repair clocks and departure gates match native plan calls (18.395337ms)
✔ scheduled burning plans panic only unlocked builders on building cells (109.420487ms)
✔ repair smoke footprint and terrain refresh match native cell traversal (5.849381ms)
✔ two live builders dispatch one hauler on the original sixteen-turn phase (495.512428ms)
✔ later construction haulers skip timber reserved by an earlier search (134.688909ms)
✔ timber reservations reopen, drain and release on native transitions (0.73797ms)
✔ live plan capacities, duplicate orders and replacement workers share registration (208.290223ms)
✔ zoom retains native preset bounds and the existing 18-step timer (2.283435ms)
✔ render previews do not mutate native state and meet every committed step across all resolution tables (112.982914ms)
✔ 30/60/120/144 Hz and irregular preview schedules retain duration and every owned native configuration (15.275971ms)
✔ bare camp activity cannot allocate automatic DOM or capacity on a zero-turn paint (9783.954275ms)
✔ ordered live callbacks reserve immediately, latch only admission, and retry a later source visit (1217.486745ms)
✔ secondary-capacity failure leaves no latch or feedback and retries when a physical slot is released (1220.75237ms)
✔ manual reuse preserves D and phase; phase1 expiry clears only the latch; phase2 reuse still retires (1019.06132ms)
✔ stopping during entry waits for the next phase1 test, and hovered controls cannot freeze automatic exit (1113.777373ms)
✔ automatic admission rejects wrong-class, nonlocal and blocked targets; ownership loss exits and death retires (1001.485891ms)
✔ first automatic T initialization uses the previous sample before the same-frame one-second sample update (936.10952ms)
✔ actual training callback creates its owner before an affordable conversion clears source activity (770.951008ms)
✔ replacement binding survives stale Scene disposal and headless Worlds create no owner (685.458898ms)
✔ Save preserves the current owner; Load clears transient ownership and stale bit23 cannot suppress the next request (955.811881ms)
ℹ Controlled in-session Save/Load only; typed committed IndexedDB belongs to the ordinary browser witness.
✔ actual M2 training input creates a shared automatic record before the fixed-turn observer returns (1576.546344ms)
ℹ {"selectedBraves":9,"sharedOrderModel":8,"camp":1022,"turn":1039,"inside":2,"activity":136,"observed":{"automatic":true,"latched":true,"phase":-1,"reservations":["building-panel:1022"],"dom":false}}
✔ completed camp panel waits for actual first-display inspection instead of zero-tick hover paint (9608.713758ms)
✔ real camp right-button edges queue inspection before one composed visit and emit one feedback (1262.443972ms)
✔ existing dismantling paint stays independent of manual inspection records (1087.784688ms)
✔ manual camp record survives dismantling start and its expiry preserves independent controls (1184.91182ms)
✔ visible camp transfers into the full supported inventory without a second capacity charge (938.720922ms)
✔ new camp allocation failure still feeds back once and rejects stale or blocked presses (1049.956132ms)
✔ actual store migration and Scene disposal separate saved camps from transient inspection owners (1843.05868ms)
✔ conversion observation requires the native victim-owner and replacement flags without world mutation (2.135592ms)
✔ death, ordinary births, startup conversion flags and enemy preacher ownership are not credited (0.367071ms)
✔ observation resets at mission boundaries and does not infer events across unobserved turns (0.1866ms)
{"label":"fixture","ready":true,"turn":1,"status":"playing"}
{"checkpoint":"mission-2-start","level":3,"status":"won","turn":1,"population":{}}
{"checkpoint":"mission-2-won","level":3,"status":"won","turn":1,"population":{}}
{"checkpoint":"mission-2-result","level":3,"status":"won","turn":1,"population":{}}
{"checkpoint":"mission-3-continued","level":3,"status":"won","turn":1,"population":{}}
{"checkpoint":"mission-3-won","level":3,"status":"won","turn":1,"population":{}}
{"checkpoint":"mission-3-result","level":3,"status":"won","turn":1,"population":{}}
PASS: fixed-turn diagnostic wins Mission 2, continues, and wins Mission 3; not real-clock gameplay
✔ sandbox adapter retains every existing assertion, turn bound and campaign action (3.924716ms)
✔ changed or duplicated maintained checker scaffold fails closed before browser execution (2.851064ms)
✔ late final screenshot completion cannot mark an aborted campaign scenario passed (12.569915ms)
✔ actual native triangles supplement the historical fixed anchor scan (9.324748ms)
✔ geometry candidates cannot bypass foreign object or DOM overlay ownership (4.68002ms)
✔ normal zero-dt frame refresh resolves stale panels while retaining simulation slots and clock (7.01709ms)
✔ presentation refresh cannot conceal a simulation change (4.665021ms)
✔ presentation reservation exception cannot conceal secondary slot allocation (2.561045ms)
✔ stale pre-refresh reservations fail instead of being normalized by the checker (2.221721ms)
✔ presentation refresh cannot conceal changed world Map entries (3.554659ms)
✔ occluded shrine fallback uses bounded ordinary camera drags and strict target re-probes (0.286071ms)
✔ the shipped right-drag mapping rotates 512 native angle units without panning (58.965702ms)
✔ Mission 3 trains a bounded Preacher group and retains identified HUD-reachable Braves (0.197486ms)
✔ additive native Ctrl-five requires the ordinary cancel/deselect before reserving workers (814.546312ms)
✔ missing checkpoint does not suppress independent campaign progress (213.548784ms)
✔ malformed checkpoint does not suppress independent campaign progress (103.876705ms)
✔ partially migratable checkpoint does not suppress independent campaign progress (67.526413ms)
✔ incompatible checkpoint does not suppress independent campaign progress (57.751737ms)
✔ current valid checkpoint still restores and loads (152.669111ms)
✔ legacy valid checkpoint still restores and loads (171.254731ms)
✔ malformed stored checkpoint preserves usable session checkpoint and merges completion (83.241065ms)
✔ storage read failure retains in-session progress and checkpoint (87.071378ms)
✔ camera release alone does not make the startup Shaman selectable; observation is read-only (311.048989ms)
✔ readiness still rejects absent actors, global input locks and paused play (287.834956ms)
✔ Continue readiness waits on real RAF before suspension with the existing timeout (0.93458ms)
✔ the production wait polls synchronous false until native selection readiness (2.589167ms)
✔ Mission 3 Swarm target observation is read-only and chooses an actually castable enemy (1198.877594ms)
✔ Mission 3 Swarm eligibility does not depend on distance to the vault or unit array order (734.621158ms)
✔ Mission 3 Swarm diagnostic refuses missing stock, blocked input, cooldown and invalid enemies (729.736456ms)
✔ checkpoint readback awaits false reads before the actual true result (3.493231ms)
✔ checkpoint readback fails closed after bounded asynchronous false results (1.00432ms)
✔ attack approach points and search pool state match complete native queries (62.139437ms)
✔ fight/person pursuit, housed entry, waiting and retries match native visits (30.589149ms)
✔ attack search, march records and automatic retargeting match native dispatch boundaries (25.399096ms)
✔ arrival voices and reservation release replay native thresholds and compacted-list visits (5.259475ms)
✔ original automatic commands preserve normal queues, share one reference-counted record and handle allocation exhaustion (59.301232ms)
✔ native scan dispatch preserves pending bits, suppression, specialist selection and consumer call counts (0.701176ms)
✔ ordinary combat entry reveals a completed Spy disguise (349.991073ms)
✔ live campaign scan suppression consumes pending alerts without changing person counters or sprites (286.077444ms)
✔ dead building attackers release queued shaman-guard duty (205.508972ms)
✔ fight motion initializes its retained sermon without a native owner (174.475195ms)
✔ coastal response targets come from the corrected native cell, including its newly exposed edge (155.413266ms)
✔ tower counterattacks ignore hostile people in water (500.548223ms)
✔ coastal area/dismantling order preparation matches full native calls and retains flags on identical commands (1.71517ms)
✔ live same-cell followers share one automatic command 21 and resume their queued destination (305.020797ms)
✔ an on-foot Firewarrior owns one automatic response per cooldown and yields to player movement (655.424186ms)
✔ an on-foot Firewarrior repeatedly launches at and damages a completed enemy building (176.818945ms)
✔ automatic combat restarts a retained direct tree harvest instead of harvesting during battle (220.512076ms)
✔ live automatic combat consumes a pending worship scan without replacing command 27 (140.540946ms)
✔ live automatic allocation failure preserves its source and queued order (103.99403ms)
✔ live automatic sharing leaves a nonmatching same-cell peer untouched (135.313929ms)
✔ live preacher response retains its sermon queue and resumes conversion (106.352631ms)
✔ preacher response allocation failure consumes the scan without changing its queue (119.868845ms)
✔ complete pursuit, target setup and attack-area gates match native fields, RNG and consumer ordering (14.129014ms)
✔ full-fight waiting positions and fallback RNG match original terrain and collision execution (34.795379ms)
✔ mixed target collection, native distance bands, fight admission and reservations replay executable captures (22.41587ms)
✔ live followers choose closer enemies, distribute reservations, then fall back to a saturated target (386.463653ms)
✔ live mixed scans detect enemy footprints and prefer an eligible person in the same distance band (194.73926ms)
✔ automatic squads share native area orders and target capacity independently of render frequency (872.046511ms)
✔ live target priority joins a fight ahead of a solitary enemy in its distance band (77.921277ms)
✔ nearby automatic building attacks keep their command-21 target between detection visits (92.594153ms)
✔ automatic contextual priority matches original single and mixed-class captures (1.60128ms)
✔ live ground context follows native registered cells through rotations and world seams (85.428021ms)
✔ ground beside a hut moves the group, while its occupied cell enters it (116.908375ms)
✔ an exact tree click harvests, seeks a timber plan and otherwise returns to rest (191.806764ms)
✔ a queued ordinary-tree harvest keeps its cargo and advances the existing waypoint (391.80043ms)
✔ input feedback matches native ground-cell centers and suppresses flashes over pointed objects (0.394395ms)
✔ object commands retain the chosen identity through overlaps and array reordering (145.446775ms)
✔ live target choice follows captured native ownership for both tribes (2001.199261ms)
✔ construction command matches native registration, fallback ownership and task handoffs (82.821394ms)
✔ construction panel matches native submissions and corrects the unlinked second-row height (30.07794ms)
✔ construction workers can be selected, reassigned to dismantle, cancelled and restarted (767.530169ms)
✔ construction icons select the active worker record and respect its native eligibility (41.120591ms)
✔ original priming consumes no elapsed progress; each frame stops before batch overshoot (2.706023ms)
✔ separate calls continue from the original previous timestamp without re-priming (0.267802ms)
✔ a promise is never accepted as a truthy readiness predicate (1.166341ms)
✔ frame and object-turn exhaustion fail without extending a goal (0.502892ms)
✔ an explicitly bounded coastal position attempt can return unmet without hiding its limit (0.219262ms)
✔ abort and Scene/World replacement are detected across browser-task yields (1.913832ms)
✔ normal speed, unpaused commands, positive finite deltas and wall bound stay mandatory (1.444454ms)
✔ original-frame failures propagate without another step (0.37271ms)
✔ unexpected automatic elapsed frames during a yield are rejected (1.559704ms)
✔ Convert Wild scans, converts, animates, and casts through player and computer paths (215.403745ms)
✔ deselection matches native command flags for every selection byte (4.769897ms)
✔ cancel targeting first; deselection preserves shared marching orders, routes, RNG and pause (348.498219ms)
✔ deselection reaches retained work representations once, leaves enemy ownership alone (128.505006ms)
✔ deselected groups retain identical mechanics and poses at 5–240 Hz and irregular frames (978.889148ms)
✔ training selection eligibility reads command flags, independently of motion turning flags (342.04782ms)
✔ dismantling reassigns residents and queued braves, recovers all timber and removes the building in four orientations (831.68995ms)
✔ cancelling dismantling stops existing workers; new orders can staff an empty dismantling building (197.868897ms)
✔ dismantling outcomes and timber remain independent of render frequency (794.181709ms)
✔ mixed groups queue movement, dismantling and movement without redirecting ineligible warriors (635.312301ms)
✔ queued building entry can become dismantling; cancellation skips work while retaining the destination (382.839139ms)
✔ dismantling queue replacement and death release references while non-braves keep their current orders (370.928129ms)
✔ automatic combat pauses shared dismantling and resumes its retained order (103.332797ms)
✔ automatic combat completion follows the native circular dismantling queue (159.864981ms)
✔ automatic combat allocation failure keeps dismantling state intact (113.643907ms)
✔ queued dismantling, timber and following movement agree at 5–240 Hz and irregular frames (1143.92451ms)
✔ drag borders match original screen extrusion, texture coordinates and terrain crossings (35.723732ms)
✔ native area commands retain tower/training exclusions, current-order lookup and actual land membership (7696.455868ms)
✔ a real trainee remains drag-selectable on entry and becomes excluded only in the native interior phase (238.593095ms)
✔ fetching builders are selected at their active task-7 position (50.192848ms)
✔ world drag geometry matches captured native seams, camera bearings, clamps and degenerate drags (6.622704ms)
✔ live drag selection matches native flags and group voices without changing simulation ownership (1017.940471ms)
✔ Mission 3 periodic raid preserves native mask, strict thresholds and arguments (5.39262ms)
✔ Mission 3 naturally grows both tribes and recruits the authored three-Brave raid (15595.26662ms)
✔ early-mission save guard waits for the committed turn before returning (6.894299ms)
✔ early-mission save guard rejects uncommitted storage, read errors and cancellation (12.82846ms)
✔ Earthquake matches the native initializer and central deformation phase (9.063872ms)
✔ Earthquake building scans preserve protected models, RNG and ejection-before-damage (0.447671ms)
✔ live Earthquake casts, damages and deforms independently of refresh rate (379.454378ms)
✔ Mission 1 counts authored primary effects before the opening (191.657381ms)
✔ Mission 1 keeps the allocation phase across pause, checkpoint and restart (379.19938ms)
✔ Mission 2 counts authored primary effects before the opening (76.60393ms)
✔ Mission 2 keeps the allocation phase across pause, checkpoint and restart (425.577663ms)
✔ Mission 3 counts authored primary effects before the opening (64.281275ms)
✔ Mission 3 keeps the allocation phase across pause, checkpoint and restart (355.227896ms)
✔ early-level effect phase remains fixed-turn owned across frame schedules (1009.0376ms)
✔ prospective declaration binds the exact constructor return before immediate first processing (3.442896ms)
✔ wrong first target and second creation fail permanently without replacing or mutating controllers (5.711283ms)
✔ duplicate declarations invalidate the original instead of overwriting or rearming it (0.597167ms)
✔ late declarations cannot bind a preexisting controller; close is idempotent and never auto-rearms (0.192048ms)
✔ a constructor exception retains its identity and cannot bind a partial object (0.407088ms)
✔ constructor diagnostic binding failures never change the returned object or its immediate step (0.603648ms)
(node:585) ExperimentalWarning: stripTypeScriptTypes is an experimental feature and might change at any time
(Use `node --trace-warnings ...` to show where the warning was created)
✔ constructor output and wrapping match pinned original source with declaration disabled and enabled (3.211731ms)
✔ all 64 visits match pinned uninstrumented source with observation disabled and enabled (89.240292ms)
✔ actual application errors keep their identity, partial state, receiver and call count (9.990612ms)
✔ read copies and later game writes cannot change each other or historical capture (2.57598ms)
✔ active callback wrappers preserve their original return values (1.996029ms)
✔ copy failure and overflow invalidate evidence without skipping the original body (14.347989ms)
✔ after-copy diagnostic failure cannot replace an application exception (1.07156ms)
✔ a thrown empty string permanently invalidates capture while all original calls continue (1.840155ms)
✔ a thrown empty stringifier permanently invalidates capture while all original calls continue (1.014811ms)
✔ a thrown zero permanently invalidates capture while all original calls continue (1.125703ms)
✔ a thrown false permanently invalidates capture while all original calls continue (1.075775ms)
✔ a thrown null permanently invalidates capture while all original calls continue (0.723492ms)
✔ a thrown undefined permanently invalidates capture while all original calls continue (1.092578ms)
✔ an empty diagnostic throw cannot replace an application exception (0.99256ms)
✔ diagnostic append failure disables capture and still invokes the body once (1.215115ms)
✔ no observer or detached capture makes no diagnostic copy and invokes the body once (1.544151ms)
✔ capturing a live controller does not change any World field or completed turn (source fixture) (800.24365ms)
✔ scenario cleanup preserves the original thrown undefined value (4.919658ms)
✔ scenario cleanup preserves the original thrown null value (1.911012ms)
✔ scenario cleanup preserves the original thrown false value (0.477815ms)
✔ scenario cleanup preserves the original thrown 0 value (0.317639ms)
✔ scenario cleanup preserves the original thrown  value (0.306925ms)
✔ scenario cleanup preserves the original thrown Error: synthetic primary value (0.461992ms)
✔ startup-smoke uses the ordinary prefix and cleanup without capture or worship (4.51539ms)
✔ startup binding retries only real TimeoutError and retains diagnostics without repeating physical inputs (3.925429ms)
✔ startup binding propagates non-timeout and lookalike errors immediately with exact identity (2.103561ms)
✔ a binding success after the startup deadline is rejected before readiness or later work (1.088203ms)
✔ a preserving stop arriving during a successful bind rejects before later work (0.948322ms)
✔ Skip dispatches once without a navigation barrier and still waits for original-actor readiness (2.063695ms)
✔ Skip action errors retain identity and never cause a second physical click or readiness continuation (1.130741ms)
✔ real named-scenario CLI import reaches the missing-plan guard before browser/server setup (494.572195ms)
✔ combined corrected producer has identical full World state with capture disabled and enabled for all64 visits (1451.932034ms)
✔ lifecycle wrapper preserves original exception identity and exactly one callback (292.445676ms)
✔ the actual harness Vite launcher must resolve inside the pinned package closure (2284.470986ms)
✔ immutable compiler identity includes nested executable chunks and declared dependencies (3.165328ms)
✔ polling rejects stop or timeout arriving during an awaited ready predicate (0.534895ms)
✔ external launch plan rejects wrong source, compiler, dirty source, bounds and reused path shape (2.100415ms)
✔ all 64 captured calls with worst-case signed heights fit the 32MiB replay input bound (137.301597ms)
✔ original Mission 3 Shaman can plan to the unused Erosion head on a clone (498.736874ms)
✔ source correspondence accepts exact bytes or inline maps containing the pinned source (6.028037ms)
✔ module read covers all eight prescribed scripts using only observational CDP calls (8.937666ms)
✔ missing required module is rejected before a source read (6.337133ms)
✔ a required module parsed under another origin does not satisfy admission (3.484333ms)
✔ two script identities for one required module are rejected (2.96454ms)
✔ required modules from different execution contexts are rejected (3.604481ms)
✔ a stop arriving during an awaited source read prevents any result or next read (2.441282ms)
✔ dispose removes its parsed-event listener and detaches without removing other listeners (1.876571ms)
✔ integer input is chosen before probes and retained exactly through dispatch (13.530487ms)
✔ authored Mission 3 activation runs the first native Erosion call immediately and only once (698.933644ms)
✔ multiple authored targets process in link order at activation and newest-first on later visits (122.971857ms)
✔ activation queues radius6 texture updates and notifies before allocating the next target (257.022676ms)
✔ repeated rewards get one initial visit each and exhausted rewards never allocate again (290.195493ms)
✔ live Erosion casting deforms terrain independently of refresh rate (954.991495ms)
✔ a newer Lightning consumes simulation RNG before Erosion (49.611151ms)
✔ original cleanup, center, terminal release/counters and recovery match native captures (39.663523ms)
✔ last opponent death ends the fight, credits its winner once and returns a survivor to commands (603.539954ms)
✔ live separation uses the squared eight-unit boundary (270.375145ms)
✔ a native interruption detaches its slot and protected survivors defer state recovery (218.666935ms)
✔ fight completion, recovery and RNG agree at 5–240 Hz and irregular frame schedules (524.05156ms)
✔ Firestorm emits its complete native 220-turn rain sequence (11.124578ms)
✔ live Firestorm composes fire, panic Blast and building ignition independently of refresh rate (1241.707736ms)
✔ Firewarrior row15 has its own eight-direction five-frame firing family (2.768048ms)
✔ firing pieces use disjoint 32px subslots while every old atlas origin stays fixed (58.885745ms)
✔ actual ranged body matches owned native visits: person-entry-walk-frame3 (1.488357ms)
✔ actual ranged body matches owned native visits: person-entry-idle-frame4 (0.182286ms)
✔ actual ranged body matches owned native visits: person-recovery-boundary-present (0.164435ms)
✔ actual ranged body matches owned native visits: person-wait-entry-present (0.15893ms)
✔ actual ranged body matches owned native visits: person-wait-entry-gone (0.107604ms)
✔ actual ranged body matches owned native visits: person-cooldown-entry (0.210642ms)
✔ actual ranged body matches owned native visits: person-cooldown-expiry (0.397287ms)
✔ actual ranged body matches owned native visits: person-cooldown-cleared (0.139366ms)
✔ actual ranged body matches owned native visits: building-entry-walk-frame3 (2.136256ms)
✔ actual ranged body matches owned native visits: building-entry-idle-frame4 (0.749344ms)
✔ actual ranged body matches owned native visits: building-recovery-boundary-present (0.316808ms)
✔ actual ranged body matches owned native visits: building-wait-entry-present (0.114612ms)
✔ actual ranged body matches owned native visits: building-wait-entry-gone (0.136996ms)
✔ actual ranged body matches owned native visits: building-cooldown-entry (0.075575ms)
✔ actual ranged body matches owned native visits: building-cooldown-expiry (0.494639ms)
✔ actual ranged body matches owned native visits: building-cooldown-cleared (0.115587ms)
✔ native Firewarrior resting source720 resolves its actual original frames (3.501096ms)
✔ Flatten follows the native 15-turn terrain and orbit lifecycle (8.219294ms)
✔ live Flatten casting is refresh-rate independent (1312.908182ms)
✔ persistent follower controls retain native descriptor order and class HFX ownership (3.120186ms)
✔ live own class totals enable controls independently of training knowledge or occupancy (124.194282ms)
✔ reading the follower strip does not mutate simulation or selection state (224.475404ms)
✔ nearby displayed zero keeps a globally present class enabled and in its original position (0.373128ms)
✔ nearby appender preserves all old pixels/metadata, is idempotent, and rejects unsafe inputs (1272.780011ms)
✔ actual HFX875 Page activation requests follower mode instead of opening overview (120.975727ms)
✔ all four native follower mode frames are available without placeholder artwork (0.254207ms)
✔ actual persistent Total uses nearby display counts and the alternate number font (7.60457ms)
✔ actual Page press cancellation, wrong release and secondary input never request mode (129.620363ms)
✔ Ctrl-primary and Shift-primary release exactly once; keyboard completes without held repeats (157.466372ms)
✔ Page ready/modal/load/owner gates reject arming and recheck ownership at release (111.106167ms)
✔ four actual Page states read only committed mode and the separately held press (51.458196ms)
✔ actual Page readiness effect owns Scene HUD admission and cancels only its own press (59.23322ms)
✔ actual Page Escape, window blur, visibility and unmount listeners clear held input (36.776481ms)
✔ actual Page release reaches Scene first-wins dispatch before simulation, even while paused (6871.11348ms)
✔ a second valid held press survives earlier commitment and releases against the new mode (132.52778ms)
✔ actual elapsed dispatch continues at speed zero and across an ordinary speed change (130.700553ms)
✔ blocked, modal and hidden visits cancel pending and armed input without deferred actions (111.634458ms)
✔ actual store replacement and same-World rebinding reject stale callbacks before disposal (284.946895ms)
✔ actual Save clones committed mode without flushing; ordinary menu cancels synchronously (202.814001ms)
✔ actual Scene disposal cancels pending input and the elapsed phase (69.843029ms)
✔ first pending desired value wins, cues are per release, and other flag bits survive (1.741743ms)
✔ first frame only anchors; equality is eligible and just-after arrival waits (0.412282ms)
✔ catch-up cannot consume an opportunity before arrival or replay crossed visits (0.271934ms)
✔ elapsed schedules agree and invalid/equal/backward visits cannot move phase (0.395844ms)
✔ cancel, reset and a different World cannot inherit transient desired state (0.202121ms)
✔ shipped G task classification follows deferred native adoption without mutating HUD reads (213.331897ms)
✔ specific legacy work overrides dormant idle while real native disruption remains authoritative (142.802848ms)
✔ construction, pre-entry, actual entry and native idle routes use their own categories (122.90111ms)
✔ task selection preserves orders and RNG during a real movement command and propagates occupied groups (92.692308ms)
✔ live task count reads nearby camera coordinates without creating or registering people (78.572204ms)
✔ real boarding through a route owner overrides a dormant native person for Selected task propagation (64.471469ms)
✔ task classifier preserves every recovered native state and command category (1.240175ms)
✔ inside classification follows building category and the Preacher command exception (0.252311ms)
✔ global existence and nearby task counts are independent; selected overlays preserve native addition (0.995962ms)
✔ display totals share active/ghost and raw-radius count boundaries without summing overlapping rows (0.4983ms)
✔ task selection ignores persistent-strip assignment priority and uses category nearest (0.474911ms)
✔ Selected row click/Shift deselect, Ctrl reselects nearest without changing its work or the group (0.67557ms)
✔ Total single/five can select the Shaman while Shift excludes it (0.319409ms)
✔ task focus filters category and cycles with the Shaman nearby exemption without mutation (0.3569ms)
✔ vehicle creation and frame cache use apparent tribe, including checkpoints and legacy fallback (348.764081ms)
✔ vehicle damage immunity follows apparent tribe while real-owner counts stay unchanged (148.897431ms)
✔ live Blast projects class4 apparent tribe without changing the real owner (248.63749ms)
✔ ordinary live boarding exposes class vehicle counts, all passengers and independent owner fields (225.483876ms)
✔ Spy boarding uses immediate target bits, later boarding rewrites owner and exit preserves apparent owner (77.771369ms)
✔ split owner and occupied selection survive checkpoint, legacy vehicles use real team fallback (70.293892ms)
✔ destroyed last vehicle keeps presence during its visible wreck and cannot select or focus (77.556438ms)
✔ shipped disguise command aboard publishes apparent ownership through completion and countdown (117.115217ms)
✔ legacy occupied checkpoint retains apparent fallback across voluntary unload (176.212984ms)
✔ first and later boarding, either exit and reuse preserve the native two-owner contract (920.013248ms)
✔ occupied class reads rebuild from current passengers rather than stale row totals (66.777848ms)
✔ transport presence uses real ownership and survives an empty count (3.661439ms)
✔ class filter acquires a vehicle and selects all eligible passengers; Ctrl counts vehicles (3.394842ms)
✔ driver command priority, matching-passenger distance and vehicle nearby boundary remain distinct (1.204506ms)
✔ native reverse vehicle-list focus cycles, variants reacquire, and selected/blocked occupants can focus (1.354597ms)
✔ footprint history matches native ring replacement and its per-cell pixel counts (816.380589ms)
✔ partial footprint shading equals a complete native-palette atlas rebuild (1820.285277ms)
✔ live walking footprints use the elapsed animation clock, including pause and disabled trails (346.873353ms)
✔ live turn preserves native tribe order, inactive skipping and next-turn formation admission (1399.692769ms)
✔ actual recruited groups wait a turn and then steer before member physics (151.480118ms)
✔ render cadence and idle production worship hooks cannot change gameplay, RNG or owned animation state (16102.513906ms)
✔ paused time stays paused; long active frames retain elapsed time (171.091615ms)
✔ campaign messages use the presentation clock and freeze while paused (387.597134ms)
✔ campaign pending auto-open waits for settled motion and consumes one oldest record per presentation visit (67.472065ms)
✔ scenery shade follows cell occupants through overlap, depletion and regrowth (103.941509ms)
✔ rotated building plans keep their anchor, entrance routes and orientation through construction (815.403476ms)
✔ Lightning ignites only its building footprint, then evacuates, damages and permits repair (515.78333ms)
✔ Lightning burns original scenery through smoke and cleanup without leaking fire state (105.517238ms)
✔ native impacts expire on exact turns and debris preserves the sprite allocation counter (79.031388ms)
✔ terrain rebuilds preserve queue precedence and initialize the original mission before sampling (28.966319ms)
✔ territory preserves native footprint asymmetry, overlap clearing and staggered recovery (1.580231ms)
✔ opening tooltips resolve mission cells and have an independent lifetime (33.675419ms)
✔ original level layout, native foundations, and the complete mission (3699.897449ms)
✔ housing, mana allocation, pause, drowning, and reincarnation (524.379657ms)
✔ ordinary land deaths keep the native corpse lifecycle (208.257692ms)
✔ native transformed compound bases stay on their ground pads (42.975386ms)
✔ native animation identity, casting interruption, gradual terrain and blast survival (444.308859ms)
✔ native economy uses fixed turns, population bands and real hut upgrades (1414.982245ms)
✔ lightning hits a native map cell and Blast leaves allied health intact (57.564482ms)
✔ native integer movement and combat exchanges preserve timing, retaliation and replay (511.451595ms)
✔ native fight slots form four-person groups and release on interruption (97.274214ms)
✔ native sound cues preserve sample identity, cast phases and simulation randomness (236.491967ms)
✔ native Lightning delays the upper flash and regenerates eight segments for three turns (53.505874ms)
✔ native spell allocation, discrete flight, RNG trails and delayed impact (638.271933ms)
✔ native terrain ridges, reflected diagonals, surface planes and boundary vertices (2.238161ms)
✔ original campaign setup disables only enemy reincarnation and retains deferred commands (247.402987ms)
✔ mission-one AI applies its native spell interval profile on the original phase (166.217763ms)
✔ mission-one closes its construction latch after the first Red hut (64.108808ms)
✔ campaign marker setup snapshots native entry state before live execution (107.249222ms)
✔ mission marker task sends one reserved brave to marker one (67.239781ms)
✔ mission-one ordinary marker guard patrols and answers nearby enemies (124.51311ms)
✔ campaign markers remove the bridge head on the native phase, independently of routing (102.820509ms)
✔ campaign counters track allocation and remaining head gifts through gameplay (160.584927ms)
✔ worship decays without followers and continues at full spell stock (204.792954ms)
✔ vault discovery follows worship, door, entry and exit tasks (241.947555ms)
✔ vault allocation preserves the current order when the shared pool is full (128.757388ms)
✔ original discovery messages follow script phases, persist and reset (105.400627ms)
✔ partial building queries consume their mode once and marker triggers bypass worship (35.760654ms)
✔ original opening runs before object turn 72 and its independent flyby clock can be interrupted (115.8586ms)
✔ native outcome phases honor campaign opponents, forced results and defeat recovery (349.31508ms)
✔ tribe gates suppress scripts and AI while object turns and eligible cooldowns keep their native phases (364.69343ms)
✔ emergency casting preserves queued work and preacher responses keep their own payment rules (70.2581ms)
✔ mission-one AI casting uses the live shaman state and cast-block flags (315.285053ms)
✔ live spell scans use population thresholds and building territory with delayed overlap recovery (52.812975ms)
✔ original campaign stops Dakini Blast casting after its second allocation (193.139595ms)
✔ campaign attack commitment follows living warrior counts on its original turn (250.791627ms)
✔ mission-one Dakini launches its native attack route when Blue enters marker three (176.27615ms)
✔ mission-one Dakini launches its later building attack when Blue overwhelms it (218.83698ms)
✔ mission-one Dakini pursues a fallback shaman by exact command target (33.803663ms)
✔ computer attack exhausts native scans and retreats below its surviving-member threshold (0.514807ms)
✔ computer attack pool exhaustion skips hostile dispatch and retires through native empty scans (92.193469ms)
✔ queued training keeps its selection lock until issuing the order and frees its slot after arrival (0.660757ms)
✔ mission-one red AI queues exact task 6 below one warrior and executes live training (127.189291ms)
✔ mission-one red AI does not reserve a second brave already committed to warrior training (41.381701ms)
✔ external game store publishes edits and restarts without sharing worlds between sessions (272.139587ms)
✔ mission-one victory continuation creates and restarts the recovered mission-two world (302.011566ms)
✔ mission-two Totem route reaches the Tornado guidance and use instruction (1166.60546ms)
✔ mission-two enemy marker orders nearby Matak defenders to counterattack (222.038226ms)
✔ game store checkpoints restore an isolated exact world snapshot (93.424388ms)
✔ computer recruitment preserves wrapped-distance ties and native command eligibility (0.745682ms)
✔ group orders share references and release their object only after the final follower leaves (0.838978ms)
✔ AI reservation enters native selection state and releases through the normal person initializer (1.248491ms)
✔ training order startup uses configured speed and preserves only a compatible building occupant (1.049683ms)
✔ native training queue yields to an untrained follower and releases its new head (2.743029ms)
✔ live followers reach rotated native doors before entering buildings (685.273878ms)
✔ building admission preserves native slot order, training activity and shared commands (1.819166ms)
✔ training replaces a whole batch, inherits the first occupant order tail and rolls back partial allocation (1.365028ms)
✔ live mana refunds wait for a pulse and computer training receives only the original first pass (33.520888ms)
✔ follower mana uses native preacher orders, registration and ghost flags before tribe scaling (65.877437ms)
✔ live spell reach follows terrain height and enemy casts require and spend native mana (131.719594ms)
✔ native casting lockout survives animation and computer usage recovers one charge at a time (45.467297ms)
✔ spell targeting preserves native cell allowances and wrapped coordinate seams (76.309821ms)
✔ native spell scans retain slots and Blast scoring avoids friendly concentrations (42.355114ms)
✔ defeat seeds native building collapse and staged damage ejects occupants before removal (78.203159ms)
✔ building display stages follow remaining work and retain separate complete meshes (30.834162ms)
✔ results preserve pending turns, collapse defeated settlements and reject new orders (354.03256ms)
✔ result camera crosses the world seam, releases input and retains native sky timing (8.868169ms)
✔ victory owns persistent native followers, drops cargo and pauses logical animation (89.43914ms)
✔ live blocked followers retain native detour steering and recovery timers (38.432648ms)
✔ live celebrants obey native walk masks and survive the legacy ground-height cutoff (41.33404ms)
✔ live completed-building footprints relocate and clear on removal (33.548712ms)
✔ live native cell order follows arrivals and removes dead records (60.73075ms)
✔ live cell insertion repairs a stale head left by a removed person (0.257893ms)
✔ dead vehicle passengers release their slots and driver position (36.99068ms)
✔ live native preparation consumes reroutes and completes slow turns and reactions (26.228985ms)
✔ interrupted victory followers resume through native orders and rejoin celebration (30.262223ms)
✔ native idle approach composes with shared state and original resting animation (28.889178ms)
✔ native resting ownership allocates distinct slots and compacts after a follower leaves (28.848675ms)
✔ native route reuse shares ownership and live celebration releases each follower (58.149297ms)
✔ native route construction retries expired failures and stores the original bounded path (28.093452ms)
✔ native path search packs a trimmed route and preserves distinct vehicle retry flags (58.993396ms)
✔ native wrapped route smoothing respects blocked steps and measures retained segments (63.786975ms)
✔ native obstacle solving builds a world-seam detour and rejects a blocked destination (68.391694ms)
✔ native planned routes use the recovered solver and advance shared followers to their goal (37.964094ms)
✔ native boarding checks the first boat and landing requests reserve distinct original search cells (1.097492ms)
✔ live native routes release query ownership, expire failures and walk low shoreline (120.261186ms)
✔ live followers share routes, advance before exact arrival and release every owner (105.375989ms)
✔ hut families are selected once, shared with shapes and retained through upgrades (51.221405ms)
✔ mission-one low population response assigns and releases persistent shaman escorts (123.620107ms)
✔ shaman escort uses native pursuit cadence and strict boundaries (0.665409ms)
✔ Mission 5 Boat worship emits its original one-shot tutorial (275.690068ms)
✔ Mission 5 grants, boards, sails, lands and checkpoints its original Boat (331.593823ms)
✔ Ghost Army casts, spawns native ghosts, accepts orders, vanishes in combat, and follows AI (617.241507ms)
✔ world-view terrain matches captured native mesh order, projection and lighting (203.473345ms)
✔ overview drag/release matches native snapshots and every star-parallax step (3.547656ms)
✔ overview morph timing matches the original complete lifetime snapshots (1.220535ms)
✔ Ctrl starts followers immediately, appends shared waypoints and ordinary click ends the sequence (587.536577ms)
✔ eighth Ctrl click and Alt final click deselect without cancelling issued orders; right-click ends staging (217.218131ms)
✔ queued ground movement preserves every turn, RNG, poses and footprints at 5–240 Hz and irregular frames (1238.762446ms)
✔ continued queue allocation failure retains issued orders, and an ordinary replacement releases them (84.128625ms)
✔ an enemy-person order waits behind a waypoint and advances when its target becomes unavailable (346.443826ms)
✔ ground waypoint handoff uses each playable class default initializer (287.547129ms)
✔ ordinary person turns apply native follower and Shaman healing without reviving excluded units (103.637449ms)
✔ live health adapter preserves airborne/state exclusions and combat status flags (60.965031ms)
✔ each original healing model receives exactly one recovered increment on the eighth turn (55.507131ms)
✔ a follower injured by the shipped missing-building release path later heals on an ordinary turn (38.782668ms)
✔ healing follows simulation turns across speed, refresh cadence, irregular frames and pause (678.347798ms)
✔ checkpoint migration preserves the next native healing turn (35.448698ms)
✔ building admission clocks match captured native blocks (16.519757ms)
✔ followers visibly cross the native interior threshold before housing consumes their command (1807.504972ms)
✔ simultaneous arrivals respect hut capacity and cancellation releases the scoped animation and route (288.801553ms)
✔ hut slots remain authoritative through a departure, replacement and birth turn (136.856083ms)
✔ fire interrupts entry without retaining its walking sprites or command record (117.066908ms)
✔ staged entry positions, RNG, admission and sprite clocks are independent of rendered frame rate (1000.489495ms)
✔ entry re-plans interrupted steering and releases its source when the hut becomes unavailable (116.919652ms)
✔ passive housing mirrors existing health without becoming an active eligibility owner (154.991673ms)
✔ physical departure retains the exact passive person during death and building destruction (442.188684ms)
✔ public departure exposes the stored person at removal and consumes passive ownership (154.076396ms)
✔ new passive checkpoints retain their owner while absent and malformed fields remain legacy (239.809957ms)
✔ failed new entry allocation retains passive ownership and reissue does not bootstrap a resident (156.042253ms)
✔ pre-admission Shield and Bloodlust expire on the stored passive person after checkpoint migration (288.478194ms)
✔ pre-admission Invisibility expiry keeps the existing player and enemy render masks inside (518.991578ms)
✔ defeated original-tribe Hypnotise expiry clears only the passive status flag (154.192819ms)
✔ ordinary death retags the passive hypnotised person before exact slot removal (123.376564ms)
✔ resident departure refreshes only selection bit128 from the current selection (252.77354ms)
✔ full-Hut evacuation removes each exact passive person without corrupting neighboring slots (123.37629ms)
✔ scaled native panel and bottom-row digits remain above the modern footer (2.471315ms)
✔ HUD keeps preferred manual sizes and the original nominal auto steps when they fit (0.287222ms)
✔ HUD extraction retains the page client-component directive (1.262455ms)
✔ HUD selection and focus match captured original commands without changing other person fields (13.658534ms)
✔ HUD controls add followers without stealing simulation ownership or replacing marching orders (224.04407ms)
✔ building menu waits through delayed false images before continuing (18.62484ms)
✔ building menu exhausts its existing 30000 ms scope without continuing (307.948821ms)
✔ building menu propagates failed texture acquisition without retrying (4.114603ms)
✔ building hover Mission 1 waits through delayed false images before continuing (5.598634ms)
✔ building hover Mission 1 exhausts its existing 30000 ms scope without continuing (312.5915ms)
✔ building hover Mission 1 propagates failed texture acquisition without retrying (3.886343ms)
✔ building hover Mission 2 waits through delayed false images before continuing (5.134827ms)
✔ building hover Mission 2 exhausts its existing 30000 ms scope without continuing (297.547088ms)
✔ building hover Mission 2 propagates failed texture acquisition without retrying (2.740476ms)
✔ worship Tutorial waits through delayed false images before continuing (5.387776ms)
✔ worship Tutorial exhausts its existing 30000 ms scope without continuing (486.948572ms)
✔ worship Tutorial propagates failed texture acquisition without retrying (3.529136ms)
✔ worship Mission 1 waits through delayed false images before continuing (8.499696ms)
✔ worship Mission 1 exhausts its existing 20000 ms scope without continuing (191.018785ms)
✔ worship Mission 1 propagates failed texture acquisition without retrying (2.450706ms)
✔ repeated helper calls acquire the replacement document image (4.635984ms)
✔ only literal true permits readiness, never a truthy observation value (0.81751ms)
✔ late true is rejected after the awaited read settles, without another observation (2.019079ms)
✔ the last pause fits the deadline and no read starts after it (2.669563ms)
✔ invalid wait bounds fail before reading (0.789168ms)
✔ shaman health fill follows native integer bounds and absent/overfull cases (7.82494ms)
✔ HUD atlas metadata matches the PNG and contains every imported sprite (4.784212ms)
✔ portrait backgrounds and shadow-free directional layers match native captures (4.256714ms)
✔ tooltip bitmap placement and wrapping match the original desktop controller (79.24824ms)
✔ mana production stripes follow native rates, warning bands and controller modes (9.723783ms)
✔ live mana estimation uses the simulation clock and follows charging toggles (288.390381ms)
✔ follower counts, icon placement and housing fill match native HUD controllers (15.075333ms)
✔ population readouts exclude dead followers and reserve the shaman allowance (131.46342ms)
✔ one ordinary group training click shares one immediately attached registered owner record (929.415209ms)
✔ AI Hut admission keeps its existing empty-order adapter lifetime (191.893753ms)
✔ one remaining command slot accepts the complete ordinary training group (169.558206ms)
✔ an exhausted ordinary training click has no deferred allocation retry (141.222464ms)
✔ ordinary training cancels all selected queues before eligibility and before allocating (126.631152ms)
✔ full after selected cancellation reports failure and does not keep the old order (124.338462ms)
✔ blocked prior entry with an exhausted pool detaches its empty order without initialization or retry (155.225659ms)
✔ training replaces registered fight, flight and blocked queues without restarting their motion (148.890704ms)
✔ ordinary training restarts selected state14 through the packet previous-state zero (132.509652ms)
✔ reissuing training retains approaching, waiting and resident owners without duplicating references (135.970038ms)
✔ checkpoint preserves shared training aliases and cancellation releases only the selected member (412.893908ms)
✔ death and target destruction release the shared ordinary training references exactly once (363.049797ms)
✔ legacy computer-team checkpoint migration retags a valid passive admitted person (383.556868ms)
✔ hut birth clocks and destinations match captured original calls (5.836159ms)
✔ live newborns leave the hut and keep native birth feedback and gates (218.583938ms)
✔ hut smoke uses descriptor attachment slots, independently of resident capacity (3.949265ms)
✔ hut occupancy producer samples real occupancy every 32 building turns (0.517816ms)
✔ partial root uses the native 16-visit visible lifetime and restart draw (0.292148ms)
✔ full root is persistent and does not invent the unresolved child-puff phase (0.195821ms)
✔ all supported residential hut capacities switch partial to full at their native capacity (0.249205ms)
✔ visual frames stay on the recovered 16-frame sequences (0.223337ms)
✔ immediate occupancy events preserve capacity, phase and same-mode root identity (1.446701ms)
✔ drain elapsed old-root visits before an off-phase event without backdating the new root (2.129554ms)
✔ listeners are transient, identity-scoped and released through material disposal (0.87672ms)
✔ multiple presentation consumers unsubscribe independently without resetting each other (0.214641ms)
✔ live command8 owner publishes authoritative entry/removal for Hut level 1 (379.591968ms)
✔ live command8 owner publishes authoritative entry/removal for Hut level 2 (202.48133ms)
✔ live command8 owner publishes authoritative entry/removal for Hut level 3 (113.202986ms)
✔ ordinary Mission2 admission includes the new smoke root in that turn’s effect visit (6894.557301ms)
✔ pre-building occupancy removal receives one first visit, including counter wrap (352.947336ms)
✔ out-of-turn allocation survives pause; commands while paused remain rejected (378.125139ms)
✔ new-root completion is identity-scoped and one-shot for same-turn transitions (0.303538ms)
✔ batched turns and repeated rendering preserve the native first lifetime (461.315172ms)
✔ turn completion callbacks are clock-specific and are discarded on a failed turn (56.7671ms)
✔ observer forwards each original render receiver, arguments and exact result without a synthetic call (3.321198ms)
✔ observer propagates the exact original render exception and never takes a successful-frame sample (0.896953ms)
✔ diagnostic identity and readback errors remain bounded without changing original render results (1.559349ms)
✔ observer refuses to overwrite a later renderer owner during close (0.497316ms)
✔ Lightning retires a 3-resident hut root after fire initialization (6955.708245ms)
✔ Lightning retires a 1-resident hut root after fire initialization (203.802179ms)
✔ Lightning retires a 0-resident hut root after fire initialization (150.371232ms)
✔ blocked ignition preserves the completed root and its real residents (106.232229ms)
✔ repeat ignition does not reset fire or mutate surviving children (156.374491ms)
✔ paused restore retires historically saved burning roots while preserving children and legacy completed huts (221.179713ms)
✔ Spy command15 ignition retires the same occupied-hut root (118.278375ms)
✔ actual Hut paint waits for admitted controller visits before its first display (7351.296233ms)
✔ actual animate caller preserves forced tick lifetime, zero-tick frames, pause and camera skips (426.327315ms)
✔ real tooltip renderer does not replace a handled forced expiry with immediate Hut hover (381.419185ms)
✔ existing forced helper retains its public state shape and expiry result (0.82299ms)
✔ composed HUD history, forced overlap and catch-up retain real visit order (338.184027ms)
✔ actual right-button callers retain down/up order and cancel skipped-frame input (312.398214ms)
✔ retained pick geometry rechecks live object data before a due controller tick (332.291536ms)
✔ Hut record adapter preserves reuse, failure retirement, secondary capacity and transient restore (318.090689ms)
✔ retained Hut controls remain usable while hovered or keyboard-focused (362.609212ms)
✔ shared object/cell helpers preserve flags and every existing named-class dispatch (1.990267ms)
✔ a named non-Hut winner cannot allocate the Hut beneath its retained cell (346.208932ms)
✔ pause, dialog, hidden and input-lock guards cancel pending and held browser inspection (323.051489ms)
✔ actual pointer publication retains the existing world geometry cache and refreshes DOM ownership (286.379653ms)
✔ hut maturity and cell timber match captured original calls (3.903538ms)
✔ residents fetch and stage timber before their hut upgrades (1046.172368ms)
✔ Hypnotise uses the native footprint, temporary ownership, expiry, and AI target path (325.032118ms)
✔ scoped Blast text producer preserves entries, is idempotent and rejects mismatched inputs (68.553084ms)
✔ Invisibility marks the native six, does not refresh, and reveals on time or combat (113.388274ms)
✔ player and computer casts share Invisibility application and old saves migrate (202.986508ms)
✔ complete Land Bridge lifetimes match native terrain, ordered trails and notifications (570.072457ms)
✔ live bridge terrain and particle cleanup are identical across refresh rates and stalls (3024.251177ms)
✔ supplied Bridge cast acknowledges effect allocation before terrain work (40.633308ms)
✔ ordinary Mission1–3 startup uses native terrain, authored gates and real conversion (984.367879ms)
✔ native opening excludes Shaman selection, without inventing a casting restriction (169.191205ms)
✔ checkpoint restore resumes every opening stage without replaying terrain/conversion (2897.98655ms)
✔ restart gets one fresh sequence; repeated flyby skip does not replay it (669.619555ms)
✔ only carrier-created stones are obstacles, while legacy sites keep their reservations (78.628556ms)
✔ opening wave, conversion and stone cues preload their existing original samples (9.722554ms)
✔ permitted opening casts enter native state22 and resume command18 without a stuck controller (1607.704062ms)
✔ fresh-load camera follows native cell-edge/center snapping and angle retention (0.799365ms)
✔ the command18 completion turn owns exactly one native person visit (463.683004ms)
✔ permitted state22 interruption and completion retain one counter increment per turn (703.305088ms)
✔ replacement player orders cancel startup before its counter write (296.893697ms)
✔ only the linked neutral startup conversion flash follows its replacement Brave (213.658865ms)
✔ a missing converted Brave does not retarget its flash or shorten the native expiry (154.344256ms)
✔ an invalidated command18 is consumed by the ordinary queue without completing the site (134.529168ms)
✔ original Lightning target gates, inclusive cap, attacker and electrocution phases (3.774214ms)
✔ live Lightning retains victims, displays native shock sprites, scatters survivors and cleans up (205.66776ms)
✔ Lightning outcomes and turn-by-turn poses are independent of rendering cadence (605.067969ms)
✔ live marching uses shared commands, original poses, separate slots and releases interruption/death/arrival ownership (585.952034ms)
✔ marching and resting preserve mechanics, footprints and sprite frames at 5–240 Hz and irregular frames (1176.109135ms)
✔ exhausted command pool preserves the previous movement and group ownership (75.64362ms)
✔ panic retains the real movement command and resumes its route after recovery (145.188391ms)
✔ obstacle recovery replans the owned group order and settles identically at 5–240 Hz (1986.917627ms)
✔ shared ground motion advances a retained route once before any state controller (74.50968ms)
✔ native432260 empty current slot returns before building live order context (25.836592ms)
✔ live append extends the registered fight/flight queues (91.776473ms)
✔ live append replaces the registered fight/flight queues (31.206816ms)
✔ live worship shares an order, occupies exact slots, prays, earns gifts and releases interrupted/dead members (377.174458ms)
✔ live head rewards, displayed standing roster and group selection retain their distinct native rules (192.318951ms)
✔ worship motion, prayer frames, pose RNG and rewards are identical at 5–240 Hz and irregular frames (955.519277ms)
✔ an unreachable head preserves the existing command without entering an unported retry state (75.335654ms)
✔ Ctrl waypoints finish at a stone head without replacing the current route or person (218.978854ms)
✔ training replacements inherit a queued stone-head order and perform the original prayer (188.201142ms)
✔ queued worship preserves turns, poses, RNG and rewards at 5–240 Hz and irregular frames (1523.439651ms)
✔ local launch preserves sandbox and removes all unsafe Playwright defaults (2.632741ms)
✔ CLI accepts separate game root, owned output, browser and bounded settings (0.375372ms)
✔ CLI rejects unknown flags, missing values and unbounded inputs (0.208653ms)
✔ harness preserves the exact side-effect-free source fingerprint export (0.094406ms)
✔ source fingerprint catches dirty tracked and untracked byte drift with unchanged porcelain (150.603831ms)
✔ active scenario completing during timeout diagnostics cannot turn failure into pass (112.561788ms)
✔ active scenario completing during interrupt diagnostics cannot turn failure into pass (9.595906ms)
✔ CLI rejects every Fetch-blocked nonprivileged port and preserves allowed defaults (0.847522ms)
✔ direct API rejects blocked ports before output/profile/server or fetch acquisition (3.472328ms)
✔ readiness keeps first/last retry facts and accepts a real successful response only (15.906138ms)
✔ deterministic nested bad-port failure stops after one fetch and closes only owned server/profile (8.16245ms)
✔ server readiness ceiling bounds pending fetch and retains elapsed failure facts (21.94409ms)
✔ startup ceiling never exceeds overall timeout and also bounds a server that never announces listening (21.782158ms)
✔ startup child exit and interruption use existing terminal cleanup without browser launch (6.611607ms)
✔ readiness diagnostics keep bounded first/last facts without an unbounded retry history (7.768387ms)
✔ ordinary native constructors restore the logical gate without adding interpolation behavior (101.577121ms)
✔ native person and Splash frames wait for logical visits while clear-bit effects keep 24 Hz (110.032839ms)
✔ each catch-up turn observes the prior frame before one post-observer logical advance (69.668541ms)
✔ ordinary owner aliases and a post-turn handoff never advance twice (218.532993ms)
✔ state0 and removed gated sources do not fall through to presentation advancement (103.123178ms)
✔ pause, land pause and speed changes preserve owned logical animation visits (48.456512ms)
✔ legacy save aliases gain the gate without resetting frames or replaying on a new Scene clock (59.339096ms)
✔ a Splash allocated after processing gets one animation visit but no invented lifetime visit (58.351117ms)
✔ morph transitions keep one presentation owner even on coincident logical boundaries (144.37174ms)
✔ Firewarrior descriptor holds are measured in eligible logical visits (54.399633ms)
✔ post-turn source replacement visits only the active record, including at turn wrap (41.425634ms)
✔ direct simulation ticks and presentation calls do not manufacture logical visits (37.984265ms)
✔ marching geometry, recruitment, cleanup, speed and poses replay complete original calls (60.876548ms)
✔ native movement completion preserves payload, seam and vehicle boundaries and four-turn cadence (7.342483ms)
✔ marching cleanup tolerates a member whose native record was already released (1.011616ms)
✔ outdoor and building encounter calls match captured original fields, timing, RNG and sound (31.935906ms)
✔ all playable encounter pairs show the opening strike, physical stagger and defender-centered fight (896.497246ms)
✔ encounters and their animations stay deterministic across render schedules (528.941841ms)
✔ the native skip-intro flag and player cancellation do not leave stuck encounters (141.998804ms)
✔ an encounter releases cleanly when an airborne participant returns to ordinary motion (66.688973ms)
✔ live fights refresh the first native player alert each object turn (189.059569ms)
✔ simulation owns quiet, attack and battle music activity across pause and cancellation (69.374718ms)
✔ native fight admission, replacement and splitting retain original slots, flags and RNG (10.986992ms)
✔ stronger reinforcements replace the first weaker ally and preserve a three-person tribe limit (191.136208ms)
✔ two-sided reinforcements split the last fighter of each tribe into a new live fight (107.142788ms)
✔ reinforced group motion and combat remain identical at every render cadence (916.614858ms)
✔ center changes preserve original membership slots for subsequent splits (76.791814ms)
✔ pursuit refresh uses the original inclusive axis threshold and signed coordinates (5.908779ms)
✔ live pursuit updates before reaching the old destination and reuses unchanged routes (825.91984ms)
✔ automatic engagement uses equal tribe ranges, whole cells and original scan cadence (98.332763ms)
✔ native inhibition and pending scans apply without giving idle shamans automatic attacks (37.71911ms)
✔ live move orders cross nearby enemies without the old distance interruption (125.289046ms)
✔ idle followers of either tribe pursue detected enemies at every render cadence (932.447702ms)
✔ group attacks hit busy opponents without restarting their action or facing (8424.352215ms)
✔ Magical Shield does not block native mode-one melee damage (76.208077ms)
✔ opportunistic reach is measured from the opponent slot with an exclusive 360-unit boundary (462.310738ms)
✔ group combat stays deterministic across render schedules and yields to player orders (456.774727ms)
✔ knockback waits for terrain physics to settle and preserves cell ownership (94.839577ms)
✔ hits during knockback survive physics and player orders do not teleport the person (48.828036ms)
✔ sliding recoil, native animation and recovery are independent of render cadence (510.955713ms)
✔ shamans and the native game flag suppress ordinary attack knockback (399.490973ms)
✔ fight sites use the native 32-turn search and retain groups when no site is available (90.510126ms)
✔ fight sites leave original building footprints even between periodic search visits (99.684246ms)
✔ sequential fight searches avoid other fight centers and release exhausted searches (1.281448ms)
✔ live groups relocate sequentially without sharing another fight center (73.526454ms)
✔ native approach reaches its slot from every direction and waits one turn to chase a moved slot (907.770315ms)
✔ approach uses native cell collision and preserves the person across attack, recoil and new orders (71.288711ms)
✔ approach, native animation and subsequent combat stay identical across frame rates (369.429464ms)
✔ native descriptor threshold chooses exact small and large corner dimensions (2.792331ms)
✔ 1x frame overlaps native corners in a 100x96 rectangle, bottom corners last (11.505084ms)
✔ 2x and partial tiles retain exact 1:1 corner/edge pixels and a transparent center (65.973481ms)
✔ frame is a separate overlay and does not change terrain, markers or click ownership (1.55284ms)
✔ minimap pixels, camera wrapping, rotated UVs and markers match native captures (214.197633ms)
▶ Hut witness follows real input, partial Save/Load and a fresh Scene before its first RAF
  ✔ input cleanup uses captured methods and preserves foreign replacements (4.19407ms)
  ✔ a failing capture cleanup still removes bubble input and restores the clock (1.128046ms)
  ✔ partial input installation removes both attempted listeners (1.156427ms)
  ✔ early finish rejects partial work without detaching either owner (3.3823ms)
  ✔ finish rejects foreign callback even when the actual endpoint is valid (1.233115ms)
  ✔ finish rejects captured observer failure even when the actual endpoint is valid (0.646654ms)
  ✔ skipped and duplicate fixed-turn observations are rejected without breaking their caller (1.732325ms)
  ✔ cleanup restores inherited callbacks and preserves a foreign replacement (0.639441ms)
✔ Hut witness follows real input, partial Save/Load and a fresh Scene before its first RAF (6616.851818ms)
ℹ {"evidence":"Node actual advanceGame after successful finish; not browser timing","finishedTurn":597,"restingDropTurn":612,"nativeBefore":{"state":19,"substate":4,"cargo":100},"nativeAfter":{"state":19,"substate":5,"cargo":0},"recoveredLogIds":[1190,1191,1192]}
✔ authored Hut resident reaches shipped dismantle input, partial Save/Load and exact recovery (7768.535692ms)
ℹ {"openingTurn":380,"huts":[{"sourceIndex":41,"id":36,"anchorX":1024,"anchorY":52736,"residents":[1186]},{"sourceIndex":42,"id":37,"anchorX":64512,"anchorY":54784,"residents":[1188]}]}
✔ authored Mission 1 camp Vault owns its separate HFX glow at socket 1 (83.042721ms)
✔ Mission 1 nonzero marker cursor survives checkpoint while legacy state initializes once (63.640417ms)
✔ camp gift presentation preserves the existing hide and unlock timers without touching RNG (284.504794ms)
✔ other campaign sources cannot acquire the Mission 1 camp presentation (69.579709ms)
✔ Mission 10 runs its first Totem deadline and second Totem Erosion sequence (14685.650269ms)
✔ Mission 11 opens with both enemy tribes and four original knowledge sites (242.931247ms)
✔ Mission 11 opponents build their first settlement and scripted BUILD_AT tower on native cadence (12008.264634ms)
✔ Mission 12 opens with all three enemy tribes and original knowledge (120.266948ms)
✔ Mission 12 starts its original turn-7 flyby once (188.622931ms)
✔ Mission 12 opponents request their first Guard Towers on native cadence (463.888096ms)
✔ Mission 12 opening remains deterministic through checkpoint migration (1083.120661ms)
✔ Mission 1 startup initializes zero radius and authored reference membership (181.048611ms)
✔ Mission 2 startup initializes zero radius and authored reference membership (96.964645ms)
✔ Mission 3 startup initializes zero radius and authored reference membership (71.037721ms)
✔ later missions and generic queues do not acquire supported-owner history (52.620574ms)
✔ actual radius visit: empty membership uses unsigned margin (78.777695ms)
✔ actual radius visit: established zero is present (68.750072ms)
✔ actual radius visit: odd base bytes are retained (61.375987ms)
✔ actual radius visit: building high bytes are masked even (50.646546ms)
✔ actual radius visit: axes wrap before squaring (49.627854ms)
✔ actual radius visit: maximum squared distance then square root and halving (53.269388ms)
✔ actual radius visit: whole squared distance precedes axis halving (50.379433ms)
✔ actual radius visit: full candidate is compared before byte storage (62.415612ms)
✔ actual radius visit: candidate 256 writes zero (51.348277ms)
✔ actual radius visit: equal candidate retains byte (50.275418ms)
✔ actual radius visit: smaller candidate retains byte (56.06051ms)
✔ radius maximum scans every saved member and retains valid response targets (47.160815ms)
✔ absence of a base skips accumulation without changing the radius visit (47.81141ms)
✔ radius consumes retained references with current coordinates even after removal (49.937761ms)
✔ actual object turn rebuild admits incomplete class 2, excludes plans and uses shallow references (89.258063ms)
✔ new allocation waits for the next completed object turn (65.626614ms)
✔ an actual Hut upgrade precedes the completed-object membership capture (57.891694ms)
✔ modern checkpoint keeps radius, shared and removed references (60.120926ms)
✔ legacy single-AI checkpoint keeps radius, shared and removed references (65.146157ms)
✔ missing legacy radius with base undefined has an explicit compatibility boundary (50.420891ms)
✔ missing legacy radius with base 0 has an explicit compatibility boundary (51.65347ms)
✔ missing legacy radius with base 32866 has an explicit compatibility boundary (51.233092ms)
✔ malformed radius null stays unknown even without a base (56.412706ms)
✔ malformed radius -1 stays unknown even without a base (60.521321ms)
✔ malformed radius 256 stays unknown even without a base (51.43487ms)
✔ malformed radius 1.5 stays unknown even without a base (55.277774ms)
✔ malformed radius NaN stays unknown even without a base (57.346617ms)
✔ malformed radius 7 stays unknown even without a base (58.505471ms)
✔ missing or malformed membership undefined retains the whole old adapter (57.504792ms)
✔ missing or malformed membership null retains the whole old adapter (57.822335ms)
✔ missing or malformed membership {} retains the whole old adapter (54.835516ms)
✔ missing or malformed membership [null] retains the whole old adapter (57.320763ms)
✔ missing or malformed membership [{"x":null,"z":0}] retains the whole old adapter (62.723037ms)
✔ actual phase-3 construction dispatcher: first base resets known byte (48.820658ms)
✔ actual phase-3 construction dispatcher: first base resets malformed history (45.449349ms)
✔ actual phase-3 construction dispatcher: present zero preserves radius (46.889666ms)
✔ actual phase-3 construction dispatcher: present nonzero preserves radius (46.772048ms)
✔ actual phase-3 construction dispatcher: exact request preserves radius (52.546076ms)
✔ actual phase-3 construction dispatcher: missing plan preserves radius (44.677834ms)
✔ command 1074 admits the inclusive native radius through immediate preaching order (42.253628ms)
✔ command 1074 admits the inclusive native radius through queued preaching order (45.604046ms)
✔ command 1074 rejects the next cell outside the native radius (41.206364ms)
✔ command 1074 preserves present zero radius at the exact base (46.158655ms)
✔ command 1074 preserves established base zero (42.65751ms)
✔ command 1074 absent base uses the loaded origin despite a moved live Shaman (42.765851ms)
✔ command 1074 retains exclusion {"orderModel":3} (39.977049ms)
✔ command 1074 retains exclusion {"disabled":true} (40.80588ms)
✔ command 1074 retains exclusion {"busy":true} (45.298912ms)
✔ command 1074 retains the complete old adapter when established radius history is missing (47.548431ms)
✔ Mission 13 opens with both enemy tribes and original knowledge (130.026227ms)
✔ Mission 13 starts its original Yellow turn-6 flyby once (181.407314ms)
✔ Mission 13 Balloon Hut knowledge is visible before construction (206.684453ms)
✔ Mission 13 Land Bridge uses native surface categories at low shore (52.291553ms)
✔ Mission 13 Balloon Hut repeatedly produces occupied airborne transport (679.230907ms)
✔ Mission 13 opening remains deterministic through checkpoint migration (881.302823ms)
✔ Mission 14 delivers both linked gifts and a castable Angel through shipped paths (1420.482487ms)
✔ Mission 15 ordinary Prison attack frees the captive and cancels the timer (489.295104ms)
✔ Mission 15 timer expiry locks input and kills the captive with enemy Lightning (259.016332ms)
✔ Mission 15 expiry stays latched if the Prison falls before Lightning lands (202.772868ms)
✔ Mission 15 captive Lightning branch requires an enemy caster, not the Prison cell (95.14734ms)
✔ Mission 16 worship grants Bloodlust and live combat consumes its status (705.756291ms)
✔ old checkpoints default Bloodlust stock without disturbing their world (100.807981ms)
✔ Mission 17 grants Armageddon and stages the native arena through the live cast path (1487.89938ms)
✔ Armageddon uses generic victory and defeat outcomes and restores control (1565.627989ms)
✔ Mission 18 loads its authored tribes and grants Armageddon and both Volcano rewards (4714.021519ms)
✔ Mission 18 starts its authored Red marker patrol through normal AI orders (274.492706ms)
✔ Mission 18 Armageddon restores its arena checkpoint and reaches both result directions (3890.165512ms)
✔ Mission 19 loads its authored objective and grants all three worship rewards (1582.465096ms)
✔ Mission 19 Teleport spends only accepted stock and resumes identically from a checkpoint (270.830622ms)
✔ Mission 19 warns once and gives Chumara loss priority over Dakini defeat (657.876871ms)
✔ Mission 2 construction origin through the actual producer (2209.195775ms)
ℹ (node:1283) ExperimentalWarning: Module mocking is an experimental feature and might change at any time
(Use `node --trace-warnings ...` to show where the warning was created)
(node:1283) DeprecationWarning: mock.module(): options.namedExports is deprecated. Use options.exports instead.
✔ moved Shaman retains loaded construction origin after direct ownership (176.322916ms)
✔ moved Shaman retains loaded construction origin after modern ownership (115.335642ms)
✔ moved Shaman retains loaded construction origin after legacy ownership (149.987583ms)
✔ dead Shaman does not substitute the authored outpost for loaded origin (85.207671ms)
✔ missing Shaman does not substitute the authored outpost for loaded origin (69.545086ms)
✔ coincident initial Shaman preserves the existing authored construction request (74.898059ms)
✔ present nonzero base wins unchanged for an explicitly requested housing shortfall (124.776314ms)
✔ present base zero retains the existing adapter no-origin rejection (90.445792ms)
✔ present base and sufficient authored housing suppress construction (77.607551ms)
✔ one idle non-Shaman person does not satisfy construction admission (95.367201ms)
✔ disabled construction state preserves tasks and orders (40.271396ms)
✔ disabled Tower mode retains sufficient-housing suppression (56.040523ms)
✔ occupied construction limit preserves its existing request and startup tasks (34.260961ms)
✔ full real task table prevents producer visits without changing the startup pool (33.910953ms)
✔ authored Tower latch overrides search center while preserving request origin (47.8615ms)
✔ supplied latch-disabled Tower search consumes the loaded request origin (70.265307ms)
ℹ tests 16
ℹ suites 0
ℹ pass 16
ℹ fail 0
ℹ cancelled 0
ℹ skipped 0
ℹ todo 0
ℹ duration_ms 2126.767137

✔ Mission 2 naturally earns Matak kills and launches the organized raid (3285.764836ms)
✔ Mission 2 checkpoints retain kill ownership from the old red slot (50.81754ms)
✔ Mission 2 camp targeting takes the first model match without RNG (49.678206ms)
✔ Mission 2 producer matches native base, loss, capacity and resource boundary cases (755.987316ms)
✔ Mission 2 naturally establishes a new home Tower base and preserves phase3 checkpoint continuation (2461.51471ms)
✔ Mission 2 rebuilds after a real player army destroys both Towers, retaining its first construction base (15045.788577ms)
✔ Mission 2 explicitly trains replacement Warriors after natural combat despite zero producer preferences (13305.996943ms)
✔ Mission 20 loads its authored opening and four-stage linked chain (148.369081ms)
✔ Mission 20 worship consumes each head once and restores the live chain (4052.708018ms)
✔ Mission 21 loads its authored opening and first fault state (169.847673ms)
✔ Mission 21 converts worshippers and seals the first fault across a checkpoint (6308.89078ms)
✔ Mission 21 checkpoints one unsealed first-fault eruption without replay (6103.505856ms)
✔ Mission 22 opens with its solo Shaman, native heads, tribes and transport (125.164554ms)
✔ Mission 22 mode-3 head rejects an injected Brave supporting fixture (140.313836ms)
✔ Mission 22 nearby head is a one-shot presentation with no gameplay reward (336.05068ms)
✔ Mission 22 southern head delivers its delayed 600,000 mana gift after real worship (9377.854898ms)
✔ Mission 22 Shaman can steal, checkpoint and sail the authored enemy Boat (2228.025956ms)
✔ Mission 22 Shaman can claim the authored Balloon and complete the northern mana route (9702.867835ms)
✔ Mission 23 loads its authored tribes, Wildmen and worship chain (146.573267ms)
✔ Mission 23 enemy tribes grow their native settlements and populations (22141.258953ms)
✔ Mission 23 unlocks and repeats the native zero-mana gift through ordinary worship (1796.42174ms)
✔ Mission 3 Convert Wild origin through the actual dispatcher (1565.245721ms)
ℹ (node:1362) ExperimentalWarning: Module mocking is an experimental feature and might change at any time
(Use `node --trace-warnings ...` to show where the warning was created)
(node:1362) DeprecationWarning: mock.module(): options.namedExports is deprecated. Use options.exports instead.
✔ absent-base generic search uses loaded origin after direct ownership (95.978904ms)
✔ absent-base generic search uses loaded origin after modern ownership (104.109721ms)
✔ absent-base generic search uses loaded origin after legacy ownership (66.649229ms)
✔ established base 4112 retains search priority (67.177628ms)
✔ established base 0 retains search priority (113.089558ms)
✔ authored marker99 overrides absent base (74.953989ms)
✔ authored marker99 overrides 4112 base (61.031392ms)
✔ authored marker99 overrides 0 base (51.09149ms)
✔ consumed marker99 does not replace the next generic search origin (71.459834ms)
✔ missing live Shaman still cancels before origin search (43.746477ms)
✔ dead live Shaman still cancels before origin search (30.704542ms)
✔ assigned live Shaman still cancels before origin search (50.133698ms)
ℹ tests 12
ℹ suites 0
ℹ pass 12
ℹ fail 0
ℹ cancelled 0
ℹ skipped 0
ℹ todo 0
ℹ duration_ms 1454.672705

✔ Convert Wild allocation gates state and duplicates without cancelling existing work (2.011007ms)
✔ Convert Wild target retains density, wrap, tie, inclusive radius and list-centroid rules (0.856976ms)
✔ Convert Wild standability preserves initial target and tries only the first24 spiral positions (0.711281ms)
✔ Mission3 active type2 advances after allocation state is switched off (84.016051ms)
✔ type2 timeout clears motion before a blocked state transition and then frees the task (112.222271ms)
✔ type2 reads the active fight person even when its attack animation has no presentation source (38.415792ms)
✔ Convert Wild region lookup normalizes signed browser-native positions to unsigned words (0.512005ms)
✔ type2 casting preserves the real person flags2 readiness gate (32.347062ms)
✔ explicit flight person receives the allocation-safe return order without restarting its state (32.147158ms)
✔ explicit flight return preserves the complete world on order allocation exhaustion (42.400394ms)
✔ cast-ready flight-owned Shaman receives the type2 post-cast return on the same person (31.515262ms)
✔ type2 range reads actual signed person height rather than terrain beneath it (32.947546ms)
ℹ {"terrainHeight":146,"personHeight":896,"terrainRange":14,"personRange":24}
✔ Mission3 Chumara moves, spends its original shot and mana, then stops allocating at the population cutoff (2738.15565ms)
✔ Mission 3 defense completion origin through the actual dispatcher (1438.372441ms)
ℹ (node:1401) ExperimentalWarning: Module mocking is an experimental feature and might change at any time
(Use `node --trace-warnings ...` to show where the warning was created)
(node:1401) DeprecationWarning: mock.module(): options.namedExports is deprecated. Use options.exports instead.
✔ no-target defense uses the loaded origin after direct ownership (112.911113ms)
✔ no-target defense uses the loaded origin after modern ownership (58.432291ms)
✔ no-target defense uses the loaded origin after legacy ownership (57.575331ms)
✔ no-target defense retains loaded origin with dead Shaman (67.425023ms)
✔ no-target defense retains loaded origin with missing Shaman (63.561206ms)
✔ established base 33589 preserves exact uncentered even coordinates (53.292519ms)
✔ established base 0 preserves exact uncentered even coordinates (49.485622ms)
✔ flight-owned assigned non30 member receives return and matching retirement (53.372614ms)
✔ allocation exhaustion preserves people and orders but still advances and retires the task (67.705836ms)
✔ real remaining targets keep phase6 and do not use the return origin (68.655408ms)
✔ cancelled phase6 retires matching ownership without target collection or return (46.742531ms)
✔ no assigned members completes without returning unrelated owners (46.860519ms)
ℹ tests 12
ℹ suites 0
ℹ pass 12
ℹ fail 0
ℹ cancelled 0
ℹ skipped 0
ℹ todo 0
ℹ duration_ms 1341.352439

✔ Mission3 keeps idle follow-ups and area-summary automatic training unreachable (97.063375ms)
✔ ordinary Mission3 allocates a real pre-table response before ordinary production (359.671044ms)
✔ defense allocation preserves native caps, immediate empty-area cleanup and recycled scratch (0.915082ms)
✔ active defense suppression uses strict squared26 and wrapped cell distance (0.586404ms)
✔ native defense no-force fallback is a finite seven-visit lifecycle (1.348453ms)
✔ defense cleanup clears only matching assignment and native flag bits while preserving another lock (75.967561ms)
✔ lost early defense targets are invalidated before a different task dispatch (41.199767ms)
✔ defense Blast uses signed active-person height for native and flight-owned Shamans (134.365616ms)
✔ defense Blast reads active native, flight and non-presented fight positions in both range directions (188.911887ms)
✔ defense target collection preserves category caps, rejection rules and the omitted last spiral cell (1.419546ms)
✔ ordinary Mission3 intrusion produces a real type8 fallback, cleanup, repeat and checkpoint continuation (2810.447755ms)
✔ ordinary Temple acquisition and Preacher intrusion recruit a real Chumara defender with orders and movement (6015.254826ms)
✔ Mission 3 guard return origin through campaign command1103 (1889.462922ms)
ℹ (node:1432) ExperimentalWarning: Module mocking is an experimental feature and might change at any time
(Use `node --trace-warnings ...` to show where the warning was created)
(node:1432) DeprecationWarning: mock.module(): options.namedExports is deprecated. Use options.exports instead.
✔ absent base uses loaded origin with a moved Shaman after direct ownership (91.681643ms)
✔ absent base uses loaded origin with a moved Shaman after modern ownership (72.044992ms)
✔ absent base uses loaded origin with a moved Shaman after legacy ownership (61.516056ms)
✔ absent base retains loaded origin with a dead live Shaman (35.680031ms)
✔ absent base retains loaded origin with a missing live Shaman (26.926883ms)
✔ present base 33589 wins and preserves uncentered even masking (43.651054ms)
✔ present base 0 wins and preserves uncentered even masking (26.814647ms)
✔ state33 queued order30 is replaced through the actual host (25.219939ms)
✔ immediate non30 suppresses queued order30 (37.134238ms)
✔ immediate cancelled30 suppresses queued order30 (32.213853ms)
✔ state17 person or order remains untouched (29.447736ms)
✔ cancelled person or order remains untouched (28.885139ms)
✔ non30 person or order remains untouched (31.453253ms)
✔ dead person or order remains untouched (30.204117ms)
✔ other-tribe person or order remains untouched (224.631691ms)
✔ full pool preserves a genuinely eligible immediate guard (58.658029ms)
✔ full pool preserves a genuinely eligible queued guard (204.426315ms)
✔ returned order survives a modern checkpoint and repeated command1103 is a no-op (46.471774ms)
✔ direct Mission2 caller retains its existing live-Shaman fallback (30.903318ms)
ℹ tests 19
ℹ suites 0
ℹ pass 19
ℹ fail 0
ℹ cancelled 0
ℹ skipped 0
ℹ todo 0
ℹ duration_ms 1778.548975

✔ Mission 3 naturally trains a Blue Preacher, converts an authored Brave and resumes its mid-conversion checkpoint (4257.76942ms)
✔ a real movement command cancels the naturally acquired Blue sermon without converting its listener (3583.837376ms)
✔ natural Mission 3 conversion follows elapsed game time across display schedules (7802.240064ms)
✔ Mission 3 opens through original Chumara, Swarm, Temple and Erosion paths (4108.47451ms)
✔ single Preacher selector preserves native first-near/band order and strict distance boundaries (4.174794ms)
✔ single-person strict19 boundary, wrap, mode0 and invalid mode match native cases (0.570913ms)
✔ type11 waits for selection ownership and cancellation safely releases state14 and slot (116.456262ms)
✔ duplicate raw payload and failed allocator preserve native selection side effects (92.624021ms)
✔ Preacher allocator preserves native five-slot/state/signed-count boundaries (1.011367ms)
✔ 1103 replacement preserves all person/order state on allocation exhaustion (72.670792ms)
✔ natural Chumara training reaches marker3 Preacher task, checkpoint phases and movement (5950.635229ms)
✔ complete128-turn block preserves strict gates, command ordering and message lifetime (1.929128ms)
✔ 1103 retargets only active order30 in native state10/33 without restarting state (242.976072ms)
✔ cancelled blocked-state Preacher resets motion before the native state gate (50.369616ms)
✔ Mission 3 warns once when a naturally trained Chumara Preacher starts converting a Blue Brave (6848.357481ms)
✔ Mission3 authored raid allocation matches original: nominal accepted fixture (4.689848ms)
✔ Mission3 authored raid allocation matches original: state20 disabled (0.246847ms)
✔ Mission3 authored raid allocation matches original: one active raid reaches authored cap1 (0.122825ms)
✔ Mission3 authored raid allocation matches original: all ten slots occupied by other tasks (0.148535ms)
✔ Mission3 authored raid allocation matches original: only final slot free (0.191288ms)
✔ Mission3 retains loaded Shaman origin for loaded-cell-shaman-moved (7.574777ms)
✔ Mission3 retains loaded Shaman origin for loaded-cell-shaman-absent (0.358241ms)
✔ Mission3 retains loaded Shaman origin for loaded-cell-shaman-moved after checkpoint (0.659212ms)
✔ Mission3 retains loaded Shaman origin for loaded-cell-shaman-absent after checkpoint (0.312051ms)
✔ Mission3 recruitment preserves original common-origin-control (1.793551ms)
✔ Mission3 recruitment preserves original no-base-authored-coordinates (0.30279ms)
✔ Mission3 recruitment preserves original established-base-distinct (0.419452ms)
✔ Mission3 recruitment retains a valid established base at cell zero (0.290793ms)
✔ Mission 3 starts its original recurring-script flyby through ordinary turns (2781.835611ms)
✔ Mission 3 Chumara builds its settlement and trains its first Preacher (2859.690673ms)
✔ Mission 4 starts its original opening flyby once through ordinary turns (1157.264708ms)
✔ Mission 4 teaches training and attack from its original live conditions once (69.848338ms)
✔ Mission 4 converts Wildmen, discovers the Guard Tower, and defeats the Matak (16440.894216ms)
✔ Mission 5 Angel head delivers its linked hostile summon through live worship (550.656672ms)
✔ Mission 5 checkpoint migration upgrades an explicit mode-5 legacy Angel without changing gameplay state (91.983608ms)
✔ Mission 5 checkpoint migration recovers an absent authored mode before upgrading the Angel model (40.707106ms)
✔ Mission 5 checkpoint migration adds only the previously omitted Angel head (107.122753ms)
✔ Mission 5 imports its linked Boat template from the verified native coordinates (2.040843ms)
✔ Mission 5 runs its imported opening flyby once through ordinary turns (1809.804259ms)
✔ Mission 5 launches its original ordinary raid when the player reaches the Angel head (773.01819ms)
✔ Mission 5 launches its surviving Dakini at the player Shaman (184.2693ms)
✔ Mission 5 staffs its original Dakini tower with a Preacher (311.073212ms)
✔ Mission 6 keeps both original opponents distinct through outcome and checkpoints (565.600449ms)
✔ Mission 6 credits each opponent attack task independently (97.805003ms)
✔ Mission 6 low-population survivors counterattack the player Shaman (236.136358ms)
✔ Mission 6 Chumara trains Preachers and launches its first mixed raid (28276.925194ms)
✔ Mission 6 opponents expand and Matak launches its first Warrior raid (41480.026028ms)
✔ Mission 6 ATTACK snapshots the native three-spell payload and keeps old tasks compatible (0.923913ms)
✔ type-20 sixth ATTACK quota selects exactly the tribe Shaman outside the generic selector (0.334718ms)
✔ Mission 6 first Matak ATTACK retains source-derived Land Bridge, Lightning, Blast order (22608.353149ms)
✔ Mission 6 phase-6 task Shaman uses native payment, eligibility, usage and range gates (162.822542ms)
✔ Mission 6 phase-6 task spell uses task target outside Shaman states 25/29 (83.076392ms)
✔ Mission 7 converts Wildmen and grants Invisibility through its original head (1423.650792ms)
✔ Mission8 natural acceptance starts from the shipped seven-person Blue and eleven-person Red roster (103.331167ms)
✔ Mission8 attack staging is a land order for the original party, not a transport or worship prerequisite (83.802112ms)
✔ shared ground → training → destination queues retain identities until conversion and inherit the original tail (1107.779454ms)
✔ shared ground → construction → destination queues retain identity and resume after the crew leaves (183.594941ms)
✔ cancelled, invalid, removed and dead queued builders release command-6 ownership exactly once (631.172698ms)
✔ a waypoint added while trainees are inside preserves occupancy; ordinary hut admission consumes the complete queue (549.12143ms)
✔ unavailable or cancelled buildings advance to the next order; replacement and death release shared references (558.092018ms)
✔ mixed movement, training, inherited orders, RNG and footprints match from 5 to 240 Hz and irregular frames (1560.584378ms)
✔ building order preparation matches complete original CPU calls (3.578634ms)
✔ reinforcements and new encounters retain the same person and resume ground, building and worship orders (1637.221071ms)
✔ replacing or killing a reinforcement releases every retained command reference (331.304795ms)
✔ a displaced fighter retains its queue and a split keeps both followers’ original records (669.395967ms)
✔ combat interruption and resumed orders preserve simulation and poses across render rates (2718.045483ms)
✔ combat removes a waiting trainee from its physical line while retaining its training order (274.70914ms)
✔ native model wave uses half, quarter, eighth strength then resets (73.795551ms)
✔ live waves retain first-hit deformation on resource scenery (1609.218336ms)
✔ move input eligibility matches native category, strict-land and quarter-mask captures (193.038575ms)
✔ blocked move clicks preserve the whole selected group, shared orders, markers and RNG (1466.761908ms)
✔ Markdown sections retain ancestry, repetitions, CRLF boundaries, and ignore fenced headings (21.895843ms)
✔ manifest validation accepts reviewed data and rejects duplicate IDs, missing paths, invalid parity references, and unsafe paths (697.35712ms)
✔ index is deterministic, clean without a cache, ignored when written, and regenerates after source changes (987.701153ms)
✔ index and context reject an indexed source symlink that escapes the repository (578.793769ms)
✔ repository validation requires one current top-level execution-order heading (265.158272ms)
✔ context returns bounded provenance, limitations, checks, and visible source truncation (652.880203ms)
✔ context output saves current JSON and rejects silent option mistakes (1175.825611ms)
✔ preparation is independent of retired local status state (294.141061ms)
✔ native research packets grant only a contract-allowed ignored scratch directory (391.268712ms)
✔ role context carries a validated bounded assignment and explicit overflow (762.881404ms)
✔ reviewer context fingerprints the actual dirty, renamed, deleted, and untracked inputs (222.584658ms)
✔ real mapped evidence excerpts retain their material performance boundaries (9207.118175ms)
✔ Shaman appearance context keeps its complete checks and evidence within the default budget (2210.252513ms)
✔ Followers task context retains complete checks without bloating selection context (1075.687118ms)
✔ plan handles cross-cutting edits, renames, deletions, untracked and unsafe inputs without executing checks (139.745424ms)
✔ audit distinguishes baseline edits and reports out-of-scope, generated, input, untracked, and stale verification changes (255.486118ms)
✔ audit reports a pre-existing baseline change that disappears (155.780661ms)
✔ audit requires exactly one result for every required check (140.282804ms)
✔ blocked verification cannot masquerade as passing and passed results require evidence (136.679204ms)
✔ game server rejects an invalid isolated port (1.489917ms)
✔ preparation captures real baseline and hashes, validates intent, and refuses overwrite (342.819166ms)
✔ verification persists completed checks across interruption and replaces old passes at startup (390.081589ms)
✔ verification replaces a required receipt invalidated by a changed check definition (149.825103ms)
✔ reviewed aggregate coverage executes once, fingerprints covered inputs, and fails closed on script drift (469.967567ms)
✔ orchestration-tests receipts become stale when worker configuration changes (298.239254ms)
✔ repository-check receipts become stale when worker configuration changes (374.788691ms)
✔ verification runs only safe contract checks, records blocking, and detects mutations (634.134603ms)
✔ composed delivered input and natural draw boundaries retain the actual fractional reversal (10.740066ms)
✔ host delay reaching an endpoint is a missed reversal, never a fabricated fractional pass (5.31083ms)
✔ original callback receiver/arguments/result and descriptor are preserved; no draw on installation (1.018832ms)
✔ original thrown object propagates without a success frame; cleanup still restores ownership (0.829001ms)
✔ readback failure stops observation without changing draw returns or inventing a captured PNG (1.211385ms)
✔ changed renderer ownership is not overwritten; listeners are removed and evidence remains readable (0.809787ms)
✔ partial listener installation unwinds only owned resources (0.572675ms)
✔ time and row caps stop observation while the original game continues drawing (34.454456ms)
✔ scenario cleanup uses its captured API and preserves a foreign global replacement (12.688148ms)
✔ ephemeral default stays opt-in; persistent launch keeps sandbox and explicit data-dir (4.166563ms)
✔ unknown personal, noncanonical, existing unmarked and symlink directories fail before adoption (32.921098ms)
✔ symlink ancestor and evidence overlap are rejected (11.592534ms)
✔ an output symlink cannot alias profile data before preflight creates logs (20.93645ms)
✔ exclusive live and unknown locks are never recovered, and failed cleanup keeps ownership (27.438039ms)
✔ normal terminal cleanup retains checkpoint identity across a new exclusive run (38.765096ms)
✔ source/runtime/origin drift cannot silently adopt a game save (57.853752ms)
✔ symlinked source bytes and external or ignored scenarios cannot bypass input binding (37.667802ms)
✔ checker-only correspondence must bind prior run and both exact source identities (33.43926ms)
✔ unverified source and changed terminal ownership remain blocked (21.971542ms)
✔ lease refuses a replaced lock and leaves that owner untouched (15.663795ms)
✔ leftover Chromium ownership and replaced data directory block reuse (33.190733ms)
✔ committed readback is readonly, awaits completion, and hashes typed arrays/Map/Set contents (110.145552ms)
THREE.InterleavedBufferAttribute.clone(): Cloning an interleaved buffer attribute will de-interleave buffer data.
✔ painter centers retain precision and follow position replacement and updates (3.382868ms)
✔ construction caps replace face modes and hidden picking faces emit no material (2.51496ms)
✔ cell render order matches native mixed passes and retained arrival order (87.240496ms)
✔ cell traversal preserves live ordering when a stale chain entry is encountered (0.601183ms)
✔ mixed polygon buckets, reverse insertion ties and raster depths match native captures (2.603975ms)
✔ completed models reject native rear faces and shared side/bottom outcodes (1.242794ms)
THREE.InterleavedBufferAttribute.clone(): Cloning an interleaved buffer attribute will de-interleave buffer data.
✔ shared painter vertices follow attribute edits, splits and replacement (5.538466ms)
✔ native grid mapping matches exact XYZ mapping and rejects split heights or irregular coordinates (0.803353ms)
✔ exact per-file and aggregate byte boundaries admit complete JSON only (7.629437ms)
✔ malformed JSON consumes actual aggregate bytes and cannot leave budget for another file (2.023354ms)
✔ empty, invalid UTF-8 and JSON syntax remain visible read errors (3.196397ms)
✔ growth during read rejects the file after counting bytes (2.390087ms)
✔ truncation during read rejects the file after counting bytes (2.505196ms)
✔ replacement during read rejects the file after counting bytes (1.261291ms)
✔ symlink file and read failure are not parsed or silently discarded (2.730983ms)
✔ directory enumeration stops at remaining allowance plus one before sorting (0.383006ms)
✔ bounded enumeration preserves locale ordering and the exact empty boundary (16.757411ms)
✔ cache probe is limited per root and rejects unexpected shape and symlinks (6.124924ms)
✔ cache directory change during probing falls back to ordinary discovery (2.005871ms)
✔ test-only reductions cannot increase any production bound (0.623861ms)
✔ disappearing nested cache during fallback cannot return an older partial pass (10.29767ms)
✔ an initially absent orchestration root remains empty evidence (0.843461ms)
✔ valid large unrelated sidecar fits the reviewed discovery budget without tainting receipts (179.160173ms)
✔ large newer failed attempt remains visible and suppresses old pass (177.79612ms)
✔ large newer unknown attempt remains visible and suppresses old pass (135.152574ms)
✔ verified binary compile caches do not exhaust receipt traversal (1618.799443ms)
✔ cache-shaped directory preserves candidate new.json (1.931539ms)
✔ cache-shaped directory preserves candidate unexpected/new.json (1.696481ms)
✔ malformed large JSON remains a discovery warning (22.61344ms)
✔ existing raw-log, generated-report and symlink exclusions stay intact (1.041896ms)
✔ chunk boundaries preserve exact selected values and whole raw digest (56.831948ms)
✔ escaped root names are decoded, nested duplicates retain JSON.parse semantics (6.161484ms)
✔ JSON fields cannot spoof the reader projection mode (1.306981ms)
✔ discarded values still require complete strict JSON through EOF (25.502078ms)
✔ number grammar and retained values match JSON.parse without coercion (5.367883ms)
✔ exact byte, token, depth, key and metadata ceilings are enforced before overflow (12.510172ms)
✔ aggregate metadata and token budgets include every streaming file (11.847222ms)
✔ grammar token accounting is invariant across chunk boundaries (4.770691ms)
✔ time budgets fail closed for both the stream and the full traversal (3.875541ms)
✔ a final full-object read crossing the traversal deadline cannot return evidence (1.858014ms)
✔ streaming growth cannot yield metadata (1.099797ms)
✔ streaming truncate cannot yield metadata (1.05753ms)
✔ streaming replace cannot yield metadata (0.551472ms)
✔ streaming remove cannot yield metadata (0.755268ms)
✔ streaming same-size cannot yield metadata (1.629688ms)
✔ streaming rejects symlinks and read errors and cannot raise its bounds (1.980749ms)
Automatic parity report unavailable: unsupported capability definition version

999 !== 1

✔ missing receipt and missing original comparison are unknown, never inferred from old status (1.747145ms)
✔ fresh passed receipt qualifies; input, definition, runtime and field-list changes invalidate (0.263651ms)
✔ failure wins over old pass and timestamp ties; new completed pass can recover (8.079098ms)
✔ blocked, skipped, not-run, incomplete, mismatched exit and aggregate produce no pass (0.294602ms)
✔ extra receipts never add credit; deleting bindings retains known requirements; output deterministic and escaped (2.312456ms)
✔ actual input capture invalidates fixtures/dependencies/source, ignores unrelated file, never captures aggregate (581.889204ms)
✔ real command receipt automatically gains binding, report and history; scope changes retain history (501.0447ms)
✔ receipt records source drift as invalidated and cannot credit changed behavior (309.776704ms)
✔ browser outcome needs independently owned source provenance, not just local hashes (198.759146ms)
✔ refresh failure invalidates an existing current pass without rewriting history (121.796184ms)
✔ person and controls report bounded observations and require the full clean tested tree (10.672952ms)
✔ raw stream, source, runtime, launch and result substitutions fail closed for both bindings (22.235103ms)
✔ person candidate expectation and real lifecycle continuity are required (5.868217ms)
✔ controls require six real stages, clean proofs and identical bounded loaded projection (4.129626ms)
✔ latest failed, interrupted or unsupported attempts suppress older passes; ties prefer failure (3.216659ms)
✔ discovery selects the actual scenario/variant, excludes baseline and helper-only receipts, retains malformed attempts (22.403592ms)
✔ Blast observations add no requirement, browser-case or paired parity credit (2.151315ms)
✔ parity declarations fingerprint their executed tests and both owned adapters exactly once (1.986948ms)
✔ historical reference preserves missing native attestation and supplied ground setup even on a matching tree (1.681966ms)
✔ historical comparison rejects count-only, skipped, duplicate and unrelated named output (1.780387ms)
✔ historical reference binding rejects substituted identities, drift and filtered selection (3.339912ms)
✔ newer unsupported, interrupted or failed selected comparisons cannot fall back to an older pass (0.603445ms)
✔ reference discovery needs an explicitly selected comparator, not helper input hashes (4.371306ms)
✔ historical original-reference detail cannot enter any capability or inflate coverage (2.402247ms)
✔ ordinary observed pass is current only on matching clean source, historical otherwise (4.119253ms)
✔ malformed, interrupted, source-drift, sidecar and seeded substitutions fail closed (8.653364ms)
✔ failed and incomplete newer attempts cannot hide behind an old pass (1.592405ms)
✔ ordinary observation cannot double-count checkpoint or earn original/save parity (1.243571ms)
✔ a newer syntax/source check is not discovered as an ordinary gameplay attempt (16.616174ms)
✔ an explicit Spy scenario is excluded despite pinning early-missions as a helper (6.667558ms)
✔ oversized unrelated result is completely inspected without tainting a smaller receipt (1934.289904ms)
✔ oversized newer failed receipt retains late metadata and suppresses an older pass (2097.882799ms)
✔ oversized newer unknown receipt retains late metadata and suppresses an older pass (2016.219868ms)
✔ oversized newer invalidated receipt retains late metadata and suppresses an older pass (2174.780972ms)
✔ oversized owned attempts still warn before any adapter can credit old evidence (1837.819675ms)
✔ malformed trailing bytes after an oversized apparent noncandidate remain a warning (1759.432158ms)
✔ oversized contract preserves exact measurements and invalidates an outcome mismatch (2194.107149ms)
✔ oversized malformed owned options retain the source fallback for scripts/local-render/early-missions.mjs (2198.147619ms)
✔ oversized malformed owned options retain the source fallback for qa/blast-ordinary/controls.mjs (2693.754637ms)
Unrecorded ledger change: run parity:record with a note
✔ parity credits verified scope only and rejects misleading or untraceable assessments (54.277612ms)
✔ report-only rendering refuses unrecorded parity progress (473.052807ms)
✔ verified requirements advance a fixed checkpoint share without hiding unknown scope (25.445695ms)
✔ assessments expose small gains and regressions without crediting scope revisions (42.937433ms)
✔ browser supervisor verifies cleanup after a missing checker dependency (380.633994ms)
✔ browser supervisor does not start the checker while the server port refuses connections (1200.939292ms)
✔ browser supervisor verifies cleanup after a checker exception (334.823996ms)
✔ browser supervisor classifies server spawn failure and verifies empty cleanup (12.922724ms)
✔ browser supervisor stops the checker when the ready server exits (698.512208ms)
✔ browser supervisor SIGTERM includes a detached checker descendant (1033.835192ms)
✔ concurrent submitters and controllers preserve FIFO without overlap (1742.971055ms)
✔ failed and timed-out jobs release before automatic next job (1844.800987ms)
✔ cancel running and queued jobs without running queued command (1231.535088ms)
✔ missing cleanup blocks handoff, recovery requires a fresh matching receipt (1328.980781ms)
✔ live detached child prevents next test and is never killed by the queue (1252.332845ms)
✔ controller crash retains lock; recovery refuses live owner or job (1472.806479ms)
✔ foreign or missing execution scope cannot prove a controller stopped or authorize recovery (940.218621ms)
✔ legacy active jobs remain unknown even with no controller lock (764.886396ms)
✔ paused submissions start no transient controller before recovery (855.12085ms)
✔ source drift and busy ports block commands without touching existing server (737.936257ms)
✔ all linked worktrees resolve the same queue; invalid specs never launch (488.557912ms)
✔ submission preserves PATH under an ESM temp parent and returns one compact result (1927.024747ms)
✔ concurrent identical retries share one unfinished job; completed work can run again (1729.895629ms)
✔ run exposes a recovery ID before caller interruption; retry keeps the running job (1000.890479ms)
✔ person panels preserve native command traversal, health and original draw submissions (9.993246ms)
✔ person-panel lifetime matches native refresh and remains independent of render rate (2.808826ms)
✔ order focus matches native targets and follows the displayed queue record (1.069741ms)
✔ destination marker preserves native attachment, frames and lifetime at every render rate (366.387259ms)
✔ panic and personal fire trails retain original timer, sound, anchor and allocation decisions (17.419445ms)
✔ burning huts eject running followers with distinct panic and trail lifetimes in all orientations (768.974002ms)
✔ panic motion, animation and fire trails are independent of presentation frame rate (400.402885ms)
✔ native building flames traverse matching cells in order, including repeated sockets and failed allocations (45.82718ms)
✔ live flame-cell adapter preserves protected followers, immunity, tribe and hidden occupants (32.932688ms)
✔ real Lightning ignition reaches nearby surviving followers before occupant evacuation (45.610611ms)
✔ ordinary clicks replace only new selections; Ctrl toggles and blocked clicks preserve the group (3.410193ms)
✔ selection never creates a simulation owner or interrupts existing group orders (212.280332ms)
✔ all native single/group selection voices and pointer acknowledgements are ready before audio activation (9.236771ms)
✔ worship placement preserves native two-pass search, occupancy, route order and failure flags (9.187172ms)
✔ worship command preserves native approach, prayer, retry and presentation RNG decisions (7.226313ms)
✔ ordinary stone-head visits expire the standing-slot cursor at the native byte timer (1.400136ms)
✔ construction-plan entrances, approach and timed attack sequences match native execution (22.194206ms)
✔ player append matches native shared references, cursor wrap, full queues, eligibility and pool exhaustion (29.931855ms)
✔ ground, building and forced-final worship modifiers and eighth-order deselection match complete native player packets (0.815027ms)
✔ replacement preserves prior orders when the shared pool is full (0.985854ms)
✔ sprite pointer brackets match native palette, two/four-layer geometry and unsigned animation wrap (5.237002ms)
✔ automatic32 matches the accepted retained-person native ownership delta (81.858892ms)
✔ secondary scan includes an adjacent diagonal cell outside movement3 primary range (34.18446ms)
✔ automatic32 rejects no enemy without an adoption or persistent write (48.537588ms)
✔ automatic32 rejects outside secondary square without an adoption or persistent write (52.509897ms)
✔ automatic32 rejects enemy already listening without an adoption or persistent write (63.30782ms)
✔ automatic32 rejects enemy workFlags occupied without an adoption or persistent write (36.638628ms)
✔ automatic32 rejects enemy workFlags absent without an adoption or persistent write (29.533189ms)
✔ automatic32 rejects enemy ownership absent without an adoption or persistent write (29.613795ms)
✔ automatic32 rejects enemy detached with stale membership bit without an adoption or persistent write (30.620818ms)
✔ automatic32 rejects enemy owned state absent without an adoption or persistent write (30.02552ms)
✔ automatic32 rejects enemy owned flags4 absent without an adoption or persistent write (30.744166ms)
✔ automatic32 rejects enemy owned vehicle absent without an adoption or persistent write (29.253962ms)
✔ automatic32 rejects enemy owned disguise absent without an adoption or persistent write (32.424651ms)
✔ automatic32 rejects same tribe without an adoption or persistent write (27.080755ms)
✔ automatic32 rejects reverse alliance without an adoption or persistent write (30.170136ms)
✔ automatic32 rejects allocation exhaustion without an adoption or persistent write (30.289436ms)
✔ automatic32 rejects unknown source speed without an adoption or persistent write (29.826704ms)
✔ source-only alliance does not replace the native reverse direction (25.090447ms)
✔ stationary active17 blocks a replacement sermon (37.047884ms)
✔ stationary active31 blocks a replacement sermon (27.796832ms)
✔ stationary active32 blocks a replacement sermon (32.641648ms)
✔ a moving sermon remains eligible for automatic32 (29.598563ms)
✔ cancelled immediate order does not fall back to queued stationary sermon (28.96439ms)
✔ native primary veto protects a generic miss: water (31.255951ms)
✔ native primary veto protects a generic miss: state23 (35.142024ms)
✔ native primary veto protects a generic miss: unknownWorkFlags (35.371309ms)
✔ native primary-chain coherence veto protects a generic miss: missing live owner (42.508706ms)
✔ native primary-chain coherence veto protects a generic miss: dead live projection with positive native life (49.288868ms)
✔ native primary-chain coherence veto protects a generic miss: projected inside flag differs (35.158343ms)
✔ native primary-chain coherence veto protects a generic miss: projected invisibility differs (27.687409ms)
✔ primary21 still shares with the eligible same-tribe peer (30.194366ms)
✔ fresh initiator is adopted and registered once (52.916808ms)
✔ fresh initiator preserves ownership on exhaustion (32.389404ms)
✔ model32 reuses point preparation without altering default model3 or unchanged flags (0.377297ms)
✔ native conversion delay uses the recovered 200/3 timing basis (2.285951ms)
✔ a full order pool does not stop a moving Preacher without attaching its sermon (101.13051ms)
✔ inside command 31 binds its building and uses the native five-cell sermon radius (94.343259ms)
✔ conversion moves a newborn outside a building footprint before centering it (84.303748ms)
✔ sermon poses preserve native multi-turn RNG timing (46.827309ms)
✔ an idle preacher sermons, converts by replacement, and releases listeners on a new order (538.570982ms)
✔ preacher conversion is independent of display refresh rate (707.932303ms)
✔ queued command 31 rewrites to friendly building entry or ground movement (60.54456ms)
✔ live sermon selects original source176 with the shared cosmetic RNG and returns on its logical boundary (301.534326ms)
✔ source176 checkpoints preserve active ownership, phase and RNG without a second birth (179.651709ms)
✔ live sermon selects original source184 with the shared cosmetic RNG and returns on its logical boundary (125.573608ms)
✔ source184 checkpoints preserve active ownership, phase and RNG without a second birth (108.72927ms)
✔ live entry and loop setters restore first-frame delay and loop assignment without clearing other bits (81.0704ms)
✔ unsuccessful gesture decisions advance the shared cosmetic stream once without taking simulation randomness (157.523837ms)
✔ a paused logical clock preserves an active gesture and presentation visits do not advance it (90.657965ms)
✔ flight and encounter owners suppress the detached sermon animation; ordinary movement supersedes it (174.598973ms)
✔ live blue sermon for player tribe0 requests cue51 with its actual owner (135.196756ms)
✔ live red sermon for player tribe0 requests cue189 with its actual owner (107.98027ms)
✔ live red sermon for player tribe1 requests cue51 with its actual owner (130.014441ms)
✔ newly acquired listeners do not retroactively request a sermon cue (72.506365ms)
✔ both sermon cue families have actual sample preload coverage (0.67523ms)
✔ the live order dispatcher shares gesture ownership across commands17/31/32 (245.043965ms)
✔ live active preaching reaches emergency Blast priority (117.105548ms)
✔ live active preaching reaches emergency Swarm fallback (64.463822ms)
✔ live active preaching reaches emergency Lightning fallback (38.198883ms)
✔ emergency preaching response excludes no active assignment (39.782483ms)
✔ emergency preaching response excludes no live person record (48.920712ms)
✔ emergency preaching response excludes same tribe (51.948304ms)
✔ emergency preaching response excludes allied tribe (64.681284ms)
✔ emergency preaching response excludes invisible preacher (48.761969ms)
✔ emergency preaching response excludes caster cooldown (39.352438ms)
✔ emergency preaching response excludes no ready spell entry (41.551673ms)
✔ emergency preaching response excludes paused target scan (48.920499ms)
✔ emergency preaching response excludes no spell payment (46.673362ms)
✔ emergency preaching response excludes stored Lightning below its mana cost (36.191382ms)
✔ the independent enemy-Shaman response still spends stored Lightning without mana (32.432819ms)
✔ terminal command17 entry flag and all three composed phases match the frozen native record (5.538094ms)
✔ phase4 restart selects the native standing family without using route-cleaning stop (0.517172ms)
✔ phase4 pure stop preserves route ownership and cached-path state (0.327582ms)
✔ shared phase4 stop retains queue/building fields without command32 expiry (0.570957ms)
✔ a following command still releases and returns before the new restart stop (0.41109ms)
✔ terminal mode0 turning now preserves the retained native RNG outcome (0.341065ms)
✔ shared sermon timer boundary: mode0 before cutoff (0.96074ms)
✔ shared sermon timer boundary: mode0 at cutoff (0.336705ms)
✔ shared sermon timer boundary: mode1 entry before cutoff (0.326896ms)
✔ shared sermon timer boundary: mode1 entry at cutoff (0.401046ms)
✔ shared sermon timer boundary: mode1 expiry before cutoff (0.730426ms)
✔ shared sermon timer boundary: mode1 expiry at cutoff (0.31138ms)
✔ shared sermon timer boundary: mode2 before cutoff off the decision counter (0.18398ms)
✔ shared sermon timer boundary: mode2 at cutoff off the decision counter (0.2039ms)
✔ shared sermon timer boundary: mode2 above cutoff (0.200337ms)
✔ shared sermon timer boundary: bit2 suppresses mode0 below cutoff (0.467964ms)
✔ shared sermon timer boundary: bit2 suppresses mode1 below cutoff (0.183865ms)
✔ shared sermon timer boundary: bit2 suppresses mode2 below cutoff (0.215121ms)
✔ shared sermon timer boundary: speed interruption remains outside the timer guard (0.28998ms)
✔ shared sermon timer boundary: flag4 interruption remains outside the timer guard (0.393623ms)
✔ shared sermon timer boundary: flag2000 interruption remains outside the timer guard (0.152423ms)
✔ real five-listener preaching caller preserves the original terminal turning cutoff (99.636005ms)
✔ actual phase6 caller matches retained native captured-combat-timeout (63.819638ms)
✔ actual phase6 caller matches retained native captured-moving-not-settled (31.88879ms)
✔ stopped active sermon settles; its current immediate command owns eligibility (133.646919ms)
✔ state flags require zero speed and do not make stationary attack19 settled (86.919635ms)
✔ a later combat member still forces elapsed after an earlier unsettled member (26.051669ms)
✔ the original airborne timeout bit is consumed from the registered owner (23.501614ms)
✔ unknown owned records stay unsettled; unreleased state33 retains sermon eligibility (69.813713ms)
✔ unknown consumed order fields cannot admit a settled sermon (265.133897ms)
✔ valid immediate sermons never consume an unknown shadowed queue (48.262539ms)
✔ actual raid staging caller controls (2754.477111ms)
ℹ isolated child: inherited NODE_TEST_CONTEXT=child-v8; child context absent
ℹ (node:3727) ExperimentalWarning: Module mocking is an experimental feature and might change at any time
(Use `node --trace-warnings ...` to show where the warning was created)
(node:3727) DeprecationWarning: mock.module(): options.namedExports is deprecated. Use options.exports instead.
✔ established base precedes enabled defence (101.425549ms)
✔ established base precedes live Shaman (80.906818ms)
✔ established cell zero is present (32.691809ms)
✔ absent base uses loaded origin before enabled defence (34.576229ms)
✔ absent base uses loaded origin with defence disabled (31.294545ms)
✔ absent base retains loaded origin without a Shaman (28.531098ms)
✔ quota recruitment receives established base (30.763094ms)
✔ fallback recruitment receives established base (37.124184ms)
✔ below-quota retreat receives established base (66.330441ms)
✔ finished raid returns to established base (49.08843ms)
✔ lost direct target returns to established base (57.618579ms)
✔ outbound target movement stays independent (47.829861ms)
✔ regroup movement stays independent (57.050109ms)
✔ Mission 2 loaded origin with moved Shaman, defence on, direct (46.710899ms)
✔ Mission 2 loaded origin with moved Shaman, defence off, direct (51.478757ms)
✔ Mission 2 loaded origin with dead Shaman, defence on, direct (43.715248ms)
✔ Mission 2 loaded origin with dead Shaman, defence off, direct (54.381877ms)
✔ Mission 2 loaded origin with missing Shaman, defence on, direct (44.287805ms)
✔ Mission 2 loaded origin with missing Shaman, defence off, direct (47.290988ms)
✔ Mission 2 loaded origin with moved Shaman, defence on, modern (51.588308ms)
✔ Mission 2 loaded origin with moved Shaman, defence off, modern (77.664195ms)
✔ Mission 2 loaded origin with dead Shaman, defence on, modern (51.737809ms)
✔ Mission 2 loaded origin with dead Shaman, defence off, modern (58.373273ms)
✔ Mission 2 loaded origin with missing Shaman, defence on, modern (54.409837ms)
✔ Mission 2 loaded origin with missing Shaman, defence off, modern (53.443016ms)
✔ Mission 2 loaded origin with moved Shaman, defence on, legacy (56.970489ms)
✔ Mission 2 loaded origin with moved Shaman, defence off, legacy (56.478211ms)
✔ Mission 2 loaded origin with dead Shaman, defence on, legacy (56.593087ms)
✔ Mission 2 loaded origin with dead Shaman, defence off, legacy (47.727659ms)
✔ Mission 2 loaded origin with missing Shaman, defence on, legacy (50.501311ms)
✔ Mission 2 loaded origin with missing Shaman, defence off, legacy (53.058953ms)
✔ Mission 1 loaded origin ignores moved Shaman (54.320136ms)
✔ Mission 3 staging uses loaded origin before defence (47.071316ms)
✔ Mission 3 checkpoint staging survives missing Shaman (47.479399ms)
✔ Mission 3 legacy recruitment retains loaded origin (82.862943ms)
✔ Mission 3 recruitment retains established base priority (47.673679ms)
✔ Mission 3 established cell zero precedes loaded origin (45.282625ms)
✔ later Mission 5 retains enabled defence fallback (54.290501ms)
✔ later Mission 5 retains live Shaman fallback (48.766603ms)
ℹ tests 39
ℹ suites 0
ℹ pass 39
ℹ fail 0
ℹ cancelled 0
ℹ skipped 0
ℹ todo 0
ℹ duration_ms 2646.918022

✔ phase6 releases the captured living state33 member through the actual dispatcher (85.585844ms)
✔ release retains the actual registered controller and all unrelated Unit ownership (242.348081ms)
✔ substate2 uses byte animationMode at+a8, independently of commandPhase at+aa (111.405134ms)
✔ release preserves known upper membership flags and leaves absent flags absent (104.786327ms)
✔ unknown consumed release fields do not cause partial release or invented zeros (913.679509ms)
✔ failed allocation consumes the sole producer opportunity before a later spawn (145.924958ms)
✔ busy rejection consumes allocation identity but preserves the active wave and saved site (71.052352ms)
✔ site height follows native ground-then-quantize arithmetic (219.290373ms)
✔ mode2 uses native eligibility, panic, descriptor damage and RNG without Swarm filters (881.002189ms)
✔ protected transitions retain repeated native cell hits and consume no panic RNG (64.959752ms)
✔ a wave removes an older in-cell Swamp before it can process in the same turn (88.947707ms)
✔ mode2 cleanup keeps an outside Swamp and the next enemy receives panic (78.237593ms)
✔ ordinary death produces a next-turn wave that outlives successful respawn (634.062764ms)
✔ checkpoints preserve mode2 identity, sites, orbits, terrain and RNG without replay (498.884625ms)
✔ mode2 interrupts the real encounter owner while retaining its person and order queue (101.553046ms)
✔ ordinary Boat and Balloon boarding retain seats and deselect passengers under mode2 panic (271.123759ms)
✔ panic transfers a live building-entry queue and resumes it after expiry (166.888368ms)
✔ ordinary groups settle into native rings, compact on departure and retain status through new orders (1101.795858ms)
✔ group resting positions, facing, gestures and footprints agree at 5–240 Hz and irregular frames (1000.598826ms)
✔ exhausted resting search waits and retries its original anchor through state 10 (83.76435ms)
✔ route probes preserve native building, coast and vehicle endpoint correction (42.650532ms)
✔ failed-route initialization and retries match native fields, timing and ordered consumers (13.738972ms)
✔ disconnected groups stop, retain shared attack/waypoint orders, retry and resume after land connects (509.642684ms)
✔ route-failure notice keeps the original text and retriggers without tutorial history (129.082293ms)
✔ new orders and death release blocked commands; shaman failures use their own original voice (285.687802ms)
✔ blocked groups retry on simulation counters, with identical recovery and combat at 5–240 Hz (1792.03189ms)
✔ blocked building-entry owners resume the same person and finish ordinary admission (211.530276ms)
✔ real command8 full occupancy emits an original-frame child without scene-owned RNG (1282.924386ms)
✔ equal elapsed turns preserve secondary state across frame schedules with no bolt draws (451.208713ms)
✔ legacy missing-history roots bootstrap on first render without inventing past visits (254.179421ms)
✔ full roots copy the allocation byte and defer newly prepended children (2.790158ms)
✔ all byte phases and low-five-bit outcomes use the proved root gate (137.086832ms)
✔ actual UI reservations participate in inclusive gates after the root RNG draw (0.876334ms)
✔ marker expiry and child allocation share the same newest-first traversal (0.955983ms)
✔ children keep their own sixteen visits after the root is removed (0.533666ms)
✔ native free-list reuse and checkpoint reconstruction preserve physical slot ownership (0.65162ms)
✔ panel and preview reservations are derived from live adapter owners (63.533366ms)
✔ legacy marker overflow cannot leave ownerless immortal effects after restore (2.745968ms)
✔ browser capture retains the same live puff across ordinary Pause latency (7.07978ms)
✔ selection terrain mesh matches the executable with documented seven-point fan repairs (803.884725ms)
✔ selection fill/edges/corners retain native visibility, depth, UV and shared-corner ownership (49.13417ms)
✔ Shaman import preserves every prior frame, piece and animation entry (56.345827ms)
✔ actual tribe selects every native Shaman source and eight original directions (2.806218ms)
✔ Shaman idle artwork uses all four distinct original body pieces (0.346364ms)
✔ reincarnation distinguishes tribe bodies from shared spirit sources and layer owners (0.401853ms)
✔ shipped live and effect renderers consume the Shaman selector without changing generic mechanics (0.542561ms)
✔ all 3276 previous occupied sprite rectangles retain their reviewed RGBA (160.733596ms)
✔ real Mission 23 Shaman identity and death heading survive checkpoint reconstruction (514.840504ms)
✔ first and second actual presentation visits display 0 then 1, not 1 then 2 (1343.793229ms)
✔ normal processed phases reset, loop independently of simulation, then freeze and hide (326.925536ms)
✔ new checkpoints retain shown/next frames; legacy checkpoints start at a bounded deterministic frame (112.329214ms)
✔ pause and native land-pause freeze the latch as well as the counter (10.281406ms)
✔ render schedules and effect-only animation cannot change gameplay, either RNG or respawn (5836.633011ms)
✔ ordinary combat death finishes existing wait and respawn without a duplicate effect (326.839503ms)
✔ ordinary Shaman phase1 follows both rising and lowering death-site ground (1075.986011ms)
✔ the last processed phase1 sample survives checkpoint, transition and rise (283.141729ms)
✔ phase0 retains the death height until the first processed phase1 visit (15.331002ms)
✔ a direct drowning-entry fixture rises from its initial height without phase1 resampling (17.583853ms)
✔ model-12 rise freezes the last original spirit frame for all tribes and bearings (5.108374ms)
✔ death-site visibility follows the existing land and drowning lifecycles without changing them (61.608474ms)
✔ earlier body/transition poses retain their existing renderer behavior (6.090015ms)
✔ the live caller applies the bounded presentation only to model-12 reincarnation effects (0.961031ms)
✔ G queues one shared native guard and repeat replaces it without early preparation (381.843935ms)
✔ G empty selection cancels adopted guards through the next native visit (248.559604ms)
✔ G Shaman-only selection cancels adopted guards through the next native visit (145.113159ms)
✔ native G retains the ordinary move owner and route until its deferred turn (116.158834ms)
✔ same-turn move replacement discards G before the legacy resting initializer (134.376888ms)
✔ same-turn attack replacement discards G before the legacy resting initializer (146.924864ms)
✔ same-turn worship replacement discards G before the legacy resting initializer (158.313721ms)
✔ same-turn entry replacement discards G before the legacy resting initializer (171.796876ms)
✔ pending G replacement survives pause and checkpoint (160.894951ms)
✔ pending G cancellation survives pause and checkpoint (169.800618ms)
✔ G exhaustion still clears and attaches slot zero then retries after cleanup frees a slot (172.178584ms)
✔ target entering a vehicle with inside still null completes the saved guard order (307.291216ms)
✔ ordinary Shaman Tower entry retains Guard and resolves its building outside point (219.471563ms)
✔ actual deferred G setters match native phase vector G-retain-deselect-1-3 (209.62802ms)
✔ actual deferred G setters match native phase vector G-retain-deselect-7-5 (304.028324ms)
✔ actual deferred G setters match native phase vector G-retain-deselect-0-2 (152.257746ms)
✔ protected preparation and passenger early-return retain pending ownership until actual adoption (104.191117ms)
✔ protected cancelled state10 retains ownership until its empty-queue transition really occurs (112.036618ms)
✔ death anchors to the saved Shaman in another cell before cleanup (93.485547ms)
✔ class0 anchors to the saved Shaman in another cell before cleanup (123.67094ms)
✔ vehicle anchors to the saved Shaman in another cell before cleanup (98.90191ms)
✔ cancel anchors to the saved Shaman in another cell before cleanup (132.614062ms)
✔ saved Shaman identity does not retarget when the current Shaman is replaced (198.243201ms)
✔ legacy boolean checkpoints retain their old targetless history until supported fresh input (205.973963ms)
✔ flight single selection retains the entire legacy G operation (180.922744ms)
✔ flight mixed selection retains the entire legacy G operation (139.497927ms)
✔ fight single selection retains the entire legacy G operation (158.551652ms)
✔ fight mixed selection retains the entire legacy G operation (166.345052ms)
✔ entry single selection retains the entire legacy G operation (232.022073ms)
✔ entry mixed selection retains the entire legacy G operation (163.471496ms)
✔ builder single selection retains the entire legacy G operation (109.883594ms)
✔ builder mixed selection retains the entire legacy G operation (170.489569ms)
✔ passenger single selection retains the entire legacy G operation (225.662383ms)
✔ passenger mixed selection retains the entire legacy G operation (184.336293ms)
✔ work single selection retains the entire legacy G operation (136.132811ms)
✔ work mixed selection retains the entire legacy G operation (129.992225ms)
✔ gather single selection retains the entire legacy G operation (130.558115ms)
✔ gather mixed selection retains the entire legacy G operation (139.649551ms)
✔ delivery single selection retains the entire legacy G operation (153.602898ms)
✔ delivery mixed selection retains the entire legacy G operation (211.857325ms)
✔ casting single selection retains the entire legacy G operation (153.998692ms)
✔ casting mixed selection retains the entire legacy G operation (184.021654ms)
✔ legacy single selection retains the entire legacy G operation (127.70275ms)
✔ legacy mixed selection retains the entire legacy G operation (125.561607ms)
✔ legacy path single selection retains the entire legacy G operation (152.584885ms)
✔ legacy path mixed selection retains the entire legacy G operation (123.913483ms)
✔ different route owner single selection retains the entire legacy G operation (123.084138ms)
✔ different route owner mixed selection retains the entire legacy G operation (122.689347ms)
✔ native Brave guards do not fall into legacy automatic housing while near the Shaman (168.271564ms)
✔ G replacement/cancellation have identical turn ownership at ordinary and irregular refresh schedules (202.466688ms)
✔ native G producer: shared-two-followers-repeat-and-partial-replacement / G allocates one shared command30 (17.030564ms)
✔ native G producer: shared-two-followers-repeat-and-partial-replacement / G repeats while both selected (4.765988ms)
✔ native G producer: shared-two-followers-repeat-and-partial-replacement / G replaces only selected first follower (2.33935ms)
✔ native G producer: shared-order-no-follower-selection-cancellation / G creates (4.968758ms)
✔ native G producer: shared-order-no-follower-selection-cancellation / Shaman-only G cancels both adopted guards (2.791326ms)
✔ native G producer: queued-not-adopted-no-selection / G queues (1.892139ms)
✔ native G producer: queued-not-adopted-no-selection / G without non-Shaman selection before adoption (1.953893ms)
✔ native G producer: exhausted-pool-no-old-order / G allocation fails separately for both followers (6.515251ms)
✔ native G producer: exhausted-pool-clear-frees-slot-for-later-person / first failure clears old1, later retry succeeds and third shares (6.314319ms)
✔ native G producer: last-free-slot-wrap-is-shared / G uses last free slot once (7.657488ms)
✔ native G producer: producer-selected-dead-flag / raw selected non-Shaman-pointer still receives command30 (2.40023ms)
✔ native G producer: producer-selected-protected / raw selected non-Shaman-pointer still receives command30 (2.04516ms)
✔ native G producer: producer-selected-airborne / raw selected non-Shaman-pointer still receives command30 (3.106292ms)
✔ native G producer: producer-selected-ghost / raw selected non-Shaman-pointer still receives command30 (1.598853ms)
✔ native G producer: producer-selected-removed-class / raw selected non-Shaman-pointer still receives command30 (1.895921ms)
✔ native G producer: producer-selected-other-model7 / raw selected non-Shaman-pointer still receives command30 (1.765077ms)
✔ native G producer: producer-selected-training-state21 / raw selected non-Shaman-pointer still receives command30 (0.89074ms)
✔ native G producer: vehicle-passenger-selection-retain1 / G selected passengers (1.458012ms)
✔ native G producer: absent-current-shaman-does-not-issue-or-cancel / no Shaman pointer with selected followers (0.928872ms)
✔ native G producer: absent-current-shaman-does-not-issue-or-cancel / restore Shaman and issue (0.809991ms)
✔ native G producer: absent-current-shaman-does-not-issue-or-cancel / no Shaman pointer with existing guards (0.888068ms)
✔ native G producer: stale-shaman-pointer-dead / producer still emits target73 (0.808281ms)
✔ native G producer: stale-shaman-pointer-class0 / producer still emits target73 (0.897964ms)
✔ native G producer: stale-shaman-pointer-vehicle / producer still emits target73 (0.735858ms)
✔ native G producer: saved-target-is-not-rebound-by-tribe-shaman-replacement / G targets original73 (0.962837ms)
✔ native G producer: saved-target-is-not-rebound-by-tribe-shaman-replacement / new explicit G targets replacement74 (0.871506ms)
✔ native Guard distance: near-axis0-delta-824 (0.475228ms)
✔ native Guard distance: near-axis0-delta-823 (0.094614ms)
✔ native Guard distance: near-axis0-delta823 (0.107057ms)
✔ native Guard distance: near-axis0-delta824 (0.218477ms)
✔ native Guard distance: near-axis1-delta-824 (0.324263ms)
✔ native Guard distance: near-axis1-delta-823 (0.057352ms)
✔ native Guard distance: near-axis1-delta823 (0.088882ms)
✔ native Guard distance: near-axis1-delta824 (0.067795ms)
✔ native Guard distance: signed-edge-person32767-target32768 (0.098761ms)
✔ native Guard distance: signed-edge-person32768-target32767 (0.072651ms)
✔ native Guard distance: signed-edge-person0-target32768 (0.066662ms)
✔ native Guard distance: signed-edge-person32768-target0 (0.075732ms)
✔ native Guard distance: signed-edge-person65535-target0 (0.05638ms)
✔ native Guard distance: signed-edge-person0-target65535 (0.042196ms)
✔ native Guard distance: signed-edge-person32768-target33591 (0.039306ms)
✔ native Guard distance: signed-edge-person32768-target33592 (0.036946ms)
✔ native Guard distance: signed-edge-person32768-target31945 (0.069294ms)
✔ native Guard distance: signed-edge-person32768-target31944 (0.084216ms)
✔ native Guard distance: replan-axis0-delta-440 (0.089345ms)
✔ native Guard distance: replan-axis0-delta-439 (0.040635ms)
✔ native Guard distance: replan-axis0-delta439 (0.143925ms)
✔ native Guard distance: replan-axis0-delta440 (0.039544ms)
✔ native Guard distance: replan-axis1-delta-440 (0.03599ms)
✔ native Guard distance: replan-axis1-delta-439 (0.034675ms)
✔ native Guard distance: replan-axis1-delta439 (0.034813ms)
✔ native Guard distance: replan-axis1-delta440 (0.034736ms)
✔ native Guard distance: replan-signed-edge-goal32767-target32768 (0.0374ms)
✔ native Guard distance: replan-signed-edge-goal32768-target32767 (0.03299ms)
✔ M3 resources publish atomically with World and expose immutable shared selections (277.052931ms)
✔ Save and storage restore preserve the bank; Load atomically resets it while restoring the World clock (126.156205ms)
✔ same-resource Restart retains phase and epoch, replaces the World clock, and rejects the old binding (171.185154ms)
✔ same-World Scene replacement revokes only the superseded binding and disposal retains phase (85.385377ms)
✔ missing checkpoints and failed preparation preserve World, resource, and live binding (89.302365ms)
✔ fresh starts, bank changes, and non-normal Restart cannot retain the old epoch (249.215468ms)
✔ M1 c resource survives normal Restart and resets on Load (104.004963ms)
✔ M2 s resource survives normal Restart and resets on Load (138.232263ms)
✔ M3 p resource survives normal Restart and resets on Load (137.110708ms)
✔ M6 c resource survives normal Restart and resets on Load (125.279497ms)
✔ M10 p resource survives normal Restart and resets on Load (129.030708ms)
✔ M4 c resource survives normal Restart and resets on Load (130.125298ms)
✔ the existing nominal clock owns catch-up and visible-pause visits, not draw reads or 24-Hz animation (101.207666ms)
✔ actual M1 building caller shares c animation across all Temple tribes (741.104783ms)
✔ actual M2 building caller shares s animation across all Temple tribes (118.067821ms)
✔ actual M3 building caller shares p animation across all Temple tribes (128.100689ms)
✔ actual M6 building caller shares c animation across all Temple tribes (588.990262ms)
✔ actual M10 building caller shares p animation across all Temple tribes (114.45971ms)
✔ actual M4 building caller shares c animation across all Temple tribes (72.004524ms)
✔ actual non-Blue completion joins the running resource instead of starting a local flame (64.10386ms)
✔ actual acquisition sprite caller preserves M1 and other p-mission companion pixels (623.883928ms)
✔ shared resources do not expand authored building-reward provenance (351.969696ms)
✔ Magical Shield protects six nearby followers for the native lifetime (181.44839ms)
✔ old checkpoints default new Shield stock without disturbing their world (99.138331ms)
✔ normal early mission data selects each original backdrop and both cloud layers (1.751585ms)
✔ same-bank Mission 10 uses the same p sky set without mission-number overrides (0.247854ms)
✔ previous bank d and g sky modes and unhandled banks remain unchanged (0.263628ms)
✔ early mission sky PNGs preserve exact original bytes (7.393191ms)
✔ camera horizons preserve original sky dispatch coordinates and fade (7.186679ms)
✔ continuous sky retains native wind rates and is invariant to segment subdivision (18.297944ms)
✔ spell button artwork, positions and charging fills match native draws (13.003465ms)
✔ all six original Shield/Bloodlust descriptor frames have real atlas rectangles (2.053051ms)
✔ ready, inactive, hover and selected states use the original descriptors, not Unicode or guessed frames (0.669306ms)
✔ authored Mission16 already exposes both sprites without forced availability or stock (160.522184ms)
✔ the original undiscovered spell question mark follows the accepted six-frame append (0.273241ms)
✔ all shipped spell descriptor icons remain available after the append (0.208446ms)
✔ HudSprite no longer substitutes a text glyph and still rejects unknown resources (0.543712ms)
✔ fresh and later missions use the native owned/reward-source/cast-permission precedence (207.688587ms)
✔ restart and checkpoint restore reproduce fresh Mission 1 HUD visibility (156.08808ms)
✔ owned stock wins over the mission-load discovery mask (32.654969ms)
✔ undiscovered art is the native HFX1056 branch and visible-disabled keeps normal art (0.657821ms)
✔ unit atlas retains reviewed tribe/state/direction layers when new models append (264.909137ms)
✔ brave carry animations retain the baked timber body layer (1.275582ms)
✔ Spy input attaches command15 without eagerly planning the outside-point route (320.76066ms)
✔ the first Spy controller visit plans the original non-occupancy mask target once (234.357539ms)
✔ Spy arrival reads signed goal fields and starts the wait only on the next controller visit (124.364295ms)
✔ Spy goal arrival does not wrap across the signed coordinate seam (131.687429ms)
✔ Spy shape targets use all mask cells, rotated edges, wrapping and the outside fallback (0.778344ms)
✔ Spy planning failure falls back outside within the same entry-gated visit (103.982116ms)
✔ Spy approach and armed wait checkpoints retain the registered owner, order and next-visit timing (272.803755ms)
✔ default burst draws match all 32 retained original birth records (2.333222ms)
✔ burst initializer composes with SpellTrail through all 139 retained native visits (8.592954ms)
✔ ordinary Mission 1–3 startup assigns each observed draw to the native angle owner (773.545169ms)
✔ retained original arrival grounds its root before the default height offset (1.174778ms)
✔ ordinary Mission 1 startup births retain the original root height offset (258.670904ms)
ℹ {"level":1,"births":256,"gameplay":2291033406,"cosmetic":1775192911,"effectCounter":129,"nextId":1184,"stoneTurns":[[0,[52,49,48,45,44,41,40,37]],[1,[null,null,null,null,null,null,null,null]]],"phaseHistory":[[1,"0:1,1:4"],[13,"0:2,1:4"],[35,"0:3,1:4"],[52,"0:4,1:4"]]}
✔ ordinary Mission 2 startup births retain the original root height offset (305.682063ms)
ℹ {"level":2,"births":256,"gameplay":661852190,"cosmetic":1775192911,"effectCounter":147,"nextId":1245,"stoneTurns":[[3,[null,null,null,null,null,null,null,null]],[0,[52,49,48,45,44,41,40,37]]],"phaseHistory":[[1,"3:4,0:1"],[13,"3:4,0:2"],[35,"3:4,0:3"],[52,"3:4,0:4"]]}
✔ ordinary Mission 3 startup births retain the original root height offset (258.769457ms)
ℹ {"level":3,"births":512,"gameplay":2772966691,"cosmetic":2096320492,"effectCounter":27,"nextId":2432,"stoneTurns":[[0,[52,49,48,45,44,41,40,37]],[2,[53,50,49,46,45,42,41,38]]],"phaseHistory":[[1,"0:1,2:1"],[13,"0:2,2:2"],[35,"0:3,2:3"],[52,"0:4,2:3"],[53,"0:4,2:4"]]}
✔ observer forwards each original render receiver, arguments and exact result without a synthetic call (3.650795ms)
✔ observer propagates the exact original render exception and never takes a successful-frame sample (0.933342ms)
✔ diagnostic identity and readback errors remain bounded without changing original render results (1.559726ms)
✔ observer refuses to overwrite a later renderer owner during close (0.505061ms)
✔ three captures use the actual same-call state and wait for a moved burst particle (4.185008ms)
✔ pre-Mission discovery binds the owned loading scene without starting or drawing it (1.86731ms)
✔ pre-Mission discovery retains failed guard facts without installing or changing the world (0.721698ms)
✔ closing an unbound pre-Mission observer disconnects discovery and prevents later capture (1.783221ms)
✔ pre-Mission discovery waits for matching refs after the first canvas mutation (0.820006ms)
✔ base149 retains 51 original faces and existing atlas coverage without key model slots (4.170574ms)
✔ authored default149 roots and linked Mission10 Totem select the base mesh (407.847306ms)
✔ spell45, Obelisk8, Angel157 and Vault154 remain outside static149 (104.368378ms)
✔ source qualification rejects ambiguous identity, reward flags, missing links and scenery (38.884921ms)
✔ old null/absent presentation and new checkpoints derive149 without mutating saved state (99.121955ms)
✔ static presentation never replaces a different model or an active morph family (37.052649ms)
✔ only reward-derived model45 sources are initialized; unrelated head families and Vault remain separate (196.603617ms)
✔ enabled idle cycles18native animation visits without followers; hold/refill retain the original counter rules (1.55174ms)
✔ raw keypoints use base45indices/scale rather than endpoint face layout; all18cached outputs are distinct (11.143807ms)
✔ presentation pauses with world and native land pause without touching simulation or RNG (78.943083ms)
✔ normal authored worship earns Bridge stock while presentation leaves the entire gameplay state unchanged (418.435783ms)
✔ exhausted trigger does not remove its independent enabled decorative model45 animation (154.031522ms)
✔ mid-animation new checkpoint keeps phase and old optional-field checkpoint restores safely without rewards (71.331324ms)
✔ multiple heads keep separate state while30/60/120/144Hz and irregular schedules share one animation timeline (653.897981ms)
✔ shipped scene updates ordinary head positions byphase and leaves Vault on the existing path (1.609673ms)
✔ disable and refill within one presentation interval reset once without advancing the clock (0.591838ms)
✔ authored45 constructors retain the original logical animation gate (152.321429ms)
✔ ordinary body frames wait for logical turns without changing the24Hz presentation clock (115.890529ms)
✔ each catch-up controller and observer sees the prior body frame before one logical advance (81.956783ms)
✔ mode4 transition remains exclusively presentation-owned despite the gate bit (58.837746ms)
✔ lazy, post-turn allocated and removed bodies obey the completed-turn boundary (170.214307ms)
✔ legacy body checkpoints gain only the gate and a new Scene clock does not replay a turn (59.008581ms)
✔ disable and refill notifications retain raw phase then reset before their owned visit (54.486083ms)
✔ trigger exhaustion, pause, land pause and turn wrap preserve the separate decorative owner (50.274249ms)
✔ heading comes from the decorative scenery word, never trigger settings or model selection (2.75381ms)
✔ all16bits reach the angle-table mask and a missing producer is not treated as north (0.456172ms)
✔ linking uses the native512-unit cell, first scenery match and toroidal coordinate identity (0.401109ms)
✔ existing negative-Y scene rotation agrees with native heading basis; no camera or global offset is required (1.986515ms)
✔ Vault and unknown scenery keep their original angle; orientation lookup does not mutate saved gameplay (126.255512ms)
✔ both ordinary scene orientation consumers use the same helper; no other angle consumer changes (0.891121ms)
✔ real authored zero and high-byte headings survive the producer while saved trigger fields stay unchanged (287.951063ms)
✔ Swamp scans its native 3x3 footprint and honors victim and terrain gates (2.777173ms)
✔ Swamp uses one RNG draw, scans every fourth visit, and expires at ten kills (0.753519ms)
✔ the thirtieth same-tribe Swamp discards the oldest remaining controller (0.561889ms)
✔ live Swamp casting kills through the ordinary corpse path independently of refresh rate (319.368124ms)
✔ Swarm uses the supplied standalone original insect texture (1.645052ms)
✔ Swarm creation and first controller visit preserve original gameplay RNG and child fields (1.929859ms)
✔ Swarm first live visit allocates children before wandering begins on the second visit (90.435752ms)
✔ Swarm final fifteen controller visits progressively remove children before expiry (1.004772ms)
✔ Swarm reveals disguised Spies on panic and panic-protected non-removal paths (135.487439ms)
✔ confirmed invented generic and Angel success strings are not emitted (286.494903ms)
✔ Swarm follows player and computer cast paths with native insects, victim cadence, and lifetime (289.481949ms)
✔ Mission 2 naturally funds the Matak Shaman and casts Swarm through player orders (4596.18641ms)
✔ original c inputs remain byte-identical and p preserves every unselected atlas pixel/index (43.544074ms)
✔ twelve p sparkle crops retain native dimensions/alpha and pinned DATA-derived RGB (200.176344ms)
✔ Temple collector preserves all147 faces/222 triangles and mode32 fullbright cutout (19.187465ms)
✔ all nine shared selections map world and acquisition UVs without advancing either consumer (0.794103ms)
✔ explicit M3 resource palette owns p sparkle RGB while ghost trails retain their owner (0.367074ms)
✔ all tribe Temple materials validate resource identity and preserve construction admission (0.442715ms)
✔ resource retention compares both bank and model atlas identity (0.138914ms)
✔ authored M3 completion caller hands Temple to the screen after six object visits, preserving grant82 (803.763086ms)
✔ M3 provenance rejects clones, nonlocal recipients and wrong or duplicate authored links (122.994943ms)
✔ actual M3 Temple input reserves its automatic owner synchronously before frontend paint or conversion (11646.563348ms)
ℹ {"temple":1021,"brave":312,"turn":2023,"observed":{"activity":true,"entered":true,"trained":0,"automatic":true,"latched":true,"phase":-1,"reservations":["building-panel:1021"],"visible":false}}
✔ Temple independent controls yield to active training, failed capacity and fresh automatic entry (2127.63041ms)
✔ Temple automatic renewal and phase2 reuse preserve clocks while held controls outlive only the retired record (1253.667531ms)
✔ Temple automatic identity rejects mismatched native class/model and retires a dead owner (1738.504444ms)
✔ public Page Brave contextmenu focuses home while preserving the actual selected Shaman order (10380.431048ms)
✔ maintained minimap view retains an exact rejected geometry and never clicks a covered candidate (11.667096ms)
✔ home focus observation forwards once through capture faults, preserves throws and cleans independently (2.786553ms)
✔ home focus host retains the primary click failure and separate cleanup failure (0.775899ms)
✔ actual Temple dwell, trusted held-input observer and natural expiry complete atomically (4958.688778ms)
✔ actual Page Escape and explicit approach input feed the same record into the real training producer (2783.476091ms)
✔ row overflow preserves its error, detaches actual callers and rejects premature success (2304.243585ms)
✔ actual idle host step composes with maintained input and the observed Scene callers (2336.665132ms)
✔ approach host attaches before actual dispatch and inspects through intervening turns without relocating (2414.455351ms)
✔ approach host attaches before actual dispatch and preserves dispatch failure with cleanup (2391.154154ms)
✔ completed Temple waits for actual first name display to own its manual painter (8339.301394ms)
✔ fresh manual Temple ownership hides existing held controls until its first composed step (2347.640993ms)
✔ Temple explicit held input reuses one record, releases off-target and expires at the existing opportunity (2364.068832ms)
✔ manual Temple admission binds local completed class2/model5, without activity or roster restrictions (2157.710455ms)
✔ Temple manual failure leaves paint hidden and retains explicit feedback and stale-input rejection (2299.402699ms)
✔ actual Brave training callback reuses the manual Temple owner without reset or duplicate reservation (2082.176811ms)
✔ Temple phase2 manual-to-automatic reuse exits without restarting and held controls remain independent (2218.472784ms)
✔ typed Save and first Load publication preserve gameplay and discard manual Temple ownership (2736.915334ms)
Texture load failed: temple-model-p Error: supplied texture failure
    at file:///workspace/scratch/69fd8163d94e/water-shore-animation-20261010/tests/temple-scene-lifecycle.test.mjs:107:19
    at node:internal/process/task_queues:151:7
    at AsyncResource.runInAsyncScope (node:async_hooks:227:14)
    at AsyncResource.runMicrotask (node:internal/process/task_queues:148:8)
Texture load failed: temple-sparkles-p Error: supplied texture failure
    at file:///workspace/scratch/69fd8163d94e/water-shore-animation-20261010/tests/temple-scene-lifecycle.test.mjs:107:19
    at node:internal/process/task_queues:151:7
    at AsyncResource.runInAsyncScope (node:async_hooks:227:14)
    at AsyncResource.runMicrotask (node:internal/process/task_queues:148:8)
Texture load failed: temple-sparkles-p Error: supplied texture failure
    at file:///workspace/scratch/69fd8163d94e/water-shore-animation-20261010/tests/temple-scene-lifecycle.test.mjs:107:19
    at node:internal/process/task_queues:151:7
    at AsyncResource.runInAsyncScope (node:async_hooks:227:14)
    at AsyncResource.runMicrotask (node:internal/process/task_queues:148:8)
✔ actual Scene preload/start/animate/dispose and Page retry respect the current store binding (7470.099552ms)
✔ actual world building caller binds the Temple shader across nine selections without changing source UVs (114.266905ms)
✔ actual training factories reuse all16 meshes and qualify completed Temple animation (142.499375ms)
✔ actual Page async import and rejection callbacks cannot publish from a replaced World before cleanup (156.391546ms)
(node:4071) ExperimentalWarning: stripTypeScriptTypes is an experimental feature and might change at any time
(Use `node --trace-warnings ...` to show where the warning was created)
✔ production Temple renderer hides a live cache, automatic ownership acquires it without paint, then normal retirement deletes it (106.931585ms)
ℹ {"runtimeRoot":"/workspace/scratch/69fd8163d94e/water-shore-animation-20261010","publicHead":"54f19225a6f005fd4c44b894272c1da829ec421d","objectPanelsSha256":"56371081525a9c07a3310ff914d51d53721cbf67291b9a2349a646d59ca05ada","buildingPanelsSha256":"403b2e4e6e77d1a5ef4aeca32646535f14844277c55aa7af45ae1485677cd4f6"}
✔ idle readiness rejects actual visible, focused or hovered cache and leaked owners independently (88.811963ms)
✔ fresh acquisition preserves existing DOM state while rejecting leaked owners and synchronous DOM changes (46.232284ms)
✔ active Temple Save observes post-normalization publication, committed IDB and first Page Load before unpause (1145.809184ms)
✔ fresh store restores committed active Temple and public Load Game publishes before Page unpause (829.264142ms)
✔ full typed digest rejects wrong active training, stored mana, shared orders and iteration order despite matching summary digests (1060.900492ms)
✔ native-dispatch microtasks do not expire capture and Load skips same-World publications (326.871543ms)
✔ publication read or snapshot errors are retained without rejecting the production Save (229.558511ms)
✔ untrusted, absent, delayed and wrong-world publications fail closed without changing public behavior (807.699812ms)
✔ passive observation forwards receivers, retains errors, bounds evidence and preserves foreign ownership on cleanup (102.603313ms)
✔ cleanup failures attempt both resources and installation or target-copy failures leave close usable (94.75609ms)
✔ aborted Save cannot claim committed IDB even though its synchronous in-session boundary exists (237.311868ms)
✔ actual command uses entry.person; snapshots detach before host reads, with bounded fresh-epoch status (105.364308ms)
✔ real training callback precedes real Preacher replacement, full panel progression and release (101.299483ms)
✔ initial active epoch can close only after actual disposal for the Load boundary (50.197031ms)
✔ request original result/throw identity and receivers are preserved (44.988181ms)
✔ foreign method replacement is preserved; other wrappers and listeners still restore (49.261595ms)
✔ record overflow is an explicit incomplete-evidence failure (56.796037ms)
▶ direct lifecycle negatives reject unrelated conversion, replaced owners, bad sequence and leaks
  ✔ loaded activity missing (2.144616ms)
  ✔ loaded hidden cache leak (1.386552ms)
  ✔ final hidden cache leak (1.638755ms)
  ✔ loaded transient owner (1.551877ms)
  ✔ worker still exiting (1.597442ms)
  ✔ wrong trainee (1.43913ms)
  ✔ unrelated occupant (2.220396ms)
  ✔ missing request (1.748207ms)
  ✔ premature record (1.741181ms)
  ✔ replaced record (1.370262ms)
  ✔ bad remaining (1.559904ms)
  ✔ bad phase (1.810405ms)
  ✔ entry transition plus only three held visits (1.561943ms)
  ✔ no held visits (1.320587ms)
  ✔ reservation leak (1.454654ms)
  ✔ latch leak (1.564092ms)
  ✔ DOM leak (1.422132ms)
  ✔ activity leak (1.436971ms)
  ✔ queued occupant (2.006569ms)
  ✔ original still living (1.751985ms)
  ✔ no training increment (1.370532ms)
  ✔ two Preachers (1.5252ms)
  ✔ wrong replacement team (2.907527ms)
  ✔ dead replacement (1.897096ms)
  ✔ target replaced (1.539275ms)
✔ direct lifecycle negatives reject unrelated conversion, replaced owners, bad sequence and leaks (106.68615ms)
✔ fresh request contract rejects wrong model and synchronous gameplay mutation (51.567918ms)
✔ partial installation restores every prior wrapper and pointer listener (41.487604ms)
✔ armed input cleanup failure cannot skip other owned restoration (44.282722ms)
✔ terrain ambience matches complete native ground queues, including empty views and depth ties (8.745769ms)
✔ tree ambience camera offset and wrapped radius match complete native cell visits (3.680567ms)
✔ local lights match complete native allocation, movement and cleanup captures (125.928439ms)
✔ Blast owns immediate terrain light until its ninth turn, preserving occupancy and pause (162.238832ms)
✔ native height notifications retain object order, duplicate visits and touching building flags (12.049458ms)
✔ terrain edits notify nearby plans, revalidate original slope rules and release an invalid plan (165.487161ms)
✔ a large terrain edit indexes live people once while retaining dirty notifications (167.485243ms)
✔ terrain dirtiness resets live steering without replacing its route (91.015817ms)
✔ terrain texture endpoints match original Direct3D triangle submissions (2.993216ms)
✔ model atlas UVs match native texel centers and retain fractional/outside coordinates (6.476353ms)
✔ terrain submission covers the native cell gate across headings and seams (560.236061ms)
✔ terrain copies omit only tiles with no native-visible cell, including seams and expanded bounds (294.841712ms)
✔ timber search matches native cell order, fog, protected stock and two-pass queries (57.084749ms)
✔ shared timber caches match native allocation, expansion, routing, ownership and expiry (187.017832ms)
✔ an exhausted indexed-search pool postpones expansion without corrupting the cache (2.283545ms)
✔ terrain changes recheck nearby timber routes and live Land Bridge reaches the cache (603.887198ms)
✔ live timber cost probes report routes and foreign territory without taking route ownership (102.509105ms)
✔ harvest clocks, transfer, scale and animation match original executable captures (1.816516ms)
✔ delivery waits, timber and construction stages match complete native calls (2.175787ms)
✔ live Tornado releases one loose log at the damaged building before debris allocation (124.880643ms)
✔ live Tornado reuses plan work and retires exhausted buildings through normal turn cleanup (122.255628ms)
✔ live Tornado leaves protected, rejected, unactivated and retired buildings alone (189.714181ms)
✔ supplied Tornado allocation failure keeps work while stage, attribution and debris advance (62.272205ms)
✔ Tornado byte decrement wraps on supplied failure and neutral attacker preserves attribution (44.709561ms)
✔ Tornado compares final stage with the saved stage before emitting debris (50.046887ms)
✔ Tornado exhausted work retires without allocation or post-retirement plan bookkeeping (153.065629ms)
✔ Tornado replays native initialization, lifetime, carry and throw (5.849223ms)
✔ Tornado uses the native building protection and one-draw damage gate (0.867482ms)
✔ live Tornado casts, captures and throws independently of refresh rate (512.811429ms)
✔ tower admission uses rotated tribe sockets, ground membership and original one-shot occupant pose (4021.472782ms)
✔ a tower admits one follower and movement orders preserve elevation until physics resumes (146.613243ms)
✔ tower entry and held animation are deterministic at 5–240 Hz (647.777503ms)
✔ destroying an occupied tower releases its native record and display height (99.882734ms)
✔ a tower Firewarrior autonomously attacks an eligible hostile on the tower cadence (156.758626ms)
✔ tower preachers hand occupancy to command 31 and cleanly leave or die (397.271946ms)
✔ tower panel matches every original one-slot draw trace (8.803583ms)
✔ tower panel selection preserves occupancy; ordinary orders leave without teleporting (731.902751ms)
✔ tower dismantling releases its occupant and only braves perform the work (647.729718ms)
✔ training exit orders match original coastal correction and building precedence (7.082498ms)
✔ training admits five visible residents and places overflow on native rotated queue sockets (964.073711ms)
✔ queue cancellation retains successors and occupant departure reuses the first empty slot (122.322574ms)
✔ checkpoint reload preserves a full training hut and its waiting queue without loss (153.843783ms)
✔ funded training replaces a complete batch, releases references and walks warriors out (153.519341ms)
✔ a funded Temple trains a native model-4 preacher and sends it outside (133.883998ms)
✔ a funded Spy Training Hut trains an original model-5 Spy and sends it outside (210.042124ms)
✔ queue movement, admission, conversion and shared references are independent of render rate (1057.462529ms)
✔ already-trained warriors accept training orders and yield queue priority to new braves (111.204013ms)
✔ training append preserves all70 pre-existing original models, including vehicles (16.365962ms)
✔ all original training types and owners resolve to actual meshes, not Blue substitutes (1.772584ms)
✔ the five recovered training variants retain original geometry, color tiles and all stages (7.742503ms)
✔ authored Mission16/17/22 training assets and identities survive checkpoint reconstruction (377.275459ms)
✔ the live building factory opts into original training selection without tint or gameplay changes (1.424649ms)
✔ camp human group command retains visible admission interpolation (671.550469ms)
✔ camp shared command-8 retains visible admission interpolation (399.476123ms)
✔ temple human group command retains visible admission interpolation (397.014239ms)
✔ temple shared command-8 retains visible admission interpolation (331.322425ms)
✔ spyHut human group command retains visible admission interpolation (262.538085ms)
✔ spyHut shared command-8 retains visible admission interpolation (271.112224ms)
✔ firewarriorHut human group command retains visible admission interpolation (325.160979ms)
✔ firewarriorHut shared command-8 retains visible admission interpolation (342.938546ms)
✔ hidden admission, exit, replacement and explicit placement remain discrete (73.612889ms)
✔ native training panels preserve slots, selection, palette, frames and turn-driven feedback (15.474329ms)
✔ wide charge arithmetic never runs backwards or exceeds its frame at maximum training mana (18.457164ms)
✔ shipped disguise completes aboard Boat, holds and accepts another command (201.214293ms)
✔ Balloon passenger idle entry holds without advancing or consuming orders (102.821364ms)
✔ shipped Balloon disguise configures its command position and completes aboard (125.656664ms)
✔ Balloon raw-coordinate startup wraps payload words and retains unported encodings (56.695998ms)
✔ pending Balloon disguise checkpoint retains command position and resumes once (61.95938ms)
✔ occupied state30 checkpoint resumes countdown without reinitializing motion or RNG (76.901562ms)
✔ ordinary disembark clears vehicle and state30 returns to orders for one visit (56.748144ms)
✔ replacement disguise interrupts pending and partially completed aboard commands (47.742653ms)
✔ fractional reference uses exact rectangle coverage at edges and corners (1.915148ms)
✔ adjacent glyph elements composite their shared fractional edge sequentially (0.34331ms)
✔ disabled opacity combines with coverage while transparent source pixels preserve background (0.336739ms)
✔ source crop and nearest sampling retain native pixels without atlas bleed (0.278979ms)
✔ pinned fixed8 coverage and integer interpolation explain the opaque edge without fitting (0.256158ms)
✔ single-pixel fixed8 rectangles and straight-alpha output retain their separate contracts (0.150096ms)
✔ tree growth and complete replant searches match native captures (19.299005ms)
✔ depleted timber replants after its full delay and grows on its own phase (3413.046046ms)
✔ burning depletion also queues one replant without reviving the old tree (118.386372ms)
✔ authored tree picking reaches the native hover override through the actual frame caller (7399.363918ms)
✔ Tutorial advances through Shaman selection into the authored Obelisk flyby (1657.226295ms)
✔ Tutorial restart recreates fresh script and view state (252.033017ms)
✔ overhead health gauges match native visibility, scaled-pose anchors and 24-pixel fills (1.77325ms)
✔ continuous positions follow captured native body/shadow interpolation (1.591897ms)
✔ every elapsed-time schedule reaches the same displayed position without changing simulation (804.568719ms)
✔ pause, endpoints, placement, entry, conversion and new people never replay stale movement (30.15768ms)
✔ Vault geometry preserves all four source headings and uint16 map seams (3.242227ms)
✔ supplied admission uses occupied Vault cells OR the linked outside coarse cell (466.614208ms)
✔ supplied stale, interrupted, cancelled or unregistered native owners cannot earn Vault work (399.321166ms)
✔ Vault knowledge uses the original class-6/model-2 reward frames and socket (2.110169ms)
✔ Vault knowledge is present only while its authored reward source is active (0.354533ms)
✔ Mission 7 Vault knowledge uses occupied model-18 socket 1 placement (1.40758ms)
✔ authored M3 Vault command approaches its original outside point and earns prayer work there (1133.604887ms)
ℹ {"boundary":"first-phase-1","turn":74,"shaman":46,"target":92,"phase":1,"goal":{"x":58112,"y":30976},"expected":{"x":58112,"y":30976},"goalInsideFootprint":false}
ℹ {"boundary":"phase-2-work","turn":540,"phase":2,"position":{"x":58110,"y":30977},"beforeWork":1,"work":2}
✔ ordinary M3 Vault samples request the panel before replacing the cached count and prayer work (789.026221ms)
ℹ {"boundary":"vault-request-order","firstPositive":{"turn":536,"followers":0,"work":0,"state":10,"command":33},"repeatedPositive":{"turn":540,"followers":1,"work":1,"state":10,"command":33}}
▶ ordinary M3 prayer panel projects its live building socket through the actual scene consumer
  ✔ canonical socket 0, separate from scenery height and reward socket 1 (0.513157ms)
  ✔ retained panel samples freshly changed terrain without a redraw (0.577372ms)
  ✔ renderer-relative edges retain HUD-scale panel clamps (0.453595ms)
✔ ordinary M3 prayer panel projects its live building socket through the actual scene consumer (2496.229424ms)
ℹ {"nativeXY":{"x":58112,"y":32000},"terrain":229,"actualHeight":709,"expectedHeight":709}
▶ authored M1 quarter-turn Vault uses socket 0 in the actual panel consumer
  ✔ authored quarter-turn height (0.374784ms)
  ✔ retained panel synchronizes newer authoritative browser terrain (2.290331ms)
✔ authored M1 quarter-turn Vault uses socket 0 in the actual panel consumer (170.492048ms)
✔ non-Vault scenery retains its own panelHeight in the actual panel consumer (325.446823ms)
✔ Vault frames and quarter turns preserve distinct prayer and reward sockets (0.686217ms)
✔ ordinary M3 prayer opens only from the prior positive count, expires on cancellation and recreates on reissue (1273.940005ms)
✔ Vault allocation rejects full shared capacity without a latch and reuses the same owner without resetting clocks (47.413989ms)
✔ Vault prior1→new0 entry and a long paint expire on the first inactive phase1 visit (177.45624ms)
✔ Vault Save/Load and replacement Scene rebuild only on the next live request; stale disposal preserves the successor (687.567648ms)
ℹ Controlled in-session Save/Load; committed IndexedDB and fresh-page evidence belong to browser QA.
✔ Vault sampler rejects invalid local task owners and requests the sampled linked body rather than the order target (334.252723ms)
✔ authored M3 Vault caller opens before entry and preserves a prayer Save/Load through reward and departure (5454.920924ms)
ℹ {"phase":1,"turn":74,"goal":{"x":58112,"y":30976}}
ℹ {"phase":2,"turn":536,"goal":{"x":58112,"y":30976}}
ℹ {"phase":4,"turn":973,"goal":{"x":58112,"y":32000}}
ℹ {"phase":7,"turn":1038,"goal":{"x":58112,"y":30976}}
ℹ {"phase":9,"turn":1097,"goal":{"x":58112,"y":29952}}
✔ public command replacement cancels approach/prayer work and a later Vault command starts a fresh approach (999.327503ms)
✔ Mission 3 Temple descriptor selects the native HFX identity (96.031463ms)
✔ Mission 3 marker glow owns a saved fourteen-frame cursor on the existing animation boundary (63.786025ms)
✔ ordinary Mission 3 Vault collection preserves payout while changing only world presentation (1981.107284ms)
✔ unrelated Vault and ordinary spell families retain their existing presentation owners (157.22465ms)
✔ a glow born on an animation boundary first displays frame zero before its next cursor (1345.286832ms)
✔ stage observation samples explicit M3 socket0, current terrain and actual DOM without writes (6.135673ms)
✔ wrong DOM height, clamped or indistinguishable alternatives, and screenshot drift fail (14.646228ms)
✔ the reference rejects unsupported authored inputs and preserves absent-panel stages (1.04933ms)
✔ composed old-count request, current-count expiry, reissue and departure retain synchronous boundaries (17.291274ms)
✔ cancellation close, stale Scene and disposal restore exact owners and remove listeners (3.002455ms)
✔ manual, hovered or focused ownership at command33 fails before the long approach (3.480349ms)
✔ record ranges are bounded, overflow is explicit, and foreign callback ownership is preserved (0.824212ms)
✔ maintained input exposes the composed route methods and admits no action after cancellation (3.598986ms)
✔ supplied first-entry goals are installed before phase-1/4/7/9 arrival checks (1372.68558ms)
✔ supplied saved entering-false tasks retain their actual dispatched goal through Load (707.301286ms)
✔ supplied removed Vault target completes without issuing a destination or forcing a reward (164.45429ms)
✔ original class4 mesh selection distinguishes geometry from tooltip IDs (3.080765ms)
✔ vehicle-only import preserves all68 existing model records (22.680085ms)
✔ authored campaign vehicles retain mesh identity across checkpoint reconstruction (274.034409ms)
✔ normal boarding, exit and destruction retain original mesh rather than changing gameplay state (40.943137ms)
✔ the normal Balloon Hut producer creates the original144 appearance (64.106171ms)
✔ the shipped vehicle factory consumes original models, with no custom hull/envelope (0.652349ms)
✔ original vehicle owner textures use adjacent source tiles and retain local UVs (7.206101ms)
✔ Boat travel and exit keep registered passenger object-cell membership current (101.419816ms)
✔ Balloon travel and exit keep registered passenger object-cell membership current (79.11651ms)
✔ same-cell passenger sync preserves one linked membership and never allocates an unregistered person (80.02514ms)
✔ checkpoint clone retains passenger cell identity and wrapped exit reindexes without duplicates (48.648866ms)
✔ live vehicle damage keeps the native owner, special, signed and reset rules (116.011286ms)
✔ Blast reaches live vehicles and native destruction ejects passengers alive (111.742387ms)
✔ vehicle life and destruction survive checkpoint migration and reload (224.585667ms)
✔ success-bearing exit preserves existing public point API and real failure (102.398328ms)
✔ live panel selection only changes native selection flags and preserves unrelated selections/orders/RNG (53.313665ms)
✔ Boat and Balloon unload launch without teleporting, clear orders, and survive occupied/airborne checkpoints (105.615247ms)
✔ unload click rechecks speed, occupancy and terrain after rendered enabled state (39.952844ms)
✔ authored Mission22 Boat and Balloon unload retain launch until a living landing (90.853595ms)
✔ vehicle panel uses native kind9 geometry, disabled raw art and selection overlays (2.560092ms)
✔ raw disabled vehicle sprite alpha is85 while tail remains170 and normal art opaque (0.462008ms)
✔ vehicle selection keeps work on single, expands deselection, and Shift selects blocked mates (0.312629ms)
✔ passenger right-click has inspection semantics, while unload right-click is inert (0.248311ms)
✔ unload readiness refresh clears cached success at speed12 or failed terrain (0.164233ms)
✔ stale unload failure repeatedly clears only current driver orders, without teleporting anyone (0.645955ms)
✔ hover adds a native fill, never a false selected marker; pressed overlays palette130 (0.242164ms)
✔ horizontal viewport expansion preserves native depth and safe projection arithmetic (605.020115ms)
✔ intermediate display footprint fills the observed bird-view cut without changing native camera state (8.466959ms)
✔ added display cells cover safe front-branch projected samples across zoom, rotation and torus fractions (75.657264ms)
✔ display bounds texture and CPU visibility share the same derived rows without feeding camera state (5.313926ms)
✔ visible cells match original traversal at boundaries and wrapped camera centers (1499.779352ms)
✔ Volcano replays its native terrain, emission and disruption lifecycle (8.126475ms)
✔ player and computer Volcano casts share the live controller and old saves migrate (309.750587ms)
▶ authored water callers keep surface coordinates fixed while shared coastal points animate
  ✔ Mission 1 (261.031717ms)
  ✔ Mission 2 (191.401478ms)
  ✔ Mission 3 (130.121416ms)
✔ authored water callers keep surface coordinates fixed while shared coastal points animate (6058.303207ms)
✔ review bundle is independently readable from a non-overlapping local fixture (286.660626ms)
✔ review bundle rejects quoted secret fields and environment-secret files atomically (372.048365ms)
✔ decoded command-receipt stdout and stderr reject escaped secret JSON without exposing values (198.024595ms)
✔ double JSON-string wrappers in stdout and stderr reject secrets without echoing values (164.712929ms)
✔ benign nested JSON strings pass within depth and decoded-byte bounds (125.354849ms)
✔ decoded JSON recursion fails closed beyond depth or total decoded-byte bounds (259.442109ms)
✔ decoded JSON byte boundary accepts exactly the configured budget (156.452834ms)
✔ tracked deletion has an explicit expected deletion identity and rejects tamper or omission (378.54273ms)
✔ real-path canonicalization rejects source aliases and bundle outputs through source symlinks (144.644108ms)
✔ bundle verification is bound to caller-supplied identities and rejects traversal (111.736022ms)
✔ raw command receipts retain source head and complete stdout/stderr (206.384341ms)
✔ command receipts bind dirty source and explicit ignored inputs and invalidate drift (173.223381ms)
✔ receipt CLI preserves repeated input flags and rejects zero-exit input drift (935.280641ms)
✔ a killed foreground wrapper retains unknown state and raw output, never a pass (902.661313ms)
✔ retired status and binding commands are not exposed or coupled to verification (2.427386ms)
✔ live aggregate coverage includes every maintained workflow integrity suite (383.204257ms)
✔ preflight reuses format, lint, and the unchanged context contracts (1.595678ms)
✔ preflight stops on findings or unavailable tools rather than claiming a pass (107.033298ms)
✔ native models 13 and 15 route only completed vehicle workshops into kind 6 (1.969869ms)
✔ Boat House kind-6 panel uses native 136x82 rows and hit targets (1.059305ms)
✔ Boat House work cells fill only at each complete native 100-work boundary (0.825868ms)
✔ Boat House reuses original dismantle and cancel control phases (0.608352ms)
✔ Balloon Hut kind-6 geometry derives 208x82 from native capacity and ten work cells (0.527663ms)
✔ Balloon Hut work cells fill only at each complete native 100-work boundary (0.230813ms)
✔ Balloon Hut reuses the original dismantle and cancel control phases (0.704616ms)
▶ authored scene callers select independent terrain and full ordinary model resources
  ✔ mission 3, landscape p, objects 6 (184.008002ms)
  ✔ mission 1, landscape c, objects 2 (83.079876ms)
  ✔ mission 2, landscape s, objects 2 (87.920114ms)
  ✔ mission 10, landscape p, objects 2 (62.270315ms)
  ✔ mission 5, landscape c, objects 6 (70.797797ms)
  ✔ mission 3, landscape c, objects 6 (controlled unsupported header) (56.48645ms)
✔ authored scene callers select independent terrain and full ordinary model resources (6605.834769ms)
▶ authored bank6 tree reaches lighting, waves, picking bounds and shadow repair coherently
  ✔ mesh is the source-pinned 29-triangle record and wave/light attributes match it (2.9142ms)
  ✔ actual picking reads the selected record including bounds (3.450751ms)
  ✔ actual landscape sync carries bank6 shape1 into repair and clears removal (1.121791ms)
✔ authored bank6 tree reaches lighting, waves, picking bounds and shadow repair coherently (61.040738ms)
✔ supported terrain failure rejects scene readiness and disposed IO cannot attach pixels (160.903722ms)
Texture load failed: atlas-s Error: controlled selected atlas failure
    at file:///workspace/scratch/69fd8163d94e/water-shore-animation-20261010/tests/world-environment-lifecycle.test.mjs:23:77
    at node:internal/process/task_queues:151:7
    at AsyncResource.runInAsyncScope (node:async_hooks:227:14)
    at AsyncResource.runMicrotask (node:internal/process/task_queues:148:8)
▶ Page switches, checkpoint Load, Restart and failed-resource retry bind each new scene independently
  ✔ selected atlas failure blocks readiness; real Page retry loads that resource again (113.06205ms)
  ✔ actual checkpoint Load and Restart reconstruct c and s resources too (345.762724ms)
  ✔ legacy M3 checkpoint retires its stored bank2 footprint before scene readiness (83.757592ms)
  ✔ M3 → M1 → M2 → checkpoint M3 → Restart retains independent frozen scene identities (273.771297ms)
✔ Page switches, checkpoint Load, Restart and failed-resource retry bind each new scene independently (6360.770798ms)
✔ followers cross the former crop and both world seams, then settle at every frame rate (8304.628624ms)
✔ direct attacks take the short route and engage across both world seams (239.816606ms)
✔ live heights and sprite grounding read native terrain outside the compatibility grid (101.480365ms)
✔ mixed picking follows captured native painter ownership and pixel edges (7.779629ms)
✔ live pointer eligibility uses the active record and recorded cell building (859.32294ms)
✔ ScenePicking re-resolves injected overlapping terrain candidates against the current painter command (659.092478ms)
✔ native selector body hierarchy retains all 25 worlds and first-three moons (2.625204ms)
✔ opening campaign availability reflects completion without hiding replay access (0.355973ms)
✔ native controller, particles, palette and ordered draw arguments: companion-seed1 (37.499044ms)
✔ native controller, particles, palette and ordered draw arguments: companion-seed12345678 (15.937451ms)
✔ native controller, particles, palette and ordered draw arguments: companion-initial-pause (10.362758ms)
✔ native controller, particles, palette and ordered draw arguments: companion-mid-pause (8.421018ms)
✔ native controller, particles, palette and ordered draw arguments: spell-3-visible (16.789813ms)
✔ native controller, particles, palette and ordered draw arguments: spell-3-offscreen (12.760365ms)
✔ native controller, particles, palette and ordered draw arguments: spell-4-visible (11.209354ms)
✔ native controller, particles, palette and ordered draw arguments: spell-4-offscreen (8.60963ms)
✔ native controller, particles, palette and ordered draw arguments: spell-12-visible (7.803902ms)
✔ native controller, particles, palette and ordered draw arguments: spell-12-offscreen (9.729295ms)
✔ native spell kinematics and pending transitions: model-3-visible (7.545563ms)
✔ native spell kinematics and pending transitions: model-4-visible (2.690703ms)
✔ native spell kinematics and pending transitions: model-12-visible (8.035226ms)
✔ native spell kinematics and pending transitions: offscreen-bit (4.826079ms)
✔ native singleton replacement and independent pulse: bridge-replaced-at-10 (62.699595ms)
✔ native singleton replacement and independent pulse: bridge-replaced-at-26 (24.661405ms)
✔ native singleton replacement and independent pulse: bridge-replaced-at-30 (14.600502ms)
✔ handoff geometry is an owned snapshot; rendering is read-only and draws the last pulse once (6.75766ms)
✔ structured-clone restores all particles, trails, pending phases, draws and independent pulse (238.488863ms)
✔ spell motion, arrival and retirement do not depend on intervening shared cosmetic consumers (4.819813ms)
✔ native before/after limiter selection owns activation, active and tail deadlines (1.03187ms)
✔ ordinary phase handoff, arrival and next-object payout keep elapsed deadlines across refresh schedules (613.814886ms)
✔ simultaneous authored M1 handoffs use native clone priority without reversing payouts (32.271072ms)
✔ missing geometry consumes one request while world countdown continues without replay (112.243303ms)
✔ arrival suppression and capped stock preserve ordinary payout ownership (181.221395ms)
✔ visible acquisition pause preserves original order without broadening land-bit pause (57.355688ms)
✔ checkpoint continuation retains controller, queue, clock and cosmetic state without initialization replay (137.967334ms)
✔ layout transforms move only draw output and retain raised-body/fallback anchors (0.926099ms)
✔ authored ordinary sources exclude the spell-valued Vault and other missions (3.560796ms)
✔ ordinary shrine completion persists provenance, recipient and creation order (234.935749ms)
✔ generic spell, mana and knowledge gifts do not inherit ordinary eligibility (40.855809ms)
✔ legacy head identity may recover eligibility but an existing gift cannot (42.531746ms)
✔ ordinary Stone Head completion creates the original six-visit acquisition VFX before stock delivery (156.113654ms)
✔ spell-head reward admission preserves native oriented cell ranges and active command eligibility (8.991778ms)
✔ head-group selection shares native occupant flag rules and imported panel heights match the original consumer (1.230844ms)
✔ proved worship modes use their original static models without changing other head families (1.898965ms)
✔ original worship model 8 is the reviewed bank-2 geometry (2.105111ms)
✔ original worship model 157 is the reviewed static Angel-head geometry (0.801379ms)
✔ legacy appearance migration recovers recursive authored modes and preserves existing families (306.637729ms)
✔ linked tutorial mode-3 Obelisk retains its authored mode and model (46.596457ms)
✔ Temple training uses the canonical shape doorway rather than crossing its footprint (71.133494ms)
✔ normal worship approach follows the same canonical stone-head heading as the rendered head (83.138262ms)
✔ legacy Mission22 worship appearance is derived from authored source identity without changing checkpoint state (237.345786ms)
✔ legacy linked mode3 head migrates recursively while root trigger and unrelated state stay byte-for-byte equivalent (50.194465ms)
✔ legacy non-mode3 and Vault heads recover mode without changing their presentation families (59.883507ms)
✔ authored worship lookup uses immutable source fields and agrees for Mission22 and linked tutorial head (107.849614ms)
✔ shipped store load migrates legacy Mission22 before real command-27 Brave admission (248.042163ms)
✔ automatic worship-panel activity is written only by a supported completed mode-0 sample (1.375575ms)
✔ automatic producer keeps unproven families out of the first shipped slice (0.21086ms)
✔ automatic retention reads the last player-specific sample rather than generic follower state (0.126268ms)
✔ automatic retention releases an inactive completed head even after a positive last sample (0.139896ms)
✔ worship panels preserve native progress, recharge, slots and artwork without clipping the second row (22.958357ms)
ℹ tests 1914
ℹ suites 0
ℹ pass 1914
ℹ fail 0
ℹ cancelled 0
ℹ skipped 0
ℹ todo 0
ℹ duration_ms 550564.843606

> populous-first-dawn@0.1.0 parity:check
> node scripts/parity.mjs check

Parity ledger, evidence paths, revision and generated report are consistent.

> populous-first-dawn@0.1.0 orchestration:check
> node scripts/orchestration/cli.mjs check

{
  "status": "passed",
  "checks": 135,
  "subsystems": 11,
  "generatedOwners": 6,
  "unmappedSourceCount": 165,
  "unmappedSources": [
    "app/ambient-sound.ts",
    "app/animation.ts",
    "app/audio-preferences.ts",
    "app/audio.ts",
    "app/blast-wave.ts",
    "app/building-acquisition-drawer.ts",
    "app/building-acquisition-source.ts",
    "app/building-acquisition-triangles.ts",
    "app/building-acquisition.ts",
    "app/building-clearing.ts",
    "app/building-damage.ts",
    "app/building-debris.ts",
    "app/building-dismantle.ts",
    "app/building-occupants.ts",
    "app/building-sinking.ts",
    "app/building-smoke.ts",
    "app/building-terrain.ts",
    "app/celebration.ts",
    "app/chatgpt-auth.ts",
    "app/combat-approach.ts",
    "app/combat-building.ts",
    "app/combat-order-search.ts",
    "app/combat-orders.ts",
    "app/combat-pursuit.ts",
    "app/combat-targets.ts",
    "app/command-context.ts",
    "app/construction-panel.ts",
    "app/convert-wild.ts",
    "app/drag-border.ts",
    "app/drag-overlay.ts",
    "app/earthquake.ts",
    "app/effect-motion.ts",
    "app/erosion-observation.ts",
    "app/erosion.ts",
    "app/firestorm.ts",
    "app/flatten.ts",
    "app/follower-nearby.ts",
    "app/footprints.ts",
    "app/fps-graph.ts",
    "app/globe-renderer.ts",
    "app/globe.ts",
    "app/ground-overlay.ts",
    "app/hud-charge.ts",
    "app/hud-font.ts",
    "app/hud-health.ts",
    "app/hud-mana.ts",
    "app/hud-population.ts",
    "app/hud-portrait.ts",
    "app/hud-selection.ts",
    "app/hut-birth.ts",
    "app/hut-occupancy-smoke.ts",
    "app/hut-smoke-runtime.ts",
    "app/hut-upgrade.ts",
    "app/indexed-search.ts",
    "app/land-bridge.ts",
    "app/layout.tsx",
    "app/level-one.ts",
    "app/level-three.ts",
    "app/level-two.ts",
    "app/live-resting.ts",
    "app/mana.ts",
    "app/melee-encounter.ts",
    "app/melee-engagement.ts",
    "app/melee-groups.ts",
    "app/melee-placement.ts",
    "app/melee.ts",
    "app/minimap-frame-view.tsx",
    "app/minimap-frame.ts",
    "app/minimap-renderer.ts",
    "app/minimap.ts",
    "app/model-faces.ts",
    "app/model-lighting.ts",
    "app/model-resources.ts",
    "app/morph.ts",
    "app/music.ts",
    "app/native-math.ts",
    "app/original-bloodlust.json",
    "app/original-camera.json",
    "app/original-constants.json",
    "app/original-effects.json",
    "app/original-fire.json",
    "app/original-minimap-frame.json",
    "app/original-models-bank6.json",
    "app/original-music.json",
    "app/original-pointer.json",
    "app/original-script-three.json",
    "app/original-script-two.json",
    "app/original-script.json",
    "app/original-search.json",
    "app/original-shapes.json",
    "app/original-sky.json",
    "app/original-skylens.json",
    "app/original-sound.json",
    "app/original-stone-heads.json",
    "app/original-temple-acquisition.json",
    "app/original-tooltips.json",
    "app/original-vault-knowledge-camp.json",
    "app/original-vault-knowledge.json",
    "app/painter-vertices.ts",
    "app/painter.ts",
    "app/path-geometry.ts",
    "app/path-search.ts",
    "app/path-solver.ts",
    "app/person-collision.ts",
    "app/person-idle.ts",
    "app/person-motion.ts",
    "app/person-panel.ts",
    "app/person-physics.ts",
    "app/person-route-recovery.ts",
    "app/person-state.ts",
    "app/preacher-conversion.ts",
    "app/projectile-motion.ts",
    "app/projection.ts",
    "app/resting-slots.ts",
    "app/scene-hud-runtime.ts",
    "app/scene-vault-knowledge.ts",
    "app/scenery-fire.ts",
    "app/secondary-effects.ts",
    "app/selection-raster.ts",
    "app/shaman-death-vfx.ts",
    "app/shared-anibl.ts",
    "app/sky-motion.ts",
    "app/sky.ts",
    "app/special-battle.ts",
    "app/spell-button.ts",
    "app/spell-halo.ts",
    "app/spell-trails.ts",
    "app/spell-visibility.ts",
    "app/sprite-layers.ts",
    "app/stone-head-149.ts",
    "app/stone-head-animation.ts",
    "app/stone-head-orientation.ts",
    "app/swamp.ts",
    "app/swarm.ts",
    "app/temple-art.ts",
    "app/terrain-ambience.ts",
    "app/terrain-light.ts",
    "app/territory.ts",
    "app/tooltip-layout.ts",
    "app/tornado-runtime.ts",
    "app/tornado.ts",
    "app/training-conversion.ts",
    "app/training-hut-appearance.ts",
    "app/training-panel-requests.ts",
    "app/training.ts",
    "app/tree-growth.ts",
    "app/unit-health.ts",
    "app/vault-appearance.ts",
    "app/vault-geometry.ts",
    "app/vehicle-appearance.ts",
    "app/vehicle-routing.ts",
    "app/volcano.ts",
    "app/water.ts",
    "app/workshop-panel.ts",
    "app/world-coordinates.ts",
    "app/world-environment.ts",
    "app/world-initialization.ts",
    "app/world-selector-data.ts",
    "app/world-selector.module.css",
    "app/world-selector.tsx",
    "app/world-state.ts",
    "app/world-tasks.ts",
    "app/worship-appearance.ts",
    "app/worship-panel-activity.ts",
    "app/worship-panel.ts"
  ],
  "cacheRequired": false
}
