
> populous-first-dawn@0.1.0 check
> npm run typecheck && npm test && npm run parity:check && npm run orchestration:check


> populous-first-dawn@0.1.0 typecheck
> tsc --noEmit


> populous-first-dawn@0.1.0 test
> node --test tests/*.test.mjs

✔ live Mission3 adapters rotate an eligible Convert Wild producer behind training (100.20683ms)
✔ producer table preserves singleton priority, one stable pass, and signed counts (0.883806ms)
✔ producer capacity is checked before callbacks and after pre-table allocation (0.558078ms)
✔ checkpoint migration retains producer history and initializes each legacy AI independently (139.332821ms)
✔ authored early producer opportunities record native table attempts without changing later missions (872.847757ms)
✔ Missions1/2 never enable type8 or idle type11/15 response follow-ups (198.59619ms)
✔ ordinary Missions1/2 allocate a real pre-table scan at their first producer opportunity (343.60991ms)
✔ normal first scans finish and repeat without a placeholder reservation (637.372252ms)
✔ ordinary Mission2 movement reaches a real response and resumes the scan checkpoint (552.006175ms)
✔ response allocation preserves native duplicate, disabled, cancellation and exhaustion gates (1.101033ms)
✔ early automatic training requires at least the native school capacity (238.572448ms)
✔ training capacity compares the native signed32-bit available total (0.642725ms)
✔ six followers share ground → area attack → ground orders, destroy the hut and regroup (422.918113ms)
✔ losing an acquired building rescans the area, fights a new person and retains the waypoint tail (206.274466ms)
✔ cancelling a reserved fight releases its reservation and the entire staged tail (102.215954ms)
✔ area targeting distinguishes an unbuilt plan from a partially constructed building (317.333656ms)
✔ arrival voices count approaching followers and fire once when they near the ordered area (296.562638ms)
✔ area approach, combat, arrival voices and queued destinations agree at 5–240 Hz and irregular rendering (952.558635ms)
✔ pausing an unfinished music play preserves enabled sound and later resume (15.674088ms)
✔ late rejection from an older resume cannot cancel the newest playing request (1.003426ms)
✔ a superseded context resume does not submit an extra music play (2.881736ms)
✔ mute cancels pending playback without recreating the background timer (0.629004ms)
✔ dispose cancels pending playback without recreating the background timer (0.97214ms)
✔ the current playback failure still rejects rather than hiding a real media error (1.069766ms)
✔ current context errors propagate, while a disposed request cannot report a stale failure (1.821254ms)
✔ initial enable can finish while paused without turning the sound setting off (1.059981ms)
✔ enable reports cancellation when muted during its pending playback (0.516656ms)
✔ first visit and non-browser rendering keep the existing defaults without writing (2.662988ms)
✔ versioned zero/full volume restores without truthiness fallback or autoplay data (10.769756ms)
✔ malformed, unsupported and unsafe values fall back without overwriting the record (0.819079ms)
✔ only an explicit valid change writes the known preference fields and leaves other storage alone (0.371738ms)
✔ invalid programmatic values never persist or replace the last valid choice (0.460811ms)
✔ denied storage getter, reads and writes are safe session-only fallbacks (7.78776ms)
✔ restoring volumes does not create audio, enable playback, or change audio RNG/reset semantics (0.536755ms)
✔ authored origins survive initialization for all five currently live campaign bridge heads (573.436344ms)
✔ ordinary Mission 2 worship creates the authored crossing and every live terrain turn matches it (1241.609806ms)
✔ legacy migration recovers only missing immutable origins without replaying active terrain (465.481469ms)
✔ pre-activation legacy save and mid-bridge checkpoint continue once at the authored origin (1114.538882ms)
✔ automatic Boat search filters native-ineligible vehicles and boarding shares the driver route (118.231767ms)
✔ music sections and ordinary ambient decisions match captured original execution (19.904138ms)
✔ percussion uses audio timestamps at low/high/irregular frame rates and skips stale starts (6.627708ms)
✔ Blast head reaches impact and native first/last wave visits launch enemies/allies (140.565156ms)
✔ Blast and follower presentation share elapsed time at low/high/irregular refresh rates (661.600181ms)
✔ projectile snapshots preserve pause, wrap and explicit placement without touching unrelated effects (38.379311ms)
✔ original Blast indexed visits, alliances, repeated impulses and damage gates (25.194228ms)
✔ live Blast delays allied launch, retains native flight height and restores commands after landing (144.091614ms)
✔ Blast and landing damage share original shields, protection, attacker and life wrapping (0.549946ms)
✔ wild followers land into their original state 8 without losing the unit (79.113997ms)
✔ a burning airborne follower keeps one panic clock and releases its native pose after landing (40.268236ms)
✔ Boat House launch matches native type-1 computer full ejection (104.500184ms)
✔ Boat House launch matches native type-2 human driver removal with retained occupants (66.281645ms)
✔ maintained checkpoint callsite waits for delayed false reads before reloading (18.506239ms)
✔ maintained checkpoint callsite rejects exhausted false reads without reloading (19.997709ms)
✔ maintained checkpoint callsite closes rejected reads without reloading (3.96427ms)
✔ rendered transport checker independently counts whole mixed-class craft (8.566219ms)
✔ rendered transport checker rejects partial, unrelated, duplicate and wrong-class groups (1.970428ms)
✔ transport pixel oracle retains real device scale and outward clip padding (0.823506ms)
✔ transport oracle preserves fractional scales and detects the old footer/hit failure (6.04884ms)
✔ readiness reads rebind after fresh page reload and on repeated calls (8.011266ms)
✔ readiness wait sequentially awaits false samples before accepting literal true (8.34361ms)
✔ a truthy non-boolean readiness field does not pass the wait (4.853816ms)
✔ read errors propagate and repeated unready samples time out without mutation (22.214075ms)
✔ maintained Mission 4 callsite awaits valid profile completion before continuing and reloading (14.88267ms)
✔ maintained Mission 4 callsite exhausts false reads without starting continuation (40.135757ms)
✔ maintained Mission 4 callsite accepts completion on the last read without a final pause (21.226783ms)
✔ maintained Mission 4 callsite rejects failed opens without starting continuation (1.573842ms)
✔ maintained Mission 4 callsite closes rejected reads without starting continuation (0.902455ms)
✔ maintained Mission 4 callsite closes a database when starting its read throws (2.290749ms)
✔ maintained Mission 4 callsite closes databases with a missing store and fails closed (6.846718ms)
✔ maintained Mission 4 callsite requires literal true before starting continuation (9.825438ms)
✔ building attack phases, entrances, damage and shake match native execution (92.787573ms)
✔ an entirely occupied world cancels special positioning instead of hanging (0.656846ms)
✔ live building assault enters, strikes, shakes and destroys via native damage accumulation (697.836234ms)
✔ occupied building ejects a defender and the same native command resumes after winning (119.192729ms)
✔ building attack mechanics and poses are independent of rendering cadence (908.903411ms)
✔ attacker death releases immediately; target loss rescans the area before completing (225.623732ms)
✔ native defence gate and shaking retain counter cadence, signed lifetime and collapse RNG (2.536667ms)
✔ cancelling or killing an attacker during its defender encounter releases the retained order (336.875751ms)
✔ complete native scenery clearing, shared waits and ownership requests (191.239417ms)
✔ complete native people clearing, shared waits and ownership requests (145.536543ms)
✔ live clearers harvest on-site trees, carry and deposit logs, then move bystanders before allocation (935.803264ms)
✔ clearing pauses without advancing and cancellation releases its native animation and route (170.794978ms)
✔ clearing bushes starts the original fire and retreats before the site is allocated (158.230423ms)
✔ occupant restoration and facing match native captures, including seams and backwards facing (7.496744ms)
✔ live exits retain position and sprite ownership for every building orientation (1939.882427ms)
✔ command cancellation uses shared exit restoration without changing the route start (26.323253ms)
✔ timber hauling matches native phases, movement, reservations, transfers, poses and clocks (32.893156ms)
✔ native building origins, exact ground writes and plan height initialization (253.109079ms)
✔ live rotated foundations use native vertices and preserve surrounding terrain (655.068837ms)
✔ buildings retain distinct terrain handles after long effect-heavy games (24.945445ms)
✔ native descriptor data routes completed huts through kind 7 with resident capacities (0.915234ms)
✔ kind-7 hut rows place occupant and dismantle hit targets from native capacity (1.108224ms)
✔ training charge row keeps existing controls aligned after shared geometry extraction (0.139229ms)
✔ unbuilt plan priorities, validation, allocation and abandonment match native decisions (20.542366ms)
✔ leveling movement, animation, timers, terrain and sound match complete native task 8 (71.384885ms)
✔ live plans retain uneven ground, level visibly and wait for timber and crew clearance (2767.632878ms)
✔ a full shared order pool leaves a new plan unstaffed without leaking ownership (71.929828ms)
✔ simultaneous fetch deposits cap preparation work and preserve surplus timber (92.148449ms)
✔ unattended plans expire and redirected leveling workers release their sprite and route (198.519876ms)
✔ native preparation clears on-site timber before allocation without deleting its resource (207.512511ms)
✔ foundation settling, flooding and dock edges match original executable captures (73.261703ms)
✔ original wet-side tipping, drift, spin and sinking expiry retain complete native trajectories (126.39449ms)
✔ terrain collapse ejects before destruction, retaining its two-turn delay (0.287061ms)
✔ healthy buildings settle without entering repair; deformed and flooded buildings use distinct destruction (1375.065866ms)
✔ complete native cell validity and exact placement feedback (66.955346ms)
✔ placement protects reincarnation stones without a living Shaman and reserves buildings (1295.782355ms)
✔ building activity matches native geometry, clocks, speed, facing and animation requests (36.128432ms)
✔ live builders reach work poses, animate, pause, cancel and finish without stale sprites (392.013587ms)
✔ crews leave finished huts in all four orientations before the plan releases them (2552.56466ms)
✔ player construction orders approach natively and deposit carried logs before fetching (2071.89415ms)
✔ builder admission and stale-slot pruning match complete native calls (21.769518ms)
✔ construction dispatch, repair clocks and departure gates match native plan calls (21.433483ms)
✔ scheduled burning plans panic only unlocked builders on building cells (143.138074ms)
✔ repair smoke footprint and terrain refresh match native cell traversal (8.589503ms)
✔ two live builders dispatch one hauler on the original sixteen-turn phase (429.440247ms)
✔ later construction haulers skip timber reserved by an earlier search (84.323718ms)
✔ timber reservations reopen, drain and release on native transitions (0.243826ms)
✔ live plan capacities, duplicate orders and replacement workers share registration (127.810545ms)
✔ zoom retains native preset bounds and the existing 18-step timer (2.576929ms)
✔ render previews do not mutate native state and meet every committed step across all resolution tables (96.946225ms)
✔ 30/60/120/144 Hz and irregular preview schedules retain duration and every owned native configuration (10.358128ms)
✔ conversion observation requires the native victim-owner and replacement flags without world mutation (1.585751ms)
✔ death, ordinary births, startup conversion flags and enemy preacher ownership are not credited (0.346059ms)
✔ observation resets at mission boundaries and does not infer events across unobserved turns (0.135854ms)
{"label":"fixture","ready":true,"turn":1,"status":"playing"}
{"checkpoint":"mission-2-start","level":3,"status":"won","turn":1,"population":{}}
{"checkpoint":"mission-2-won","level":3,"status":"won","turn":1,"population":{}}
{"checkpoint":"mission-2-result","level":3,"status":"won","turn":1,"population":{}}
{"checkpoint":"mission-3-continued","level":3,"status":"won","turn":1,"population":{}}
{"checkpoint":"mission-3-won","level":3,"status":"won","turn":1,"population":{}}
{"checkpoint":"mission-3-result","level":3,"status":"won","turn":1,"population":{}}
PASS: fixed-turn diagnostic wins Mission 2, continues, and wins Mission 3; not real-clock gameplay
✔ sandbox adapter retains every existing assertion, turn bound and campaign action (12.171921ms)
✔ changed or duplicated maintained checker scaffold fails closed before browser execution (2.812982ms)
✔ late final screenshot completion cannot mark an aborted campaign scenario passed (9.727492ms)
✔ actual native triangles supplement the historical fixed anchor scan (5.463992ms)
✔ geometry candidates cannot bypass foreign object or DOM overlay ownership (3.843039ms)
✔ normal zero-dt frame refresh resolves stale panels while retaining simulation slots and clock (3.401196ms)
✔ presentation refresh cannot conceal a simulation change (4.376115ms)
✔ presentation reservation exception cannot conceal secondary slot allocation (2.273793ms)
✔ stale pre-refresh reservations fail instead of being normalized by the checker (6.192996ms)
✔ presentation refresh cannot conceal changed world Map entries (5.042319ms)
✔ occluded shrine fallback uses bounded ordinary camera drags and strict target re-probes (6.881239ms)
✔ the shipped right-drag mapping rotates 512 native angle units without panning (95.362878ms)
✔ Mission 3 trains a bounded Preacher group and retains identified HUD-reachable Braves (0.234492ms)
✔ additive native Ctrl-five requires the ordinary cancel/deselect before reserving workers (983.336048ms)
✔ missing checkpoint does not suppress independent campaign progress (139.91644ms)
✔ malformed checkpoint does not suppress independent campaign progress (103.161503ms)
✔ partially migratable checkpoint does not suppress independent campaign progress (54.464295ms)
✔ incompatible checkpoint does not suppress independent campaign progress (69.648251ms)
✔ current valid checkpoint still restores and loads (122.468097ms)
✔ legacy valid checkpoint still restores and loads (89.387274ms)
✔ malformed stored checkpoint preserves usable session checkpoint and merges completion (57.332662ms)
✔ storage read failure retains in-session progress and checkpoint (48.003496ms)
✔ camera release alone does not make the startup Shaman selectable; observation is read-only (375.627337ms)
✔ readiness still rejects absent actors, global input locks and paused play (240.7504ms)
✔ Continue readiness waits on real RAF before suspension with the existing timeout (1.383677ms)
✔ the production wait polls synchronous false until native selection readiness (3.848388ms)
✔ Mission 3 Swarm target observation is read-only and chooses an actually castable enemy (1347.355384ms)
✔ Mission 3 Swarm eligibility does not depend on distance to the vault or unit array order (957.663647ms)
✔ Mission 3 Swarm diagnostic refuses missing stock, blocked input, cooldown and invalid enemies (713.655868ms)
✔ checkpoint readback awaits false reads before the actual true result (6.400639ms)
✔ checkpoint readback fails closed after bounded asynchronous false results (1.23936ms)
✔ attack approach points and search pool state match complete native queries (69.140028ms)
✔ fight/person pursuit, housed entry, waiting and retries match native visits (15.219409ms)
✔ attack search, march records and automatic retargeting match native dispatch boundaries (36.193927ms)
✔ arrival voices and reservation release replay native thresholds and compacted-list visits (1.706232ms)
✔ original automatic commands preserve normal queues, share one reference-counted record and handle allocation exhaustion (61.963794ms)
✔ native scan dispatch preserves pending bits, suppression, specialist selection and consumer call counts (0.904037ms)
✔ ordinary combat entry reveals a completed Spy disguise (273.679176ms)
✔ live campaign scan suppression consumes pending alerts without changing person counters or sprites (167.968932ms)
✔ dead building attackers release queued shaman-guard duty (91.650901ms)
✔ fight motion initializes its retained sermon without a native owner (91.10381ms)
✔ coastal response targets come from the corrected native cell, including its newly exposed edge (102.373221ms)
✔ tower counterattacks ignore hostile people in water (171.193132ms)
✔ coastal area/dismantling order preparation matches full native calls and retains flags on identical commands (0.645079ms)
✔ live same-cell followers share one automatic command 21 and resume their queued destination (172.912342ms)
✔ an on-foot Firewarrior owns one automatic response per cooldown and yields to player movement (464.343106ms)
✔ an on-foot Firewarrior repeatedly launches at and damages a completed enemy building (95.505798ms)
✔ automatic combat restarts a retained direct tree harvest instead of harvesting during battle (164.119755ms)
✔ live automatic combat consumes a pending worship scan without replacing command 27 (113.256371ms)
✔ live automatic allocation failure preserves its source and queued order (80.632192ms)
✔ live automatic sharing leaves a nonmatching same-cell peer untouched (147.81158ms)
✔ live preacher response retains its sermon queue and resumes conversion (93.990103ms)
✔ preacher response allocation failure consumes the scan without changing its queue (110.946434ms)
✔ complete pursuit, target setup and attack-area gates match native fields, RNG and consumer ordering (11.209669ms)
✔ full-fight waiting positions and fallback RNG match original terrain and collision execution (44.298223ms)
✔ mixed target collection, native distance bands, fight admission and reservations replay executable captures (13.861066ms)
✔ live followers choose closer enemies, distribute reservations, then fall back to a saturated target (224.699683ms)
✔ live mixed scans detect enemy footprints and prefer an eligible person in the same distance band (123.867304ms)
✔ automatic squads share native area orders and target capacity independently of render frequency (655.872819ms)
✔ live target priority joins a fight ahead of a solitary enemy in its distance band (111.022283ms)
✔ nearby automatic building attacks keep their command-21 target between detection visits (122.363722ms)
✔ automatic contextual priority matches original single and mixed-class captures (1.433992ms)
✔ live ground context follows native registered cells through rotations and world seams (100.621447ms)
✔ ground beside a hut moves the group, while its occupied cell enters it (202.693295ms)
✔ an exact tree click harvests, seeks a timber plan and otherwise returns to rest (276.907488ms)
✔ a queued ordinary-tree harvest keeps its cargo and advances the existing waypoint (432.437364ms)
✔ input feedback matches native ground-cell centers and suppresses flashes over pointed objects (0.377556ms)
✔ object commands retain the chosen identity through overlaps and array reordering (285.463696ms)
✔ live target choice follows captured native ownership for both tribes (2321.384526ms)
✔ construction command matches native registration, fallback ownership and task handoffs (109.070664ms)
✔ construction panel matches native submissions and corrects the unlinked second-row height (25.524824ms)
✔ construction workers can be selected, reassigned to dismantle, cancelled and restarted (741.900819ms)
✔ construction icons select the active worker record and respect its native eligibility (58.284316ms)
✔ Convert Wild scans, converts, animates, and casts through player and computer paths (192.628332ms)
✔ deselection matches native command flags for every selection byte (2.550187ms)
✔ cancel targeting first; deselection preserves shared marching orders, routes, RNG and pause (246.77324ms)
✔ deselection reaches retained work representations once, leaves enemy ownership alone (93.62874ms)
✔ deselected groups retain identical mechanics and poses at 5–240 Hz and irregular frames (501.072893ms)
✔ training selection eligibility reads command flags, independently of motion turning flags (300.594403ms)
✔ dismantling reassigns residents and queued braves, recovers all timber and removes the building in four orientations (749.170667ms)
✔ cancelling dismantling stops existing workers; new orders can staff an empty dismantling building (161.708831ms)
✔ dismantling outcomes and timber remain independent of render frequency (800.838591ms)
✔ mixed groups queue movement, dismantling and movement without redirecting ineligible warriors (625.716418ms)
✔ queued building entry can become dismantling; cancellation skips work while retaining the destination (294.121016ms)
✔ dismantling queue replacement and death release references while non-braves keep their current orders (201.57396ms)
✔ automatic combat pauses shared dismantling and resumes its retained order (57.254302ms)
✔ automatic combat completion follows the native circular dismantling queue (89.705028ms)
✔ automatic combat allocation failure keeps dismantling state intact (74.889296ms)
✔ queued dismantling, timber and following movement agree at 5–240 Hz and irregular frames (937.710795ms)
✔ drag borders match original screen extrusion, texture coordinates and terrain crossings (43.859009ms)
✔ native area commands retain tower/training exclusions, current-order lookup and actual land membership (4159.718743ms)
✔ a real trainee remains drag-selectable on entry and becomes excluded only in the native interior phase (202.566118ms)
✔ fetching builders are selected at their active task-7 position (36.193044ms)
✔ world drag geometry matches captured native seams, camera bearings, clamps and degenerate drags (3.406142ms)
✔ live drag selection matches native flags and group voices without changing simulation ownership (540.570927ms)
✔ Mission 3 periodic raid preserves native mask, strict thresholds and arguments (2.115365ms)
✔ Mission 3 naturally grows both tribes and recruits the authored three-Brave raid (12996.836451ms)
✔ Earthquake matches the native initializer and central deformation phase (7.637194ms)
✔ Earthquake building scans preserve protected models, RNG and ejection-before-damage (0.344186ms)
✔ live Earthquake casts, damages and deforms independently of refresh rate (282.84457ms)
✔ Mission 1 counts authored primary effects before the opening (164.763927ms)
✔ Mission 1 keeps the allocation phase across pause, checkpoint and restart (260.190745ms)
✔ Mission 2 counts authored primary effects before the opening (56.573899ms)
✔ Mission 2 keeps the allocation phase across pause, checkpoint and restart (318.348342ms)
✔ Mission 3 counts authored primary effects before the opening (54.527628ms)
✔ Mission 3 keeps the allocation phase across pause, checkpoint and restart (318.884858ms)
✔ early-level effect phase remains fixed-turn owned across frame schedules (877.162813ms)
✔ live Erosion casting deforms terrain independently of refresh rate (1103.73793ms)
✔ a newer Lightning consumes simulation RNG before Erosion (24.214106ms)
✔ original cleanup, center, terminal release/counters and recovery match native captures (21.706772ms)
✔ last opponent death ends the fight, credits its winner once and returns a survivor to commands (224.483513ms)
✔ live separation uses the squared eight-unit boundary (219.349726ms)
✔ a native interruption detaches its slot and protected survivors defer state recovery (64.098975ms)
✔ fight completion, recovery and RNG agree at 5–240 Hz and irregular frame schedules (373.076281ms)
✔ Firestorm emits its complete native 220-turn rain sequence (4.896519ms)
✔ live Firestorm composes fire, panic Blast and building ignition independently of refresh rate (596.902512ms)
✔ Flatten follows the native 15-turn terrain and orbit lifecycle (4.082308ms)
✔ live Flatten casting is refresh-rate independent (1355.020383ms)
✔ persistent follower controls retain native descriptor order and class HFX ownership (1.375104ms)
✔ live own class totals enable controls independently of training knowledge or occupancy (116.990655ms)
✔ reading the follower strip does not mutate simulation or selection state (175.565944ms)
✔ shipped G has the recovered guard task without mutating native ownership in HUD reads (105.889483ms)
✔ specific legacy work overrides dormant idle while real native disruption remains authoritative (59.02534ms)
✔ construction, pre-entry, actual entry and native idle routes use their own categories (45.90167ms)
✔ task selection preserves orders and RNG during a real movement command and propagates occupied groups (127.303872ms)
✔ live task count reads nearby camera coordinates without creating or registering people (86.499595ms)
✔ real boarding through a route owner overrides a dormant native person for Selected task propagation (43.954545ms)
✔ task classifier preserves every recovered native state and command category (1.208744ms)
✔ inside classification follows building category and the Preacher command exception (1.543407ms)
✔ global existence and nearby task counts are independent; selected overlays preserve native addition (1.129836ms)
✔ task selection ignores persistent-strip assignment priority and uses category nearest (0.339349ms)
✔ Selected row click/Shift deselect, Ctrl reselects nearest without changing its work or the group (0.556736ms)
✔ Total single/five can select the Shaman while Shift excludes it (0.294172ms)
✔ task focus filters category and cycles with the Shaman nearby exemption without mutation (0.356745ms)
✔ vehicle creation and frame cache use apparent tribe, including checkpoints and legacy fallback (404.590706ms)
✔ vehicle damage immunity follows apparent tribe while real-owner counts stay unchanged (102.918103ms)
✔ live Blast projects class4 apparent tribe without changing the real owner (157.660971ms)
✔ ordinary live boarding exposes class vehicle counts, all passengers and independent owner fields (131.556577ms)
✔ Spy boarding uses immediate target bits, later boarding rewrites owner and exit preserves apparent owner (36.386759ms)
✔ split owner and occupied selection survive checkpoint, legacy vehicles use real team fallback (42.430878ms)
✔ destroyed last vehicle keeps presence during its visible wreck and cannot select or focus (57.852265ms)
✔ shipped disguise command aboard publishes apparent ownership through completion and countdown (88.274891ms)
✔ legacy occupied checkpoint retains apparent fallback across voluntary unload (114.53293ms)
✔ first and later boarding, either exit and reuse preserve the native two-owner contract (544.87151ms)
✔ occupied class reads rebuild from current passengers rather than stale row totals (43.454825ms)
✔ transport presence uses real ownership and survives an empty count (2.072461ms)
✔ class filter acquires a vehicle and selects all eligible passengers; Ctrl counts vehicles (0.918919ms)
✔ driver command priority, matching-passenger distance and vehicle nearby boundary remain distinct (13.833146ms)
✔ native reverse vehicle-list focus cycles, variants reacquire, and selected/blocked occupants can focus (1.075735ms)
✔ footprint history matches native ring replacement and its per-cell pixel counts (647.799603ms)
✔ partial footprint shading equals a complete native-palette atlas rebuild (1708.187785ms)
✔ live walking footprints use the elapsed animation clock, including pause and disabled trails (372.660896ms)
✔ live turn preserves native tribe order, inactive skipping and next-turn formation admission (1933.957814ms)
✔ actual recruited groups wait a turn and then steer before member physics (108.386149ms)
✔ render cadence cannot change gameplay, RNG or owned animation state (7259.949093ms)
✔ paused time stays paused; long active frames retain elapsed time (121.625954ms)
✔ campaign messages use the presentation clock and freeze while paused (232.727819ms)
✔ campaign pending auto-open waits for settled motion and consumes one oldest record per presentation visit (42.921404ms)
✔ scenery shade follows cell occupants through overlap, depletion and regrowth (104.568702ms)
✔ rotated building plans keep their anchor, entrance routes and orientation through construction (1045.602252ms)
✔ Lightning ignites only its building footprint, then evacuates, damages and permits repair (707.268176ms)
✔ Lightning burns original scenery through smoke and cleanup without leaking fire state (145.065366ms)
✔ native impacts expire on exact turns and debris preserves the sprite allocation counter (107.770324ms)
✔ terrain rebuilds preserve queue precedence and initialize the original mission before sampling (18.57212ms)
✔ territory preserves native footprint asymmetry, overlap clearing and staggered recovery (1.826432ms)
✔ opening tooltips resolve mission cells and have an independent lifetime (51.577382ms)
✔ original level layout, native foundations, and the complete mission (3984.366893ms)
✔ housing, mana allocation, pause, drowning, and reincarnation (851.089734ms)
✔ ordinary land deaths keep the native corpse lifecycle (219.460221ms)
✔ native transformed compound bases stay on their ground pads (52.993994ms)
✔ native animation identity, casting interruption, gradual terrain and blast survival (533.945109ms)
✔ native economy uses fixed turns, population bands and real hut upgrades (971.484412ms)
✔ lightning hits a native map cell and Blast leaves allied health intact (32.246012ms)
✔ native integer movement and combat exchanges preserve timing, retaliation and replay (541.578138ms)
✔ native fight slots form four-person groups and release on interruption (115.641163ms)
✔ native sound cues preserve sample identity, cast phases and simulation randomness (289.661614ms)
✔ native Lightning delays the upper flash and regenerates eight segments for three turns (54.639423ms)
✔ native spell allocation, discrete flight, RNG trails and delayed impact (576.16623ms)
✔ native terrain ridges, reflected diagonals, surface planes and boundary vertices (1.451689ms)
✔ original campaign setup disables only enemy reincarnation and retains deferred commands (324.30535ms)
✔ mission-one AI applies its native spell interval profile on the original phase (152.393724ms)
✔ mission-one closes its construction latch after the first Red hut (28.309392ms)
✔ campaign marker setup snapshots native entry state before live execution (63.713975ms)
✔ mission marker task sends one reserved brave to marker one (87.312606ms)
✔ mission-one ordinary marker guard patrols and answers nearby enemies (243.464562ms)
✔ campaign markers remove the bridge head on the native phase, independently of routing (191.694755ms)
✔ campaign counters track allocation and remaining head gifts through gameplay (292.402318ms)
✔ worship decays without followers and continues at full spell stock (278.74657ms)
✔ vault discovery follows worship, door, entry and exit tasks (368.959949ms)
✔ vault allocation preserves the current order when the shared pool is full (286.813731ms)
✔ original discovery messages follow script phases, persist and reset (244.761112ms)
✔ partial building queries consume their mode once and marker triggers bypass worship (54.92991ms)
✔ original opening runs before object turn 72 and its independent flyby clock can be interrupted (261.374421ms)
✔ native outcome phases honor campaign opponents, forced results and defeat recovery (478.629582ms)
✔ tribe gates suppress scripts and AI while object turns and eligible cooldowns keep their native phases (385.673418ms)
✔ emergency casting preserves queued work and preacher responses keep their own payment rules (102.338424ms)
✔ mission-one AI casting uses the live shaman state and cast-block flags (314.996198ms)
✔ live spell scans use population thresholds and building territory with delayed overlap recovery (46.188467ms)
✔ original campaign stops Dakini Blast casting after its second allocation (287.810046ms)
✔ campaign attack commitment follows living warrior counts on its original turn (224.179455ms)
✔ mission-one Dakini launches its native attack route when Blue enters marker three (240.111332ms)
✔ mission-one Dakini launches its later building attack when Blue overwhelms it (151.8ms)
✔ mission-one Dakini pursues a fallback shaman by exact command target (46.871994ms)
✔ computer attack exhausts native scans and retreats below its surviving-member threshold (0.480712ms)
✔ computer attack pool exhaustion skips hostile dispatch and retires through native empty scans (95.232201ms)
✔ queued training keeps its selection lock until issuing the order and frees its slot after arrival (0.69307ms)
✔ mission-one red AI queues exact task 6 below one warrior and executes live training (127.1326ms)
✔ mission-one red AI does not reserve a second brave already committed to warrior training (69.57158ms)
✔ external game store publishes edits and restarts without sharing worlds between sessions (275.996372ms)
✔ mission-one victory continuation creates and restarts the recovered mission-two world (283.293738ms)
✔ mission-two Totem route reaches the Tornado guidance and use instruction (1586.416773ms)
✔ mission-two enemy marker orders nearby Matak defenders to counterattack (203.771088ms)
✔ game store checkpoints restore an isolated exact world snapshot (90.705622ms)
✔ computer recruitment preserves wrapped-distance ties and native command eligibility (0.634833ms)
✔ group orders share references and release their object only after the final follower leaves (0.653471ms)
✔ AI reservation enters native selection state and releases through the normal person initializer (1.231089ms)
✔ training order startup uses configured speed and preserves only a compatible building occupant (0.821944ms)
✔ native training queue yields to an untrained follower and releases its new head (0.683837ms)
✔ live followers reach rotated native doors before entering buildings (705.905925ms)
✔ building admission preserves native slot order, training activity and shared commands (1.539441ms)
✔ training replaces a whole batch, inherits the first occupant order tail and rolls back partial allocation (1.091017ms)
✔ live mana refunds wait for a pulse and computer training receives only the original first pass (42.088741ms)
✔ follower mana uses native preacher orders, registration and ghost flags before tribe scaling (51.288241ms)
✔ live spell reach follows terrain height and enemy casts require and spend native mana (192.881321ms)
✔ native casting lockout survives animation and computer usage recovers one charge at a time (77.009211ms)
✔ spell targeting preserves native cell allowances and wrapped coordinate seams (197.320936ms)
✔ native spell scans retain slots and Blast scoring avoids friendly concentrations (115.241643ms)
✔ defeat seeds native building collapse and staged damage ejects occupants before removal (218.385527ms)
✔ building display stages follow remaining work and retain separate complete meshes (72.589807ms)
✔ results preserve pending turns, collapse defeated settlements and reject new orders (441.142064ms)
✔ result camera crosses the world seam, releases input and retains native sky timing (3.07099ms)
✔ victory owns persistent native followers, drops cargo and renders a separate paused animation clock (193.009183ms)
✔ live blocked followers retain native detour steering and recovery timers (39.309609ms)
✔ live celebrants obey native walk masks and survive the legacy ground-height cutoff (25.705808ms)
✔ live completed-building footprints relocate and clear on removal (26.813961ms)
✔ live native cell order follows arrivals and removes dead records (56.656169ms)
✔ live cell insertion repairs a stale head left by a removed person (0.28608ms)
✔ dead vehicle passengers release their slots and driver position (35.579991ms)
✔ live native preparation consumes reroutes and completes slow turns and reactions (28.01872ms)
✔ interrupted victory followers resume through native orders and rejoin celebration (31.897553ms)
✔ native idle approach composes with shared state and original resting animation (26.608463ms)
✔ native resting ownership allocates distinct slots and compacts after a follower leaves (59.344164ms)
✔ native route reuse shares ownership and live celebration releases each follower (150.574102ms)
✔ native route construction retries expired failures and stores the original bounded path (59.000377ms)
✔ native path search packs a trimmed route and preserves distinct vehicle retry flags (92.084502ms)
✔ native wrapped route smoothing respects blocked steps and measures retained segments (100.089688ms)
✔ native obstacle solving builds a world-seam detour and rejects a blocked destination (131.30742ms)
✔ native planned routes use the recovered solver and advance shared followers to their goal (48.664331ms)
✔ native boarding checks the first boat and landing requests reserve distinct original search cells (23.531725ms)
✔ live native routes release query ownership, expire failures and walk low shoreline (184.430015ms)
✔ live followers share routes, advance before exact arrival and release every owner (187.076287ms)
✔ hut families are selected once, shared with shapes and retained through upgrades (132.462399ms)
✔ mission-one low population response assigns and releases persistent shaman escorts (174.878572ms)
✔ shaman escort uses native pursuit cadence and strict boundaries (0.542935ms)
✔ Mission 5 Boat worship emits its original one-shot tutorial (259.938964ms)
✔ Mission 5 grants, boards, sails, lands and checkpoints its original Boat (319.435556ms)
✔ Ghost Army casts, spawns native ghosts, accepts orders, vanishes in combat, and follows AI (561.150364ms)
✔ world-view terrain matches captured native mesh order, projection and lighting (155.524983ms)
✔ overview drag/release matches native snapshots and every star-parallax step (2.925261ms)
✔ overview morph timing matches the original complete lifetime snapshots (1.043386ms)
✔ Ctrl starts followers immediately, appends shared waypoints and ordinary click ends the sequence (382.641449ms)
✔ eighth Ctrl click and Alt final click deselect without cancelling issued orders; right-click ends staging (181.203451ms)
✔ queued ground movement preserves every turn, RNG, poses and footprints at 5–240 Hz and irregular frames (1103.381867ms)
✔ continued queue allocation failure retains issued orders, and an ordinary replacement releases them (141.981923ms)
✔ an enemy-person order waits behind a waypoint and advances when its target becomes unavailable (484.244534ms)
✔ ground waypoint handoff uses each playable class default initializer (308.260242ms)
✔ ordinary person turns apply native follower and Shaman healing without reviving excluded units (130.187256ms)
✔ live health adapter preserves airborne/state exclusions and combat status flags (64.024083ms)
✔ each original healing model receives exactly one recovered increment on the eighth turn (72.305274ms)
✔ a follower injured by the shipped missing-building release path later heals on an ordinary turn (71.71002ms)
✔ healing follows simulation turns across speed, refresh cadence, irregular frames and pause (722.054527ms)
✔ checkpoint migration preserves the next native healing turn (35.919302ms)
✔ building admission clocks match captured native blocks (11.908767ms)
✔ followers visibly cross the native interior threshold before housing consumes their command (1380.056153ms)
✔ simultaneous arrivals respect hut capacity and cancellation releases the scoped animation and route (257.532726ms)
✔ hut slots remain authoritative through a departure, replacement and birth turn (122.771003ms)
✔ fire interrupts entry without retaining its walking sprites or command record (104.56346ms)
✔ staged entry positions, RNG, admission and sprite clocks are independent of rendered frame rate (554.161412ms)
✔ entry re-plans interrupted steering and releases its source when the hut becomes unavailable (97.9525ms)
✔ scaled native panel and bottom-row digits remain above the modern footer (1.255455ms)
✔ HUD keeps preferred manual sizes and the original nominal auto steps when they fit (0.203655ms)
✔ HUD extraction retains the page client-component directive (0.784478ms)
✔ HUD selection and focus match captured original commands without changing other person fields (10.953504ms)
✔ HUD controls add followers without stealing simulation ownership or replacing marching orders (167.969044ms)
✔ building menu waits through delayed false images before continuing (19.448876ms)
✔ building menu exhausts its existing 30000 ms scope without continuing (254.760425ms)
✔ building menu propagates failed texture acquisition without retrying (5.592455ms)
✔ building hover Mission 1 waits through delayed false images before continuing (3.918342ms)
✔ building hover Mission 1 exhausts its existing 30000 ms scope without continuing (221.539373ms)
✔ building hover Mission 1 propagates failed texture acquisition without retrying (6.600258ms)
✔ building hover Mission 2 waits through delayed false images before continuing (2.832553ms)
✔ building hover Mission 2 exhausts its existing 30000 ms scope without continuing (158.216252ms)
✔ building hover Mission 2 propagates failed texture acquisition without retrying (2.612853ms)
✔ worship Tutorial waits through delayed false images before continuing (2.985611ms)
✔ worship Tutorial exhausts its existing 30000 ms scope without continuing (216.004495ms)
✔ worship Tutorial propagates failed texture acquisition without retrying (5.826747ms)
✔ worship Mission 1 waits through delayed false images before continuing (7.798628ms)
✔ worship Mission 1 exhausts its existing 20000 ms scope without continuing (116.525927ms)
✔ worship Mission 1 propagates failed texture acquisition without retrying (1.453492ms)
✔ repeated helper calls acquire the replacement document image (3.710371ms)
✔ only literal true permits readiness, never a truthy observation value (0.39968ms)
✔ late true is rejected after the awaited read settles, without another observation (2.556678ms)
✔ the last pause fits the deadline and no read starts after it (1.485971ms)
✔ invalid wait bounds fail before reading (0.390106ms)
✔ shaman health fill follows native integer bounds and absent/overfull cases (2.210759ms)
✔ HUD atlas metadata matches the PNG and contains every imported sprite (10.729096ms)
✔ portrait backgrounds and shadow-free directional layers match native captures (7.318011ms)
✔ tooltip bitmap placement and wrapping match the original desktop controller (62.794798ms)
✔ mana production stripes follow native rates, warning bands and controller modes (15.97413ms)
✔ live mana estimation uses the simulation clock and follows charging toggles (297.182537ms)
✔ follower counts, icon placement and housing fill match native HUD controllers (17.710918ms)
✔ population readouts exclude dead followers and reserve the shaman allowance (80.834624ms)
✔ hut birth clocks and destinations match captured original calls (3.149267ms)
✔ live newborns leave the hut and keep native birth feedback and gates (175.976895ms)
✔ hut smoke uses descriptor attachment slots, independently of resident capacity (9.235263ms)
✔ hut occupancy producer samples real occupancy every 32 building turns (0.51963ms)
✔ partial root uses the native 16-visit visible lifetime and restart draw (0.290887ms)
✔ full root is persistent and does not invent the unresolved child-puff phase (5.726016ms)
✔ all supported residential hut capacities switch partial to full at their native capacity (0.385048ms)
✔ visual frames stay on the recovered 16-frame sequences (0.265669ms)
✔ immediate occupancy events preserve capacity, phase and same-mode root identity (1.135004ms)
✔ drain elapsed old-root visits before an off-phase event without backdating the new root (0.970697ms)
✔ listeners are transient, identity-scoped and released through material disposal (0.526951ms)
✔ multiple presentation consumers unsubscribe independently without resetting each other (0.182044ms)
✔ live command8 owner publishes authoritative entry/removal for Hut level 1 (299.540032ms)
✔ live command8 owner publishes authoritative entry/removal for Hut level 2 (115.369362ms)
✔ live command8 owner publishes authoritative entry/removal for Hut level 3 (79.657931ms)
✔ ordinary Mission2 admission includes the new smoke root in that turn’s effect visit (5475.115749ms)
✔ pre-building occupancy removal receives one first visit, including counter wrap (339.904308ms)
✔ out-of-turn allocation survives pause; commands while paused remain rejected (435.016993ms)
✔ new-root completion is identity-scoped and one-shot for same-turn transitions (0.287982ms)
✔ batched turns and repeated rendering preserve the native first lifetime (456.865508ms)
✔ turn completion callbacks are clock-specific and are discarded on a failed turn (89.570866ms)
✔ hut maturity and cell timber match captured original calls (2.802467ms)
✔ residents fetch and stage timber before their hut upgrades (657.333112ms)
✔ Hypnotise uses the native footprint, temporary ownership, expiry, and AI target path (378.477858ms)
✔ Invisibility marks the native six, does not refresh, and reveals on time or combat (161.707193ms)
✔ player and computer casts share Invisibility application and old saves migrate (223.911024ms)
✔ complete Land Bridge lifetimes match native terrain, ordered trails and notifications (1100.041563ms)
✔ live bridge terrain and particle cleanup are identical across refresh rates and stalls (3406.503042ms)
✔ ordinary Mission1–3 startup uses native terrain, authored gates and real conversion (785.015299ms)
✔ native opening excludes Shaman selection, without inventing a casting restriction (186.10522ms)
✔ checkpoint restore resumes every opening stage without replaying terrain/conversion (2349.222308ms)
✔ restart gets one fresh sequence; repeated flyby skip does not replay it (620.626875ms)
✔ only carrier-created stones are obstacles, while legacy sites keep their reservations (94.184892ms)
✔ opening wave, conversion and stone cues preload their existing original samples (12.175315ms)
✔ permitted opening casts enter native state22 and resume command18 without a stuck controller (1182.530106ms)
✔ fresh-load camera follows native cell-edge/center snapping and angle retention (0.500331ms)
✔ the command18 completion turn owns exactly one native person visit (429.01534ms)
✔ permitted state22 interruption and completion retain one counter increment per turn (405.753873ms)
✔ replacement player orders cancel startup before its counter write (132.879687ms)
✔ only the linked neutral startup conversion flash follows its replacement Brave (122.682694ms)
✔ a missing converted Brave does not retarget its flash or shorten the native expiry (78.103428ms)
✔ an invalidated command18 is consumed by the ordinary queue without completing the site (69.223016ms)
✔ original Lightning target gates, inclusive cap, attacker and electrocution phases (3.186404ms)
✔ live Lightning retains victims, displays native shock sprites, scatters survivors and cleans up (186.410398ms)
✔ Lightning outcomes and turn-by-turn poses are independent of rendering cadence (417.995121ms)
✔ live marching uses shared commands, original poses, separate slots and releases interruption/death/arrival ownership (785.443926ms)
✔ marching and resting preserve mechanics, footprints and sprite frames at 5–240 Hz and irregular frames (1053.521086ms)
✔ exhausted command pool preserves the previous movement and group ownership (73.342653ms)
✔ panic retains the real movement command and resumes its route after recovery (139.461012ms)
✔ obstacle recovery replans the owned group order and settles identically at 5–240 Hz (2317.171118ms)
✔ shared ground motion advances a retained route once before any state controller (82.158341ms)
✔ native432260 empty current slot returns before building live order context (23.772072ms)
✔ live worship shares an order, occupies exact slots, prays, earns gifts and releases interrupted/dead members (364.423753ms)
✔ live head rewards, displayed standing roster and group selection retain their distinct native rules (248.655373ms)
✔ worship motion, prayer frames, pose RNG and rewards are identical at 5–240 Hz and irregular frames (1248.380166ms)
✔ an unreachable head preserves the existing command without entering an unported retry state (135.547879ms)
✔ Ctrl waypoints finish at a stone head without replacing the current route or person (211.985872ms)
✔ training replacements inherit a queued stone-head order and perform the original prayer (206.10863ms)
✔ queued worship preserves turns, poses, RNG and rewards at 5–240 Hz and irregular frames (1041.332322ms)
✔ local launch preserves sandbox and removes all unsafe Playwright defaults (11.178432ms)
✔ CLI accepts separate game root, owned output, browser and bounded settings (0.263245ms)
✔ CLI rejects unknown flags, missing values and unbounded inputs (0.189965ms)
✔ source fingerprint catches dirty tracked and untracked byte drift with unchanged porcelain (191.954931ms)
✔ active scenario completing during timeout diagnostics cannot turn failure into pass (110.26946ms)
✔ active scenario completing during interrupt diagnostics cannot turn failure into pass (11.267423ms)
✔ marching geometry, recruitment, cleanup, speed and poses replay complete original calls (63.353153ms)
✔ native movement completion preserves payload, seam and vehicle boundaries and four-turn cadence (9.695803ms)
✔ marching cleanup tolerates a member whose native record was already released (0.570487ms)
✔ outdoor and building encounter calls match captured original fields, timing, RNG and sound (33.458902ms)
✔ all playable encounter pairs show the opening strike, physical stagger and defender-centered fight (781.680072ms)
✔ encounters and their animations stay deterministic across render schedules (429.472451ms)
✔ the native skip-intro flag and player cancellation do not leave stuck encounters (121.654689ms)
✔ an encounter releases cleanly when an airborne participant returns to ordinary motion (93.632884ms)
✔ live fights refresh the first native player alert each object turn (166.878276ms)
✔ simulation owns quiet, attack and battle music activity across pause and cancellation (39.288583ms)
✔ native fight admission, replacement and splitting retain original slots, flags and RNG (6.64203ms)
✔ stronger reinforcements replace the first weaker ally and preserve a three-person tribe limit (218.335073ms)
✔ two-sided reinforcements split the last fighter of each tribe into a new live fight (128.731201ms)
✔ reinforced group motion and combat remain identical at every render cadence (488.342781ms)
✔ center changes preserve original membership slots for subsequent splits (42.889538ms)
✔ pursuit refresh uses the original inclusive axis threshold and signed coordinates (1.146601ms)
✔ live pursuit updates before reaching the old destination and reuses unchanged routes (591.225273ms)
✔ automatic engagement uses equal tribe ranges, whole cells and original scan cadence (79.605624ms)
✔ native inhibition and pending scans apply without giving idle shamans automatic attacks (24.064271ms)
✔ live move orders cross nearby enemies without the old distance interruption (36.783152ms)
✔ idle followers of either tribe pursue detected enemies at every render cadence (611.648548ms)
✔ group attacks hit busy opponents without restarting their action or facing (6310.41765ms)
✔ Magical Shield does not block native mode-one melee damage (37.930198ms)
✔ opportunistic reach is measured from the opponent slot with an exclusive 360-unit boundary (300.407062ms)
✔ group combat stays deterministic across render schedules and yields to player orders (367.400217ms)
✔ knockback waits for terrain physics to settle and preserves cell ownership (111.772545ms)
✔ hits during knockback survive physics and player orders do not teleport the person (58.61881ms)
✔ sliding recoil, native animation and recovery are independent of render cadence (427.996647ms)
✔ shamans and the native game flag suppress ordinary attack knockback (256.696996ms)
✔ fight sites use the native 32-turn search and retain groups when no site is available (37.763638ms)
✔ fight sites leave original building footprints even between periodic search visits (86.095461ms)
✔ sequential fight searches avoid other fight centers and release exhausted searches (0.742835ms)
✔ live groups relocate sequentially without sharing another fight center (31.724583ms)
✔ native approach reaches its slot from every direction and waits one turn to chase a moved slot (341.993469ms)
✔ approach uses native cell collision and preserves the person across attack, recoil and new orders (69.049142ms)
✔ approach, native animation and subsequent combat stay identical across frame rates (245.33372ms)
✔ native descriptor threshold chooses exact small and large corner dimensions (1.904809ms)
✔ 1x frame overlaps native corners in a 100x96 rectangle, bottom corners last (25.58981ms)
✔ 2x and partial tiles retain exact 1:1 corner/edge pixels and a transparent center (108.080089ms)
✔ frame is a separate overlay and does not change terrain, markers or click ownership (0.828264ms)
✔ minimap pixels, camera wrapping, rotated UVs and markers match native captures (272.105968ms)
✔ Mission 10 runs its first Totem deadline and second Totem Erosion sequence (15531.518892ms)
✔ Mission 11 opens with both enemy tribes and four original knowledge sites (278.498158ms)
✔ Mission 11 opponents build their first settlement and scripted BUILD_AT tower on native cadence (9430.614401ms)
✔ Mission 12 opens with all three enemy tribes and original knowledge (86.988766ms)
✔ Mission 12 starts its original turn-7 flyby once (165.952565ms)
✔ Mission 12 opponents request their first Guard Towers on native cadence (330.313041ms)
✔ Mission 12 opening remains deterministic through checkpoint migration (821.250661ms)
✔ Mission 13 opens with both enemy tribes and original knowledge (87.618462ms)
✔ Mission 13 starts its original Yellow turn-6 flyby once (109.201511ms)
✔ Mission 13 Balloon Hut knowledge is visible before construction (119.37217ms)
✔ Mission 13 Land Bridge uses native surface categories at low shore (37.172253ms)
✔ Mission 13 Balloon Hut repeatedly produces occupied airborne transport (506.604143ms)
✔ Mission 13 opening remains deterministic through checkpoint migration (544.747937ms)
✔ Mission 14 delivers both linked gifts and a castable Angel through shipped paths (698.429117ms)
✔ Mission 15 ordinary Prison attack frees the captive and cancels the timer (349.386279ms)
✔ Mission 15 timer expiry locks input and kills the captive with enemy Lightning (141.196152ms)
✔ Mission 15 expiry stays latched if the Prison falls before Lightning lands (133.668441ms)
✔ Mission 15 captive Lightning branch requires an enemy caster, not the Prison cell (77.245961ms)
✔ Mission 16 worship grants Bloodlust and live combat consumes its status (440.494915ms)
✔ old checkpoints default Bloodlust stock without disturbing their world (80.481036ms)
✔ Mission 17 grants Armageddon and stages the native arena through the live cast path (1809.023254ms)
✔ Armageddon uses generic victory and defeat outcomes and restores control (1196.485744ms)
✔ Mission 18 loads its authored tribes and grants Armageddon and both Volcano rewards (3875.397253ms)
✔ Mission 18 starts its authored Red marker patrol through normal AI orders (153.632093ms)
✔ Mission 18 Armageddon restores its arena checkpoint and reaches both result directions (3624.862475ms)
✔ Mission 19 loads its authored objective and grants all three worship rewards (1470.622059ms)
✔ Mission 19 Teleport spends only accepted stock and resumes identically from a checkpoint (340.690608ms)
✔ Mission 19 warns once and gives Chumara loss priority over Dakini defeat (565.4046ms)
✔ Mission 2 naturally earns Matak kills and launches the organized raid (3264.954308ms)
✔ Mission 2 checkpoints retain kill ownership from the old red slot (104.52719ms)
✔ Mission 2 camp targeting takes the first model match without RNG (49.285935ms)
✔ Mission 2 producer matches native base, loss, capacity and resource boundary cases (686.234092ms)
✔ Mission 2 naturally establishes a new home Tower base and preserves phase3 checkpoint continuation (1750.120525ms)
✔ Mission 2 rebuilds after a real player army destroys both Towers, retaining its first construction base (11612.412708ms)
✔ Mission 2 explicitly trains replacement Warriors after natural combat despite zero producer preferences (10167.356667ms)
✔ Mission 20 loads its authored opening and four-stage linked chain (138.719287ms)
✔ Mission 20 worship consumes each head once and restores the live chain (2875.469974ms)
✔ Mission 21 loads its authored opening and first fault state (172.466806ms)
✔ Mission 21 converts worshippers and seals the first fault across a checkpoint (5240.713174ms)
✔ Mission 21 checkpoints one unsealed first-fault eruption without replay (7009.4897ms)
✔ Mission 22 opens with its solo Shaman, native heads, tribes and transport (91.565362ms)
✔ Mission 22 mode-3 head rejects an injected Brave supporting fixture (159.118974ms)
✔ Mission 22 nearby head is a one-shot presentation with no gameplay reward (350.998112ms)
✔ Mission 22 southern head delivers its delayed 600,000 mana gift after real worship (8997.594366ms)
✔ Mission 22 Shaman can steal, checkpoint and sail the authored enemy Boat (3581.071052ms)
✔ Mission 22 Shaman can claim the authored Balloon and complete the northern mana route (16142.997851ms)
✔ Mission 23 loads its authored tribes, Wildmen and worship chain (77.995918ms)
✔ Mission 23 enemy tribes grow their native settlements and populations (18715.834892ms)
✔ Mission 23 unlocks and repeats the native zero-mana gift through ordinary worship (1283.962444ms)
✔ Convert Wild allocation gates state and duplicates without cancelling existing work (2.682357ms)
✔ Convert Wild target retains density, wrap, tie, inclusive radius and list-centroid rules (1.135344ms)
✔ Convert Wild standability preserves initial target and tries only the first24 spiral positions (0.677457ms)
✔ Mission3 active type2 advances after allocation state is switched off (80.801744ms)
✔ type2 timeout clears motion before a blocked state transition and then frees the task (69.984726ms)
✔ type2 reads the active fight person even when its attack animation has no presentation source (60.613059ms)
✔ Convert Wild region lookup normalizes signed browser-native positions to unsigned words (0.5327ms)
✔ type2 casting preserves the real person flags2 readiness gate (33.537474ms)
✔ explicit flight person receives the allocation-safe return order without restarting its state (54.153262ms)
✔ explicit flight return preserves the complete world on order allocation exhaustion (44.680741ms)
✔ cast-ready flight-owned Shaman receives the type2 post-cast return on the same person (35.502264ms)
✔ type2 range reads actual signed person height rather than terrain beneath it (44.323596ms)
ℹ {"terrainHeight":146,"personHeight":896,"terrainRange":14,"personRange":24}
✔ Mission3 Chumara moves, spends its original shot and mana, then stops allocating at the population cutoff (2134.266229ms)
✔ Mission3 keeps idle follow-ups and area-summary automatic training unreachable (93.192014ms)
✔ ordinary Mission3 allocates a real pre-table response before ordinary production (379.365778ms)
✔ defense allocation preserves native caps, immediate empty-area cleanup and recycled scratch (0.529906ms)
✔ active defense suppression uses strict squared26 and wrapped cell distance (0.214563ms)
✔ native defense no-force fallback is a finite seven-visit lifecycle (5.496872ms)
✔ defense cleanup clears only matching assignment and native flag bits while preserving another lock (88.200552ms)
✔ lost early defense targets are invalidated before a different task dispatch (61.449665ms)
✔ defense Blast uses signed active-person height for native and flight-owned Shamans (194.548685ms)
✔ defense Blast reads active native, flight and non-presented fight positions in both range directions (270.104966ms)
✔ defense target collection preserves category caps, rejection rules and the omitted last spiral cell (1.398389ms)
✔ ordinary Mission3 intrusion produces a real type8 fallback, cleanup, repeat and checkpoint continuation (1951.871364ms)
✔ ordinary Temple acquisition and Preacher intrusion recruit a real Chumara defender with orders and movement (3012.157199ms)
✔ Mission 3 naturally trains a Blue Preacher, converts an authored Brave and resumes its mid-conversion checkpoint (3729.019833ms)
✔ a real movement command cancels the naturally acquired Blue sermon without converting its listener (2192.622054ms)
✔ natural Mission 3 conversion follows elapsed game time across display schedules (3896.722206ms)
✔ Mission 3 opens through original Chumara, Swarm, Temple and Erosion paths (2821.326967ms)
✔ single Preacher selector preserves native first-near/band order and strict distance boundaries (7.293638ms)
✔ single-person strict19 boundary, wrap, mode0 and invalid mode match native cases (0.320461ms)
✔ type11 waits for selection ownership and cancellation safely releases state14 and slot (76.944755ms)
✔ duplicate raw payload and failed allocator preserve native selection side effects (62.462765ms)
✔ Preacher allocator preserves native five-slot/state/signed-count boundaries (0.465759ms)
✔ 1103 replacement preserves all person/order state on allocation exhaustion (35.472369ms)
✔ natural Chumara training reaches marker3 Preacher task, checkpoint phases and movement (2931.531466ms)
✔ complete128-turn block preserves strict gates, command ordering and message lifetime (1.063316ms)
✔ 1103 retargets only active order30 in native state10/33 without restarting state (367.077841ms)
✔ cancelled blocked-state Preacher resets motion before the native state gate (40.350686ms)
✔ Mission 3 warns once when a naturally trained Chumara Preacher starts converting a Blue Brave (5905.053645ms)
✔ Mission 3 starts its original recurring-script flyby through ordinary turns (2116.623991ms)
✔ Mission 3 Chumara builds its settlement and trains its first Preacher (2108.02713ms)
✔ Mission 4 starts its original opening flyby once through ordinary turns (875.875809ms)
✔ Mission 4 teaches training and attack from its original live conditions once (87.827608ms)
✔ Mission 4 converts Wildmen, discovers the Guard Tower, and defeats the Matak (9534.176515ms)
✔ Mission 5 Angel head delivers its linked hostile summon through live worship (382.251948ms)
✔ Mission 5 checkpoint migration upgrades an explicit mode-5 legacy Angel without changing gameplay state (78.364775ms)
✔ Mission 5 checkpoint migration recovers an absent authored mode before upgrading the Angel model (41.85865ms)
✔ Mission 5 checkpoint migration adds only the previously omitted Angel head (83.335847ms)
✔ Mission 5 imports its linked Boat template from the verified native coordinates (6.539386ms)
✔ Mission 5 runs its imported opening flyby once through ordinary turns (2320.877344ms)
✔ Mission 5 launches its original ordinary raid when the player reaches the Angel head (784.662878ms)
✔ Mission 5 launches its surviving Dakini at the player Shaman (172.492968ms)
✔ Mission 5 staffs its original Dakini tower with a Preacher (321.491923ms)
✔ Mission 6 keeps both original opponents distinct through outcome and checkpoints (508.59651ms)
✔ Mission 6 credits each opponent attack task independently (82.433816ms)
✔ Mission 6 low-population survivors counterattack the player Shaman (229.698182ms)
✔ Mission 6 Chumara trains Preachers and launches its first mixed raid (19976.754101ms)
✔ Mission 6 opponents expand and Matak launches its first Warrior raid (15287.146319ms)
✔ Mission 6 ATTACK snapshots the native three-spell payload and keeps old tasks compatible (0.725119ms)
✔ type-20 sixth ATTACK quota selects exactly the tribe Shaman outside the generic selector (0.341173ms)
✔ Mission 6 first Matak ATTACK retains source-derived Land Bridge, Lightning, Blast order (11990.685539ms)
✔ Mission 6 phase-6 task Shaman uses native payment, eligibility, usage and range gates (122.322571ms)
✔ Mission 6 phase-6 task spell uses task target outside Shaman states 25/29 (71.62172ms)
✔ Mission 7 converts Wildmen and grants Invisibility through its original head (994.618458ms)
✔ Mission8 natural acceptance starts from the shipped seven-person Blue and eleven-person Red roster (111.558612ms)
✔ Mission8 attack staging is a land order for the original party, not a transport or worship prerequisite (113.448754ms)
✔ shared ground → training → destination queues retain identities until conversion and inherit the original tail (888.450723ms)
✔ shared ground → construction → destination queues retain identity and resume after the crew leaves (200.750048ms)
✔ cancelled, invalid, removed and dead queued builders release command-6 ownership exactly once (822.064899ms)
✔ a waypoint added while trainees are inside preserves occupancy; ordinary hut admission consumes the complete queue (408.85465ms)
✔ unavailable or cancelled buildings advance to the next order; replacement and death release shared references (411.501514ms)
✔ mixed movement, training, inherited orders, RNG and footprints match from 5 to 240 Hz and irregular frames (774.069371ms)
✔ building order preparation matches complete original CPU calls (0.827823ms)
✔ reinforcements and new encounters retain the same person and resume ground, building and worship orders (1171.598992ms)
✔ replacing or killing a reinforcement releases every retained command reference (299.747211ms)
✔ a displaced fighter retains its queue and a split keeps both followers’ original records (264.199979ms)
✔ combat interruption and resumed orders preserve simulation and poses across render rates (604.665959ms)
✔ combat removes a waiting trainee from its physical line while retaining its training order (117.483212ms)
✔ native model wave uses half, quarter, eighth strength then resets (1.928355ms)
✔ live waves retain first-hit deformation on resource scenery (83.944091ms)
✔ move input eligibility matches native category, strict-land and quarter-mask captures (23.838465ms)
✔ blocked move clicks preserve the whole selected group, shared orders, markers and RNG (123.790451ms)
✔ Markdown sections retain ancestry, repetitions, CRLF boundaries, and ignore fenced headings (2.849458ms)
✔ manifest validation accepts reviewed data and rejects duplicate IDs, missing paths, invalid parity references, and unsafe paths (38.324269ms)
✔ index is deterministic, clean without a cache, ignored when written, and regenerates after source changes (70.609444ms)
✔ index and context reject an indexed source symlink that escapes the repository (59.718911ms)
✔ repository validation requires one current top-level execution-order heading (45.388955ms)
✔ context returns bounded provenance, limitations, checks, and visible source truncation (101.091998ms)
✔ context output saves current JSON and rejects silent option mistakes (188.433399ms)
✔ preparation is independent of retired local status state (105.205958ms)
✔ native research packets grant only a contract-allowed ignored scratch directory (102.610838ms)
✔ role context carries a validated bounded assignment and explicit overflow (207.2832ms)
✔ reviewer context fingerprints the actual dirty, renamed, deleted, and untracked inputs (162.251426ms)
✔ real mapped evidence excerpts retain their material performance boundaries (3727.835239ms)
✔ Shaman appearance context keeps its complete checks and evidence within the default budget (1035.306613ms)
✔ Followers task context retains complete checks without bloating selection context (615.659147ms)
✔ plan handles cross-cutting edits, renames, deletions, untracked and unsafe inputs without executing checks (121.004729ms)
✔ audit distinguishes baseline edits and reports out-of-scope, generated, input, untracked, and stale verification changes (211.068051ms)
✔ audit reports a pre-existing baseline change that disappears (143.563638ms)
✔ audit requires exactly one result for every required check (131.997126ms)
✔ blocked verification cannot masquerade as passing and passed results require evidence (102.511193ms)
✔ game server rejects an invalid isolated port (0.591268ms)
✔ preparation captures real baseline and hashes, validates intent, and refuses overwrite (393.416604ms)
✔ verification persists completed checks across interruption and replaces old passes at startup (160.147607ms)
✔ verification replaces a required receipt invalidated by a changed check definition (158.053649ms)
✔ reviewed aggregate coverage executes once, fingerprints covered inputs, and fails closed on script drift (561.813048ms)
✔ orchestration-tests receipts become stale when worker configuration changes (293.290925ms)
✔ repository-check receipts become stale when worker configuration changes (407.495739ms)
✔ verification runs only safe contract checks, records blocking, and detects mutations (714.214362ms)
✔ ephemeral default stays opt-in; persistent launch keeps sandbox and explicit data-dir (2.123578ms)
✔ unknown personal, noncanonical, existing unmarked and symlink directories fail before adoption (22.07032ms)
✔ symlink ancestor and evidence overlap are rejected (29.168686ms)
✔ an output symlink cannot alias profile data before preflight creates logs (32.756513ms)
✔ exclusive live and unknown locks are never recovered, and failed cleanup keeps ownership (38.5448ms)
✔ normal terminal cleanup retains checkpoint identity across a new exclusive run (44.324026ms)
✔ source/runtime/origin drift cannot silently adopt a game save (49.237167ms)
✔ symlinked source bytes and external or ignored scenarios cannot bypass input binding (93.034939ms)
✔ checker-only correspondence must bind prior run and both exact source identities (76.799486ms)
✔ unverified source and changed terminal ownership remain blocked (33.01557ms)
✔ lease refuses a replaced lock and leaves that owner untouched (35.204857ms)
✔ leftover Chromium ownership and replaced data directory block reuse (56.320846ms)
✔ committed readback is readonly, awaits completion, and hashes typed arrays/Map/Set contents (184.463404ms)
THREE.InterleavedBufferAttribute.clone(): Cloning an interleaved buffer attribute will de-interleave buffer data.
✔ painter centers retain precision and follow position replacement and updates (2.759302ms)
✔ construction caps replace face modes and hidden picking faces emit no material (1.352761ms)
✔ cell render order matches native mixed passes and retained arrival order (127.13089ms)
✔ cell traversal preserves live ordering when a stale chain entry is encountered (0.414081ms)
✔ mixed polygon buckets, reverse insertion ties and raster depths match native captures (1.373162ms)
✔ completed models reject native rear faces and shared side/bottom outcodes (0.442094ms)
THREE.InterleavedBufferAttribute.clone(): Cloning an interleaved buffer attribute will de-interleave buffer data.
✔ shared painter vertices follow attribute edits, splits and replacement (3.262197ms)
✔ native grid mapping matches exact XYZ mapping and rejects split heights or irregular coordinates (0.356946ms)
Unrecorded ledger change: run parity:record with a note
✔ parity credits verified scope only and rejects misleading or untraceable assessments (59.048079ms)
✔ report-only rendering refuses unrecorded parity progress (131.921843ms)
✔ verified requirements advance a fixed checkpoint share without hiding unknown scope (23.463697ms)
✔ assessments expose small gains and regressions without crediting scope revisions (55.083447ms)
✔ browser supervisor verifies cleanup after a missing checker dependency (501.800129ms)
✔ browser supervisor does not start the checker while the server port refuses connections (1155.757226ms)
✔ browser supervisor verifies cleanup after a checker exception (385.81492ms)
✔ browser supervisor classifies server spawn failure and verifies empty cleanup (7.524876ms)
✔ browser supervisor stops the checker when the ready server exits (731.424305ms)
✔ browser supervisor SIGTERM includes a detached checker descendant (1250.249983ms)
✔ concurrent submitters and controllers preserve FIFO without overlap (1818.577129ms)
✔ failed and timed-out jobs release before automatic next job (1903.838685ms)
✔ cancel running and queued jobs without running queued command (1519.92041ms)
✔ missing cleanup blocks handoff, recovery requires a fresh matching receipt (1212.399432ms)
✔ live detached child prevents next test and is never killed by the queue (1456.550539ms)
✔ controller crash retains lock; recovery refuses live owner or job (1560.85655ms)
✔ foreign or missing execution scope cannot prove a controller stopped or authorize recovery (943.081322ms)
✔ legacy active jobs remain unknown even with no controller lock (836.742974ms)
✔ paused submissions start no transient controller before recovery (859.055037ms)
✔ source drift and busy ports block commands without touching existing server (807.600972ms)
✔ all linked worktrees resolve the same queue; invalid specs never launch (406.706489ms)
✔ submission preserves PATH under an ESM temp parent and returns one compact result (1578.024519ms)
✔ concurrent identical retries share one unfinished job; completed work can run again (1520.573952ms)
✔ run exposes a recovery ID before caller interruption; retry keeps the running job (713.408507ms)
✔ person panels preserve native command traversal, health and original draw submissions (4.968909ms)
✔ person-panel lifetime matches native refresh and remains independent of render rate (1.149676ms)
✔ order focus matches native targets and follows the displayed queue record (0.422194ms)
✔ destination marker preserves native attachment, frames and lifetime at every render rate (348.405493ms)
✔ panic and personal fire trails retain original timer, sound, anchor and allocation decisions (26.614622ms)
✔ burning huts eject running followers with distinct panic and trail lifetimes in all orientations (1009.786329ms)
✔ panic motion, animation and fire trails are independent of presentation frame rate (326.641763ms)
✔ native building flames traverse matching cells in order, including repeated sockets and failed allocations (46.338044ms)
✔ live flame-cell adapter preserves protected followers, immunity, tribe and hidden occupants (40.712905ms)
✔ real Lightning ignition reaches nearby surviving followers before occupant evacuation (45.820674ms)
✔ ordinary clicks replace only new selections; Ctrl toggles and blocked clicks preserve the group (1.866191ms)
✔ selection never creates a simulation owner or interrupts existing group orders (204.597824ms)
✔ all native single/group selection voices and pointer acknowledgements are ready before audio activation (21.113053ms)
✔ worship placement preserves native two-pass search, occupancy, route order and failure flags (13.880887ms)
✔ worship command preserves native approach, prayer, retry and presentation RNG decisions (8.168872ms)
✔ ordinary stone-head visits expire the standing-slot cursor at the native byte timer (1.921695ms)
✔ construction-plan entrances, approach and timed attack sequences match native execution (21.664091ms)
✔ player append matches native shared references, cursor wrap, full queues, eligibility and pool exhaustion (31.147367ms)
✔ ground, building and forced-final worship modifiers and eighth-order deselection match complete native player packets (0.514943ms)
✔ replacement preserves prior orders when the shared pool is full (0.480772ms)
✔ sprite pointer brackets match native palette, two/four-layer geometry and unsigned animation wrap (3.713334ms)
✔ native conversion delay uses the recovered 200/3 timing basis (1.288363ms)
✔ a full order pool does not stop a moving Preacher without attaching its sermon (82.806644ms)
✔ inside command 31 binds its building and uses the native five-cell sermon radius (66.676811ms)
✔ conversion moves a newborn outside a building footprint before centering it (49.62233ms)
✔ sermon poses preserve native multi-turn RNG timing (29.179923ms)
✔ an idle preacher sermons, converts by replacement, and releases listeners on a new order (452.241875ms)
✔ preacher conversion is independent of display refresh rate (485.214992ms)
✔ queued command 31 rewrites to friendly building entry or ground movement (48.915509ms)
✔ ordinary groups settle into native rings, compact on departure and retain status through new orders (1311.259264ms)
✔ group resting positions, facing, gestures and footprints agree at 5–240 Hz and irregular frames (798.855184ms)
✔ exhausted resting search waits and retries its original anchor through state 10 (118.650119ms)
✔ route probes preserve native building, coast and vehicle endpoint correction (15.514319ms)
✔ failed-route initialization and retries match native fields, timing and ordered consumers (10.570578ms)
✔ disconnected groups stop, retain shared attack/waypoint orders, retry and resume after land connects (273.75301ms)
✔ route-failure notice keeps the original text and retriggers without tutorial history (81.110898ms)
✔ new orders and death release blocked commands; shaman failures use their own original voice (143.632902ms)
✔ blocked groups retry on simulation counters, with identical recovery and combat at 5–240 Hz (956.600204ms)
✔ blocked building-entry owners resume the same person and finish ordinary admission (104.289212ms)
✔ real command8 full occupancy emits an original-frame child without scene-owned RNG (749.707201ms)
✔ equal elapsed turns preserve secondary state across frame schedules with no bolt draws (199.091012ms)
✔ legacy missing-history roots bootstrap on first render without inventing past visits (112.755621ms)
✔ full roots copy the allocation byte and defer newly prepended children (6.243753ms)
✔ all byte phases and low-five-bit outcomes use the proved root gate (212.796005ms)
✔ actual UI reservations participate in inclusive gates after the root RNG draw (0.725249ms)
✔ marker expiry and child allocation share the same newest-first traversal (0.523656ms)
✔ children keep their own sixteen visits after the root is removed (1.01258ms)
✔ native free-list reuse and checkpoint reconstruction preserve physical slot ownership (0.816967ms)
✔ panel and preview reservations are derived from live adapter owners (2.59163ms)
✔ legacy marker overflow cannot leave ownerless immortal effects after restore (3.329198ms)
✔ browser capture retains the same live puff across ordinary Pause latency (2.463509ms)
✔ selection terrain mesh matches the executable with documented seven-point fan repairs (755.140492ms)
✔ selection fill/edges/corners retain native visibility, depth, UV and shared-corner ownership (24.883425ms)
✔ Shaman import preserves every prior frame, piece and animation entry (18.323336ms)
✔ actual tribe selects every native Shaman source and eight original directions (2.002596ms)
✔ Shaman idle artwork uses all four distinct original body pieces (0.198037ms)
✔ reincarnation distinguishes tribe bodies from shared spirit sources and layer owners (0.253481ms)
✔ shipped live and effect renderers consume the Shaman selector without changing generic mechanics (0.429225ms)
✔ all 3276 previous occupied sprite rectangles retain their reviewed RGBA (138.686076ms)
✔ real Mission 23 Shaman identity and death heading survive checkpoint reconstruction (664.911104ms)
✔ first and second actual presentation visits display 0 then 1, not 1 then 2 (913.938847ms)
✔ normal processed phases reset, loop independently of simulation, then freeze and hide (224.13521ms)
✔ new checkpoints retain shown/next frames; legacy checkpoints start at a bounded deterministic frame (65.823584ms)
✔ pause and native land-pause freeze the latch as well as the counter (6.869082ms)
✔ render schedules and effect-only animation cannot change gameplay, either RNG or respawn (3937.960148ms)
✔ ordinary combat death finishes existing wait and respawn without a duplicate effect (379.120912ms)
✔ model-12 rise freezes the last original spirit frame for all tribes and bearings (1.43221ms)
✔ death-site visibility follows the existing land and drowning lifecycles without changing them (50.6929ms)
✔ earlier body/transition poses retain their existing renderer behavior (0.394813ms)
✔ the live caller applies the bounded presentation only to model-12 reincarnation effects (0.68578ms)
✔ Magical Shield protects six nearby followers for the native lifetime (128.714836ms)
✔ old checkpoints default new Shield stock without disturbing their world (57.220819ms)
✔ normal early mission data selects each original backdrop and both cloud layers (1.349916ms)
✔ same-bank Mission 10 uses the same p sky set without mission-number overrides (0.124758ms)
✔ previous bank d and g sky modes and unhandled banks remain unchanged (0.132699ms)
✔ early mission sky PNGs preserve exact original bytes (1.867273ms)
✔ camera horizons preserve original sky dispatch coordinates and fade (9.303426ms)
✔ continuous sky retains native wind rates and is invariant to segment subdivision (22.627764ms)
✔ spell button artwork, positions and charging fills match native draws (16.335102ms)
✔ all six original Shield/Bloodlust descriptor frames have real atlas rectangles (1.473772ms)
✔ ready, inactive, hover and selected states use the original descriptors, not Unicode or guessed frames (0.58629ms)
✔ authored Mission16 already exposes both sprites without forced availability or stock (136.636077ms)
✔ the original undiscovered spell question mark follows the accepted six-frame append (0.23354ms)
✔ all shipped spell descriptor icons remain available after the append (0.168924ms)
✔ HudSprite no longer substitutes a text glyph and still rejects unknown resources (0.377687ms)
✔ fresh and later missions use the native owned/reward-source/cast-permission precedence (148.386146ms)
✔ restart and checkpoint restore reproduce fresh Mission 1 HUD visibility (123.101778ms)
✔ owned stock wins over the mission-load discovery mask (25.604448ms)
✔ undiscovered art is the native HFX1056 branch and visible-disabled keeps normal art (0.398338ms)
✔ unit atlas retains reviewed tribe/state/direction layers when new models append (24.696954ms)
✔ brave carry animations retain the baked timber body layer (0.294052ms)
✔ base149 retains 51 original faces and existing atlas coverage without key model slots (3.094706ms)
✔ authored default149 roots and linked Mission10 Totem select the base mesh (364.62398ms)
✔ spell45, Obelisk8, Angel157 and Vault154 remain outside static149 (101.438829ms)
✔ source qualification rejects ambiguous identity, reward flags, missing links and scenery (37.149919ms)
✔ old null/absent presentation and new checkpoints derive149 without mutating saved state (173.934059ms)
✔ static presentation never replaces a different model or an active morph family (99.40086ms)
✔ only reward-derived model45 sources are initialized; unrelated head families and Vault remain separate (164.291107ms)
✔ enabled idle cycles18native animation visits without followers; hold/refill retain the original counter rules (1.121414ms)
✔ raw keypoints use base45indices/scale rather than endpoint face layout; all18cached outputs are distinct (7.830545ms)
✔ presentation pauses with world and native land pause without touching simulation or RNG (42.681013ms)
✔ normal authored worship earns Bridge stock while presentation leaves the entire gameplay state unchanged (236.842ms)
✔ exhausted trigger does not remove its independent enabled decorative model45 animation (104.778192ms)
✔ mid-animation new checkpoint keeps phase and old optional-field checkpoint restores safely without rewards (103.442397ms)
✔ multiple heads keep separate state while30/60/120/144Hz and irregular schedules share one animation timeline (364.163333ms)
✔ shipped scene updates ordinary head positions byphase and leaves Vault on the existing path (0.846921ms)
✔ disable and refill within one presentation interval reset once without advancing the clock (0.302383ms)
✔ heading comes from the decorative scenery word, never trigger settings or model selection (1.317057ms)
✔ all16bits reach the angle-table mask and a missing producer is not treated as north (0.21338ms)
✔ linking uses the native512-unit cell, first scenery match and toroidal coordinate identity (0.144187ms)
✔ existing negative-Y scene rotation agrees with native heading basis; no camera or global offset is required (10.71796ms)
✔ Vault and unknown scenery keep their original angle; orientation lookup does not mutate saved gameplay (79.235237ms)
✔ both ordinary scene orientation consumers use the same helper; no other angle consumer changes (0.761012ms)
✔ real authored zero and high-byte headings survive the producer while saved trigger fields stay unchanged (172.883667ms)
✔ Swamp scans its native 3x3 footprint and honors victim and terrain gates (1.617118ms)
✔ Swamp uses one RNG draw, scans every fourth visit, and expires at ten kills (0.404938ms)
✔ the thirtieth same-tribe Swamp discards the oldest remaining controller (0.205689ms)
✔ live Swamp casting kills through the ordinary corpse path independently of refresh rate (273.739956ms)
✔ Swarm uses the supplied standalone original insect texture (1.71864ms)
✔ Swarm creation and first controller visit preserve original gameplay RNG and child fields (2.377128ms)
✔ Swarm first live visit allocates children before wandering begins on the second visit (105.9296ms)
✔ Swarm final fifteen controller visits progressively remove children before expiry (0.476305ms)
✔ Swarm reveals disguised Spies on panic and panic-protected non-removal paths (94.628986ms)
✔ confirmed invented generic and Angel success strings are not emitted (197.132348ms)
✔ Swarm follows player and computer cast paths with native insects, victim cadence, and lifetime (187.207619ms)
✔ Mission 2 naturally funds the Matak Shaman and casts Swarm through player orders (3701.857923ms)
✔ terrain ambience matches complete native ground queues, including empty views and depth ties (8.096425ms)
✔ tree ambience camera offset and wrapped radius match complete native cell visits (4.099654ms)
✔ local lights match complete native allocation, movement and cleanup captures (89.371814ms)
✔ Blast owns immediate terrain light until its ninth turn, preserving occupancy and pause (85.32592ms)
✔ native height notifications retain object order, duplicate visits and touching building flags (6.15805ms)
✔ terrain edits notify nearby plans, revalidate original slope rules and release an invalid plan (118.647778ms)
✔ a large terrain edit indexes live people once while retaining dirty notifications (157.31539ms)
✔ terrain dirtiness resets live steering without replacing its route (76.370126ms)
✔ terrain texture endpoints match original Direct3D triangle submissions (4.852855ms)
✔ model atlas UVs match native texel centers and retain fractional/outside coordinates (1.087112ms)
✔ terrain submission covers the native cell gate across headings and seams (298.487297ms)
✔ terrain copies omit only tiles with no native-visible cell, including seams and expanded bounds (178.490488ms)
✔ timber search matches native cell order, fog, protected stock and two-pass queries (46.604562ms)
✔ shared timber caches match native allocation, expansion, routing, ownership and expiry (96.452664ms)
✔ an exhausted indexed-search pool postpones expansion without corrupting the cache (2.643017ms)
✔ terrain changes recheck nearby timber routes and live Land Bridge reaches the cache (880.10521ms)
✔ live timber cost probes report routes and foreign territory without taking route ownership (93.943848ms)
✔ harvest clocks, transfer, scale and animation match original executable captures (1.020532ms)
✔ delivery waits, timber and construction stages match complete native calls (1.476377ms)
✔ Tornado replays native initialization, lifetime, carry and throw (4.350601ms)
✔ Tornado uses the native building protection and one-draw damage gate (0.55262ms)
✔ live Tornado casts, captures and throws independently of refresh rate (363.092471ms)
✔ tower admission uses rotated tribe sockets, ground membership and original one-shot occupant pose (2937.607042ms)
✔ a tower admits one follower and movement orders preserve elevation until physics resumes (90.078522ms)
✔ tower entry and held animation are deterministic at 5–240 Hz (420.83806ms)
✔ destroying an occupied tower releases its native record and display height (69.288534ms)
✔ a tower Firewarrior autonomously attacks an eligible hostile on the tower cadence (65.955951ms)
✔ tower preachers hand occupancy to command 31 and cleanly leave or die (299.994815ms)
✔ tower panel matches every original one-slot draw trace (5.0493ms)
✔ tower panel selection preserves occupancy; ordinary orders leave without teleporting (495.757893ms)
✔ tower dismantling releases its occupant and only braves perform the work (514.032936ms)
✔ training exit orders match original coastal correction and building precedence (6.620289ms)
✔ training admits five visible residents and places overflow on native rotated queue sockets (635.083897ms)
✔ queue cancellation retains successors and occupant departure reuses the first empty slot (99.615742ms)
✔ checkpoint reload preserves a full training hut and its waiting queue without loss (131.007498ms)
✔ funded training replaces a complete batch, releases references and walks warriors out (151.694202ms)
✔ a funded Temple trains a native model-4 preacher and sends it outside (95.844924ms)
✔ a funded Spy Training Hut trains an original model-5 Spy and sends it outside (157.896464ms)
✔ queue movement, admission, conversion and shared references are independent of render rate (1253.387953ms)
✔ already-trained warriors accept training orders and yield queue priority to new braves (96.349227ms)
✔ training append preserves all70 pre-existing original models, including vehicles (21.674849ms)
✔ all original training types and owners resolve to actual meshes, not Blue substitutes (1.728625ms)
✔ the five recovered training variants retain original geometry, color tiles and all stages (5.035169ms)
✔ authored Mission16/17/22 training assets and identities survive checkpoint reconstruction (365.692168ms)
✔ the live building factory opts into original training selection without tint or gameplay changes (9.662285ms)
✔ camp human group command retains visible admission interpolation (710.792386ms)
✔ camp shared command-8 retains visible admission interpolation (457.850793ms)
✔ temple human group command retains visible admission interpolation (320.637061ms)
✔ temple shared command-8 retains visible admission interpolation (416.785771ms)
✔ spyHut human group command retains visible admission interpolation (233.339749ms)
✔ spyHut shared command-8 retains visible admission interpolation (377.350415ms)
✔ firewarriorHut human group command retains visible admission interpolation (378.604444ms)
✔ firewarriorHut shared command-8 retains visible admission interpolation (359.597669ms)
✔ hidden admission, exit, replacement and explicit placement remain discrete (101.080295ms)
✔ native training panels preserve slots, selection, palette, frames and turn-driven feedback (10.926282ms)
✔ wide charge arithmetic never runs backwards or exceeds its frame at maximum training mana (18.945751ms)
✔ shipped disguise completes aboard Boat, holds and accepts another command (108.140264ms)
✔ Balloon passenger idle entry holds without advancing or consuming orders (67.586389ms)
✔ shipped Balloon disguise configures its command position and completes aboard (85.099738ms)
✔ Balloon raw-coordinate startup wraps payload words and retains unported encodings (38.654243ms)
✔ pending Balloon disguise checkpoint retains command position and resumes once (52.838949ms)
✔ occupied state30 checkpoint resumes countdown without reinitializing motion or RNG (52.444065ms)
✔ ordinary disembark clears vehicle and state30 returns to orders for one visit (49.233967ms)
✔ replacement disguise interrupts pending and partially completed aboard commands (54.242952ms)
✔ fractional reference uses exact rectangle coverage at edges and corners (2.027183ms)
✔ adjacent glyph elements composite their shared fractional edge sequentially (0.205258ms)
✔ disabled opacity combines with coverage while transparent source pixels preserve background (0.235984ms)
✔ source crop and nearest sampling retain native pixels without atlas bleed (0.310145ms)
✔ pinned fixed8 coverage and integer interpolation explain the opaque edge without fitting (0.242704ms)
✔ single-pixel fixed8 rectangles and straight-alpha output retain their separate contracts (0.231257ms)
✔ tree growth and complete replant searches match native captures (14.868893ms)
✔ depleted timber replants after its full delay and grows on its own phase (2689.445354ms)
✔ burning depletion also queues one replant without reviving the old tree (144.896888ms)
✔ Tutorial advances through Shaman selection into the authored Obelisk flyby (1162.510481ms)
✔ Tutorial restart recreates fresh script and view state (210.619138ms)
✔ overhead health gauges match native visibility, scaled-pose anchors and 24-pixel fills (1.311829ms)
✔ continuous positions follow captured native body/shadow interpolation (1.314424ms)
✔ every elapsed-time schedule reaches the same displayed position without changing simulation (651.863304ms)
✔ pause, endpoints, placement, entry, conversion and new people never replay stale movement (40.319923ms)
✔ Vault knowledge uses the original class-6/model-2 reward frames and socket (0.758669ms)
✔ Vault knowledge is present only while its authored reward source is active (0.141112ms)
✔ Mission 7 Vault knowledge uses occupied model-18 socket 1 placement (0.730006ms)
✔ original class4 mesh selection distinguishes geometry from tooltip IDs (1.843818ms)
✔ vehicle-only import preserves all68 existing model records (17.751591ms)
✔ authored campaign vehicles retain mesh identity across checkpoint reconstruction (250.042615ms)
✔ normal boarding, exit and destruction retain original mesh rather than changing gameplay state (75.264016ms)
✔ the normal Balloon Hut producer creates the original144 appearance (68.637186ms)
✔ the shipped vehicle factory consumes original models, with no custom hull/envelope (0.624287ms)
✔ original vehicle owner textures use adjacent source tiles and retain local UVs (9.792672ms)
✔ Boat travel and exit keep registered passenger object-cell membership current (111.619428ms)
✔ Balloon travel and exit keep registered passenger object-cell membership current (111.336207ms)
✔ same-cell passenger sync preserves one linked membership and never allocates an unregistered person (42.464123ms)
✔ checkpoint clone retains passenger cell identity and wrapped exit reindexes without duplicates (43.536012ms)
✔ live vehicle damage keeps the native owner, special, signed and reset rules (91.318599ms)
✔ Blast reaches live vehicles and native destruction ejects passengers alive (65.120758ms)
✔ vehicle life and destruction survive checkpoint migration and reload (108.915307ms)
✔ success-bearing exit preserves existing public point API and real failure (76.204148ms)
✔ live panel selection only changes native selection flags and preserves unrelated selections/orders/RNG (47.555306ms)
✔ Boat and Balloon unload launch without teleporting, clear orders, and survive occupied/airborne checkpoints (94.458763ms)
✔ unload click rechecks speed, occupancy and terrain after rendered enabled state (88.065395ms)
✔ authored Mission22 Boat and Balloon unload retain launch until a living landing (111.137644ms)
✔ vehicle panel uses native kind9 geometry, disabled raw art and selection overlays (1.643668ms)
✔ raw disabled vehicle sprite alpha is85 while tail remains170 and normal art opaque (0.264307ms)
✔ vehicle selection keeps work on single, expands deselection, and Shift selects blocked mates (0.301092ms)
✔ passenger right-click has inspection semantics, while unload right-click is inert (0.12633ms)
✔ unload readiness refresh clears cached success at speed12 or failed terrain (0.148884ms)
✔ stale unload failure repeatedly clears only current driver orders, without teleporting anyone (0.238408ms)
✔ hover adds a native fill, never a false selected marker; pressed overlays palette130 (0.211708ms)
✔ horizontal viewport expansion preserves native depth and safe projection arithmetic (636.242713ms)
✔ intermediate display footprint fills the observed bird-view cut without changing native camera state (5.98866ms)
✔ added display cells cover safe front-branch projected samples across zoom, rotation and torus fractions (79.260276ms)
✔ display bounds texture and CPU visibility share the same derived rows without feeding camera state (5.779157ms)
✔ visible cells match original traversal at boundaries and wrapped camera centers (803.830101ms)
✔ Volcano replays its native terrain, emission and disruption lifecycle (11.327806ms)
✔ player and computer Volcano casts share the live controller and old saves migrate (255.190724ms)
✔ review bundle is independently readable from a non-overlapping local fixture (250.010988ms)
✔ review bundle rejects quoted secret fields and environment-secret files atomically (252.032623ms)
✔ decoded command-receipt stdout and stderr reject escaped secret JSON without exposing values (183.796714ms)
✔ double JSON-string wrappers in stdout and stderr reject secrets without echoing values (158.731122ms)
✔ benign nested JSON strings pass within depth and decoded-byte bounds (74.025766ms)
✔ decoded JSON recursion fails closed beyond depth or total decoded-byte bounds (253.74257ms)
✔ decoded JSON byte boundary accepts exactly the configured budget (104.81128ms)
✔ tracked deletion has an explicit expected deletion identity and rejects tamper or omission (454.723363ms)
✔ real-path canonicalization rejects source aliases and bundle outputs through source symlinks (163.004684ms)
✔ bundle verification is bound to caller-supplied identities and rejects traversal (75.849355ms)
✔ raw command receipts retain source head and complete stdout/stderr (266.155838ms)
✔ command receipts bind dirty source and explicit ignored inputs and invalidate drift (235.726764ms)
✔ receipt CLI preserves repeated input flags and rejects zero-exit input drift (418.297945ms)
✔ a killed foreground wrapper retains unknown state and raw output, never a pass (681.458898ms)
✔ retired status and binding commands are not exposed or coupled to verification (4.168749ms)
✔ live aggregate coverage includes every maintained workflow integrity suite (245.957208ms)
✔ native models 13 and 15 route only completed vehicle workshops into kind 6 (1.803417ms)
✔ Boat House kind-6 panel uses native 136x82 rows and hit targets (0.771829ms)
✔ Boat House work cells fill only at each complete native 100-work boundary (0.32648ms)
✔ Boat House reuses original dismantle and cancel control phases (0.199309ms)
✔ Balloon Hut kind-6 geometry derives 208x82 from native capacity and ten work cells (0.27976ms)
✔ Balloon Hut work cells fill only at each complete native 100-work boundary (0.193771ms)
✔ Balloon Hut reuses the original dismantle and cancel control phases (0.244947ms)
✔ followers cross the former crop and both world seams, then settle at every frame rate (4217.984352ms)
✔ direct attacks take the short route and engage across both world seams (117.581666ms)
✔ live heights and sprite grounding read native terrain outside the compatibility grid (70.00457ms)
✔ mixed picking follows captured native painter ownership and pixel edges (8.715885ms)
✔ live pointer eligibility uses the active record and recorded cell building (818.635063ms)
✔ ScenePicking re-resolves injected overlapping terrain candidates against the current painter command (347.73899ms)
✔ native selector body hierarchy retains all 25 worlds and first-three moons (1.621144ms)
✔ opening campaign availability reflects completion without hiding replay access (0.214633ms)
✔ ordinary Stone Head completion creates the original six-visit acquisition VFX before stock delivery (184.445858ms)
✔ spell-head reward admission preserves native oriented cell ranges and active command eligibility (11.053991ms)
✔ head-group selection shares native occupant flag rules and imported panel heights match the original consumer (1.846412ms)
✔ proved worship modes use their original static models without changing other head families (0.774653ms)
✔ original worship model 8 is the reviewed bank-2 geometry (1.723007ms)
✔ original worship model 157 is the reviewed static Angel-head geometry (0.389635ms)
✔ legacy appearance migration recovers recursive authored modes and preserves existing families (276.689985ms)
✔ linked tutorial mode-3 Obelisk retains its authored mode and model (36.625141ms)
✔ Temple training uses the canonical shape doorway rather than crossing its footprint (77.197246ms)
✔ normal worship approach follows the same canonical stone-head heading as the rendered head (67.225587ms)
✔ legacy Mission22 worship appearance is derived from authored source identity without changing checkpoint state (139.361856ms)
✔ legacy linked mode3 head migrates recursively while root trigger and unrelated state stay byte-for-byte equivalent (27.149496ms)
✔ legacy non-mode3 and Vault heads recover mode without changing their presentation families (25.765028ms)
✔ authored worship lookup uses immutable source fields and agrees for Mission22 and linked tutorial head (57.894089ms)
✔ shipped store load migrates legacy Mission22 before real command-27 Brave admission (109.010032ms)
✔ automatic worship-panel activity is written only by a supported completed mode-0 sample (1.291679ms)
✔ automatic producer keeps unproven families out of the first shipped slice (0.191147ms)
✔ automatic retention reads the last player-specific sample rather than generic follower state (0.123886ms)
✔ automatic retention releases an inactive completed head even after a positive last sample (0.113291ms)
✔ worship panels preserve native progress, recharge, slots and artwork without clipping the second row (7.370194ms)
ℹ tests 1038
ℹ suites 0
ℹ pass 1038
ℹ fail 0
ℹ cancelled 0
ℹ skipped 0
ℹ todo 0
ℹ duration_ms 101289.488504

> populous-first-dawn@0.1.0 parity:check
> node scripts/parity.mjs check

Parity ledger, evidence paths, revision and generated report are consistent.

> populous-first-dawn@0.1.0 orchestration:check
> node scripts/orchestration/cli.mjs check

{
  "status": "passed",
  "checks": 124,
  "subsystems": 11,
  "generatedOwners": 6,
  "unmappedSourceCount": 149,
  "unmappedSources": [
    "app/ambient-sound.ts",
    "app/animation.ts",
    "app/audio-preferences.ts",
    "app/audio.ts",
    "app/blast-wave.ts",
    "app/building-clearing.ts",
    "app/building-damage.ts",
    "app/building-debris.ts",
    "app/building-dismantle.ts",
    "app/building-occupants.ts",
    "app/building-sinking.ts",
    "app/building-smoke.ts",
    "app/building-terrain.ts",
    "app/celebration.ts",
    "app/chatgpt-auth.ts",
    "app/combat-approach.ts",
    "app/combat-building.ts",
    "app/combat-order-search.ts",
    "app/combat-orders.ts",
    "app/combat-pursuit.ts",
    "app/combat-targets.ts",
    "app/command-context.ts",
    "app/construction-panel.ts",
    "app/convert-wild.ts",
    "app/drag-border.ts",
    "app/drag-overlay.ts",
    "app/earthquake.ts",
    "app/effect-motion.ts",
    "app/erosion.ts",
    "app/firestorm.ts",
    "app/flatten.ts",
    "app/footprints.ts",
    "app/fps-graph.ts",
    "app/globe-renderer.ts",
    "app/globe.ts",
    "app/ground-overlay.ts",
    "app/hud-charge.ts",
    "app/hud-font.ts",
    "app/hud-health.ts",
    "app/hud-mana.ts",
    "app/hud-population.ts",
    "app/hud-portrait.ts",
    "app/hud-selection.ts",
    "app/hut-birth.ts",
    "app/hut-occupancy-smoke.ts",
    "app/hut-smoke-runtime.ts",
    "app/hut-upgrade.ts",
    "app/indexed-search.ts",
    "app/land-bridge.ts",
    "app/layout.tsx",
    "app/level-one.ts",
    "app/level-three.ts",
    "app/level-two.ts",
    "app/live-resting.ts",
    "app/mana.ts",
    "app/melee-encounter.ts",
    "app/melee-engagement.ts",
    "app/melee-groups.ts",
    "app/melee-placement.ts",
    "app/melee.ts",
    "app/minimap-frame-view.tsx",
    "app/minimap-frame.ts",
    "app/minimap-renderer.ts",
    "app/minimap.ts",
    "app/model-faces.ts",
    "app/model-lighting.ts",
    "app/morph.ts",
    "app/music.ts",
    "app/native-math.ts",
    "app/original-bloodlust.json",
    "app/original-camera.json",
    "app/original-constants.json",
    "app/original-effects.json",
    "app/original-fire.json",
    "app/original-minimap-frame.json",
    "app/original-music.json",
    "app/original-pointer.json",
    "app/original-script-three.json",
    "app/original-script-two.json",
    "app/original-script.json",
    "app/original-search.json",
    "app/original-shapes.json",
    "app/original-sky.json",
    "app/original-skylens.json",
    "app/original-sound.json",
    "app/original-stone-heads.json",
    "app/original-tooltips.json",
    "app/painter-vertices.ts",
    "app/painter.ts",
    "app/path-geometry.ts",
    "app/path-search.ts",
    "app/path-solver.ts",
    "app/person-collision.ts",
    "app/person-idle.ts",
    "app/person-motion.ts",
    "app/person-panel.ts",
    "app/person-physics.ts",
    "app/person-route-recovery.ts",
    "app/person-state.ts",
    "app/preacher-conversion.ts",
    "app/projectile-motion.ts",
    "app/projection.ts",
    "app/resting-slots.ts",
    "app/scene-hud-runtime.ts",
    "app/scene-secondary-effects.ts",
    "app/scenery-fire.ts",
    "app/secondary-effects.ts",
    "app/selection-raster.ts",
    "app/shaman-death-vfx.ts",
    "app/sky-motion.ts",
    "app/sky.ts",
    "app/special-battle.ts",
    "app/spell-button.ts",
    "app/spell-halo.ts",
    "app/spell-trails.ts",
    "app/spell-visibility.ts",
    "app/sprite-layers.ts",
    "app/stone-head-149.ts",
    "app/stone-head-animation.ts",
    "app/stone-head-orientation.ts",
    "app/swamp.ts",
    "app/swarm.ts",
    "app/terrain-ambience.ts",
    "app/terrain-light.ts",
    "app/territory.ts",
    "app/tooltip-layout.ts",
    "app/tornado-runtime.ts",
    "app/tornado.ts",
    "app/training-conversion.ts",
    "app/training-hut-appearance.ts",
    "app/training.ts",
    "app/tree-growth.ts",
    "app/unit-health.ts",
    "app/vault-appearance.ts",
    "app/vehicle-appearance.ts",
    "app/vehicle-routing.ts",
    "app/volcano.ts",
    "app/water.ts",
    "app/workshop-panel.ts",
    "app/world-coordinates.ts",
    "app/world-initialization.ts",
    "app/world-selector-data.ts",
    "app/world-selector.module.css",
    "app/world-selector.tsx",
    "app/world-state.ts",
    "app/world-tasks.ts",
    "app/worship-appearance.ts",
    "app/worship-panel-activity.ts",
    "app/worship-panel.ts"
  ],
  "cacheRequired": false
}
