
> populous-first-dawn@0.1.0 check
> npm run typecheck && npm test && npm run parity:check && npm run orchestration:check


> populous-first-dawn@0.1.0 typecheck
> tsc --noEmit


> populous-first-dawn@0.1.0 test
> node --test tests/*.test.mjs

✔ live Mission3 adapters rotate an eligible Convert Wild producer behind training (133.990781ms)
✔ producer table preserves singleton priority, one stable pass, and signed counts (0.891159ms)
✔ producer capacity is checked before callbacks and after pre-table allocation (0.451198ms)
✔ checkpoint migration retains producer history and initializes each legacy AI independently (175.872233ms)
✔ authored early producer opportunities record native table attempts without changing later missions (1029.07266ms)
✔ Missions1/2 never enable type8 or idle type11/15 response follow-ups (239.951449ms)
✔ ordinary Missions1/2 allocate a real pre-table scan at their first producer opportunity (431.22152ms)
✔ normal first scans finish and repeat without a placeholder reservation (430.942677ms)
✔ ordinary Mission2 movement reaches a real response and resumes the scan checkpoint (413.85349ms)
✔ response allocation preserves native duplicate, disabled, cancellation and exhaustion gates (0.804959ms)
✔ early automatic training requires at least the native school capacity (270.090622ms)
✔ training capacity compares the native signed32-bit available total (0.515504ms)
✔ six followers share ground → area attack → ground orders, destroy the hut and regroup (344.949339ms)
✔ losing an acquired building rescans the area, fights a new person and retains the waypoint tail (155.355291ms)
✔ cancelling a reserved fight releases its reservation and the entire staged tail (101.175233ms)
✔ area targeting distinguishes an unbuilt plan from a partially constructed building (223.272479ms)
✔ arrival voices count approaching followers and fire once when they near the ordered area (459.645186ms)
✔ area approach, combat, arrival voices and queued destinations agree at 5–240 Hz and irregular rendering (1077.334923ms)
✔ pausing an unfinished music play preserves enabled sound and later resume (12.907315ms)
✔ late rejection from an older resume cannot cancel the newest playing request (0.896458ms)
✔ a superseded context resume does not submit an extra music play (12.879694ms)
✔ mute cancels pending playback without recreating the background timer (0.701224ms)
✔ dispose cancels pending playback without recreating the background timer (0.71853ms)
✔ the current playback failure still rejects rather than hiding a real media error (1.021165ms)
✔ current context errors propagate, while a disposed request cannot report a stale failure (0.438569ms)
✔ initial enable can finish while paused without turning the sound setting off (1.021384ms)
✔ enable reports cancellation when muted during its pending playback (0.783167ms)
✔ first visit and non-browser rendering keep the existing defaults without writing (11.753091ms)
✔ versioned zero/full volume restores without truthiness fallback or autoplay data (0.375635ms)
✔ malformed, unsupported and unsafe values fall back without overwriting the record (0.438619ms)
✔ only an explicit valid change writes the known preference fields and leaves other storage alone (0.296566ms)
✔ invalid programmatic values never persist or replace the last valid choice (0.290106ms)
✔ denied storage getter, reads and writes are safe session-only fallbacks (0.283606ms)
✔ restoring volumes does not create audio, enable playback, or change audio RNG/reset semantics (0.333041ms)
✔ authored origins survive initialization for all five currently live campaign bridge heads (601.783859ms)
✔ ordinary Mission 2 worship creates the authored crossing and every live terrain turn matches it (1143.43029ms)
✔ legacy migration recovers only missing immutable origins without replaying active terrain (479.611825ms)
✔ pre-activation legacy save and mid-bridge checkpoint continue once at the authored origin (1128.541229ms)
✔ automatic Boat search filters native-ineligible vehicles and boarding shares the driver route (133.665769ms)
✔ music sections and ordinary ambient decisions match captured original execution (6.787078ms)
✔ percussion uses audio timestamps at low/high/irregular frame rates and skips stale starts (6.823192ms)
✔ Blast head reaches impact and native first/last wave visits launch enemies/allies (157.498346ms)
✔ Blast and follower presentation share elapsed time at low/high/irregular refresh rates (406.60554ms)
✔ projectile snapshots preserve pause, wrap and explicit placement without touching unrelated effects (34.03722ms)
✔ original Blast indexed visits, alliances, repeated impulses and damage gates (21.502647ms)
✔ live Blast delays allied launch, retains native flight height and restores commands after landing (145.791196ms)
✔ Blast and landing damage share original shields, protection, attacker and life wrapping (2.075429ms)
✔ wild followers land into their original state 8 without losing the unit (76.357354ms)
✔ a burning airborne follower keeps one panic clock and releases its native pose after landing (59.953087ms)
✔ Boat House launch matches native type-1 computer full ejection (93.987022ms)
✔ Boat House launch matches native type-2 human driver removal with retained occupants (75.354347ms)
✔ readiness reads rebind after fresh page reload and on repeated calls (7.904907ms)
✔ readiness wait sequentially awaits false samples before accepting literal true (5.372763ms)
✔ a truthy non-boolean readiness field does not pass the wait (5.330839ms)
✔ read errors propagate and repeated unready samples time out without mutation (17.328275ms)
✔ building attack phases, entrances, damage and shake match native execution (71.653497ms)
✔ an entirely occupied world cancels special positioning instead of hanging (1.80406ms)
✔ live building assault enters, strikes, shakes and destroys via native damage accumulation (646.399908ms)
✔ occupied building ejects a defender and the same native command resumes after winning (96.903444ms)
✔ building attack mechanics and poses are independent of rendering cadence (647.948711ms)
✔ attacker death releases immediately; target loss rescans the area before completing (168.188282ms)
✔ native defence gate and shaking retain counter cadence, signed lifetime and collapse RNG (1.724991ms)
✔ cancelling or killing an attacker during its defender encounter releases the retained order (174.434852ms)
✔ complete native scenery clearing, shared waits and ownership requests (225.769707ms)
✔ complete native people clearing, shared waits and ownership requests (167.808591ms)
✔ live clearers harvest on-site trees, carry and deposit logs, then move bystanders before allocation (1041.945788ms)
✔ clearing pauses without advancing and cancellation releases its native animation and route (148.860317ms)
✔ clearing bushes starts the original fire and retreats before the site is allocated (211.681999ms)
✔ occupant restoration and facing match native captures, including seams and backwards facing (8.843597ms)
✔ live exits retain position and sprite ownership for every building orientation (1760.866425ms)
✔ command cancellation uses shared exit restoration without changing the route start (27.40133ms)
✔ timber hauling matches native phases, movement, reservations, transfers, poses and clocks (22.82846ms)
✔ native building origins, exact ground writes and plan height initialization (372.110058ms)
✔ live rotated foundations use native vertices and preserve surrounding terrain (829.698433ms)
✔ buildings retain distinct terrain handles after long effect-heavy games (39.178429ms)
✔ native descriptor data routes completed huts through kind 7 with resident capacities (6.697583ms)
✔ kind-7 hut rows place occupant and dismantle hit targets from native capacity (1.628047ms)
✔ training charge row keeps existing controls aligned after shared geometry extraction (0.231678ms)
✔ unbuilt plan priorities, validation, allocation and abandonment match native decisions (15.362843ms)
✔ leveling movement, animation, timers, terrain and sound match complete native task 8 (83.836821ms)
✔ live plans retain uneven ground, level visibly and wait for timber and crew clearance (2474.887556ms)
✔ a full shared order pool leaves a new plan unstaffed without leaking ownership (109.115369ms)
✔ simultaneous fetch deposits cap preparation work and preserve surplus timber (119.907056ms)
✔ unattended plans expire and redirected leveling workers release their sprite and route (239.800582ms)
✔ native preparation clears on-site timber before allocation without deleting its resource (149.038833ms)
✔ foundation settling, flooding and dock edges match original executable captures (85.279359ms)
✔ original wet-side tipping, drift, spin and sinking expiry retain complete native trajectories (184.670071ms)
✔ terrain collapse ejects before destruction, retaining its two-turn delay (0.982005ms)
✔ healthy buildings settle without entering repair; deformed and flooded buildings use distinct destruction (925.435702ms)
✔ complete native cell validity and exact placement feedback (44.982696ms)
✔ placement protects reincarnation stones without a living Shaman and reserves buildings (1047.832502ms)
✔ building activity matches native geometry, clocks, speed, facing and animation requests (44.01349ms)
✔ live builders reach work poses, animate, pause, cancel and finish without stale sprites (550.047208ms)
✔ crews leave finished huts in all four orientations before the plan releases them (2204.668355ms)
✔ player construction orders approach natively and deposit carried logs before fetching (1630.913156ms)
✔ builder admission and stale-slot pruning match complete native calls (25.052326ms)
✔ construction dispatch, repair clocks and departure gates match native plan calls (8.023788ms)
✔ scheduled burning plans panic only unlocked builders on building cells (218.277183ms)
✔ repair smoke footprint and terrain refresh match native cell traversal (13.730003ms)
✔ two live builders dispatch one hauler on the original sixteen-turn phase (341.66533ms)
✔ later construction haulers skip timber reserved by an earlier search (74.459701ms)
✔ timber reservations reopen, drain and release on native transitions (0.265148ms)
✔ live plan capacities, duplicate orders and replacement workers share registration (101.650982ms)
✔ zoom retains native preset bounds and the existing 18-step timer (1.260434ms)
✔ render previews do not mutate native state and meet every committed step across all resolution tables (81.544708ms)
✔ 30/60/120/144 Hz and irregular preview schedules retain duration and every owned native configuration (12.282204ms)
✔ conversion observation requires the native victim-owner and replacement flags without world mutation (3.356844ms)
✔ death, ordinary births, startup conversion flags and enemy preacher ownership are not credited (0.466711ms)
✔ observation resets at mission boundaries and does not infer events across unobserved turns (0.312539ms)
{"label":"fixture","ready":true,"turn":1,"status":"playing"}
{"checkpoint":"mission-2-start","level":3,"status":"won","turn":1,"population":{}}
{"checkpoint":"mission-2-won","level":3,"status":"won","turn":1,"population":{}}
{"checkpoint":"mission-2-result","level":3,"status":"won","turn":1,"population":{}}
{"checkpoint":"mission-3-continued","level":3,"status":"won","turn":1,"population":{}}
{"checkpoint":"mission-3-won","level":3,"status":"won","turn":1,"population":{}}
{"checkpoint":"mission-3-result","level":3,"status":"won","turn":1,"population":{}}
PASS: fixed-turn diagnostic wins Mission 2, continues, and wins Mission 3; not real-clock gameplay
✔ sandbox adapter retains every existing assertion, turn bound and campaign action (18.106288ms)
✔ changed or duplicated maintained checker scaffold fails closed before browser execution (1.499423ms)
✔ late final screenshot completion cannot mark an aborted campaign scenario passed (18.723947ms)
✔ actual native triangles supplement the historical fixed anchor scan (7.170395ms)
✔ geometry candidates cannot bypass foreign object or DOM overlay ownership (2.464343ms)
✔ normal zero-dt frame refresh resolves stale panels while retaining simulation slots and clock (1.489358ms)
✔ presentation refresh cannot conceal a simulation change (9.976662ms)
✔ presentation reservation exception cannot conceal secondary slot allocation (1.269948ms)
✔ stale pre-refresh reservations fail instead of being normalized by the checker (1.655138ms)
✔ presentation refresh cannot conceal changed world Map entries (4.722606ms)
✔ occluded shrine fallback uses bounded ordinary camera drags and strict target re-probes (0.232199ms)
✔ the shipped right-drag mapping rotates 512 native angle units without panning (80.784425ms)
✔ Mission 3 trains a bounded Preacher group and retains identified HUD-reachable Braves (0.177387ms)
✔ additive native Ctrl-five requires the ordinary cancel/deselect before reserving workers (1137.56225ms)
✔ missing checkpoint does not suppress independent campaign progress (89.343918ms)
✔ malformed checkpoint does not suppress independent campaign progress (50.464463ms)
✔ partially migratable checkpoint does not suppress independent campaign progress (34.286282ms)
✔ incompatible checkpoint does not suppress independent campaign progress (37.538289ms)
✔ current valid checkpoint still restores and loads (81.167301ms)
✔ legacy valid checkpoint still restores and loads (103.22338ms)
✔ malformed stored checkpoint preserves usable session checkpoint and merges completion (37.952392ms)
✔ storage read failure retains in-session progress and checkpoint (65.535972ms)
✔ camera release alone does not make the startup Shaman selectable; observation is read-only (342.422782ms)
✔ readiness still rejects absent actors, global input locks and paused play (226.858864ms)
✔ Continue readiness waits on real RAF before suspension with the existing timeout (0.955556ms)
✔ the production wait polls synchronous false until native selection readiness (2.477743ms)
✔ Mission 3 Swarm target observation is read-only and chooses an actually castable enemy (1293.214821ms)
✔ Mission 3 Swarm eligibility does not depend on distance to the vault or unit array order (676.096639ms)
✔ Mission 3 Swarm diagnostic refuses missing stock, blocked input, cooldown and invalid enemies (837.089518ms)
✔ checkpoint readback awaits false reads before the actual true result (3.613249ms)
✔ checkpoint readback fails closed after bounded asynchronous false results (0.755565ms)
✔ attack approach points and search pool state match complete native queries (53.931019ms)
✔ fight/person pursuit, housed entry, waiting and retries match native visits (18.028292ms)
✔ attack search, march records and automatic retargeting match native dispatch boundaries (26.619602ms)
✔ arrival voices and reservation release replay native thresholds and compacted-list visits (3.868853ms)
✔ original automatic commands preserve normal queues, share one reference-counted record and handle allocation exhaustion (80.144774ms)
✔ native scan dispatch preserves pending bits, suppression, specialist selection and consumer call counts (0.6259ms)
✔ ordinary combat entry reveals a completed Spy disguise (393.1486ms)
✔ live campaign scan suppression consumes pending alerts without changing person counters or sprites (199.863673ms)
✔ dead building attackers release queued shaman-guard duty (160.372439ms)
✔ fight motion initializes its retained sermon without a native owner (91.855733ms)
✔ coastal response targets come from the corrected native cell, including its newly exposed edge (123.989291ms)
✔ tower counterattacks ignore hostile people in water (190.768796ms)
✔ coastal area/dismantling order preparation matches full native calls and retains flags on identical commands (0.970678ms)
✔ live same-cell followers share one automatic command 21 and resume their queued destination (145.587596ms)
✔ an on-foot Firewarrior owns one automatic response per cooldown and yields to player movement (635.246088ms)
✔ an on-foot Firewarrior repeatedly launches at and damages a completed enemy building (135.645009ms)
✔ automatic combat restarts a retained direct tree harvest instead of harvesting during battle (116.412734ms)
✔ live automatic combat consumes a pending worship scan without replacing command 27 (146.813716ms)
✔ live automatic allocation failure preserves its source and queued order (107.35849ms)
✔ live automatic sharing leaves a nonmatching same-cell peer untouched (116.889595ms)
✔ live preacher response retains its sermon queue and resumes conversion (69.335416ms)
✔ preacher response allocation failure consumes the scan without changing its queue (141.63814ms)
✔ complete pursuit, target setup and attack-area gates match native fields, RNG and consumer ordering (34.456117ms)
✔ full-fight waiting positions and fallback RNG match original terrain and collision execution (43.210663ms)
✔ mixed target collection, native distance bands, fight admission and reservations replay executable captures (11.105859ms)
✔ live followers choose closer enemies, distribute reservations, then fall back to a saturated target (290.420789ms)
✔ live mixed scans detect enemy footprints and prefer an eligible person in the same distance band (196.989209ms)
✔ automatic squads share native area orders and target capacity independently of render frequency (1012.60923ms)
✔ live target priority joins a fight ahead of a solitary enemy in its distance band (92.994453ms)
✔ nearby automatic building attacks keep their command-21 target between detection visits (78.041195ms)
✔ automatic contextual priority matches original single and mixed-class captures (1.260504ms)
✔ live ground context follows native registered cells through rotations and world seams (78.654435ms)
✔ ground beside a hut moves the group, while its occupied cell enters it (103.222243ms)
✔ an exact tree click harvests, seeks a timber plan and otherwise returns to rest (176.931787ms)
✔ a queued ordinary-tree harvest keeps its cargo and advances the existing waypoint (520.93528ms)
✔ input feedback matches native ground-cell centers and suppresses flashes over pointed objects (0.361983ms)
✔ object commands retain the chosen identity through overlaps and array reordering (136.262429ms)
✔ live target choice follows captured native ownership for both tribes (2450.690162ms)
✔ construction command matches native registration, fallback ownership and task handoffs (67.776969ms)
✔ construction panel matches native submissions and corrects the unlinked second-row height (16.212653ms)
✔ construction workers can be selected, reassigned to dismantle, cancelled and restarted (704.417524ms)
✔ construction icons select the active worker record and respect its native eligibility (46.257461ms)
✔ Convert Wild scans, converts, animates, and casts through player and computer paths (158.800922ms)
✔ deselection matches native command flags for every selection byte (7.502622ms)
✔ cancel targeting first; deselection preserves shared marching orders, routes, RNG and pause (187.382174ms)
✔ deselection reaches retained work representations once, leaves enemy ownership alone (66.168087ms)
✔ deselected groups retain identical mechanics and poses at 5–240 Hz and irregular frames (693.283154ms)
✔ training selection eligibility reads command flags, independently of motion turning flags (314.200466ms)
✔ dismantling reassigns residents and queued braves, recovers all timber and removes the building in four orientations (732.787133ms)
✔ cancelling dismantling stops existing workers; new orders can staff an empty dismantling building (134.947227ms)
✔ dismantling outcomes and timber remain independent of render frequency (572.767239ms)
✔ mixed groups queue movement, dismantling and movement without redirecting ineligible warriors (421.842207ms)
✔ queued building entry can become dismantling; cancellation skips work while retaining the destination (300.515091ms)
✔ dismantling queue replacement and death release references while non-braves keep their current orders (212.132916ms)
✔ automatic combat pauses shared dismantling and resumes its retained order (50.355578ms)
✔ automatic combat completion follows the native circular dismantling queue (67.332376ms)
✔ automatic combat allocation failure keeps dismantling state intact (53.325781ms)
✔ queued dismantling, timber and following movement agree at 5–240 Hz and irregular frames (721.443199ms)
✔ drag borders match original screen extrusion, texture coordinates and terrain crossings (25.719122ms)
✔ native area commands retain tower/training exclusions, current-order lookup and actual land membership (4921.226339ms)
✔ a real trainee remains drag-selectable on entry and becomes excluded only in the native interior phase (128.105673ms)
✔ fetching builders are selected at their active task-7 position (25.96615ms)
✔ world drag geometry matches captured native seams, camera bearings, clamps and degenerate drags (5.496198ms)
✔ live drag selection matches native flags and group voices without changing simulation ownership (607.039369ms)
✔ Mission 3 periodic raid preserves native mask, strict thresholds and arguments (7.016272ms)
✔ Mission 3 naturally grows both tribes and recruits the authored three-Brave raid (12387.389508ms)
✔ Earthquake matches the native initializer and central deformation phase (3.952488ms)
✔ Earthquake building scans preserve protected models, RNG and ejection-before-damage (0.751809ms)
✔ live Earthquake casts, damages and deforms independently of refresh rate (248.17212ms)
✔ Mission 1 counts authored primary effects before the opening (192.118771ms)
✔ Mission 1 keeps the allocation phase across pause, checkpoint and restart (224.658577ms)
✔ Mission 2 counts authored primary effects before the opening (46.814928ms)
✔ Mission 2 keeps the allocation phase across pause, checkpoint and restart (246.854746ms)
✔ Mission 3 counts authored primary effects before the opening (34.640937ms)
✔ Mission 3 keeps the allocation phase across pause, checkpoint and restart (236.395961ms)
✔ early-level effect phase remains fixed-turn owned across frame schedules (638.402363ms)
✔ live Erosion casting deforms terrain independently of refresh rate (552.768818ms)
✔ a newer Lightning consumes simulation RNG before Erosion (35.159366ms)
✔ original cleanup, center, terminal release/counters and recovery match native captures (9.59751ms)
✔ last opponent death ends the fight, credits its winner once and returns a survivor to commands (149.331479ms)
✔ live separation uses the squared eight-unit boundary (202.015055ms)
✔ a native interruption detaches its slot and protected survivors defer state recovery (64.165127ms)
✔ fight completion, recovery and RNG agree at 5–240 Hz and irregular frame schedules (502.2111ms)
✔ Firestorm emits its complete native 220-turn rain sequence (5.086132ms)
✔ live Firestorm composes fire, panic Blast and building ignition independently of refresh rate (601.294762ms)
✔ Flatten follows the native 15-turn terrain and orbit lifecycle (4.570688ms)
✔ live Flatten casting is refresh-rate independent (1467.281736ms)
✔ persistent follower controls retain native descriptor order and class HFX ownership (9.109399ms)
✔ live own class totals enable controls independently of training knowledge or occupancy (107.089753ms)
✔ reading the follower strip does not mutate simulation or selection state (136.287288ms)
✔ shipped G has the recovered guard task without mutating native ownership in HUD reads (102.610572ms)
✔ specific legacy work overrides dormant idle while real native disruption remains authoritative (71.232751ms)
✔ construction, pre-entry, actual entry and native idle routes use their own categories (49.739172ms)
✔ task selection preserves orders and RNG during a real movement command and propagates occupied groups (87.241457ms)
✔ live task count reads nearby camera coordinates without creating or registering people (57.458432ms)
✔ real boarding through a route owner overrides a dormant native person for Selected task propagation (45.777059ms)
✔ task classifier preserves every recovered native state and command category (2.376241ms)
✔ inside classification follows building category and the Preacher command exception (0.277537ms)
✔ global existence and nearby task counts are independent; selected overlays preserve native addition (3.396925ms)
✔ task selection ignores persistent-strip assignment priority and uses category nearest (0.404958ms)
✔ Selected row click/Shift deselect, Ctrl reselects nearest without changing its work or the group (0.492981ms)
✔ Total single/five can select the Shaman while Shift excludes it (0.321503ms)
✔ task focus filters category and cycles with the Shaman nearby exemption without mutation (0.259951ms)
✔ footprint history matches native ring replacement and its per-cell pixel counts (726.774562ms)
✔ partial footprint shading equals a complete native-palette atlas rebuild (1489.754654ms)
✔ live walking footprints use the elapsed animation clock, including pause and disabled trails (315.120979ms)
✔ live turn preserves native tribe order, inactive skipping and next-turn formation admission (1705.743945ms)
✔ actual recruited groups wait a turn and then steer before member physics (146.184851ms)
✔ render cadence cannot change gameplay, RNG or owned animation state (6703.067897ms)
✔ paused time stays paused; long active frames retain elapsed time (150.752581ms)
✔ campaign messages use the presentation clock and freeze while paused (236.664608ms)
✔ campaign pending auto-open waits for settled motion and consumes one oldest record per presentation visit (58.249492ms)
✔ scenery shade follows cell occupants through overlap, depletion and regrowth (71.56511ms)
✔ rotated building plans keep their anchor, entrance routes and orientation through construction (867.624426ms)
✔ Lightning ignites only its building footprint, then evacuates, damages and permits repair (383.834845ms)
✔ Lightning burns original scenery through smoke and cleanup without leaking fire state (82.092429ms)
✔ native impacts expire on exact turns and debris preserves the sprite allocation counter (103.839799ms)
✔ terrain rebuilds preserve queue precedence and initialize the original mission before sampling (21.391024ms)
✔ territory preserves native footprint asymmetry, overlap clearing and staggered recovery (2.751054ms)
✔ opening tooltips resolve mission cells and have an independent lifetime (27.00481ms)
✔ original level layout, native foundations, and the complete mission (3615.080226ms)
✔ housing, mana allocation, pause, drowning, and reincarnation (583.535191ms)
✔ ordinary land deaths keep the native corpse lifecycle (157.336592ms)
✔ native transformed compound bases stay on their ground pads (25.957401ms)
✔ native animation identity, casting interruption, gradual terrain and blast survival (417.50285ms)
✔ native economy uses fixed turns, population bands and real hut upgrades (721.653455ms)
✔ lightning hits a native map cell and Blast leaves allied health intact (44.625358ms)
✔ native integer movement and combat exchanges preserve timing, retaliation and replay (410.229145ms)
✔ native fight slots form four-person groups and release on interruption (99.588752ms)
✔ native sound cues preserve sample identity, cast phases and simulation randomness (188.449225ms)
✔ native Lightning delays the upper flash and regenerates eight segments for three turns (53.415768ms)
✔ native spell allocation, discrete flight, RNG trails and delayed impact (593.853498ms)
✔ native terrain ridges, reflected diagonals, surface planes and boundary vertices (1.334586ms)
✔ original campaign setup disables only enemy reincarnation and retains deferred commands (290.275859ms)
✔ mission-one AI applies its native spell interval profile on the original phase (152.875734ms)
✔ mission-one closes its construction latch after the first Red hut (39.044433ms)
✔ campaign marker setup snapshots native entry state before live execution (87.859276ms)
✔ mission marker task sends one reserved brave to marker one (68.032443ms)
✔ mission-one ordinary marker guard patrols and answers nearby enemies (90.809711ms)
✔ campaign markers remove the bridge head on the native phase, independently of routing (107.46322ms)
✔ campaign counters track allocation and remaining head gifts through gameplay (152.285462ms)
✔ worship decays without followers and continues at full spell stock (279.601519ms)
✔ vault discovery follows worship, door, entry and exit tasks (206.483304ms)
✔ vault allocation preserves the current order when the shared pool is full (268.546728ms)
✔ original discovery messages follow script phases, persist and reset (127.186494ms)
✔ partial building queries consume their mode once and marker triggers bypass worship (42.179763ms)
✔ original opening runs before object turn 72 and its independent flyby clock can be interrupted (122.976151ms)
✔ native outcome phases honor campaign opponents, forced results and defeat recovery (364.970447ms)
✔ tribe gates suppress scripts and AI while object turns and eligible cooldowns keep their native phases (339.293874ms)
✔ emergency casting preserves queued work and preacher responses keep their own payment rules (76.987478ms)
✔ mission-one AI casting uses the live shaman state and cast-block flags (312.618483ms)
✔ live spell scans use population thresholds and building territory with delayed overlap recovery (71.604934ms)
✔ original campaign stops Dakini Blast casting after its second allocation (236.190587ms)
✔ campaign attack commitment follows living warrior counts on its original turn (258.097628ms)
✔ mission-one Dakini launches its native attack route when Blue enters marker three (208.361953ms)
✔ mission-one Dakini launches its later building attack when Blue overwhelms it (167.153816ms)
✔ mission-one Dakini pursues a fallback shaman by exact command target (31.370766ms)
✔ computer attack exhausts native scans and retreats below its surviving-member threshold (0.461494ms)
✔ computer attack pool exhaustion skips hostile dispatch and retires through native empty scans (86.121567ms)
✔ queued training keeps its selection lock until issuing the order and frees its slot after arrival (0.619551ms)
✔ mission-one red AI queues exact task 6 below one warrior and executes live training (121.894321ms)
✔ mission-one red AI does not reserve a second brave already committed to warrior training (34.677444ms)
✔ external game store publishes edits and restarts without sharing worlds between sessions (283.214327ms)
✔ mission-one victory continuation creates and restarts the recovered mission-two world (263.443146ms)
✔ mission-two Totem route reaches the Tornado guidance and use instruction (1286.580458ms)
✔ mission-two enemy marker orders nearby Matak defenders to counterattack (345.526628ms)
✔ game store checkpoints restore an isolated exact world snapshot (99.622189ms)
✔ computer recruitment preserves wrapped-distance ties and native command eligibility (0.607303ms)
✔ group orders share references and release their object only after the final follower leaves (0.645711ms)
✔ AI reservation enters native selection state and releases through the normal person initializer (0.897629ms)
✔ training order startup uses configured speed and preserves only a compatible building occupant (0.914364ms)
✔ native training queue yields to an untrained follower and releases its new head (0.883067ms)
✔ live followers reach rotated native doors before entering buildings (752.757577ms)
✔ building admission preserves native slot order, training activity and shared commands (1.377269ms)
✔ training replaces a whole batch, inherits the first occupant order tail and rolls back partial allocation (0.994734ms)
✔ live mana refunds wait for a pulse and computer training receives only the original first pass (63.007688ms)
✔ follower mana uses native preacher orders, registration and ghost flags before tribe scaling (96.438445ms)
✔ live spell reach follows terrain height and enemy casts require and spend native mana (178.219287ms)
✔ native casting lockout survives animation and computer usage recovers one charge at a time (72.034277ms)
✔ spell targeting preserves native cell allowances and wrapped coordinate seams (131.132676ms)
✔ native spell scans retain slots and Blast scoring avoids friendly concentrations (66.49251ms)
✔ defeat seeds native building collapse and staged damage ejects occupants before removal (130.929631ms)
✔ building display stages follow remaining work and retain separate complete meshes (87.046704ms)
✔ results preserve pending turns, collapse defeated settlements and reject new orders (478.762896ms)
✔ result camera crosses the world seam, releases input and retains native sky timing (4.899422ms)
✔ victory owns persistent native followers, drops cargo and renders a separate paused animation clock (99.272094ms)
✔ live blocked followers retain native detour steering and recovery timers (48.092447ms)
✔ live celebrants obey native walk masks and survive the legacy ground-height cutoff (21.937262ms)
✔ live completed-building footprints relocate and clear on removal (25.444973ms)
✔ live native cell order follows arrivals and removes dead records (71.28428ms)
✔ live cell insertion repairs a stale head left by a removed person (0.33301ms)
✔ dead vehicle passengers release their slots and driver position (29.677662ms)
✔ live native preparation consumes reroutes and completes slow turns and reactions (29.151733ms)
✔ interrupted victory followers resume through native orders and rejoin celebration (32.833325ms)
✔ native idle approach composes with shared state and original resting animation (31.966813ms)
✔ native resting ownership allocates distinct slots and compacts after a follower leaves (24.665442ms)
✔ native route reuse shares ownership and live celebration releases each follower (58.737948ms)
✔ native route construction retries expired failures and stores the original bounded path (22.003592ms)
✔ native path search packs a trimmed route and preserves distinct vehicle retry flags (46.316173ms)
✔ native wrapped route smoothing respects blocked steps and measures retained segments (46.180821ms)
✔ native obstacle solving builds a world-seam detour and rejects a blocked destination (78.103416ms)
✔ native planned routes use the recovered solver and advance shared followers to their goal (35.33259ms)
✔ native boarding checks the first boat and landing requests reserve distinct original search cells (16.783648ms)
✔ live native routes release query ownership, expire failures and walk low shoreline (121.552621ms)
✔ live followers share routes, advance before exact arrival and release every owner (89.662865ms)
✔ hut families are selected once, shared with shapes and retained through upgrades (48.907938ms)
✔ mission-one low population response assigns and releases persistent shaman escorts (89.897027ms)
✔ shaman escort uses native pursuit cadence and strict boundaries (0.59845ms)
✔ Mission 5 Boat worship emits its original one-shot tutorial (225.514241ms)
✔ Mission 5 grants, boards, sails, lands and checkpoints its original Boat (376.010118ms)
✔ Ghost Army casts, spawns native ghosts, accepts orders, vanishes in combat, and follows AI (322.86777ms)
✔ world-view terrain matches captured native mesh order, projection and lighting (194.09537ms)
✔ overview drag/release matches native snapshots and every star-parallax step (2.06324ms)
✔ overview morph timing matches the original complete lifetime snapshots (0.746401ms)
✔ Ctrl starts followers immediately, appends shared waypoints and ordinary click ends the sequence (478.7551ms)
✔ eighth Ctrl click and Alt final click deselect without cancelling issued orders; right-click ends staging (172.403679ms)
✔ queued ground movement preserves every turn, RNG, poses and footprints at 5–240 Hz and irregular frames (971.481775ms)
✔ continued queue allocation failure retains issued orders, and an ordinary replacement releases them (96.997407ms)
✔ an enemy-person order waits behind a waypoint and advances when its target becomes unavailable (427.654787ms)
✔ ground waypoint handoff uses each playable class default initializer (328.362875ms)
✔ ordinary person turns apply native follower and Shaman healing without reviving excluded units (91.484213ms)
✔ live health adapter preserves airborne/state exclusions and combat status flags (40.571807ms)
✔ each original healing model receives exactly one recovered increment on the eighth turn (30.755637ms)
✔ a follower injured by the shipped missing-building release path later heals on an ordinary turn (28.391033ms)
✔ healing follows simulation turns across speed, refresh cadence, irregular frames and pause (642.316333ms)
✔ checkpoint migration preserves the next native healing turn (28.929492ms)
✔ building admission clocks match captured native blocks (4.545871ms)
✔ followers visibly cross the native interior threshold before housing consumes their command (1229.993968ms)
✔ simultaneous arrivals respect hut capacity and cancellation releases the scoped animation and route (239.195726ms)
✔ hut slots remain authoritative through a departure, replacement and birth turn (119.940162ms)
✔ fire interrupts entry without retaining its walking sprites or command record (111.32652ms)
✔ staged entry positions, RNG, admission and sprite clocks are independent of rendered frame rate (575.773208ms)
✔ entry re-plans interrupted steering and releases its source when the hut becomes unavailable (117.724283ms)
✔ HUD selection and focus match captured original commands without changing other person fields (6.771345ms)
✔ HUD controls add followers without stealing simulation ownership or replacing marching orders (126.696185ms)
✔ shaman health fill follows native integer bounds and absent/overfull cases (5.053693ms)
✔ HUD atlas metadata matches the PNG and contains every imported sprite (6.598795ms)
✔ portrait backgrounds and shadow-free directional layers match native captures (2.046265ms)
✔ tooltip bitmap placement and wrapping match the original desktop controller (66.456202ms)
✔ mana production stripes follow native rates, warning bands and controller modes (10.0302ms)
✔ live mana estimation uses the simulation clock and follows charging toggles (208.442418ms)
✔ follower counts, icon placement and housing fill match native HUD controllers (5.275166ms)
✔ population readouts exclude dead followers and reserve the shaman allowance (37.122357ms)
✔ hut birth clocks and destinations match captured original calls (10.420211ms)
✔ live newborns leave the hut and keep native birth feedback and gates (155.040481ms)
✔ hut smoke uses descriptor attachment slots, independently of resident capacity (10.512385ms)
✔ hut occupancy producer samples real occupancy every 32 building turns (0.388603ms)
✔ partial root uses the native 16-visit visible lifetime and restart draw (0.310166ms)
✔ full root is persistent and does not invent the unresolved child-puff phase (0.210727ms)
✔ all supported residential hut capacities switch partial to full at their native capacity (0.238819ms)
✔ visual frames stay on the recovered 16-frame sequences (10.284032ms)
✔ immediate occupancy events preserve capacity, phase and same-mode root identity (1.199462ms)
✔ drain elapsed old-root visits before an off-phase event without backdating the new root (1.099452ms)
✔ listeners are transient, identity-scoped and released through material disposal (0.57294ms)
✔ multiple presentation consumers unsubscribe independently without resetting each other (0.174072ms)
✔ live command8 owner publishes authoritative entry/removal for Hut level 1 (306.549416ms)
✔ live command8 owner publishes authoritative entry/removal for Hut level 2 (167.189154ms)
✔ live command8 owner publishes authoritative entry/removal for Hut level 3 (108.333723ms)
✔ ordinary Mission2 admission includes the new smoke root in that turn’s effect visit (5702.33507ms)
✔ pre-building occupancy removal receives one first visit, including counter wrap (270.172531ms)
✔ out-of-turn allocation survives pause; commands while paused remain rejected (349.186084ms)
✔ new-root completion is identity-scoped and one-shot for same-turn transitions (0.556296ms)
✔ batched turns and repeated rendering preserve the native first lifetime (323.850863ms)
✔ turn completion callbacks are clock-specific and are discarded on a failed turn (62.607571ms)
✔ hut maturity and cell timber match captured original calls (7.88714ms)
✔ residents fetch and stage timber before their hut upgrades (684.084259ms)
✔ Hypnotise uses the native footprint, temporary ownership, expiry, and AI target path (456.605347ms)
✔ Invisibility marks the native six, does not refresh, and reveals on time or combat (112.050728ms)
✔ player and computer casts share Invisibility application and old saves migrate (158.309413ms)
✔ complete Land Bridge lifetimes match native terrain, ordered trails and notifications (609.772833ms)
✔ live bridge terrain and particle cleanup are identical across refresh rates and stalls (2592.268991ms)
✔ ordinary Mission1–3 startup uses native terrain, authored gates and real conversion (728.838134ms)
✔ native opening excludes Shaman selection, without inventing a casting restriction (97.551952ms)
✔ checkpoint restore resumes every opening stage without replaying terrain/conversion (1913.207942ms)
✔ restart gets one fresh sequence; repeated flyby skip does not replay it (588.275481ms)
✔ only carrier-created stones are obstacles, while legacy sites keep their reservations (82.233653ms)
✔ opening wave, conversion and stone cues preload their existing original samples (10.183904ms)
✔ permitted opening casts enter native state22 and resume command18 without a stuck controller (1306.007762ms)
✔ fresh-load camera follows native cell-edge/center snapping and angle retention (0.402185ms)
✔ the command18 completion turn owns exactly one native person visit (261.890872ms)
✔ permitted state22 interruption and completion retain one counter increment per turn (533.363563ms)
✔ replacement player orders cancel startup before its counter write (113.097854ms)
✔ only the linked neutral startup conversion flash follows its replacement Brave (106.366691ms)
✔ a missing converted Brave does not retarget its flash or shorten the native expiry (84.450741ms)
✔ an invalidated command18 is consumed by the ordinary queue without completing the site (45.079104ms)
✔ original Lightning target gates, inclusive cap, attacker and electrocution phases (3.78034ms)
✔ live Lightning retains victims, displays native shock sprites, scatters survivors and cleans up (249.8357ms)
✔ Lightning outcomes and turn-by-turn poses are independent of rendering cadence (601.615217ms)
✔ live marching uses shared commands, original poses, separate slots and releases interruption/death/arrival ownership (490.962043ms)
✔ marching and resting preserve mechanics, footprints and sprite frames at 5–240 Hz and irregular frames (1118.658026ms)
✔ exhausted command pool preserves the previous movement and group ownership (82.720705ms)
✔ panic retains the real movement command and resumes its route after recovery (79.788889ms)
✔ obstacle recovery replans the owned group order and settles identically at 5–240 Hz (2035.60532ms)
✔ shared ground motion advances a retained route once before any state controller (76.982072ms)
✔ native432260 empty current slot returns before building live order context (31.634707ms)
✔ live worship shares an order, occupies exact slots, prays, earns gifts and releases interrupted/dead members (421.361163ms)
✔ live head rewards, displayed standing roster and group selection retain their distinct native rules (205.578174ms)
✔ worship motion, prayer frames, pose RNG and rewards are identical at 5–240 Hz and irregular frames (1509.818972ms)
✔ an unreachable head preserves the existing command without entering an unported retry state (148.728105ms)
✔ Ctrl waypoints finish at a stone head without replacing the current route or person (193.808693ms)
✔ training replacements inherit a queued stone-head order and perform the original prayer (176.692037ms)
✔ queued worship preserves turns, poses, RNG and rewards at 5–240 Hz and irregular frames (1030.286156ms)
✔ local launch preserves sandbox and removes all unsafe Playwright defaults (1.414366ms)
✔ CLI accepts separate game root, owned output, browser and bounded settings (0.201483ms)
✔ CLI rejects unknown flags, missing values and unbounded inputs (0.175754ms)
✔ source fingerprint catches dirty tracked and untracked byte drift with unchanged porcelain (237.50458ms)
✔ active scenario completing during timeout diagnostics cannot turn failure into pass (116.820998ms)
✔ active scenario completing during interrupt diagnostics cannot turn failure into pass (12.186072ms)
✔ marching geometry, recruitment, cleanup, speed and poses replay complete original calls (36.69405ms)
✔ native movement completion preserves payload, seam and vehicle boundaries and four-turn cadence (10.365937ms)
✔ marching cleanup tolerates a member whose native record was already released (0.740523ms)
✔ outdoor and building encounter calls match captured original fields, timing, RNG and sound (41.059071ms)
✔ all playable encounter pairs show the opening strike, physical stagger and defender-centered fight (849.185638ms)
✔ encounters and their animations stay deterministic across render schedules (328.552365ms)
✔ the native skip-intro flag and player cancellation do not leave stuck encounters (83.605771ms)
✔ an encounter releases cleanly when an airborne participant returns to ordinary motion (36.5512ms)
✔ live fights refresh the first native player alert each object turn (107.319051ms)
✔ simulation owns quiet, attack and battle music activity across pause and cancellation (49.251923ms)
✔ native fight admission, replacement and splitting retain original slots, flags and RNG (17.236962ms)
✔ stronger reinforcements replace the first weaker ally and preserve a three-person tribe limit (239.22841ms)
✔ two-sided reinforcements split the last fighter of each tribe into a new live fight (110.105076ms)
✔ reinforced group motion and combat remain identical at every render cadence (524.771357ms)
✔ center changes preserve original membership slots for subsequent splits (33.690196ms)
✔ pursuit refresh uses the original inclusive axis threshold and signed coordinates (1.447075ms)
✔ live pursuit updates before reaching the old destination and reuses unchanged routes (581.180009ms)
✔ automatic engagement uses equal tribe ranges, whole cells and original scan cadence (64.734397ms)
✔ native inhibition and pending scans apply without giving idle shamans automatic attacks (58.939454ms)
✔ live move orders cross nearby enemies without the old distance interruption (37.756918ms)
✔ idle followers of either tribe pursue detected enemies at every render cadence (602.7602ms)
✔ group attacks hit busy opponents without restarting their action or facing (7598.069178ms)
✔ Magical Shield does not block native mode-one melee damage (80.619691ms)
✔ opportunistic reach is measured from the opponent slot with an exclusive 360-unit boundary (358.764489ms)
✔ group combat stays deterministic across render schedules and yields to player orders (450.475211ms)
✔ knockback waits for terrain physics to settle and preserves cell ownership (100.655492ms)
✔ hits during knockback survive physics and player orders do not teleport the person (45.422541ms)
✔ sliding recoil, native animation and recovery are independent of render cadence (314.491406ms)
✔ shamans and the native game flag suppress ordinary attack knockback (235.873977ms)
✔ fight sites use the native 32-turn search and retain groups when no site is available (62.884269ms)
✔ fight sites leave original building footprints even between periodic search visits (103.718945ms)
✔ sequential fight searches avoid other fight centers and release exhausted searches (0.927504ms)
✔ live groups relocate sequentially without sharing another fight center (42.031125ms)
✔ native approach reaches its slot from every direction and waits one turn to chase a moved slot (512.009049ms)
✔ approach uses native cell collision and preserves the person across attack, recoil and new orders (78.192841ms)
✔ approach, native animation and subsequent combat stay identical across frame rates (385.915626ms)
✔ native descriptor threshold chooses exact small and large corner dimensions (1.802158ms)
✔ 1x frame overlaps native corners in a 100x96 rectangle, bottom corners last (12.371301ms)
✔ 2x and partial tiles retain exact 1:1 corner/edge pixels and a transparent center (66.029974ms)
✔ frame is a separate overlay and does not change terrain, markers or click ownership (3.062792ms)
✔ minimap pixels, camera wrapping, rotated UVs and markers match native captures (204.269986ms)
✔ Mission 10 runs its first Totem deadline and second Totem Erosion sequence (15401.670693ms)
✔ Mission 11 opens with both enemy tribes and four original knowledge sites (123.55072ms)
✔ Mission 11 opponents build their first settlement and scripted BUILD_AT tower on native cadence (7385.643104ms)
✔ Mission 12 opens with all three enemy tribes and original knowledge (75.467383ms)
✔ Mission 12 starts its original turn-7 flyby once (137.206559ms)
✔ Mission 12 opponents request their first Guard Towers on native cadence (298.719038ms)
✔ Mission 12 opening remains deterministic through checkpoint migration (972.362879ms)
✔ Mission 13 opens with both enemy tribes and original knowledge (79.885036ms)
✔ Mission 13 starts its original Yellow turn-6 flyby once (76.795578ms)
✔ Mission 13 Balloon Hut knowledge is visible before construction (120.443962ms)
✔ Mission 13 Land Bridge uses native surface categories at low shore (29.157921ms)
✔ Mission 13 Balloon Hut repeatedly produces occupied airborne transport (351.019528ms)
✔ Mission 13 opening remains deterministic through checkpoint migration (394.858788ms)
✔ Mission 14 delivers both linked gifts and a castable Angel through shipped paths (905.449292ms)
✔ Mission 15 ordinary Prison attack frees the captive and cancels the timer (537.974776ms)
✔ Mission 15 timer expiry locks input and kills the captive with enemy Lightning (176.570104ms)
✔ Mission 15 expiry stays latched if the Prison falls before Lightning lands (212.164647ms)
✔ Mission 15 captive Lightning branch requires an enemy caster, not the Prison cell (82.685228ms)
✔ Mission 16 worship grants Bloodlust and live combat consumes its status (658.498522ms)
✔ old checkpoints default Bloodlust stock without disturbing their world (45.972938ms)
✔ Mission 17 grants Armageddon and stages the native arena through the live cast path (1401.381946ms)
✔ Armageddon uses generic victory and defeat outcomes and restores control (1707.07091ms)
✔ Mission 18 loads its authored tribes and grants Armageddon and both Volcano rewards (3200.11809ms)
✔ Mission 18 starts its authored Red marker patrol through normal AI orders (176.033493ms)
✔ Mission 18 Armageddon restores its arena checkpoint and reaches both result directions (2915.693973ms)
✔ Mission 19 loads its authored objective and grants all three worship rewards (1772.026622ms)
✔ Mission 19 Teleport spends only accepted stock and resumes identically from a checkpoint (505.318221ms)
✔ Mission 19 warns once and gives Chumara loss priority over Dakini defeat (525.104487ms)
✔ Mission 2 naturally earns Matak kills and launches the organized raid (3861.589239ms)
✔ Mission 2 checkpoints retain kill ownership from the old red slot (107.91164ms)
✔ Mission 2 camp targeting takes the first model match without RNG (76.124462ms)
✔ Mission 2 producer matches native base, loss, capacity and resource boundary cases (448.109186ms)
✔ Mission 2 naturally establishes a new home Tower base and preserves phase3 checkpoint continuation (1751.170433ms)
✔ Mission 2 rebuilds after a real player army destroys both Towers, retaining its first construction base (11284.884311ms)
✔ Mission 2 explicitly trains replacement Warriors after natural combat despite zero producer preferences (7974.949275ms)
✔ Mission 20 loads its authored opening and four-stage linked chain (196.425088ms)
✔ Mission 20 worship consumes each head once and restores the live chain (2632.75633ms)
✔ Mission 21 loads its authored opening and first fault state (121.069696ms)
✔ Mission 21 converts worshippers and seals the first fault across a checkpoint (4699.564564ms)
✔ Mission 21 checkpoints one unsealed first-fault eruption without replay (3720.474011ms)
✔ Mission 22 opens with its solo Shaman, native heads, tribes and transport (144.424969ms)
✔ Mission 22 mode-3 head rejects an injected Brave supporting fixture (197.131334ms)
✔ Mission 22 nearby head is a one-shot presentation with no gameplay reward (453.450402ms)
✔ Mission 22 southern head delivers its delayed 600,000 mana gift after real worship (9135.485617ms)
✔ Mission 22 Shaman can steal, checkpoint and sail the authored enemy Boat (3069.648459ms)
✔ Mission 22 Shaman can claim the authored Balloon and complete the northern mana route (10062.023984ms)
✔ Mission 23 loads its authored tribes, Wildmen and worship chain (86.811689ms)
✔ Mission 23 enemy tribes grow their native settlements and populations (18540.843927ms)
✔ Mission 23 unlocks and repeats the native zero-mana gift through ordinary worship (1207.092882ms)
✔ Convert Wild allocation gates state and duplicates without cancelling existing work (1.847456ms)
✔ Convert Wild target retains density, wrap, tie, inclusive radius and list-centroid rules (0.577328ms)
✔ Convert Wild standability preserves initial target and tries only the first24 spiral positions (0.542605ms)
✔ Mission3 active type2 advances after allocation state is switched off (113.904387ms)
✔ type2 timeout clears motion before a blocked state transition and then frees the task (43.070205ms)
✔ type2 reads the active fight person even when its attack animation has no presentation source (38.309632ms)
✔ Convert Wild region lookup normalizes signed browser-native positions to unsigned words (0.25306ms)
✔ type2 casting preserves the real person flags2 readiness gate (27.436495ms)
✔ explicit flight person receives the allocation-safe return order without restarting its state (23.155662ms)
✔ explicit flight return preserves the complete world on order allocation exhaustion (39.027631ms)
✔ cast-ready flight-owned Shaman receives the type2 post-cast return on the same person (29.341257ms)
✔ type2 range reads actual signed person height rather than terrain beneath it (31.750175ms)
ℹ {"terrainHeight":146,"personHeight":896,"terrainRange":14,"personRange":24}
✔ Mission3 Chumara moves, spends its original shot and mana, then stops allocating at the population cutoff (2102.125732ms)
✔ Mission3 keeps idle follow-ups and area-summary automatic training unreachable (76.784543ms)
✔ ordinary Mission3 allocates a real pre-table response before ordinary production (196.686301ms)
✔ defense allocation preserves native caps, immediate empty-area cleanup and recycled scratch (0.491228ms)
✔ active defense suppression uses strict squared26 and wrapped cell distance (0.230236ms)
✔ native defense no-force fallback is a finite seven-visit lifecycle (0.510578ms)
✔ defense cleanup clears only matching assignment and native flag bits while preserving another lock (76.900527ms)
✔ lost early defense targets are invalidated before a different task dispatch (34.016281ms)
✔ defense Blast uses signed active-person height for native and flight-owned Shamans (122.227699ms)
✔ defense Blast reads active native, flight and non-presented fight positions in both range directions (201.737986ms)
✔ defense target collection preserves category caps, rejection rules and the omitted last spiral cell (0.908975ms)
✔ ordinary Mission3 intrusion produces a real type8 fallback, cleanup, repeat and checkpoint continuation (1476.576583ms)
✔ ordinary Temple acquisition and Preacher intrusion recruit a real Chumara defender with orders and movement (2736.823603ms)
✔ Mission 3 naturally trains a Blue Preacher, converts an authored Brave and resumes its mid-conversion checkpoint (4112.691979ms)
✔ a real movement command cancels the naturally acquired Blue sermon without converting its listener (2527.150372ms)
✔ natural Mission 3 conversion follows elapsed game time across display schedules (4470.316824ms)
✔ Mission 3 opens through original Chumara, Swarm, Temple and Erosion paths (2438.939562ms)
✔ single Preacher selector preserves native first-near/band order and strict distance boundaries (1.79028ms)
✔ single-person strict19 boundary, wrap, mode0 and invalid mode match native cases (0.400962ms)
✔ type11 waits for selection ownership and cancellation safely releases state14 and slot (76.289068ms)
✔ duplicate raw payload and failed allocator preserve native selection side effects (57.850543ms)
✔ Preacher allocator preserves native five-slot/state/signed-count boundaries (0.326471ms)
✔ 1103 replacement preserves all person/order state on allocation exhaustion (45.118302ms)
✔ natural Chumara training reaches marker3 Preacher task, checkpoint phases and movement (3073.126959ms)
✔ complete128-turn block preserves strict gates, command ordering and message lifetime (0.659601ms)
✔ 1103 retargets only active order30 in native state10/33 without restarting state (160.93747ms)
✔ cancelled blocked-state Preacher resets motion before the native state gate (38.319358ms)
✔ Mission 3 warns once when a naturally trained Chumara Preacher starts converting a Blue Brave (5963.704497ms)
✔ Mission 3 starts its original recurring-script flyby through ordinary turns (2420.430126ms)
✔ Mission 3 Chumara builds its settlement and trains its first Preacher (2011.815144ms)
✔ Mission 4 starts its original opening flyby once through ordinary turns (1297.06775ms)
✔ Mission 4 teaches training and attack from its original live conditions once (129.539061ms)
✔ Mission 4 converts Wildmen, discovers the Guard Tower, and defeats the Matak (9001.163393ms)
✔ Mission 5 Angel head delivers its linked hostile summon through live worship (385.52524ms)
✔ Mission 5 checkpoint migration upgrades an explicit mode-5 legacy Angel without changing gameplay state (71.720355ms)
✔ Mission 5 checkpoint migration recovers an absent authored mode before upgrading the Angel model (43.25968ms)
✔ Mission 5 checkpoint migration adds only the previously omitted Angel head (67.591871ms)
✔ Mission 5 imports its linked Boat template from the verified native coordinates (1.287274ms)
✔ Mission 5 runs its imported opening flyby once through ordinary turns (2208.563538ms)
✔ Mission 5 launches its original ordinary raid when the player reaches the Angel head (568.265218ms)
✔ Mission 5 launches its surviving Dakini at the player Shaman (141.224009ms)
✔ Mission 5 staffs its original Dakini tower with a Preacher (180.594796ms)
✔ Mission 6 keeps both original opponents distinct through outcome and checkpoints (476.244601ms)
✔ Mission 6 credits each opponent attack task independently (78.53829ms)
✔ Mission 6 low-population survivors counterattack the player Shaman (219.376288ms)
✔ Mission 6 Chumara trains Preachers and launches its first mixed raid (18022.965248ms)
✔ Mission 6 opponents expand and Matak launches its first Warrior raid (15751.123032ms)
✔ Mission 6 ATTACK snapshots the native three-spell payload and keeps old tasks compatible (0.848255ms)
✔ type-20 sixth ATTACK quota selects exactly the tribe Shaman outside the generic selector (0.350937ms)
✔ Mission 6 first Matak ATTACK retains source-derived Land Bridge, Lightning, Blast order (12229.440982ms)
✔ Mission 6 phase-6 task Shaman uses native payment, eligibility, usage and range gates (122.890785ms)
✔ Mission 6 phase-6 task spell uses task target outside Shaman states 25/29 (68.911018ms)
✔ Mission 7 converts Wildmen and grants Invisibility through its original head (971.410913ms)
✔ Mission8 natural acceptance starts from the shipped seven-person Blue and eleven-person Red roster (109.273722ms)
✔ Mission8 attack staging is a land order for the original party, not a transport or worship prerequisite (105.762325ms)
✔ shared ground → training → destination queues retain identities until conversion and inherit the original tail (795.103454ms)
✔ shared ground → construction → destination queues retain identity and resume after the crew leaves (187.656246ms)
✔ cancelled, invalid, removed and dead queued builders release command-6 ownership exactly once (776.984768ms)
✔ a waypoint added while trainees are inside preserves occupancy; ordinary hut admission consumes the complete queue (683.166814ms)
✔ unavailable or cancelled buildings advance to the next order; replacement and death release shared references (676.419428ms)
✔ mixed movement, training, inherited orders, RNG and footprints match from 5 to 240 Hz and irregular frames (1154.830861ms)
✔ building order preparation matches complete original CPU calls (0.686292ms)
✔ reinforcements and new encounters retain the same person and resume ground, building and worship orders (1006.603796ms)
✔ replacing or killing a reinforcement releases every retained command reference (160.422924ms)
✔ a displaced fighter retains its queue and a split keeps both followers’ original records (194.198469ms)
✔ combat interruption and resumed orders preserve simulation and poses across render rates (799.003869ms)
✔ combat removes a waiting trainee from its physical line while retaining its training order (143.860559ms)
✔ native model wave uses half, quarter, eighth strength then resets (11.862544ms)
✔ live waves retain first-hit deformation on resource scenery (114.595691ms)
✔ move input eligibility matches native category, strict-land and quarter-mask captures (10.890192ms)
✔ blocked move clicks preserve the whole selected group, shared orders, markers and RNG (182.066155ms)
✔ Markdown sections retain ancestry, repetitions, CRLF boundaries, and ignore fenced headings (3.937295ms)
✔ manifest validation accepts reviewed data and rejects duplicate IDs, missing paths, invalid parity references, and unsafe paths (178.820282ms)
✔ index is deterministic, clean without a cache, ignored when written, and regenerates after source changes (228.18408ms)
✔ index and context reject an indexed source symlink that escapes the repository (85.443649ms)
✔ repository validation requires one current top-level execution-order heading (70.449179ms)
✔ context returns bounded provenance, limitations, checks, and visible source truncation (137.032394ms)
✔ context output saves current JSON and rejects silent option mistakes (206.825306ms)
✔ preparation is independent of retired local status state (123.686636ms)
✔ native research packets grant only a contract-allowed ignored scratch directory (263.59048ms)
✔ role context carries a validated bounded assignment and explicit overflow (288.992588ms)
✔ reviewer context fingerprints the actual dirty, renamed, deleted, and untracked inputs (176.763218ms)
✔ real mapped evidence excerpts retain their material performance boundaries (3262.333295ms)
✔ Shaman appearance context keeps its complete checks and evidence within the default budget (983.263075ms)
✔ Followers task context retains complete checks without bloating selection context (567.758509ms)
✔ plan handles cross-cutting edits, renames, deletions, untracked and unsafe inputs without executing checks (143.188059ms)
✔ audit distinguishes baseline edits and reports out-of-scope, generated, input, untracked, and stale verification changes (126.400942ms)
✔ audit reports a pre-existing baseline change that disappears (145.333869ms)
✔ audit requires exactly one result for every required check (102.610986ms)
✔ blocked verification cannot masquerade as passing and passed results require evidence (159.739444ms)
✔ game server rejects an invalid isolated port (0.496616ms)
✔ preparation captures real baseline and hashes, validates intent, and refuses overwrite (383.279171ms)
✔ verification persists completed checks across interruption and replaces old passes at startup (249.342586ms)
✔ verification replaces a required receipt invalidated by a changed check definition (188.742924ms)
✔ reviewed aggregate coverage executes once, fingerprints covered inputs, and fails closed on script drift (558.288047ms)
✔ orchestration-tests receipts become stale when worker configuration changes (394.075613ms)
✔ repository-check receipts become stale when worker configuration changes (567.060454ms)
✔ verification runs only safe contract checks, records blocking, and detects mutations (806.047825ms)
THREE.InterleavedBufferAttribute.clone(): Cloning an interleaved buffer attribute will de-interleave buffer data.
✔ painter centers retain precision and follow position replacement and updates (3.014499ms)
✔ construction caps replace face modes and hidden picking faces emit no material (1.417349ms)
✔ cell render order matches native mixed passes and retained arrival order (102.694515ms)
✔ cell traversal preserves live ordering when a stale chain entry is encountered (0.677458ms)
✔ mixed polygon buckets, reverse insertion ties and raster depths match native captures (14.442391ms)
✔ completed models reject native rear faces and shared side/bottom outcodes (0.762686ms)
THREE.InterleavedBufferAttribute.clone(): Cloning an interleaved buffer attribute will de-interleave buffer data.
✔ shared painter vertices follow attribute edits, splits and replacement (3.548221ms)
✔ native grid mapping matches exact XYZ mapping and rejects split heights or irregular coordinates (0.442545ms)
Unrecorded ledger change: run parity:record with a note
✔ parity credits verified scope only and rejects misleading or untraceable assessments (40.155016ms)
✔ report-only rendering refuses unrecorded parity progress (222.449834ms)
✔ verified requirements advance a fixed checkpoint share without hiding unknown scope (22.689602ms)
✔ assessments expose small gains and regressions without crediting scope revisions (70.718408ms)
✔ browser supervisor verifies cleanup after a missing checker dependency (523.133268ms)
✔ browser supervisor does not start the checker while the server port refuses connections (1151.113694ms)
✔ browser supervisor verifies cleanup after a checker exception (528.146862ms)
✔ browser supervisor classifies server spawn failure and verifies empty cleanup (11.316253ms)
✔ browser supervisor stops the checker when the ready server exits (744.603179ms)
✔ browser supervisor SIGTERM includes a detached checker descendant (1274.559519ms)
✔ concurrent submitters and controllers preserve FIFO without overlap (1940.24215ms)
✔ failed and timed-out jobs release before automatic next job (1757.341082ms)
✔ cancel running and queued jobs without running queued command (1261.159597ms)
✔ missing cleanup blocks handoff, recovery requires a fresh matching receipt (1311.331142ms)
✔ live detached child prevents next test and is never killed by the queue (1359.366181ms)
✔ controller crash retains lock; recovery refuses live owner or job (1665.588524ms)
✔ foreign or missing execution scope cannot prove a controller stopped or authorize recovery (976.373209ms)
✔ legacy active jobs remain unknown even with no controller lock (692.160072ms)
✔ paused submissions start no transient controller before recovery (796.260814ms)
✔ source drift and busy ports block commands without touching existing server (806.985543ms)
✔ all linked worktrees resolve the same queue; invalid specs never launch (410.543638ms)
✔ submission preserves PATH under an ESM temp parent and returns one compact result (1493.18171ms)
✔ concurrent identical retries share one unfinished job; completed work can run again (1340.674993ms)
✔ run exposes a recovery ID before caller interruption; retry keeps the running job (749.536531ms)
✔ person panels preserve native command traversal, health and original draw submissions (3.927872ms)
✔ person-panel lifetime matches native refresh and remains independent of render rate (1.080003ms)
✔ order focus matches native targets and follows the displayed queue record (0.464127ms)
✔ destination marker preserves native attachment, frames and lifetime at every render rate (299.221217ms)
✔ panic and personal fire trails retain original timer, sound, anchor and allocation decisions (8.817119ms)
✔ burning huts eject running followers with distinct panic and trail lifetimes in all orientations (590.217306ms)
✔ panic motion, animation and fire trails are independent of presentation frame rate (260.238623ms)
✔ native building flames traverse matching cells in order, including repeated sockets and failed allocations (26.696163ms)
✔ live flame-cell adapter preserves protected followers, immunity, tribe and hidden occupants (28.712022ms)
✔ real Lightning ignition reaches nearby surviving followers before occupant evacuation (30.006407ms)
✔ ordinary clicks replace only new selections; Ctrl toggles and blocked clicks preserve the group (1.400344ms)
✔ selection never creates a simulation owner or interrupts existing group orders (199.439159ms)
✔ all native single/group selection voices and pointer acknowledgements are ready before audio activation (8.794294ms)
✔ worship placement preserves native two-pass search, occupancy, route order and failure flags (21.918914ms)
✔ worship command preserves native approach, prayer, retry and presentation RNG decisions (7.691417ms)
✔ ordinary stone-head visits expire the standing-slot cursor at the native byte timer (1.581827ms)
✔ construction-plan entrances, approach and timed attack sequences match native execution (13.402758ms)
✔ player append matches native shared references, cursor wrap, full queues, eligibility and pool exhaustion (28.433243ms)
✔ ground, building and forced-final worship modifiers and eighth-order deselection match complete native player packets (0.673672ms)
✔ replacement preserves prior orders when the shared pool is full (1.565452ms)
✔ sprite pointer brackets match native palette, two/four-layer geometry and unsigned animation wrap (10.290091ms)
✔ native conversion delay uses the recovered 200/3 timing basis (1.501886ms)
✔ a full order pool does not stop a moving Preacher without attaching its sermon (73.74747ms)
✔ inside command 31 binds its building and uses the native five-cell sermon radius (112.411544ms)
✔ conversion moves a newborn outside a building footprint before centering it (44.441626ms)
✔ sermon poses preserve native multi-turn RNG timing (26.044863ms)
✔ an idle preacher sermons, converts by replacement, and releases listeners on a new order (289.155443ms)
✔ preacher conversion is independent of display refresh rate (380.863629ms)
✔ queued command 31 rewrites to friendly building entry or ground movement (100.616207ms)
✔ ordinary groups settle into native rings, compact on departure and retain status through new orders (1011.379977ms)
✔ group resting positions, facing, gestures and footprints agree at 5–240 Hz and irregular frames (796.328414ms)
✔ exhausted resting search waits and retries its original anchor through state 10 (115.75279ms)
✔ route probes preserve native building, coast and vehicle endpoint correction (16.745862ms)
✔ failed-route initialization and retries match native fields, timing and ordered consumers (11.993651ms)
✔ disconnected groups stop, retain shared attack/waypoint orders, retry and resume after land connects (406.423099ms)
✔ route-failure notice keeps the original text and retriggers without tutorial history (75.112521ms)
✔ new orders and death release blocked commands; shaman failures use their own original voice (197.457ms)
✔ blocked groups retry on simulation counters, with identical recovery and combat at 5–240 Hz (1300.268303ms)
✔ blocked building-entry owners resume the same person and finish ordinary admission (101.903792ms)
✔ real command8 full occupancy emits an original-frame child without scene-owned RNG (943.260283ms)
✔ equal elapsed turns preserve secondary state across frame schedules with no bolt draws (381.113165ms)
✔ legacy missing-history roots bootstrap on first render without inventing past visits (143.837404ms)
✔ full roots copy the allocation byte and defer newly prepended children (2.253737ms)
✔ all byte phases and low-five-bit outcomes use the proved root gate (138.781617ms)
✔ actual UI reservations participate in inclusive gates after the root RNG draw (0.53875ms)
✔ marker expiry and child allocation share the same newest-first traversal (0.393652ms)
✔ children keep their own sixteen visits after the root is removed (0.373681ms)
✔ native free-list reuse and checkpoint reconstruction preserve physical slot ownership (3.62071ms)
✔ panel and preview reservations are derived from live adapter owners (1.200354ms)
✔ legacy marker overflow cannot leave ownerless immortal effects after restore (9.134971ms)
✔ browser capture retains the same live puff across ordinary Pause latency (2.542771ms)
✔ selection terrain mesh matches the executable with documented seven-point fan repairs (778.728736ms)
✔ selection fill/edges/corners retain native visibility, depth, UV and shared-corner ownership (19.850947ms)
✔ Shaman import preserves every prior frame, piece and animation entry (21.428899ms)
✔ actual tribe selects every native Shaman source and eight original directions (1.919645ms)
✔ Shaman idle artwork uses all four distinct original body pieces (0.168574ms)
✔ reincarnation distinguishes tribe bodies from shared spirit sources and layer owners (0.201923ms)
✔ shipped live and effect renderers consume the Shaman selector without changing generic mechanics (0.471028ms)
✔ all 3276 previous occupied sprite rectangles retain their reviewed RGBA (109.821914ms)
✔ real Mission 23 Shaman identity and death heading survive checkpoint reconstruction (696.107547ms)
✔ first and second actual presentation visits display 0 then 1, not 1 then 2 (790.129462ms)
✔ normal processed phases reset, loop independently of simulation, then freeze and hide (182.801566ms)
✔ new checkpoints retain shown/next frames; legacy checkpoints start at a bounded deterministic frame (79.126185ms)
✔ pause and native land-pause freeze the latch as well as the counter (21.502528ms)
✔ render schedules and effect-only animation cannot change gameplay, either RNG or respawn (3567.85939ms)
✔ ordinary combat death finishes existing wait and respawn without a duplicate effect (235.22928ms)
✔ model-12 rise freezes the last original spirit frame for all tribes and bearings (3.724316ms)
✔ death-site visibility follows the existing land and drowning lifecycles without changing them (83.313483ms)
✔ earlier body/transition poses retain their existing renderer behavior (0.364237ms)
✔ the live caller applies the bounded presentation only to model-12 reincarnation effects (0.699801ms)
✔ Magical Shield protects six nearby followers for the native lifetime (96.885504ms)
✔ old checkpoints default new Shield stock without disturbing their world (48.61123ms)
✔ normal early mission data selects each original backdrop and both cloud layers (2.022669ms)
✔ same-bank Mission 10 uses the same p sky set without mission-number overrides (0.135985ms)
✔ previous bank d and g sky modes and unhandled banks remain unchanged (0.138488ms)
✔ early mission sky PNGs preserve exact original bytes (3.272477ms)
✔ camera horizons preserve original sky dispatch coordinates and fade (3.270514ms)
✔ continuous sky retains native wind rates and is invariant to segment subdivision (13.007214ms)
✔ spell button artwork, positions and charging fills match native draws (14.001718ms)
✔ all six original Shield/Bloodlust descriptor frames have real atlas rectangles (1.341356ms)
✔ ready, inactive, hover and selected states use the original descriptors, not Unicode or guessed frames (1.979635ms)
✔ authored Mission16 already exposes both sprites without forced availability or stock (93.996473ms)
✔ the original undiscovered spell question mark follows the accepted six-frame append (0.250256ms)
✔ all shipped spell descriptor icons remain available after the append (0.19246ms)
✔ HudSprite no longer substitutes a text glyph and still rejects unknown resources (0.375143ms)
✔ fresh and later missions use the native owned/reward-source/cast-permission precedence (189.889756ms)
✔ restart and checkpoint restore reproduce fresh Mission 1 HUD visibility (121.820039ms)
✔ owned stock wins over the mission-load discovery mask (26.982061ms)
✔ undiscovered art is the native HFX1056 branch and visible-disabled keeps normal art (0.414963ms)
✔ unit atlas retains reviewed tribe/state/direction layers when new models append (14.040146ms)
✔ brave carry animations retain the baked timber body layer (0.395274ms)
✔ base149 retains 51 original faces and existing atlas coverage without key model slots (2.257392ms)
✔ authored default149 roots and linked Mission10 Totem select the base mesh (328.822858ms)
✔ spell45, Obelisk8, Angel157 and Vault154 remain outside static149 (129.231635ms)
✔ source qualification rejects ambiguous identity, reward flags, missing links and scenery (42.384294ms)
✔ old null/absent presentation and new checkpoints derive149 without mutating saved state (88.028085ms)
✔ static presentation never replaces a different model or an active morph family (38.920921ms)
✔ only reward-derived model45 sources are initialized; unrelated head families and Vault remain separate (158.468164ms)
✔ enabled idle cycles18native animation visits without followers; hold/refill retain the original counter rules (0.474653ms)
✔ raw keypoints use base45indices/scale rather than endpoint face layout; all18cached outputs are distinct (5.153363ms)
✔ presentation pauses with world and native land pause without touching simulation or RNG (47.046229ms)
✔ normal authored worship earns Bridge stock while presentation leaves the entire gameplay state unchanged (189.351967ms)
✔ exhausted trigger does not remove its independent enabled decorative model45 animation (77.851014ms)
✔ mid-animation new checkpoint keeps phase and old optional-field checkpoint restores safely without rewards (50.680539ms)
✔ multiple heads keep separate state while30/60/120/144Hz and irregular schedules share one animation timeline (376.601087ms)
✔ shipped scene updates ordinary head positions byphase and leaves Vault on the existing path (1.083217ms)
✔ disable and refill within one presentation interval reset once without advancing the clock (0.272039ms)
✔ heading comes from the decorative scenery word, never trigger settings or model selection (1.412442ms)
✔ all16bits reach the angle-table mask and a missing producer is not treated as north (0.207682ms)
✔ linking uses the native512-unit cell, first scenery match and toroidal coordinate identity (0.251308ms)
✔ existing negative-Y scene rotation agrees with native heading basis; no camera or global offset is required (1.092992ms)
✔ Vault and unknown scenery keep their original angle; orientation lookup does not mutate saved gameplay (60.542437ms)
✔ both ordinary scene orientation consumers use the same helper; no other angle consumer changes (0.494823ms)
✔ real authored zero and high-byte headings survive the producer while saved trigger fields stay unchanged (209.538815ms)
✔ Swamp scans its native 3x3 footprint and honors victim and terrain gates (1.593094ms)
✔ Swamp uses one RNG draw, scans every fourth visit, and expires at ten kills (0.391268ms)
✔ the thirtieth same-tribe Swamp discards the oldest remaining controller (0.208333ms)
✔ live Swamp casting kills through the ordinary corpse path independently of refresh rate (237.078959ms)
✔ Swarm uses the supplied standalone original insect texture (1.377539ms)
✔ Swarm creation and first controller visit preserve original gameplay RNG and child fields (1.556038ms)
✔ Swarm first live visit allocates children before wandering begins on the second visit (84.841708ms)
✔ Swarm final fifteen controller visits progressively remove children before expiry (0.7784ms)
✔ Swarm reveals disguised Spies on panic and panic-protected non-removal paths (92.868028ms)
✔ confirmed invented generic and Angel success strings are not emitted (258.905194ms)
✔ Swarm follows player and computer cast paths with native insects, victim cadence, and lifetime (204.790956ms)
✔ Mission 2 naturally funds the Matak Shaman and casts Swarm through player orders (2939.95699ms)
✔ terrain ambience matches complete native ground queues, including empty views and depth ties (14.665936ms)
✔ tree ambience camera offset and wrapped radius match complete native cell visits (11.668632ms)
✔ local lights match complete native allocation, movement and cleanup captures (90.308371ms)
✔ Blast owns immediate terrain light until its ninth turn, preserving occupancy and pause (106.956897ms)
✔ native height notifications retain object order, duplicate visits and touching building flags (5.472422ms)
✔ terrain edits notify nearby plans, revalidate original slope rules and release an invalid plan (115.683549ms)
✔ a large terrain edit indexes live people once while retaining dirty notifications (97.914199ms)
✔ terrain dirtiness resets live steering without replacing its route (62.845668ms)
✔ terrain texture endpoints match original Direct3D triangle submissions (3.377435ms)
✔ model atlas UVs match native texel centers and retain fractional/outside coordinates (1.242466ms)
✔ terrain submission covers the native cell gate across headings and seams (387.897359ms)
✔ terrain copies omit only tiles with no native-visible cell, including seams and expanded bounds (191.788214ms)
✔ timber search matches native cell order, fog, protected stock and two-pass queries (69.28945ms)
✔ shared timber caches match native allocation, expansion, routing, ownership and expiry (156.798486ms)
✔ an exhausted indexed-search pool postpones expansion without corrupting the cache (0.699201ms)
✔ terrain changes recheck nearby timber routes and live Land Bridge reaches the cache (681.662952ms)
✔ live timber cost probes report routes and foreign territory without taking route ownership (50.044003ms)
✔ harvest clocks, transfer, scale and animation match original executable captures (0.953192ms)
✔ delivery waits, timber and construction stages match complete native calls (1.184089ms)
✔ Tornado replays native initialization, lifetime, carry and throw (4.299971ms)
✔ Tornado uses the native building protection and one-draw damage gate (0.522785ms)
✔ live Tornado casts, captures and throws independently of refresh rate (403.509557ms)
✔ tower admission uses rotated tribe sockets, ground membership and original one-shot occupant pose (2781.832081ms)
✔ a tower admits one follower and movement orders preserve elevation until physics resumes (77.625605ms)
✔ tower entry and held animation are deterministic at 5–240 Hz (305.349458ms)
✔ destroying an occupied tower releases its native record and display height (60.505641ms)
✔ a tower Firewarrior autonomously attacks an eligible hostile on the tower cadence (60.704961ms)
✔ tower preachers hand occupancy to command 31 and cleanly leave or die (248.564026ms)
✔ tower panel matches every original one-slot draw trace (4.707163ms)
✔ tower panel selection preserves occupancy; ordinary orders leave without teleporting (375.687883ms)
✔ tower dismantling releases its occupant and only braves perform the work (437.102291ms)
✔ training exit orders match original coastal correction and building precedence (10.373116ms)
✔ training admits five visible residents and places overflow on native rotated queue sockets (785.284268ms)
✔ queue cancellation retains successors and occupant departure reuses the first empty slot (105.85478ms)
✔ checkpoint reload preserves a full training hut and its waiting queue without loss (137.257654ms)
✔ funded training replaces a complete batch, releases references and walks warriors out (203.065062ms)
✔ a funded Temple trains a native model-4 preacher and sends it outside (106.403345ms)
✔ a funded Spy Training Hut trains an original model-5 Spy and sends it outside (195.050741ms)
✔ queue movement, admission, conversion and shared references are independent of render rate (893.160805ms)
✔ already-trained warriors accept training orders and yield queue priority to new braves (122.980508ms)
✔ training append preserves all70 pre-existing original models, including vehicles (22.042019ms)
✔ all original training types and owners resolve to actual meshes, not Blue substitutes (1.247535ms)
✔ the five recovered training variants retain original geometry, color tiles and all stages (3.570384ms)
✔ authored Mission16/17/22 training assets and identities survive checkpoint reconstruction (326.331495ms)
✔ the live building factory opts into original training selection without tint or gameplay changes (0.624719ms)
✔ camp human group command retains visible admission interpolation (578.1696ms)
✔ camp shared command-8 retains visible admission interpolation (496.525697ms)
✔ temple human group command retains visible admission interpolation (452.420398ms)
✔ temple shared command-8 retains visible admission interpolation (387.459519ms)
✔ spyHut human group command retains visible admission interpolation (295.399438ms)
✔ spyHut shared command-8 retains visible admission interpolation (349.231056ms)
✔ firewarriorHut human group command retains visible admission interpolation (479.161851ms)
✔ firewarriorHut shared command-8 retains visible admission interpolation (333.015592ms)
✔ hidden admission, exit, replacement and explicit placement remain discrete (67.185606ms)
✔ native training panels preserve slots, selection, palette, frames and turn-driven feedback (12.435084ms)
✔ wide charge arithmetic never runs backwards or exceeds its frame at maximum training mana (15.873721ms)
✔ shipped disguise completes aboard Boat, holds and accepts another command (205.796236ms)
✔ Balloon passenger idle entry holds without advancing or consuming orders (108.839686ms)
✔ occupied state30 checkpoint resumes countdown without reinitializing motion or RNG (45.765855ms)
✔ ordinary disembark clears vehicle and state30 returns to orders for one visit (48.465281ms)
✔ replacement disguise interrupts pending and partially completed aboard commands (88.846945ms)
✔ tree growth and complete replant searches match native captures (24.615516ms)
✔ depleted timber replants after its full delay and grows on its own phase (2750.261659ms)
✔ burning depletion also queues one replant without reviving the old tree (92.23232ms)
✔ Tutorial advances through Shaman selection into the authored Obelisk flyby (1139.385191ms)
✔ Tutorial restart recreates fresh script and view state (224.12576ms)
✔ overhead health gauges match native visibility, scaled-pose anchors and 24-pixel fills (4.158609ms)
✔ continuous positions follow captured native body/shadow interpolation (1.175436ms)
✔ every elapsed-time schedule reaches the same displayed position without changing simulation (577.475148ms)
✔ pause, endpoints, placement, entry, conversion and new people never replay stale movement (23.433188ms)
✔ Vault knowledge uses the original class-6/model-2 reward frames and socket (0.750878ms)
✔ Vault knowledge is present only while its authored reward source is active (0.145859ms)
✔ Mission 7 Vault knowledge uses occupied model-18 socket 1 placement (1.711852ms)
✔ original class4 mesh selection distinguishes geometry from tooltip IDs (1.869349ms)
✔ vehicle-only import preserves all68 existing model records (13.475157ms)
✔ authored campaign vehicles retain mesh identity across checkpoint reconstruction (199.985268ms)
✔ normal boarding, exit and destruction retain original mesh rather than changing gameplay state (30.170351ms)
✔ the normal Balloon Hut producer creates the original144 appearance (46.358995ms)
✔ the shipped vehicle factory consumes original models, with no custom hull/envelope (0.561824ms)
✔ original vehicle owner textures use adjacent source tiles and retain local UVs (4.969227ms)
✔ Boat travel and exit keep registered passenger object-cell membership current (141.351561ms)
✔ Balloon travel and exit keep registered passenger object-cell membership current (113.408056ms)
✔ same-cell passenger sync preserves one linked membership and never allocates an unregistered person (67.870746ms)
✔ checkpoint clone retains passenger cell identity and wrapped exit reindexes without duplicates (42.506847ms)
✔ live vehicle damage keeps the native owner, special, signed and reset rules (88.89162ms)
✔ Blast reaches live vehicles and native destruction ejects passengers alive (73.851452ms)
✔ vehicle life and destruction survive checkpoint migration and reload (119.243384ms)
✔ success-bearing exit preserves existing public point API and real failure (71.322192ms)
✔ live panel selection only changes native selection flags and preserves unrelated selections/orders/RNG (45.036297ms)
✔ Boat and Balloon unload launch without teleporting, clear orders, and survive occupied/airborne checkpoints (90.153906ms)
✔ unload click rechecks speed, occupancy and terrain after rendered enabled state (33.898192ms)
✔ authored Mission22 Boat and Balloon unload retain launch until a living landing (77.128987ms)
✔ vehicle panel uses native kind9 geometry, disabled raw art and selection overlays (5.54395ms)
✔ raw disabled vehicle sprite alpha is85 while tail remains170 and normal art opaque (0.553642ms)
✔ vehicle selection keeps work on single, expands deselection, and Shift selects blocked mates (0.376305ms)
✔ passenger right-click has inspection semantics, while unload right-click is inert (0.211688ms)
✔ unload readiness refresh clears cached success at speed12 or failed terrain (0.25978ms)
✔ stale unload failure repeatedly clears only current driver orders, without teleporting anyone (0.410827ms)
✔ hover adds a native fill, never a false selected marker; pressed overlays palette130 (0.406871ms)
✔ horizontal viewport expansion preserves native depth and safe projection arithmetic (344.617568ms)
✔ intermediate display footprint fills the observed bird-view cut without changing native camera state (4.782145ms)
✔ added display cells cover safe front-branch projected samples across zoom, rotation and torus fractions (69.20457ms)
✔ display bounds texture and CPU visibility share the same derived rows without feeding camera state (5.356608ms)
✔ visible cells match original traversal at boundaries and wrapped camera centers (804.739008ms)
✔ Volcano replays its native terrain, emission and disruption lifecycle (13.380514ms)
✔ player and computer Volcano casts share the live controller and old saves migrate (192.311339ms)
✔ review bundle is independently readable from a non-overlapping local fixture (181.197941ms)
✔ review bundle rejects quoted secret fields and environment-secret files atomically (234.17592ms)
✔ decoded command-receipt stdout and stderr reject escaped secret JSON without exposing values (164.604544ms)
✔ double JSON-string wrappers in stdout and stderr reject secrets without echoing values (112.532961ms)
✔ benign nested JSON strings pass within depth and decoded-byte bounds (120.756788ms)
✔ decoded JSON recursion fails closed beyond depth or total decoded-byte bounds (282.456462ms)
✔ decoded JSON byte boundary accepts exactly the configured budget (137.221295ms)
✔ tracked deletion has an explicit expected deletion identity and rejects tamper or omission (399.394281ms)
✔ real-path canonicalization rejects source aliases and bundle outputs through source symlinks (181.297485ms)
✔ bundle verification is bound to caller-supplied identities and rejects traversal (109.660625ms)
✔ raw command receipts retain source head and complete stdout/stderr (152.313607ms)
✔ command receipts bind dirty source and explicit ignored inputs and invalidate drift (142.232305ms)
✔ receipt CLI preserves repeated input flags and rejects zero-exit input drift (468.36498ms)
✔ a killed foreground wrapper retains unknown state and raw output, never a pass (670.311135ms)
✔ retired status and binding commands are not exposed or coupled to verification (1.341235ms)
✔ live aggregate coverage includes every maintained workflow integrity suite (276.928827ms)
✔ native models 13 and 15 route only completed vehicle workshops into kind 6 (1.375897ms)
✔ Boat House kind-6 panel uses native 136x82 rows and hit targets (0.531098ms)
✔ Boat House work cells fill only at each complete native 100-work boundary (0.319761ms)
✔ Boat House reuses original dismantle and cancel control phases (0.196856ms)
✔ Balloon Hut kind-6 geometry derives 208x82 from native capacity and ten work cells (0.322124ms)
✔ Balloon Hut work cells fill only at each complete native 100-work boundary (0.213671ms)
✔ Balloon Hut reuses the original dismantle and cancel control phases (0.20019ms)
✔ followers cross the former crop and both world seams, then settle at every frame rate (4271.581812ms)
✔ direct attacks take the short route and engage across both world seams (117.342493ms)
✔ live heights and sprite grounding read native terrain outside the compatibility grid (70.895824ms)
✔ mixed picking follows captured native painter ownership and pixel edges (6.125203ms)
✔ live pointer eligibility uses the active record and recorded cell building (700.290378ms)
✔ ScenePicking re-resolves injected overlapping terrain candidates against the current painter command (320.019134ms)
✔ native selector body hierarchy retains all 25 worlds and first-three moons (1.882929ms)
✔ opening campaign availability reflects completion without hiding replay access (0.215995ms)
✔ ordinary Stone Head completion creates the original six-visit acquisition VFX before stock delivery (125.834607ms)
✔ spell-head reward admission preserves native oriented cell ranges and active command eligibility (16.449966ms)
✔ head-group selection shares native occupant flag rules and imported panel heights match the original consumer (8.280752ms)
✔ proved worship modes use their original static models without changing other head families (0.727954ms)
✔ original worship model 8 is the reviewed bank-2 geometry (0.984719ms)
✔ original worship model 157 is the reviewed static Angel-head geometry (0.418118ms)
✔ legacy appearance migration recovers recursive authored modes and preserves existing families (215.170389ms)
✔ linked tutorial mode-3 Obelisk retains its authored mode and model (29.147985ms)
✔ Temple training uses the canonical shape doorway rather than crossing its footprint (70.314508ms)
✔ normal worship approach follows the same canonical stone-head heading as the rendered head (62.974219ms)
✔ legacy Mission22 worship appearance is derived from authored source identity without changing checkpoint state (149.167575ms)
✔ legacy linked mode3 head migrates recursively while root trigger and unrelated state stay byte-for-byte equivalent (27.923034ms)
✔ legacy non-mode3 and Vault heads recover mode without changing their presentation families (32.522695ms)
✔ authored worship lookup uses immutable source fields and agrees for Mission22 and linked tutorial head (61.865462ms)
✔ shipped store load migrates legacy Mission22 before real command-27 Brave admission (136.919822ms)
✔ automatic worship-panel activity is written only by a supported completed mode-0 sample (1.25139ms)
✔ automatic producer keeps unproven families out of the first shipped slice (0.190065ms)
✔ automatic retention reads the last player-specific sample rather than generic follower state (0.168122ms)
✔ automatic retention releases an inactive completed head even after a positive last sample (0.120811ms)
✔ worship panels preserve native progress, recharge, slots and artwork without clipping the second row (7.223894ms)
ℹ tests 963
ℹ suites 0
ℹ pass 963
ℹ fail 0
ℹ cancelled 0
ℹ skipped 0
ℹ todo 0
ℹ duration_ms 95952.067691

> populous-first-dawn@0.1.0 parity:check
> node scripts/parity.mjs check

Parity ledger, evidence paths, revision and generated report are consistent.

> populous-first-dawn@0.1.0 orchestration:check
> node scripts/orchestration/cli.mjs check

{
  "status": "passed",
  "checks": 119,
  "subsystems": 10,
  "generatedOwners": 6,
  "unmappedSourceCount": 150,
  "unmappedSources": [
    "app/ambient-sound.ts",
    "app/animation.ts",
    "app/audio-preferences.ts",
    "app/audio.ts",
    "app/blast-wave.ts",
    "app/building-clearing.ts",
    "app/building-damage.ts",
    "app/building-debris.ts",
    "app/building-dismantle.ts",
    "app/building-occupants.ts",
    "app/building-sinking.ts",
    "app/building-smoke.ts",
    "app/building-terrain.ts",
    "app/celebration.ts",
    "app/chatgpt-auth.ts",
    "app/combat-approach.ts",
    "app/combat-building.ts",
    "app/combat-order-search.ts",
    "app/combat-orders.ts",
    "app/combat-pursuit.ts",
    "app/combat-targets.ts",
    "app/command-context.ts",
    "app/construction-panel.ts",
    "app/convert-wild.ts",
    "app/drag-border.ts",
    "app/drag-overlay.ts",
    "app/earthquake.ts",
    "app/effect-motion.ts",
    "app/erosion.ts",
    "app/firestorm.ts",
    "app/flatten.ts",
    "app/footprints.ts",
    "app/fps-graph.ts",
    "app/globe-renderer.ts",
    "app/globe.ts",
    "app/ground-overlay.ts",
    "app/hud-charge.ts",
    "app/hud-font.ts",
    "app/hud-health.ts",
    "app/hud-mana.ts",
    "app/hud-population.ts",
    "app/hud-portrait.ts",
    "app/hud-selection.ts",
    "app/hut-birth.ts",
    "app/hut-occupancy-smoke.ts",
    "app/hut-smoke-runtime.ts",
    "app/hut-upgrade.ts",
    "app/indexed-search.ts",
    "app/land-bridge.ts",
    "app/layout.tsx",
    "app/level-one.ts",
    "app/level-three.ts",
    "app/level-two.ts",
    "app/live-resting.ts",
    "app/mana.ts",
    "app/melee-encounter.ts",
    "app/melee-engagement.ts",
    "app/melee-groups.ts",
    "app/melee-placement.ts",
    "app/melee.ts",
    "app/minimap-frame-view.tsx",
    "app/minimap-frame.ts",
    "app/minimap-renderer.ts",
    "app/minimap.ts",
    "app/model-faces.ts",
    "app/model-lighting.ts",
    "app/morph.ts",
    "app/music.ts",
    "app/native-math.ts",
    "app/original-bloodlust.json",
    "app/original-camera.json",
    "app/original-constants.json",
    "app/original-effects.json",
    "app/original-fire.json",
    "app/original-minimap-frame.json",
    "app/original-music.json",
    "app/original-pointer.json",
    "app/original-script-three.json",
    "app/original-script-two.json",
    "app/original-script.json",
    "app/original-search.json",
    "app/original-shapes.json",
    "app/original-sky.json",
    "app/original-skylens.json",
    "app/original-sound.json",
    "app/original-stone-heads.json",
    "app/original-tooltips.json",
    "app/painter-vertices.ts",
    "app/painter.ts",
    "app/path-geometry.ts",
    "app/path-search.ts",
    "app/path-solver.ts",
    "app/person-collision.ts",
    "app/person-idle.ts",
    "app/person-motion.ts",
    "app/person-panel.ts",
    "app/person-physics.ts",
    "app/person-route-recovery.ts",
    "app/person-state.ts",
    "app/preacher-conversion.ts",
    "app/projectile-motion.ts",
    "app/projection.ts",
    "app/resting-slots.ts",
    "app/scene-hud-runtime.ts",
    "app/scene-secondary-effects.ts",
    "app/scenery-fire.ts",
    "app/secondary-effects.ts",
    "app/selection-raster.ts",
    "app/shaman-death-vfx.ts",
    "app/sky-motion.ts",
    "app/sky.ts",
    "app/special-battle.ts",
    "app/spell-button.ts",
    "app/spell-halo.ts",
    "app/spell-trails.ts",
    "app/spell-visibility.ts",
    "app/sprite-layers.ts",
    "app/stone-head-149.ts",
    "app/stone-head-animation.ts",
    "app/stone-head-orientation.ts",
    "app/swamp.ts",
    "app/swarm.ts",
    "app/terrain-ambience.ts",
    "app/terrain-light.ts",
    "app/territory.ts",
    "app/tooltip-layout.ts",
    "app/tornado-runtime.ts",
    "app/tornado.ts",
    "app/training-conversion.ts",
    "app/training-hut-appearance.ts",
    "app/training.ts",
    "app/tree-growth.ts",
    "app/unit-health.ts",
    "app/vault-appearance.ts",
    "app/vehicle-appearance.ts",
    "app/vehicle-routing.ts",
    "app/volcano.ts",
    "app/water.ts",
    "app/workshop-panel.ts",
    "app/world-coordinates.ts",
    "app/world-initialization.ts",
    "app/world-selector-data.ts",
    "app/world-selector.module.css",
    "app/world-selector.tsx",
    "app/world-state.ts",
    "app/world-tasks.ts",
    "app/world-types.ts",
    "app/worship-appearance.ts",
    "app/worship-panel-activity.ts",
    "app/worship-panel.ts"
  ],
  "cacheRequired": false
}
