
> populous-first-dawn@0.1.0 check
> npm run typecheck && npm test && npm run parity:check && npm run orchestration:check


> populous-first-dawn@0.1.0 typecheck
> tsc --noEmit


> populous-first-dawn@0.1.0 test
> node --test tests/*.test.mjs

✔ live Mission3 adapters rotate an eligible Convert Wild producer behind training (98.430416ms)
✔ producer table preserves singleton priority, one stable pass, and signed counts (0.782605ms)
✔ producer capacity is checked before callbacks and after pre-table allocation (0.540291ms)
✔ checkpoint migration retains producer history and initializes each legacy AI independently (86.41033ms)
✔ authored early producer opportunities record native table attempts without changing later missions (640.123106ms)
✔ Missions1/2 never enable type8 or idle type11/15 response follow-ups (162.17638ms)
✔ ordinary Missions1/2 allocate a real pre-table scan at their first producer opportunity (215.926623ms)
✔ normal first scans finish and repeat without a placeholder reservation (492.680075ms)
✔ ordinary Mission2 movement reaches a real response and resumes the scan checkpoint (335.906802ms)
✔ response allocation preserves native duplicate, disabled, cancellation and exhaustion gates (0.764057ms)
✔ early automatic training requires at least the native school capacity (182.778651ms)
✔ training capacity compares the native signed32-bit available total (0.739811ms)
✔ six followers share ground → area attack → ground orders, destroy the hut and regroup (339.946356ms)
✔ losing an acquired building rescans the area, fights a new person and retains the waypoint tail (195.480831ms)
✔ cancelling a reserved fight releases its reservation and the entire staged tail (90.034552ms)
✔ area targeting distinguishes an unbuilt plan from a partially constructed building (159.454714ms)
✔ arrival voices count approaching followers and fire once when they near the ordered area (240.575103ms)
✔ area approach, combat, arrival voices and queued destinations agree at 5–240 Hz and irregular rendering (943.671582ms)
✔ pausing an unfinished music play preserves enabled sound and later resume (9.589066ms)
✔ late rejection from an older resume cannot cancel the newest playing request (0.878779ms)
✔ a superseded context resume does not submit an extra music play (8.066221ms)
✔ mute cancels pending playback without recreating the background timer (0.814663ms)
✔ dispose cancels pending playback without recreating the background timer (0.70598ms)
✔ the current playback failure still rejects rather than hiding a real media error (2.568486ms)
✔ current context errors propagate, while a disposed request cannot report a stale failure (0.487361ms)
✔ initial enable can finish while paused without turning the sound setting off (0.992279ms)
✔ enable reports cancellation when muted during its pending playback (0.460632ms)
✔ first visit and non-browser rendering keep the existing defaults without writing (2.538341ms)
✔ versioned zero/full volume restores without truthiness fallback or autoplay data (0.292539ms)
✔ malformed, unsupported and unsafe values fall back without overwriting the record (2.087724ms)
✔ only an explicit valid change writes the known preference fields and leaves other storage alone (0.394652ms)
✔ invalid programmatic values never persist or replace the last valid choice (0.600883ms)
✔ denied storage getter, reads and writes are safe session-only fallbacks (0.520281ms)
✔ restoring volumes does not create audio, enable playback, or change audio RNG/reset semantics (0.356044ms)
✔ authored origins survive initialization for all five currently live campaign bridge heads (551.43171ms)
✔ ordinary Mission 2 worship creates the authored crossing and every live terrain turn matches it (933.575807ms)
✔ legacy migration recovers only missing immutable origins without replaying active terrain (318.940139ms)
✔ pre-activation legacy save and mid-bridge checkpoint continue once at the authored origin (977.465035ms)
✔ automatic Boat search filters native-ineligible vehicles and boarding shares the driver route (99.178319ms)
✔ music sections and ordinary ambient decisions match captured original execution (5.518945ms)
✔ percussion uses audio timestamps at low/high/irregular frame rates and skips stale starts (2.425682ms)
✔ Blast head reaches impact and native first/last wave visits launch enemies/allies (179.019233ms)
✔ Blast and follower presentation share elapsed time at low/high/irregular refresh rates (532.334936ms)
✔ projectile snapshots preserve pause, wrap and explicit placement without touching unrelated effects (55.712473ms)
✔ original Blast indexed visits, alliances, repeated impulses and damage gates (20.118327ms)
✔ live Blast delays allied launch, retains native flight height and restores commands after landing (154.196407ms)
✔ Blast and landing damage share original shields, protection, attacker and life wrapping (0.574383ms)
✔ wild followers land into their original state 8 without losing the unit (118.227591ms)
✔ a burning airborne follower keeps one panic clock and releases its native pose after landing (38.720967ms)
✔ Boat House launch matches native type-1 computer full ejection (181.58613ms)
✔ Boat House launch matches native type-2 human driver removal with retained occupants (93.595819ms)
✔ maintained checkpoint callsite waits for delayed false reads before reloading (4.907077ms)
✔ maintained checkpoint callsite rejects exhausted false reads without reloading (34.820791ms)
✔ maintained checkpoint callsite closes rejected reads without reloading (1.339811ms)
✔ rendered transport checker independently counts whole mixed-class craft (4.485785ms)
✔ rendered transport checker rejects partial, unrelated, duplicate and wrong-class groups (3.77672ms)
✔ transport pixel oracle retains real device scale and outward clip padding (0.544017ms)
✔ transport oracle preserves fractional scales and detects the old footer/hit failure (1.235264ms)
✔ readiness reads rebind after fresh page reload and on repeated calls (4.381299ms)
✔ readiness wait sequentially awaits false samples before accepting literal true (3.349029ms)
✔ a truthy non-boolean readiness field does not pass the wait (4.293146ms)
✔ read errors propagate and repeated unready samples time out without mutation (18.426511ms)
✔ maintained Mission 4 callsite awaits valid profile completion before continuing and reloading (12.163283ms)
✔ maintained Mission 4 callsite exhausts false reads without starting continuation (11.905185ms)
✔ maintained Mission 4 callsite accepts completion on the last read without a final pause (15.696547ms)
✔ maintained Mission 4 callsite rejects failed opens without starting continuation (4.714008ms)
✔ maintained Mission 4 callsite closes rejected reads without starting continuation (1.010217ms)
✔ maintained Mission 4 callsite closes a database when starting its read throws (1.24568ms)
✔ maintained Mission 4 callsite closes databases with a missing store and fails closed (4.55583ms)
✔ maintained Mission 4 callsite requires literal true before starting continuation (1.482156ms)
✔ building attack phases, entrances, damage and shake match native execution (50.657339ms)
✔ an entirely occupied world cancels special positioning instead of hanging (0.639961ms)
✔ live building assault enters, strikes, shakes and destroys via native damage accumulation (690.353889ms)
✔ occupied building ejects a defender and the same native command resumes after winning (94.657152ms)
✔ building attack mechanics and poses are independent of rendering cadence (774.799279ms)
✔ attacker death releases immediately; target loss rescans the area before completing (202.184157ms)
✔ native defence gate and shaking retain counter cadence, signed lifetime and collapse RNG (3.620105ms)
✔ cancelling or killing an attacker during its defender encounter releases the retained order (199.852607ms)
✔ complete native scenery clearing, shared waits and ownership requests (170.273745ms)
✔ complete native people clearing, shared waits and ownership requests (144.158711ms)
✔ live clearers harvest on-site trees, carry and deposit logs, then move bystanders before allocation (675.555169ms)
✔ clearing pauses without advancing and cancellation releases its native animation and route (134.366082ms)
✔ clearing bushes starts the original fire and retreats before the site is allocated (96.404856ms)
✔ occupant restoration and facing match native captures, including seams and backwards facing (12.520539ms)
✔ live exits retain position and sprite ownership for every building orientation (1447.773728ms)
✔ command cancellation uses shared exit restoration without changing the route start (28.528954ms)
✔ timber hauling matches native phases, movement, reservations, transfers, poses and clocks (23.495356ms)
✔ native building origins, exact ground writes and plan height initialization (214.452678ms)
✔ live rotated foundations use native vertices and preserve surrounding terrain (522.765451ms)
✔ buildings retain distinct terrain handles after long effect-heavy games (31.531523ms)
✔ native descriptor data routes completed huts through kind 7 with resident capacities (1.013732ms)
✔ kind-7 hut rows place occupant and dismantle hit targets from native capacity (1.321454ms)
✔ training charge row keeps existing controls aligned after shared geometry extraction (0.141602ms)
✔ unbuilt plan priorities, validation, allocation and abandonment match native decisions (18.057712ms)
✔ leveling movement, animation, timers, terrain and sound match complete native task 8 (47.606949ms)
✔ live plans retain uneven ground, level visibly and wait for timber and crew clearance (2315.701906ms)
✔ a full shared order pool leaves a new plan unstaffed without leaking ownership (60.726768ms)
✔ simultaneous fetch deposits cap preparation work and preserve surplus timber (100.774917ms)
✔ unattended plans expire and redirected leveling workers release their sprite and route (208.783384ms)
✔ native preparation clears on-site timber before allocation without deleting its resource (150.237201ms)
✔ foundation settling, flooding and dock edges match original executable captures (47.323333ms)
✔ original wet-side tipping, drift, spin and sinking expiry retain complete native trajectories (115.598539ms)
✔ terrain collapse ejects before destruction, retaining its two-turn delay (1.249376ms)
✔ healthy buildings settle without entering repair; deformed and flooded buildings use distinct destruction (897.715074ms)
✔ complete native cell validity and exact placement feedback (55.176064ms)
✔ placement protects reincarnation stones without a living Shaman and reserves buildings (968.474104ms)
✔ building activity matches native geometry, clocks, speed, facing and animation requests (34.408001ms)
✔ live builders reach work poses, animate, pause, cancel and finish without stale sprites (318.965547ms)
✔ crews leave finished huts in all four orientations before the plan releases them (2234.34001ms)
✔ player construction orders approach natively and deposit carried logs before fetching (1536.356389ms)
✔ builder admission and stale-slot pruning match complete native calls (18.320377ms)
✔ construction dispatch, repair clocks and departure gates match native plan calls (40.084384ms)
✔ scheduled burning plans panic only unlocked builders on building cells (104.99359ms)
✔ repair smoke footprint and terrain refresh match native cell traversal (2.278802ms)
✔ two live builders dispatch one hauler on the original sixteen-turn phase (244.214321ms)
✔ later construction haulers skip timber reserved by an earlier search (144.905686ms)
✔ timber reservations reopen, drain and release on native transitions (0.441082ms)
✔ live plan capacities, duplicate orders and replacement workers share registration (168.870823ms)
✔ zoom retains native preset bounds and the existing 18-step timer (3.020144ms)
✔ render previews do not mutate native state and meet every committed step across all resolution tables (118.316309ms)
✔ 30/60/120/144 Hz and irregular preview schedules retain duration and every owned native configuration (25.614398ms)
✔ conversion observation requires the native victim-owner and replacement flags without world mutation (2.014014ms)
✔ death, ordinary births, startup conversion flags and enemy preacher ownership are not credited (0.294092ms)
✔ observation resets at mission boundaries and does not infer events across unobserved turns (0.130025ms)
{"label":"fixture","ready":true,"turn":1,"status":"playing"}
{"checkpoint":"mission-2-start","level":3,"status":"won","turn":1,"population":{}}
{"checkpoint":"mission-2-won","level":3,"status":"won","turn":1,"population":{}}
{"checkpoint":"mission-2-result","level":3,"status":"won","turn":1,"population":{}}
{"checkpoint":"mission-3-continued","level":3,"status":"won","turn":1,"population":{}}
{"checkpoint":"mission-3-won","level":3,"status":"won","turn":1,"population":{}}
{"checkpoint":"mission-3-result","level":3,"status":"won","turn":1,"population":{}}
PASS: fixed-turn diagnostic wins Mission 2, continues, and wins Mission 3; not real-clock gameplay
✔ sandbox adapter retains every existing assertion, turn bound and campaign action (3.419184ms)
✔ changed or duplicated maintained checker scaffold fails closed before browser execution (4.465595ms)
✔ late final screenshot completion cannot mark an aborted campaign scenario passed (5.786778ms)
✔ actual native triangles supplement the historical fixed anchor scan (5.484074ms)
✔ geometry candidates cannot bypass foreign object or DOM overlay ownership (3.424171ms)
✔ normal zero-dt frame refresh resolves stale panels while retaining simulation slots and clock (3.160205ms)
✔ presentation refresh cannot conceal a simulation change (2.283639ms)
✔ presentation reservation exception cannot conceal secondary slot allocation (1.816137ms)
✔ stale pre-refresh reservations fail instead of being normalized by the checker (1.686072ms)
✔ presentation refresh cannot conceal changed world Map entries (2.36468ms)
✔ occluded shrine fallback uses bounded ordinary camera drags and strict target re-probes (0.299951ms)
✔ the shipped right-drag mapping rotates 512 native angle units without panning (78.019951ms)
✔ Mission 3 trains a bounded Preacher group and retains identified HUD-reachable Braves (0.230626ms)
✔ additive native Ctrl-five requires the ordinary cancel/deselect before reserving workers (1001.08113ms)
✔ missing checkpoint does not suppress independent campaign progress (92.679481ms)
✔ malformed checkpoint does not suppress independent campaign progress (67.736586ms)
✔ partially migratable checkpoint does not suppress independent campaign progress (97.166178ms)
✔ incompatible checkpoint does not suppress independent campaign progress (71.329476ms)
✔ current valid checkpoint still restores and loads (114.883145ms)
✔ legacy valid checkpoint still restores and loads (68.90073ms)
✔ malformed stored checkpoint preserves usable session checkpoint and merges completion (41.269774ms)
✔ storage read failure retains in-session progress and checkpoint (45.972525ms)
✔ camera release alone does not make the startup Shaman selectable; observation is read-only (335.155653ms)
✔ readiness still rejects absent actors, global input locks and paused play (273.33929ms)
✔ Continue readiness waits on real RAF before suspension with the existing timeout (2.21137ms)
✔ the production wait polls synchronous false until native selection readiness (6.330736ms)
✔ Mission 3 Swarm target observation is read-only and chooses an actually castable enemy (1344.973564ms)
✔ Mission 3 Swarm eligibility does not depend on distance to the vault or unit array order (919.447999ms)
✔ Mission 3 Swarm diagnostic refuses missing stock, blocked input, cooldown and invalid enemies (728.407485ms)
✔ checkpoint readback awaits false reads before the actual true result (2.505322ms)
✔ checkpoint readback fails closed after bounded asynchronous false results (0.59247ms)
✔ attack approach points and search pool state match complete native queries (56.736065ms)
✔ fight/person pursuit, housed entry, waiting and retries match native visits (16.369698ms)
✔ attack search, march records and automatic retargeting match native dispatch boundaries (16.966514ms)
✔ arrival voices and reservation release replay native thresholds and compacted-list visits (2.376599ms)
✔ original automatic commands preserve normal queues, share one reference-counted record and handle allocation exhaustion (83.619695ms)
✔ native scan dispatch preserves pending bits, suppression, specialist selection and consumer call counts (2.082287ms)
✔ ordinary combat entry reveals a completed Spy disguise (240.328712ms)
✔ live campaign scan suppression consumes pending alerts without changing person counters or sprites (108.140987ms)
✔ dead building attackers release queued shaman-guard duty (72.296729ms)
✔ fight motion initializes its retained sermon without a native owner (63.754513ms)
✔ coastal response targets come from the corrected native cell, including its newly exposed edge (108.358272ms)
✔ tower counterattacks ignore hostile people in water (111.695102ms)
✔ coastal area/dismantling order preparation matches full native calls and retains flags on identical commands (1.351919ms)
✔ live same-cell followers share one automatic command 21 and resume their queued destination (108.169449ms)
✔ an on-foot Firewarrior owns one automatic response per cooldown and yields to player movement (376.408777ms)
✔ an on-foot Firewarrior repeatedly launches at and damages a completed enemy building (81.337453ms)
✔ automatic combat restarts a retained direct tree harvest instead of harvesting during battle (131.256352ms)
✔ live automatic combat consumes a pending worship scan without replacing command 27 (101.334256ms)
✔ live automatic allocation failure preserves its source and queued order (89.532698ms)
✔ live automatic sharing leaves a nonmatching same-cell peer untouched (69.874722ms)
✔ live preacher response retains its sermon queue and resumes conversion (95.201178ms)
✔ preacher response allocation failure consumes the scan without changing its queue (117.111075ms)
✔ complete pursuit, target setup and attack-area gates match native fields, RNG and consumer ordering (12.497354ms)
✔ full-fight waiting positions and fallback RNG match original terrain and collision execution (29.202015ms)
✔ mixed target collection, native distance bands, fight admission and reservations replay executable captures (27.251777ms)
✔ live followers choose closer enemies, distribute reservations, then fall back to a saturated target (243.219994ms)
✔ live mixed scans detect enemy footprints and prefer an eligible person in the same distance band (194.97418ms)
✔ automatic squads share native area orders and target capacity independently of render frequency (610.860601ms)
✔ live target priority joins a fight ahead of a solitary enemy in its distance band (95.599182ms)
✔ nearby automatic building attacks keep their command-21 target between detection visits (111.674993ms)
✔ automatic contextual priority matches original single and mixed-class captures (1.286211ms)
✔ live ground context follows native registered cells through rotations and world seams (77.624748ms)
✔ ground beside a hut moves the group, while its occupied cell enters it (100.282808ms)
✔ an exact tree click harvests, seeks a timber plan and otherwise returns to rest (179.497583ms)
✔ a queued ordinary-tree harvest keeps its cargo and advances the existing waypoint (378.230037ms)
✔ input feedback matches native ground-cell centers and suppresses flashes over pointed objects (0.362274ms)
✔ object commands retain the chosen identity through overlaps and array reordering (155.479652ms)
✔ live target choice follows captured native ownership for both tribes (1800.1303ms)
✔ construction command matches native registration, fallback ownership and task handoffs (87.943421ms)
✔ construction panel matches native submissions and corrects the unlinked second-row height (21.036175ms)
✔ construction workers can be selected, reassigned to dismantle, cancelled and restarted (495.506981ms)
✔ construction icons select the active worker record and respect its native eligibility (34.012046ms)
✔ original priming consumes no elapsed progress; each frame stops before batch overshoot (1.744779ms)
✔ separate calls continue from the original previous timestamp without re-priming (0.247602ms)
✔ a promise is never accepted as a truthy readiness predicate (0.507221ms)
✔ frame and object-turn exhaustion fail without extending a goal (0.348123ms)
✔ an explicitly bounded coastal position attempt can return unmet without hiding its limit (0.165508ms)
✔ abort and Scene/World replacement are detected across browser-task yields (0.427432ms)
✔ normal speed, unpaused commands, positive finite deltas and wall bound stay mandatory (0.550587ms)
✔ original-frame failures propagate without another step (0.18622ms)
✔ unexpected automatic elapsed frames during a yield are rejected (0.210195ms)
✔ Convert Wild scans, converts, animates, and casts through player and computer paths (129.185853ms)
✔ deselection matches native command flags for every selection byte (1.87142ms)
✔ cancel targeting first; deselection preserves shared marching orders, routes, RNG and pause (191.912654ms)
✔ deselection reaches retained work representations once, leaves enemy ownership alone (56.594293ms)
✔ deselected groups retain identical mechanics and poses at 5–240 Hz and irregular frames (411.584757ms)
✔ training selection eligibility reads command flags, independently of motion turning flags (274.768541ms)
✔ dismantling reassigns residents and queued braves, recovers all timber and removes the building in four orientations (501.476583ms)
✔ cancelling dismantling stops existing workers; new orders can staff an empty dismantling building (154.292259ms)
✔ dismantling outcomes and timber remain independent of render frequency (593.402785ms)
✔ mixed groups queue movement, dismantling and movement without redirecting ineligible warriors (499.897212ms)
✔ queued building entry can become dismantling; cancellation skips work while retaining the destination (285.533359ms)
✔ dismantling queue replacement and death release references while non-braves keep their current orders (265.101242ms)
✔ automatic combat pauses shared dismantling and resumes its retained order (56.980712ms)
✔ automatic combat completion follows the native circular dismantling queue (66.617361ms)
✔ automatic combat allocation failure keeps dismantling state intact (65.619803ms)
✔ queued dismantling, timber and following movement agree at 5–240 Hz and irregular frames (641.930234ms)
✔ drag borders match original screen extrusion, texture coordinates and terrain crossings (30.688446ms)
✔ native area commands retain tower/training exclusions, current-order lookup and actual land membership (4385.726645ms)
✔ a real trainee remains drag-selectable on entry and becomes excluded only in the native interior phase (155.648161ms)
✔ fetching builders are selected at their active task-7 position (32.023373ms)
✔ world drag geometry matches captured native seams, camera bearings, clamps and degenerate drags (3.622699ms)
✔ live drag selection matches native flags and group voices without changing simulation ownership (579.236004ms)
✔ Mission 3 periodic raid preserves native mask, strict thresholds and arguments (2.676438ms)
✔ Mission 3 naturally grows both tribes and recruits the authored three-Brave raid (10214.156883ms)
✔ Earthquake matches the native initializer and central deformation phase (5.637814ms)
✔ Earthquake building scans preserve protected models, RNG and ejection-before-damage (0.623206ms)
✔ live Earthquake casts, damages and deforms independently of refresh rate (332.577923ms)
✔ Mission 1 counts authored primary effects before the opening (140.784188ms)
✔ Mission 1 keeps the allocation phase across pause, checkpoint and restart (315.408736ms)
✔ Mission 2 counts authored primary effects before the opening (76.309861ms)
✔ Mission 2 keeps the allocation phase across pause, checkpoint and restart (395.739267ms)
✔ Mission 3 counts authored primary effects before the opening (50.384972ms)
✔ Mission 3 keeps the allocation phase across pause, checkpoint and restart (362.748737ms)
✔ early-level effect phase remains fixed-turn owned across frame schedules (709.441811ms)
✔ live Erosion casting deforms terrain independently of refresh rate (715.898166ms)
✔ a newer Lightning consumes simulation RNG before Erosion (42.099455ms)
✔ original cleanup, center, terminal release/counters and recovery match native captures (9.76106ms)
✔ last opponent death ends the fight, credits its winner once and returns a survivor to commands (176.164594ms)
✔ live separation uses the squared eight-unit boundary (158.723343ms)
✔ a native interruption detaches its slot and protected survivors defer state recovery (45.069107ms)
✔ fight completion, recovery and RNG agree at 5–240 Hz and irregular frame schedules (321.695436ms)
✔ Firestorm emits its complete native 220-turn rain sequence (5.946114ms)
✔ live Firestorm composes fire, panic Blast and building ignition independently of refresh rate (461.355207ms)
✔ Flatten follows the native 15-turn terrain and orbit lifecycle (6.611703ms)
✔ live Flatten casting is refresh-rate independent (1195.609712ms)
✔ persistent follower controls retain native descriptor order and class HFX ownership (1.524918ms)
✔ live own class totals enable controls independently of training knowledge or occupancy (79.094811ms)
✔ reading the follower strip does not mutate simulation or selection state (141.168244ms)
✔ shipped G task classification follows deferred native adoption without mutating HUD reads (131.515101ms)
✔ specific legacy work overrides dormant idle while real native disruption remains authoritative (86.255567ms)
✔ construction, pre-entry, actual entry and native idle routes use their own categories (47.372016ms)
✔ task selection preserves orders and RNG during a real movement command and propagates occupied groups (40.223003ms)
✔ live task count reads nearby camera coordinates without creating or registering people (39.857884ms)
✔ real boarding through a route owner overrides a dormant native person for Selected task propagation (37.530199ms)
✔ task classifier preserves every recovered native state and command category (5.910474ms)
✔ inside classification follows building category and the Preacher command exception (0.327101ms)
✔ global existence and nearby task counts are independent; selected overlays preserve native addition (0.957328ms)
✔ task selection ignores persistent-strip assignment priority and uses category nearest (0.33287ms)
✔ Selected row click/Shift deselect, Ctrl reselects nearest without changing its work or the group (0.401353ms)
✔ Total single/five can select the Shaman while Shift excludes it (0.232309ms)
✔ task focus filters category and cycles with the Shaman nearby exemption without mutation (0.276164ms)
✔ vehicle creation and frame cache use apparent tribe, including checkpoints and legacy fallback (205.393925ms)
✔ vehicle damage immunity follows apparent tribe while real-owner counts stay unchanged (74.297893ms)
✔ live Blast projects class4 apparent tribe without changing the real owner (100.068646ms)
✔ ordinary live boarding exposes class vehicle counts, all passengers and independent owner fields (194.901876ms)
✔ Spy boarding uses immediate target bits, later boarding rewrites owner and exit preserves apparent owner (74.587858ms)
✔ split owner and occupied selection survive checkpoint, legacy vehicles use real team fallback (70.576166ms)
✔ destroyed last vehicle keeps presence during its visible wreck and cannot select or focus (40.660028ms)
✔ shipped disguise command aboard publishes apparent ownership through completion and countdown (112.156656ms)
✔ legacy occupied checkpoint retains apparent fallback across voluntary unload (128.812233ms)
✔ first and later boarding, either exit and reuse preserve the native two-owner contract (385.856327ms)
✔ occupied class reads rebuild from current passengers rather than stale row totals (27.483565ms)
✔ transport presence uses real ownership and survives an empty count (1.443687ms)
✔ class filter acquires a vehicle and selects all eligible passengers; Ctrl counts vehicles (0.590347ms)
✔ driver command priority, matching-passenger distance and vehicle nearby boundary remain distinct (0.191417ms)
✔ native reverse vehicle-list focus cycles, variants reacquire, and selected/blocked occupants can focus (1.289336ms)
✔ footprint history matches native ring replacement and its per-cell pixel counts (629.834965ms)
✔ partial footprint shading equals a complete native-palette atlas rebuild (1727.808886ms)
✔ live walking footprints use the elapsed animation clock, including pause and disabled trails (375.088061ms)
✔ live turn preserves native tribe order, inactive skipping and next-turn formation admission (1592.739271ms)
✔ actual recruited groups wait a turn and then steer before member physics (120.730453ms)
✔ render cadence and idle production worship hooks cannot change gameplay, RNG or owned animation state (12225.003051ms)
✔ paused time stays paused; long active frames retain elapsed time (137.789534ms)
✔ campaign messages use the presentation clock and freeze while paused (316.650162ms)
✔ campaign pending auto-open waits for settled motion and consumes one oldest record per presentation visit (77.007157ms)
✔ scenery shade follows cell occupants through overlap, depletion and regrowth (110.396958ms)
✔ rotated building plans keep their anchor, entrance routes and orientation through construction (773.963706ms)
✔ Lightning ignites only its building footprint, then evacuates, damages and permits repair (540.053937ms)
✔ Lightning burns original scenery through smoke and cleanup without leaking fire state (117.315866ms)
✔ native impacts expire on exact turns and debris preserves the sprite allocation counter (70.500358ms)
✔ terrain rebuilds preserve queue precedence and initialize the original mission before sampling (18.039644ms)
✔ territory preserves native footprint asymmetry, overlap clearing and staggered recovery (1.612752ms)
✔ opening tooltips resolve mission cells and have an independent lifetime (42.438501ms)
✔ original level layout, native foundations, and the complete mission (3020.762725ms)
✔ housing, mana allocation, pause, drowning, and reincarnation (473.265798ms)
✔ ordinary land deaths keep the native corpse lifecycle (199.193074ms)
✔ native transformed compound bases stay on their ground pads (41.222901ms)
✔ native animation identity, casting interruption, gradual terrain and blast survival (396.90178ms)
✔ native economy uses fixed turns, population bands and real hut upgrades (648.585313ms)
✔ lightning hits a native map cell and Blast leaves allied health intact (36.922645ms)
✔ native integer movement and combat exchanges preserve timing, retaliation and replay (443.471289ms)
✔ native fight slots form four-person groups and release on interruption (81.580854ms)
✔ native sound cues preserve sample identity, cast phases and simulation randomness (200.633867ms)
✔ native Lightning delays the upper flash and regenerates eight segments for three turns (61.32306ms)
✔ native spell allocation, discrete flight, RNG trails and delayed impact (465.906507ms)
✔ native terrain ridges, reflected diagonals, surface planes and boundary vertices (1.980093ms)
✔ original campaign setup disables only enemy reincarnation and retains deferred commands (260.07026ms)
✔ mission-one AI applies its native spell interval profile on the original phase (109.784909ms)
✔ mission-one closes its construction latch after the first Red hut (25.446655ms)
✔ campaign marker setup snapshots native entry state before live execution (46.658962ms)
✔ mission marker task sends one reserved brave to marker one (50.759069ms)
✔ mission-one ordinary marker guard patrols and answers nearby enemies (67.056567ms)
✔ campaign markers remove the bridge head on the native phase, independently of routing (77.318365ms)
✔ campaign counters track allocation and remaining head gifts through gameplay (97.86374ms)
✔ worship decays without followers and continues at full spell stock (133.837681ms)
✔ vault discovery follows worship, door, entry and exit tasks (241.079923ms)
✔ vault allocation preserves the current order when the shared pool is full (149.823102ms)
✔ original discovery messages follow script phases, persist and reset (124.536155ms)
✔ partial building queries consume their mode once and marker triggers bypass worship (28.384125ms)
✔ original opening runs before object turn 72 and its independent flyby clock can be interrupted (170.11686ms)
✔ native outcome phases honor campaign opponents, forced results and defeat recovery (357.665171ms)
✔ tribe gates suppress scripts and AI while object turns and eligible cooldowns keep their native phases (244.221769ms)
✔ emergency casting preserves queued work and preacher responses keep their own payment rules (73.909687ms)
✔ mission-one AI casting uses the live shaman state and cast-block flags (306.528285ms)
✔ live spell scans use population thresholds and building territory with delayed overlap recovery (43.389684ms)
✔ original campaign stops Dakini Blast casting after its second allocation (219.766774ms)
✔ campaign attack commitment follows living warrior counts on its original turn (240.509746ms)
✔ mission-one Dakini launches its native attack route when Blue enters marker three (119.53709ms)
✔ mission-one Dakini launches its later building attack when Blue overwhelms it (192.651153ms)
✔ mission-one Dakini pursues a fallback shaman by exact command target (31.534395ms)
✔ computer attack exhausts native scans and retreats below its surviving-member threshold (0.610216ms)
✔ computer attack pool exhaustion skips hostile dispatch and retires through native empty scans (63.002872ms)
✔ queued training keeps its selection lock until issuing the order and frees its slot after arrival (0.958028ms)
✔ mission-one red AI queues exact task 6 below one warrior and executes live training (107.865757ms)
✔ mission-one red AI does not reserve a second brave already committed to warrior training (35.320369ms)
✔ external game store publishes edits and restarts without sharing worlds between sessions (225.874103ms)
✔ mission-one victory continuation creates and restarts the recovered mission-two world (260.434041ms)
✔ mission-two Totem route reaches the Tornado guidance and use instruction (1217.810791ms)
✔ mission-two enemy marker orders nearby Matak defenders to counterattack (228.067429ms)
✔ game store checkpoints restore an isolated exact world snapshot (83.102948ms)
✔ computer recruitment preserves wrapped-distance ties and native command eligibility (0.59947ms)
✔ group orders share references and release their object only after the final follower leaves (0.611328ms)
✔ AI reservation enters native selection state and releases through the normal person initializer (0.751298ms)
✔ training order startup uses configured speed and preserves only a compatible building occupant (0.731469ms)
✔ native training queue yields to an untrained follower and releases its new head (0.669736ms)
✔ live followers reach rotated native doors before entering buildings (596.718908ms)
✔ building admission preserves native slot order, training activity and shared commands (1.653372ms)
✔ training replaces a whole batch, inherits the first occupant order tail and rolls back partial allocation (1.44489ms)
✔ live mana refunds wait for a pulse and computer training receives only the original first pass (36.349064ms)
✔ follower mana uses native preacher orders, registration and ghost flags before tribe scaling (45.760724ms)
✔ live spell reach follows terrain height and enemy casts require and spend native mana (97.479442ms)
✔ native casting lockout survives animation and computer usage recovers one charge at a time (67.291499ms)
✔ spell targeting preserves native cell allowances and wrapped coordinate seams (111.899521ms)
✔ native spell scans retain slots and Blast scoring avoids friendly concentrations (34.541439ms)
✔ defeat seeds native building collapse and staged damage ejects occupants before removal (68.809669ms)
✔ building display stages follow remaining work and retain separate complete meshes (25.325402ms)
✔ results preserve pending turns, collapse defeated settlements and reject new orders (421.886075ms)
✔ result camera crosses the world seam, releases input and retains native sky timing (3.328798ms)
✔ victory owns persistent native followers, drops cargo and pauses logical animation (68.314415ms)
✔ live blocked followers retain native detour steering and recovery timers (24.064069ms)
✔ live celebrants obey native walk masks and survive the legacy ground-height cutoff (26.405845ms)
✔ live completed-building footprints relocate and clear on removal (26.954208ms)
✔ live native cell order follows arrivals and removes dead records (55.958184ms)
✔ live cell insertion repairs a stale head left by a removed person (0.482264ms)
✔ dead vehicle passengers release their slots and driver position (52.004077ms)
✔ live native preparation consumes reroutes and completes slow turns and reactions (34.499271ms)
✔ interrupted victory followers resume through native orders and rejoin celebration (26.428599ms)
✔ native idle approach composes with shared state and original resting animation (29.217166ms)
✔ native resting ownership allocates distinct slots and compacts after a follower leaves (23.544669ms)
✔ native route reuse shares ownership and live celebration releases each follower (63.099601ms)
✔ native route construction retries expired failures and stores the original bounded path (37.315534ms)
✔ native path search packs a trimmed route and preserves distinct vehicle retry flags (61.093984ms)
✔ native wrapped route smoothing respects blocked steps and measures retained segments (70.389976ms)
✔ native obstacle solving builds a world-seam detour and rejects a blocked destination (63.115249ms)
✔ native planned routes use the recovered solver and advance shared followers to their goal (24.523338ms)
✔ native boarding checks the first boat and landing requests reserve distinct original search cells (0.818339ms)
✔ live native routes release query ownership, expire failures and walk low shoreline (88.464097ms)
✔ live followers share routes, advance before exact arrival and release every owner (76.474726ms)
✔ hut families are selected once, shared with shapes and retained through upgrades (45.912431ms)
✔ mission-one low population response assigns and releases persistent shaman escorts (78.889241ms)
✔ shaman escort uses native pursuit cadence and strict boundaries (0.500191ms)
✔ Mission 5 Boat worship emits its original one-shot tutorial (189.982362ms)
✔ Mission 5 grants, boards, sails, lands and checkpoints its original Boat (286.583677ms)
✔ Ghost Army casts, spawns native ghosts, accepts orders, vanishes in combat, and follows AI (375.075101ms)
✔ world-view terrain matches captured native mesh order, projection and lighting (241.667255ms)
✔ overview drag/release matches native snapshots and every star-parallax step (3.25717ms)
✔ overview morph timing matches the original complete lifetime snapshots (0.749976ms)
✔ Ctrl starts followers immediately, appends shared waypoints and ordinary click ends the sequence (395.028885ms)
✔ eighth Ctrl click and Alt final click deselect without cancelling issued orders; right-click ends staging (208.815032ms)
✔ queued ground movement preserves every turn, RNG, poses and footprints at 5–240 Hz and irregular frames (1100.86889ms)
✔ continued queue allocation failure retains issued orders, and an ordinary replacement releases them (75.731663ms)
✔ an enemy-person order waits behind a waypoint and advances when its target becomes unavailable (431.827308ms)
✔ ground waypoint handoff uses each playable class default initializer (278.022468ms)
✔ ordinary person turns apply native follower and Shaman healing without reviving excluded units (82.892934ms)
✔ live health adapter preserves airborne/state exclusions and combat status flags (43.993291ms)
✔ each original healing model receives exactly one recovered increment on the eighth turn (40.340126ms)
✔ a follower injured by the shipped missing-building release path later heals on an ordinary turn (30.837048ms)
✔ healing follows simulation turns across speed, refresh cadence, irregular frames and pause (552.557308ms)
✔ checkpoint migration preserves the next native healing turn (43.522534ms)
✔ building admission clocks match captured native blocks (5.871535ms)
✔ followers visibly cross the native interior threshold before housing consumes their command (1278.393955ms)
✔ simultaneous arrivals respect hut capacity and cancellation releases the scoped animation and route (196.577372ms)
✔ hut slots remain authoritative through a departure, replacement and birth turn (69.669781ms)
✔ fire interrupts entry without retaining its walking sprites or command record (56.488882ms)
✔ staged entry positions, RNG, admission and sprite clocks are independent of rendered frame rate (361.914471ms)
✔ entry re-plans interrupted steering and releases its source when the hut becomes unavailable (53.841326ms)
✔ scaled native panel and bottom-row digits remain above the modern footer (1.330287ms)
✔ HUD keeps preferred manual sizes and the original nominal auto steps when they fit (0.198388ms)
✔ HUD extraction retains the page client-component directive (0.703937ms)
✔ HUD selection and focus match captured original commands without changing other person fields (8.355115ms)
✔ HUD controls add followers without stealing simulation ownership or replacing marching orders (142.554328ms)
✔ building menu waits through delayed false images before continuing (22.007262ms)
✔ building menu exhausts its existing 30000 ms scope without continuing (196.669635ms)
✔ building menu propagates failed texture acquisition without retrying (2.699483ms)
✔ building hover Mission 1 waits through delayed false images before continuing (4.887929ms)
✔ building hover Mission 1 exhausts its existing 30000 ms scope without continuing (174.685119ms)
✔ building hover Mission 1 propagates failed texture acquisition without retrying (1.840473ms)
✔ building hover Mission 2 waits through delayed false images before continuing (3.338111ms)
✔ building hover Mission 2 exhausts its existing 30000 ms scope without continuing (167.718048ms)
✔ building hover Mission 2 propagates failed texture acquisition without retrying (3.074366ms)
✔ worship Tutorial waits through delayed false images before continuing (4.831634ms)
✔ worship Tutorial exhausts its existing 30000 ms scope without continuing (251.991184ms)
✔ worship Tutorial propagates failed texture acquisition without retrying (2.578411ms)
✔ worship Mission 1 waits through delayed false images before continuing (4.019425ms)
✔ worship Mission 1 exhausts its existing 20000 ms scope without continuing (157.24822ms)
✔ worship Mission 1 propagates failed texture acquisition without retrying (2.482047ms)
✔ repeated helper calls acquire the replacement document image (4.373466ms)
✔ only literal true permits readiness, never a truthy observation value (0.672931ms)
✔ late true is rejected after the awaited read settles, without another observation (2.929589ms)
✔ the last pause fits the deadline and no read starts after it (5.630494ms)
✔ invalid wait bounds fail before reading (0.33946ms)
✔ shaman health fill follows native integer bounds and absent/overfull cases (2.122286ms)
✔ HUD atlas metadata matches the PNG and contains every imported sprite (1.522576ms)
✔ portrait backgrounds and shadow-free directional layers match native captures (2.398551ms)
✔ tooltip bitmap placement and wrapping match the original desktop controller (39.341937ms)
✔ mana production stripes follow native rates, warning bands and controller modes (8.768305ms)
✔ live mana estimation uses the simulation clock and follows charging toggles (197.593768ms)
✔ follower counts, icon placement and housing fill match native HUD controllers (11.121238ms)
✔ population readouts exclude dead followers and reserve the shaman allowance (46.071892ms)
✔ hut birth clocks and destinations match captured original calls (2.507344ms)
✔ live newborns leave the hut and keep native birth feedback and gates (126.909199ms)
✔ hut smoke uses descriptor attachment slots, independently of resident capacity (3.799174ms)
✔ hut occupancy producer samples real occupancy every 32 building turns (0.395543ms)
✔ partial root uses the native 16-visit visible lifetime and restart draw (0.237236ms)
✔ full root is persistent and does not invent the unresolved child-puff phase (0.176715ms)
✔ all supported residential hut capacities switch partial to full at their native capacity (0.228794ms)
✔ visual frames stay on the recovered 16-frame sequences (0.169164ms)
✔ immediate occupancy events preserve capacity, phase and same-mode root identity (0.883717ms)
✔ drain elapsed old-root visits before an off-phase event without backdating the new root (0.81927ms)
✔ listeners are transient, identity-scoped and released through material disposal (0.396876ms)
✔ multiple presentation consumers unsubscribe independently without resetting each other (0.184617ms)
✔ live command8 owner publishes authoritative entry/removal for Hut level 1 (240.722395ms)
✔ live command8 owner publishes authoritative entry/removal for Hut level 2 (126.185562ms)
✔ live command8 owner publishes authoritative entry/removal for Hut level 3 (101.825137ms)
✔ ordinary Mission2 admission includes the new smoke root in that turn’s effect visit (4825.867747ms)
✔ pre-building occupancy removal receives one first visit, including counter wrap (177.313382ms)
✔ out-of-turn allocation survives pause; commands while paused remain rejected (259.328156ms)
✔ new-root completion is identity-scoped and one-shot for same-turn transitions (0.30632ms)
✔ batched turns and repeated rendering preserve the native first lifetime (233.863654ms)
✔ turn completion callbacks are clock-specific and are discarded on a failed turn (45.550679ms)
✔ hut maturity and cell timber match captured original calls (2.805683ms)
✔ residents fetch and stage timber before their hut upgrades (457.47435ms)
✔ Hypnotise uses the native footprint, temporary ownership, expiry, and AI target path (221.639071ms)
✔ Invisibility marks the native six, does not refresh, and reveals on time or combat (166.026116ms)
✔ player and computer casts share Invisibility application and old saves migrate (218.608867ms)
✔ complete Land Bridge lifetimes match native terrain, ordered trails and notifications (560.872715ms)
✔ live bridge terrain and particle cleanup are identical across refresh rates and stalls (2645.140687ms)
✔ ordinary Mission1–3 startup uses native terrain, authored gates and real conversion (522.506048ms)
✔ native opening excludes Shaman selection, without inventing a casting restriction (109.114882ms)
✔ checkpoint restore resumes every opening stage without replaying terrain/conversion (1717.883691ms)
✔ restart gets one fresh sequence; repeated flyby skip does not replay it (376.028886ms)
✔ only carrier-created stones are obstacles, while legacy sites keep their reservations (51.298678ms)
✔ opening wave, conversion and stone cues preload their existing original samples (8.817138ms)
✔ permitted opening casts enter native state22 and resume command18 without a stuck controller (1003.240034ms)
✔ fresh-load camera follows native cell-edge/center snapping and angle retention (0.897156ms)
✔ the command18 completion turn owns exactly one native person visit (250.948075ms)
✔ permitted state22 interruption and completion retain one counter increment per turn (399.050241ms)
✔ replacement player orders cancel startup before its counter write (116.309313ms)
✔ only the linked neutral startup conversion flash follows its replacement Brave (152.842898ms)
✔ a missing converted Brave does not retarget its flash or shorten the native expiry (144.898922ms)
✔ an invalidated command18 is consumed by the ordinary queue without completing the site (76.526865ms)
✔ original Lightning target gates, inclusive cap, attacker and electrocution phases (4.318144ms)
✔ live Lightning retains victims, displays native shock sprites, scatters survivors and cleans up (188.462881ms)
✔ Lightning outcomes and turn-by-turn poses are independent of rendering cadence (453.052097ms)
✔ live marching uses shared commands, original poses, separate slots and releases interruption/death/arrival ownership (437.705236ms)
✔ marching and resting preserve mechanics, footprints and sprite frames at 5–240 Hz and irregular frames (1096.206577ms)
✔ exhausted command pool preserves the previous movement and group ownership (77.300226ms)
✔ panic retains the real movement command and resumes its route after recovery (104.271399ms)
✔ obstacle recovery replans the owned group order and settles identically at 5–240 Hz (1619.832833ms)
✔ shared ground motion advances a retained route once before any state controller (59.526141ms)
✔ native432260 empty current slot returns before building live order context (22.782745ms)
✔ live worship shares an order, occupies exact slots, prays, earns gifts and releases interrupted/dead members (423.595497ms)
✔ live head rewards, displayed standing roster and group selection retain their distinct native rules (147.973912ms)
✔ worship motion, prayer frames, pose RNG and rewards are identical at 5–240 Hz and irregular frames (890.513738ms)
✔ an unreachable head preserves the existing command without entering an unported retry state (92.564083ms)
✔ Ctrl waypoints finish at a stone head without replacing the current route or person (164.249154ms)
✔ training replacements inherit a queued stone-head order and perform the original prayer (118.521885ms)
✔ queued worship preserves turns, poses, RNG and rewards at 5–240 Hz and irregular frames (998.275728ms)
✔ local launch preserves sandbox and removes all unsafe Playwright defaults (1.809888ms)
✔ CLI accepts separate game root, owned output, browser and bounded settings (0.682965ms)
✔ CLI rejects unknown flags, missing values and unbounded inputs (0.249605ms)
✔ source fingerprint catches dirty tracked and untracked byte drift with unchanged porcelain (108.760073ms)
✔ active scenario completing during timeout diagnostics cannot turn failure into pass (107.514219ms)
✔ active scenario completing during interrupt diagnostics cannot turn failure into pass (9.702642ms)
✔ ordinary native constructors restore the logical gate without adding interpolation behavior (118.229556ms)
✔ native person and Splash frames wait for logical visits while clear-bit effects keep 24 Hz (72.362913ms)
✔ each catch-up turn observes the prior frame before one post-observer logical advance (74.807994ms)
✔ ordinary owner aliases and a post-turn handoff never advance twice (171.515728ms)
✔ state0 and removed gated sources do not fall through to presentation advancement (45.416507ms)
✔ pause, land pause and speed changes preserve owned logical animation visits (23.334183ms)
✔ legacy save aliases gain the gate without resetting frames or replaying on a new Scene clock (35.954751ms)
✔ a Splash allocated after processing gets one animation visit but no invented lifetime visit (28.408492ms)
✔ morph transitions keep one presentation owner even on coincident logical boundaries (88.520867ms)
✔ Firewarrior descriptor holds are measured in eligible logical visits (36.122824ms)
✔ post-turn source replacement visits only the active record, including at turn wrap (28.875693ms)
✔ direct simulation ticks and presentation calls do not manufacture logical visits (39.722238ms)
✔ marching geometry, recruitment, cleanup, speed and poses replay complete original calls (49.380068ms)
✔ native movement completion preserves payload, seam and vehicle boundaries and four-turn cadence (3.911542ms)
✔ marching cleanup tolerates a member whose native record was already released (0.604297ms)
✔ outdoor and building encounter calls match captured original fields, timing, RNG and sound (18.930191ms)
✔ all playable encounter pairs show the opening strike, physical stagger and defender-centered fight (642.070929ms)
✔ encounters and their animations stay deterministic across render schedules (382.423708ms)
✔ the native skip-intro flag and player cancellation do not leave stuck encounters (74.230988ms)
✔ an encounter releases cleanly when an airborne participant returns to ordinary motion (48.155659ms)
✔ live fights refresh the first native player alert each object turn (96.24559ms)
✔ simulation owns quiet, attack and battle music activity across pause and cancellation (32.831813ms)
✔ native fight admission, replacement and splitting retain original slots, flags and RNG (9.199292ms)
✔ stronger reinforcements replace the first weaker ally and preserve a three-person tribe limit (151.576081ms)
✔ two-sided reinforcements split the last fighter of each tribe into a new live fight (53.696648ms)
✔ reinforced group motion and combat remain identical at every render cadence (499.823268ms)
✔ center changes preserve original membership slots for subsequent splits (60.976277ms)
✔ pursuit refresh uses the original inclusive axis threshold and signed coordinates (1.835355ms)
✔ live pursuit updates before reaching the old destination and reuses unchanged routes (398.852713ms)
✔ automatic engagement uses equal tribe ranges, whole cells and original scan cadence (50.895322ms)
✔ native inhibition and pending scans apply without giving idle shamans automatic attacks (25.466244ms)
✔ live move orders cross nearby enemies without the old distance interruption (48.966176ms)
✔ idle followers of either tribe pursue detected enemies at every render cadence (521.904094ms)
✔ group attacks hit busy opponents without restarting their action or facing (6126.97344ms)
✔ Magical Shield does not block native mode-one melee damage (59.100984ms)
✔ opportunistic reach is measured from the opponent slot with an exclusive 360-unit boundary (290.97505ms)
✔ group combat stays deterministic across render schedules and yields to player orders (273.323829ms)
✔ knockback waits for terrain physics to settle and preserves cell ownership (79.770069ms)
✔ hits during knockback survive physics and player orders do not teleport the person (41.045491ms)
✔ sliding recoil, native animation and recovery are independent of render cadence (283.069836ms)
✔ shamans and the native game flag suppress ordinary attack knockback (187.862364ms)
✔ fight sites use the native 32-turn search and retain groups when no site is available (32.108215ms)
✔ fight sites leave original building footprints even between periodic search visits (52.68006ms)
✔ sequential fight searches avoid other fight centers and release exhausted searches (0.814673ms)
✔ live groups relocate sequentially without sharing another fight center (34.980917ms)
✔ native approach reaches its slot from every direction and waits one turn to chase a moved slot (291.82505ms)
✔ approach uses native cell collision and preserves the person across attack, recoil and new orders (38.334052ms)
✔ approach, native animation and subsequent combat stay identical across frame rates (227.90596ms)
✔ native descriptor threshold chooses exact small and large corner dimensions (1.299421ms)
✔ 1x frame overlaps native corners in a 100x96 rectangle, bottom corners last (4.520872ms)
✔ 2x and partial tiles retain exact 1:1 corner/edge pixels and a transparent center (41.45544ms)
✔ frame is a separate overlay and does not change terrain, markers or click ownership (0.923056ms)
✔ minimap pixels, camera wrapping, rotated UVs and markers match native captures (90.417219ms)
✔ Mission 10 runs its first Totem deadline and second Totem Erosion sequence (14465.660816ms)
✔ Mission 11 opens with both enemy tribes and four original knowledge sites (188.646587ms)
✔ Mission 11 opponents build their first settlement and scripted BUILD_AT tower on native cadence (7053.067126ms)
✔ Mission 12 opens with all three enemy tribes and original knowledge (91.658258ms)
✔ Mission 12 starts its original turn-7 flyby once (141.258613ms)
✔ Mission 12 opponents request their first Guard Towers on native cadence (247.106705ms)
✔ Mission 12 opening remains deterministic through checkpoint migration (719.763775ms)
✔ Mission 13 opens with both enemy tribes and original knowledge (63.73719ms)
✔ Mission 13 starts its original Yellow turn-6 flyby once (97.488411ms)
✔ Mission 13 Balloon Hut knowledge is visible before construction (128.961822ms)
✔ Mission 13 Land Bridge uses native surface categories at low shore (23.208643ms)
✔ Mission 13 Balloon Hut repeatedly produces occupied airborne transport (488.517578ms)
✔ Mission 13 opening remains deterministic through checkpoint migration (388.986891ms)
✔ Mission 14 delivers both linked gifts and a castable Angel through shipped paths (553.66931ms)
✔ Mission 15 ordinary Prison attack frees the captive and cancels the timer (367.673235ms)
✔ Mission 15 timer expiry locks input and kills the captive with enemy Lightning (217.21199ms)
✔ Mission 15 expiry stays latched if the Prison falls before Lightning lands (115.565654ms)
✔ Mission 15 captive Lightning branch requires an enemy caster, not the Prison cell (70.156479ms)
✔ Mission 16 worship grants Bloodlust and live combat consumes its status (340.306779ms)
✔ old checkpoints default Bloodlust stock without disturbing their world (57.416142ms)
✔ Mission 17 grants Armageddon and stages the native arena through the live cast path (933.825471ms)
✔ Armageddon uses generic victory and defeat outcomes and restores control (1188.547246ms)
✔ Mission 18 loads its authored tribes and grants Armageddon and both Volcano rewards (2710.663916ms)
✔ Mission 18 starts its authored Red marker patrol through normal AI orders (135.946934ms)
✔ Mission 18 Armageddon restores its arena checkpoint and reaches both result directions (2409.509621ms)
✔ Mission 19 loads its authored objective and grants all three worship rewards (1012.642067ms)
✔ Mission 19 Teleport spends only accepted stock and resumes identically from a checkpoint (252.752449ms)
✔ Mission 19 warns once and gives Chumara loss priority over Dakini defeat (552.818633ms)
✔ Mission 2 naturally earns Matak kills and launches the organized raid (3039.290309ms)
✔ Mission 2 checkpoints retain kill ownership from the old red slot (85.037723ms)
✔ Mission 2 camp targeting takes the first model match without RNG (27.831784ms)
✔ Mission 2 producer matches native base, loss, capacity and resource boundary cases (379.391768ms)
✔ Mission 2 naturally establishes a new home Tower base and preserves phase3 checkpoint continuation (1050.755107ms)
✔ Mission 2 rebuilds after a real player army destroys both Towers, retaining its first construction base (8927.119766ms)
✔ Mission 2 explicitly trains replacement Warriors after natural combat despite zero producer preferences (7441.510796ms)
✔ Mission 20 loads its authored opening and four-stage linked chain (218.78007ms)
✔ Mission 20 worship consumes each head once and restores the live chain (2767.366107ms)
✔ Mission 21 loads its authored opening and first fault state (122.944854ms)
✔ Mission 21 converts worshippers and seals the first fault across a checkpoint (4043.046945ms)
✔ Mission 21 checkpoints one unsealed first-fault eruption without replay (3569.359065ms)
✔ Mission 22 opens with its solo Shaman, native heads, tribes and transport (105.125598ms)
✔ Mission 22 mode-3 head rejects an injected Brave supporting fixture (257.665955ms)
✔ Mission 22 nearby head is a one-shot presentation with no gameplay reward (373.124447ms)
✔ Mission 22 southern head delivers its delayed 600,000 mana gift after real worship (9340.346999ms)
✔ Mission 22 Shaman can steal, checkpoint and sail the authored enemy Boat (2731.231018ms)
✔ Mission 22 Shaman can claim the authored Balloon and complete the northern mana route (18107.021793ms)
✔ Mission 23 loads its authored tribes, Wildmen and worship chain (89.590288ms)
✔ Mission 23 enemy tribes grow their native settlements and populations (14332.305271ms)
✔ Mission 23 unlocks and repeats the native zero-mana gift through ordinary worship (1246.209851ms)
✔ Convert Wild allocation gates state and duplicates without cancelling existing work (1.559251ms)
✔ Convert Wild target retains density, wrap, tie, inclusive radius and list-centroid rules (0.591278ms)
✔ Convert Wild standability preserves initial target and tries only the first24 spiral positions (0.465999ms)
✔ Mission3 active type2 advances after allocation state is switched off (70.07275ms)
✔ type2 timeout clears motion before a blocked state transition and then frees the task (44.636192ms)
✔ type2 reads the active fight person even when its attack animation has no presentation source (60.343954ms)
✔ Convert Wild region lookup normalizes signed browser-native positions to unsigned words (0.226019ms)
✔ type2 casting preserves the real person flags2 readiness gate (40.057498ms)
✔ explicit flight person receives the allocation-safe return order without restarting its state (30.330284ms)
✔ explicit flight return preserves the complete world on order allocation exhaustion (33.034034ms)
✔ cast-ready flight-owned Shaman receives the type2 post-cast return on the same person (56.079312ms)
✔ type2 range reads actual signed person height rather than terrain beneath it (27.664072ms)
ℹ {"terrainHeight":146,"personHeight":896,"terrainRange":14,"personRange":24}
✔ Mission3 Chumara moves, spends its original shot and mana, then stops allocating at the population cutoff (1380.466694ms)
✔ Mission3 keeps idle follow-ups and area-summary automatic training unreachable (61.341912ms)
✔ ordinary Mission3 allocates a real pre-table response before ordinary production (244.13731ms)
✔ defense allocation preserves native caps, immediate empty-area cleanup and recycled scratch (0.58004ms)
✔ active defense suppression uses strict squared26 and wrapped cell distance (0.14695ms)
✔ native defense no-force fallback is a finite seven-visit lifecycle (0.421663ms)
✔ defense cleanup clears only matching assignment and native flag bits while preserving another lock (32.881867ms)
✔ lost early defense targets are invalidated before a different task dispatch (23.840847ms)
✔ defense Blast uses signed active-person height for native and flight-owned Shamans (126.457462ms)
✔ defense Blast reads active native, flight and non-presented fight positions in both range directions (143.177509ms)
✔ defense target collection preserves category caps, rejection rules and the omitted last spiral cell (1.487841ms)
✔ ordinary Mission3 intrusion produces a real type8 fallback, cleanup, repeat and checkpoint continuation (1158.945102ms)
✔ ordinary Temple acquisition and Preacher intrusion recruit a real Chumara defender with orders and movement (2435.396624ms)
✔ Mission 3 naturally trains a Blue Preacher, converts an authored Brave and resumes its mid-conversion checkpoint (2899.607285ms)
✔ a real movement command cancels the naturally acquired Blue sermon without converting its listener (1535.08508ms)
✔ natural Mission 3 conversion follows elapsed game time across display schedules (3134.797653ms)
✔ Mission 3 opens through original Chumara, Swarm, Temple and Erosion paths (2139.615013ms)
✔ single Preacher selector preserves native first-near/band order and strict distance boundaries (2.118159ms)
✔ single-person strict19 boundary, wrap, mode0 and invalid mode match native cases (0.303415ms)
✔ type11 waits for selection ownership and cancellation safely releases state14 and slot (66.528655ms)
✔ duplicate raw payload and failed allocator preserve native selection side effects (50.513552ms)
✔ Preacher allocator preserves native five-slot/state/signed-count boundaries (0.332339ms)
✔ 1103 replacement preserves all person/order state on allocation exhaustion (28.133719ms)
✔ natural Chumara training reaches marker3 Preacher task, checkpoint phases and movement (2241.122534ms)
✔ complete128-turn block preserves strict gates, command ordering and message lifetime (0.746491ms)
✔ 1103 retargets only active order30 in native state10/33 without restarting state (258.642875ms)
✔ cancelled blocked-state Preacher resets motion before the native state gate (48.275937ms)
✔ Mission 3 warns once when a naturally trained Chumara Preacher starts converting a Blue Brave (4810.297276ms)
✔ Mission 3 starts its original recurring-script flyby through ordinary turns (1894.800862ms)
✔ Mission 3 Chumara builds its settlement and trains its first Preacher (1536.619168ms)
✔ Mission 4 starts its original opening flyby once through ordinary turns (852.883253ms)
✔ Mission 4 teaches training and attack from its original live conditions once (73.839036ms)
✔ Mission 4 converts Wildmen, discovers the Guard Tower, and defeats the Matak (6558.154759ms)
✔ Mission 5 Angel head delivers its linked hostile summon through live worship (401.622048ms)
✔ Mission 5 checkpoint migration upgrades an explicit mode-5 legacy Angel without changing gameplay state (53.916196ms)
✔ Mission 5 checkpoint migration recovers an absent authored mode before upgrading the Angel model (44.8138ms)
✔ Mission 5 checkpoint migration adds only the previously omitted Angel head (76.880522ms)
✔ Mission 5 imports its linked Boat template from the verified native coordinates (1.627615ms)
✔ Mission 5 runs its imported opening flyby once through ordinary turns (1417.818149ms)
✔ Mission 5 launches its original ordinary raid when the player reaches the Angel head (416.048476ms)
✔ Mission 5 launches its surviving Dakini at the player Shaman (153.278252ms)
✔ Mission 5 staffs its original Dakini tower with a Preacher (192.879096ms)
✔ Mission 6 keeps both original opponents distinct through outcome and checkpoints (509.562501ms)
✔ Mission 6 credits each opponent attack task independently (89.453392ms)
✔ Mission 6 low-population survivors counterattack the player Shaman (232.713216ms)
✔ Mission 6 Chumara trains Preachers and launches its first mixed raid (16860.863604ms)
✔ Mission 6 opponents expand and Matak launches its first Warrior raid (17543.745667ms)
✔ Mission 6 ATTACK snapshots the native three-spell payload and keeps old tasks compatible (0.505669ms)
✔ type-20 sixth ATTACK quota selects exactly the tribe Shaman outside the generic selector (0.423315ms)
✔ Mission 6 first Matak ATTACK retains source-derived Land Bridge, Lightning, Blast order (15914.962444ms)
✔ Mission 6 phase-6 task Shaman uses native payment, eligibility, usage and range gates (210.793892ms)
✔ Mission 6 phase-6 task spell uses task target outside Shaman states 25/29 (103.643516ms)
✔ Mission 7 converts Wildmen and grants Invisibility through its original head (902.622804ms)
✔ Mission8 natural acceptance starts from the shipped seven-person Blue and eleven-person Red roster (78.959405ms)
✔ Mission8 attack staging is a land order for the original party, not a transport or worship prerequisite (71.521446ms)
✔ shared ground → training → destination queues retain identities until conversion and inherit the original tail (705.912617ms)
✔ shared ground → construction → destination queues retain identity and resume after the crew leaves (227.315298ms)
✔ cancelled, invalid, removed and dead queued builders release command-6 ownership exactly once (625.081471ms)
✔ a waypoint added while trainees are inside preserves occupancy; ordinary hut admission consumes the complete queue (479.830391ms)
✔ unavailable or cancelled buildings advance to the next order; replacement and death release shared references (468.529647ms)
✔ mixed movement, training, inherited orders, RNG and footprints match from 5 to 240 Hz and irregular frames (887.622754ms)
✔ building order preparation matches complete original CPU calls (0.874844ms)
✔ reinforcements and new encounters retain the same person and resume ground, building and worship orders (1097.79909ms)
✔ replacing or killing a reinforcement releases every retained command reference (135.670153ms)
✔ a displaced fighter retains its queue and a split keeps both followers’ original records (222.392227ms)
✔ combat interruption and resumed orders preserve simulation and poses across render rates (849.466395ms)
✔ combat removes a waiting trainee from its physical line while retaining its training order (132.008085ms)
✔ native model wave uses half, quarter, eighth strength then resets (10.058026ms)
✔ live waves retain first-hit deformation on resource scenery (114.567172ms)
✔ move input eligibility matches native category, strict-land and quarter-mask captures (4.210964ms)
✔ blocked move clicks preserve the whole selected group, shared orders, markers and RNG (95.598304ms)
✔ Markdown sections retain ancestry, repetitions, CRLF boundaries, and ignore fenced headings (2.186344ms)
✔ manifest validation accepts reviewed data and rejects duplicate IDs, missing paths, invalid parity references, and unsafe paths (49.316566ms)
✔ index is deterministic, clean without a cache, ignored when written, and regenerates after source changes (68.058904ms)
✔ index and context reject an indexed source symlink that escapes the repository (47.393718ms)
✔ repository validation requires one current top-level execution-order heading (32.712309ms)
✔ context returns bounded provenance, limitations, checks, and visible source truncation (69.092316ms)
✔ context output saves current JSON and rejects silent option mistakes (145.948778ms)
✔ preparation is independent of retired local status state (59.365839ms)
✔ native research packets grant only a contract-allowed ignored scratch directory (101.458435ms)
✔ role context carries a validated bounded assignment and explicit overflow (211.38303ms)
✔ reviewer context fingerprints the actual dirty, renamed, deleted, and untracked inputs (77.526734ms)
✔ real mapped evidence excerpts retain their material performance boundaries (3025.706223ms)
✔ Shaman appearance context keeps its complete checks and evidence within the default budget (892.08202ms)
✔ Followers task context retains complete checks without bloating selection context (484.646191ms)
✔ plan handles cross-cutting edits, renames, deletions, untracked and unsafe inputs without executing checks (95.181393ms)
✔ audit distinguishes baseline edits and reports out-of-scope, generated, input, untracked, and stale verification changes (123.29208ms)
✔ audit reports a pre-existing baseline change that disappears (198.570238ms)
✔ audit requires exactly one result for every required check (87.808625ms)
✔ blocked verification cannot masquerade as passing and passed results require evidence (89.513504ms)
✔ game server rejects an invalid isolated port (0.490766ms)
✔ preparation captures real baseline and hashes, validates intent, and refuses overwrite (196.95302ms)
✔ verification persists completed checks across interruption and replaces old passes at startup (144.554626ms)
✔ verification replaces a required receipt invalidated by a changed check definition (83.370171ms)
✔ reviewed aggregate coverage executes once, fingerprints covered inputs, and fails closed on script drift (381.976646ms)
✔ orchestration-tests receipts become stale when worker configuration changes (191.854841ms)
✔ repository-check receipts become stale when worker configuration changes (250.098412ms)
✔ verification runs only safe contract checks, records blocking, and detects mutations (610.539084ms)
✔ ephemeral default stays opt-in; persistent launch keeps sandbox and explicit data-dir (2.444581ms)
✔ unknown personal, noncanonical, existing unmarked and symlink directories fail before adoption (24.242649ms)
✔ symlink ancestor and evidence overlap are rejected (10.832504ms)
✔ an output symlink cannot alias profile data before preflight creates logs (21.461242ms)
✔ exclusive live and unknown locks are never recovered, and failed cleanup keeps ownership (23.220614ms)
✔ normal terminal cleanup retains checkpoint identity across a new exclusive run (17.113712ms)
✔ source/runtime/origin drift cannot silently adopt a game save (26.50684ms)
✔ symlinked source bytes and external or ignored scenarios cannot bypass input binding (15.834141ms)
✔ checker-only correspondence must bind prior run and both exact source identities (21.931938ms)
✔ unverified source and changed terminal ownership remain blocked (14.094698ms)
✔ lease refuses a replaced lock and leaves that owner untouched (14.808935ms)
✔ leftover Chromium ownership and replaced data directory block reuse (43.551042ms)
✔ committed readback is readonly, awaits completion, and hashes typed arrays/Map/Set contents (109.436232ms)
THREE.InterleavedBufferAttribute.clone(): Cloning an interleaved buffer attribute will de-interleave buffer data.
✔ painter centers retain precision and follow position replacement and updates (4.234399ms)
✔ construction caps replace face modes and hidden picking faces emit no material (1.308656ms)
✔ cell render order matches native mixed passes and retained arrival order (60.180212ms)
✔ cell traversal preserves live ordering when a stale chain entry is encountered (0.471227ms)
✔ mixed polygon buckets, reverse insertion ties and raster depths match native captures (11.427943ms)
✔ completed models reject native rear faces and shared side/bottom outcodes (0.398137ms)
THREE.InterleavedBufferAttribute.clone(): Cloning an interleaved buffer attribute will de-interleave buffer data.
✔ shared painter vertices follow attribute edits, splits and replacement (3.317993ms)
✔ native grid mapping matches exact XYZ mapping and rejects split heights or irregular coordinates (0.421022ms)
Unrecorded ledger change: run parity:record with a note
✔ parity credits verified scope only and rejects misleading or untraceable assessments (49.939932ms)
✔ report-only rendering refuses unrecorded parity progress (156.125252ms)
✔ verified requirements advance a fixed checkpoint share without hiding unknown scope (20.526658ms)
✔ assessments expose small gains and regressions without crediting scope revisions (42.691457ms)
✔ browser supervisor verifies cleanup after a missing checker dependency (345.814691ms)
✔ browser supervisor does not start the checker while the server port refuses connections (1165.961056ms)
✔ browser supervisor verifies cleanup after a checker exception (305.655623ms)
✔ browser supervisor classifies server spawn failure and verifies empty cleanup (6.246699ms)
✔ browser supervisor stops the checker when the ready server exits (725.054556ms)
✔ browser supervisor SIGTERM includes a detached checker descendant (930.287025ms)
✔ concurrent submitters and controllers preserve FIFO without overlap (1673.073215ms)
✔ failed and timed-out jobs release before automatic next job (1736.505742ms)
✔ cancel running and queued jobs without running queued command (1230.974167ms)
✔ missing cleanup blocks handoff, recovery requires a fresh matching receipt (1217.157924ms)
✔ live detached child prevents next test and is never killed by the queue (1066.403328ms)
✔ controller crash retains lock; recovery refuses live owner or job (1439.806431ms)
✔ foreign or missing execution scope cannot prove a controller stopped or authorize recovery (719.185449ms)
✔ legacy active jobs remain unknown even with no controller lock (736.448785ms)
✔ paused submissions start no transient controller before recovery (783.109177ms)
✔ source drift and busy ports block commands without touching existing server (600.132923ms)
✔ all linked worktrees resolve the same queue; invalid specs never launch (403.642253ms)
✔ submission preserves PATH under an ESM temp parent and returns one compact result (1509.229363ms)
✔ concurrent identical retries share one unfinished job; completed work can run again (1502.687167ms)
✔ run exposes a recovery ID before caller interruption; retry keeps the running job (942.40957ms)
✔ person panels preserve native command traversal, health and original draw submissions (3.858335ms)
✔ person-panel lifetime matches native refresh and remains independent of render rate (1.206051ms)
✔ order focus matches native targets and follows the displayed queue record (0.479921ms)
✔ destination marker preserves native attachment, frames and lifetime at every render rate (399.314182ms)
✔ panic and personal fire trails retain original timer, sound, anchor and allocation decisions (11.039174ms)
✔ burning huts eject running followers with distinct panic and trail lifetimes in all orientations (508.182842ms)
✔ panic motion, animation and fire trails are independent of presentation frame rate (241.332916ms)
✔ native building flames traverse matching cells in order, including repeated sockets and failed allocations (22.344617ms)
✔ live flame-cell adapter preserves protected followers, immunity, tribe and hidden occupants (28.815933ms)
✔ real Lightning ignition reaches nearby surviving followers before occupant evacuation (33.327987ms)
✔ ordinary clicks replace only new selections; Ctrl toggles and blocked clicks preserve the group (2.261395ms)
✔ selection never creates a simulation owner or interrupts existing group orders (161.789042ms)
✔ all native single/group selection voices and pointer acknowledgements are ready before audio activation (8.753512ms)
✔ worship placement preserves native two-pass search, occupancy, route order and failure flags (14.862594ms)
✔ worship command preserves native approach, prayer, retry and presentation RNG decisions (20.251655ms)
✔ ordinary stone-head visits expire the standing-slot cursor at the native byte timer (1.868315ms)
✔ construction-plan entrances, approach and timed attack sequences match native execution (15.67215ms)
✔ player append matches native shared references, cursor wrap, full queues, eligibility and pool exhaustion (17.926484ms)
✔ ground, building and forced-final worship modifiers and eighth-order deselection match complete native player packets (0.735344ms)
✔ replacement preserves prior orders when the shared pool is full (0.534783ms)
✔ sprite pointer brackets match native palette, two/four-layer geometry and unsigned animation wrap (4.085894ms)
✔ native conversion delay uses the recovered 200/3 timing basis (1.577529ms)
✔ a full order pool does not stop a moving Preacher without attaching its sermon (68.402496ms)
✔ inside command 31 binds its building and uses the native five-cell sermon radius (59.754413ms)
✔ conversion moves a newborn outside a building footprint before centering it (50.557164ms)
✔ sermon poses preserve native multi-turn RNG timing (33.118713ms)
✔ an idle preacher sermons, converts by replacement, and releases listeners on a new order (312.587244ms)
✔ preacher conversion is independent of display refresh rate (372.416178ms)
✔ queued command 31 rewrites to friendly building entry or ground movement (45.749815ms)
✔ live active preaching reaches emergency Blast priority (110.780147ms)
✔ live active preaching reaches emergency Swarm fallback (46.521123ms)
✔ live active preaching reaches emergency Lightning fallback (37.047546ms)
✔ emergency preaching response excludes no active assignment (44.734381ms)
✔ emergency preaching response excludes no live person record (43.306016ms)
✔ emergency preaching response excludes same tribe (27.276244ms)
✔ emergency preaching response excludes allied tribe (27.537426ms)
✔ emergency preaching response excludes invisible preacher (48.268155ms)
✔ emergency preaching response excludes caster cooldown (29.127313ms)
✔ emergency preaching response excludes no ready spell entry (27.725348ms)
✔ emergency preaching response excludes paused target scan (25.025215ms)
✔ emergency preaching response excludes no spell payment (25.431169ms)
✔ emergency preaching response excludes stored Lightning below its mana cost (25.418586ms)
✔ the independent enemy-Shaman response still spends stored Lightning without mana (26.891737ms)
✔ failed allocation consumes the sole producer opportunity before a later spawn (72.351556ms)
✔ busy rejection consumes allocation identity but preserves the active wave and saved site (39.049396ms)
✔ site height follows native ground-then-quantize arithmetic (145.088361ms)
✔ mode2 uses native eligibility, panic, descriptor damage and RNG without Swarm filters (554.502113ms)
✔ protected transitions retain repeated native cell hits and consume no panic RNG (35.057785ms)
✔ a wave removes an older in-cell Swamp before it can process in the same turn (42.647558ms)
✔ mode2 cleanup keeps an outside Swamp and the next enemy receives panic (35.749193ms)
✔ ordinary death produces a next-turn wave that outlives successful respawn (312.652799ms)
✔ checkpoints preserve mode2 identity, sites, orbits, terrain and RNG without replay (339.974702ms)
✔ mode2 interrupts the real encounter owner while retaining its person and order queue (42.59586ms)
✔ ordinary Boat and Balloon boarding retain seats and deselect passengers under mode2 panic (144.750193ms)
✔ panic transfers a live building-entry queue and resumes it after expiry (94.706193ms)
✔ ordinary groups settle into native rings, compact on departure and retain status through new orders (938.204849ms)
✔ group resting positions, facing, gestures and footprints agree at 5–240 Hz and irregular frames (623.949106ms)
✔ exhausted resting search waits and retries its original anchor through state 10 (56.450732ms)
✔ route probes preserve native building, coast and vehicle endpoint correction (17.844811ms)
✔ failed-route initialization and retries match native fields, timing and ordered consumers (7.065839ms)
✔ disconnected groups stop, retain shared attack/waypoint orders, retry and resume after land connects (282.044835ms)
✔ route-failure notice keeps the original text and retriggers without tutorial history (60.885049ms)
✔ new orders and death release blocked commands; shaman failures use their own original voice (186.983576ms)
✔ blocked groups retry on simulation counters, with identical recovery and combat at 5–240 Hz (858.366135ms)
✔ blocked building-entry owners resume the same person and finish ordinary admission (74.925648ms)
✔ real command8 full occupancy emits an original-frame child without scene-owned RNG (740.506833ms)
✔ equal elapsed turns preserve secondary state across frame schedules with no bolt draws (274.747207ms)
✔ legacy missing-history roots bootstrap on first render without inventing past visits (106.666383ms)
✔ full roots copy the allocation byte and defer newly prepended children (1.90503ms)
✔ all byte phases and low-five-bit outcomes use the proved root gate (85.111142ms)
✔ actual UI reservations participate in inclusive gates after the root RNG draw (0.501993ms)
✔ marker expiry and child allocation share the same newest-first traversal (0.323736ms)
✔ children keep their own sixteen visits after the root is removed (0.911018ms)
✔ native free-list reuse and checkpoint reconstruction preserve physical slot ownership (3.177289ms)
✔ panel and preview reservations are derived from live adapter owners (1.216416ms)
✔ legacy marker overflow cannot leave ownerless immortal effects after restore (1.127713ms)
✔ browser capture retains the same live puff across ordinary Pause latency (2.239432ms)
✔ selection terrain mesh matches the executable with documented seven-point fan repairs (763.396835ms)
✔ selection fill/edges/corners retain native visibility, depth, UV and shared-corner ownership (34.000286ms)
✔ Shaman import preserves every prior frame, piece and animation entry (19.272008ms)
✔ actual tribe selects every native Shaman source and eight original directions (1.874744ms)
✔ Shaman idle artwork uses all four distinct original body pieces (0.167691ms)
✔ reincarnation distinguishes tribe bodies from shared spirit sources and layer owners (0.229895ms)
✔ shipped live and effect renderers consume the Shaman selector without changing generic mechanics (0.512249ms)
✔ all 3276 previous occupied sprite rectangles retain their reviewed RGBA (115.579336ms)
✔ real Mission 23 Shaman identity and death heading survive checkpoint reconstruction (662.272516ms)
✔ first and second actual presentation visits display 0 then 1, not 1 then 2 (859.348674ms)
✔ normal processed phases reset, loop independently of simulation, then freeze and hide (259.894246ms)
✔ new checkpoints retain shown/next frames; legacy checkpoints start at a bounded deterministic frame (144.388937ms)
✔ pause and native land-pause freeze the latch as well as the counter (13.170919ms)
✔ render schedules and effect-only animation cannot change gameplay, either RNG or respawn (4161.097651ms)
✔ ordinary combat death finishes existing wait and respawn without a duplicate effect (240.264045ms)
✔ ordinary Shaman phase1 follows both rising and lowering death-site ground (728.300592ms)
✔ the last processed phase1 sample survives checkpoint, transition and rise (182.17765ms)
✔ phase0 retains the death height until the first processed phase1 visit (16.788782ms)
✔ a direct drowning-entry fixture rises from its initial height without phase1 resampling (8.547149ms)
✔ model-12 rise freezes the last original spirit frame for all tribes and bearings (2.164169ms)
✔ death-site visibility follows the existing land and drowning lifecycles without changing them (75.81916ms)
✔ earlier body/transition poses retain their existing renderer behavior (0.504397ms)
✔ the live caller applies the bounded presentation only to model-12 reincarnation effects (0.885469ms)
✔ G queues one shared native guard and repeat replaces it without early preparation (352.6048ms)
✔ G empty selection cancels adopted guards through the next native visit (193.228091ms)
✔ G Shaman-only selection cancels adopted guards through the next native visit (103.645242ms)
✔ native G retains the ordinary move owner and route until its deferred turn (107.561101ms)
✔ same-turn move replacement discards G before the legacy resting initializer (115.682684ms)
✔ same-turn attack replacement discards G before the legacy resting initializer (91.691646ms)
✔ same-turn worship replacement discards G before the legacy resting initializer (126.310849ms)
✔ same-turn entry replacement discards G before the legacy resting initializer (96.682699ms)
✔ pending G replacement survives pause and checkpoint (106.392827ms)
✔ pending G cancellation survives pause and checkpoint (153.825796ms)
✔ G exhaustion still clears and attaches slot zero then retries after cleanup frees a slot (113.926437ms)
✔ target entering a vehicle with inside still null completes the saved guard order (181.033083ms)
✔ ordinary Shaman Tower entry retains Guard and resolves its building outside point (146.378117ms)
✔ actual deferred G setters match native phase vector G-retain-deselect-1-3 (124.672689ms)
✔ actual deferred G setters match native phase vector G-retain-deselect-7-5 (82.987178ms)
✔ actual deferred G setters match native phase vector G-retain-deselect-0-2 (78.416185ms)
✔ protected preparation and passenger early-return retain pending ownership until actual adoption (86.724138ms)
✔ protected cancelled state10 retains ownership until its empty-queue transition really occurs (118.252922ms)
✔ death anchors to the saved Shaman in another cell before cleanup (119.22409ms)
✔ class0 anchors to the saved Shaman in another cell before cleanup (116.34639ms)
✔ vehicle anchors to the saved Shaman in another cell before cleanup (98.539997ms)
✔ cancel anchors to the saved Shaman in another cell before cleanup (106.397664ms)
✔ saved Shaman identity does not retarget when the current Shaman is replaced (88.788347ms)
✔ legacy boolean checkpoints retain their old targetless history until supported fresh input (128.8973ms)
✔ flight single selection retains the entire legacy G operation (100.381885ms)
✔ flight mixed selection retains the entire legacy G operation (105.168019ms)
✔ fight single selection retains the entire legacy G operation (81.525106ms)
✔ fight mixed selection retains the entire legacy G operation (85.635026ms)
✔ entry single selection retains the entire legacy G operation (71.510602ms)
✔ entry mixed selection retains the entire legacy G operation (105.536472ms)
✔ builder single selection retains the entire legacy G operation (153.285304ms)
✔ builder mixed selection retains the entire legacy G operation (71.538905ms)
✔ passenger single selection retains the entire legacy G operation (66.155634ms)
✔ passenger mixed selection retains the entire legacy G operation (65.427911ms)
✔ work single selection retains the entire legacy G operation (84.633172ms)
✔ work mixed selection retains the entire legacy G operation (113.103722ms)
✔ gather single selection retains the entire legacy G operation (74.325418ms)
✔ gather mixed selection retains the entire legacy G operation (74.761824ms)
✔ delivery single selection retains the entire legacy G operation (79.987538ms)
✔ delivery mixed selection retains the entire legacy G operation (99.435042ms)
✔ casting single selection retains the entire legacy G operation (135.600034ms)
✔ casting mixed selection retains the entire legacy G operation (126.775396ms)
✔ legacy single selection retains the entire legacy G operation (82.655894ms)
✔ legacy mixed selection retains the entire legacy G operation (95.295359ms)
✔ legacy path single selection retains the entire legacy G operation (105.769542ms)
✔ legacy path mixed selection retains the entire legacy G operation (81.67418ms)
✔ different route owner single selection retains the entire legacy G operation (96.809581ms)
✔ different route owner mixed selection retains the entire legacy G operation (76.939201ms)
✔ native Brave guards do not fall into legacy automatic housing while near the Shaman (96.100858ms)
✔ G replacement/cancellation have identical turn ownership at ordinary and irregular refresh schedules (106.1747ms)
✔ native G producer: shared-two-followers-repeat-and-partial-replacement / G allocates one shared command30 (15.072277ms)
✔ native G producer: shared-two-followers-repeat-and-partial-replacement / G repeats while both selected (2.965011ms)
✔ native G producer: shared-two-followers-repeat-and-partial-replacement / G replaces only selected first follower (9.299431ms)
✔ native G producer: shared-order-no-follower-selection-cancellation / G creates (1.628394ms)
✔ native G producer: shared-order-no-follower-selection-cancellation / Shaman-only G cancels both adopted guards (1.932511ms)
✔ native G producer: queued-not-adopted-no-selection / G queues (1.068423ms)
✔ native G producer: queued-not-adopted-no-selection / G without non-Shaman selection before adoption (0.888744ms)
✔ native G producer: exhausted-pool-no-old-order / G allocation fails separately for both followers (3.518302ms)
✔ native G producer: exhausted-pool-clear-frees-slot-for-later-person / first failure clears old1, later retry succeeds and third shares (1.78565ms)
✔ native G producer: last-free-slot-wrap-is-shared / G uses last free slot once (1.57861ms)
✔ native G producer: producer-selected-dead-flag / raw selected non-Shaman-pointer still receives command30 (1.354643ms)
✔ native G producer: producer-selected-protected / raw selected non-Shaman-pointer still receives command30 (1.323497ms)
✔ native G producer: producer-selected-airborne / raw selected non-Shaman-pointer still receives command30 (1.706692ms)
✔ native G producer: producer-selected-ghost / raw selected non-Shaman-pointer still receives command30 (1.302365ms)
✔ native G producer: producer-selected-removed-class / raw selected non-Shaman-pointer still receives command30 (1.417768ms)
✔ native G producer: producer-selected-other-model7 / raw selected non-Shaman-pointer still receives command30 (1.324368ms)
✔ native G producer: producer-selected-training-state21 / raw selected non-Shaman-pointer still receives command30 (2.126492ms)
✔ native G producer: vehicle-passenger-selection-retain1 / G selected passengers (0.702384ms)
✔ native G producer: absent-current-shaman-does-not-issue-or-cancel / no Shaman pointer with selected followers (0.626921ms)
✔ native G producer: absent-current-shaman-does-not-issue-or-cancel / restore Shaman and issue (0.6999ms)
✔ native G producer: absent-current-shaman-does-not-issue-or-cancel / no Shaman pointer with existing guards (0.79247ms)
✔ native G producer: stale-shaman-pointer-dead / producer still emits target73 (0.660712ms)
✔ native G producer: stale-shaman-pointer-class0 / producer still emits target73 (0.632109ms)
✔ native G producer: stale-shaman-pointer-vehicle / producer still emits target73 (0.617307ms)
✔ native G producer: saved-target-is-not-rebound-by-tribe-shaman-replacement / G targets original73 (0.700782ms)
✔ native G producer: saved-target-is-not-rebound-by-tribe-shaman-replacement / new explicit G targets replacement74 (0.762245ms)
✔ native Guard distance: near-axis0-delta-824 (0.380281ms)
✔ native Guard distance: near-axis0-delta-823 (0.085849ms)
✔ native Guard distance: near-axis0-delta823 (0.068433ms)
✔ native Guard distance: near-axis0-delta824 (0.120351ms)
✔ native Guard distance: near-axis1-delta-824 (0.072509ms)
✔ native Guard distance: near-axis1-delta-823 (0.075613ms)
✔ native Guard distance: near-axis1-delta823 (0.101773ms)
✔ native Guard distance: near-axis1-delta824 (0.061553ms)
✔ native Guard distance: signed-edge-person32767-target32768 (0.087171ms)
✔ native Guard distance: signed-edge-person32768-target32767 (0.076605ms)
✔ native Guard distance: signed-edge-person0-target32768 (0.058769ms)
✔ native Guard distance: signed-edge-person32768-target0 (0.050285ms)
✔ native Guard distance: signed-edge-person65535-target0 (0.04666ms)
✔ native Guard distance: signed-edge-person0-target65535 (0.057857ms)
✔ native Guard distance: signed-edge-person32768-target33591 (0.042294ms)
✔ native Guard distance: signed-edge-person32768-target33592 (0.085959ms)
✔ native Guard distance: signed-edge-person32768-target31945 (0.072589ms)
✔ native Guard distance: signed-edge-person32768-target31944 (0.069164ms)
✔ native Guard distance: replan-axis0-delta-440 (0.081633ms)
✔ native Guard distance: replan-axis0-delta-439 (0.049594ms)
✔ native Guard distance: replan-axis0-delta439 (0.044777ms)
✔ native Guard distance: replan-axis0-delta440 (0.08013ms)
✔ native Guard distance: replan-axis1-delta-440 (0.056905ms)
✔ native Guard distance: replan-axis1-delta-439 (0.049545ms)
✔ native Guard distance: replan-axis1-delta439 (0.042985ms)
✔ native Guard distance: replan-axis1-delta440 (0.048252ms)
✔ native Guard distance: replan-signed-edge-goal32767-target32768 (0.05988ms)
✔ native Guard distance: replan-signed-edge-goal32768-target32767 (0.092879ms)
✔ Magical Shield protects six nearby followers for the native lifetime (120.4366ms)
✔ old checkpoints default new Shield stock without disturbing their world (47.000958ms)
✔ normal early mission data selects each original backdrop and both cloud layers (1.423667ms)
✔ same-bank Mission 10 uses the same p sky set without mission-number overrides (0.123315ms)
✔ previous bank d and g sky modes and unhandled banks remain unchanged (0.130205ms)
✔ early mission sky PNGs preserve exact original bytes (2.338321ms)
✔ camera horizons preserve original sky dispatch coordinates and fade (4.220406ms)
✔ continuous sky retains native wind rates and is invariant to segment subdivision (20.227165ms)
✔ spell button artwork, positions and charging fills match native draws (6.018765ms)
✔ all six original Shield/Bloodlust descriptor frames have real atlas rectangles (1.302846ms)
✔ ready, inactive, hover and selected states use the original descriptors, not Unicode or guessed frames (0.485829ms)
✔ authored Mission16 already exposes both sprites without forced availability or stock (107.41376ms)
✔ the original undiscovered spell question mark follows the accepted six-frame append (0.205438ms)
✔ all shipped spell descriptor icons remain available after the append (0.237216ms)
✔ HudSprite no longer substitutes a text glyph and still rejects unknown resources (0.438568ms)
✔ fresh and later missions use the native owned/reward-source/cast-permission precedence (192.967469ms)
✔ restart and checkpoint restore reproduce fresh Mission 1 HUD visibility (114.053513ms)
✔ owned stock wins over the mission-load discovery mask (23.845977ms)
✔ undiscovered art is the native HFX1056 branch and visible-disabled keeps normal art (0.390356ms)
✔ unit atlas retains reviewed tribe/state/direction layers when new models append (9.295144ms)
✔ brave carry animations retain the baked timber body layer (0.267712ms)
✔ base149 retains 51 original faces and existing atlas coverage without key model slots (2.758592ms)
✔ authored default149 roots and linked Mission10 Totem select the base mesh (266.170963ms)
✔ spell45, Obelisk8, Angel157 and Vault154 remain outside static149 (81.9342ms)
✔ source qualification rejects ambiguous identity, reward flags, missing links and scenery (31.146657ms)
✔ old null/absent presentation and new checkpoints derive149 without mutating saved state (79.838664ms)
✔ static presentation never replaces a different model or an active morph family (32.691397ms)
✔ only reward-derived model45 sources are initialized; unrelated head families and Vault remain separate (108.878079ms)
✔ enabled idle cycles18native animation visits without followers; hold/refill retain the original counter rules (0.480021ms)
✔ raw keypoints use base45indices/scale rather than endpoint face layout; all18cached outputs are distinct (6.419177ms)
✔ presentation pauses with world and native land pause without touching simulation or RNG (44.301266ms)
✔ normal authored worship earns Bridge stock while presentation leaves the entire gameplay state unchanged (166.497707ms)
✔ exhausted trigger does not remove its independent enabled decorative model45 animation (59.763898ms)
✔ mid-animation new checkpoint keeps phase and old optional-field checkpoint restores safely without rewards (54.264072ms)
✔ multiple heads keep separate state while30/60/120/144Hz and irregular schedules share one animation timeline (437.451951ms)
✔ shipped scene updates ordinary head positions byphase and leaves Vault on the existing path (1.467754ms)
✔ disable and refill within one presentation interval reset once without advancing the clock (0.376686ms)
✔ authored45 constructors retain the original logical animation gate (61.108757ms)
✔ ordinary body frames wait for logical turns without changing the24Hz presentation clock (63.055659ms)
✔ each catch-up controller and observer sees the prior body frame before one logical advance (43.433012ms)
✔ mode4 transition remains exclusively presentation-owned despite the gate bit (39.420418ms)
✔ lazy, post-turn allocated and removed bodies obey the completed-turn boundary (85.934796ms)
✔ legacy body checkpoints gain only the gate and a new Scene clock does not replay a turn (38.589601ms)
✔ disable and refill notifications retain raw phase then reset before their owned visit (30.952996ms)
✔ trigger exhaustion, pause, land pause and turn wrap preserve the separate decorative owner (24.006278ms)
✔ heading comes from the decorative scenery word, never trigger settings or model selection (1.992301ms)
✔ all16bits reach the angle-table mask and a missing producer is not treated as north (0.325659ms)
✔ linking uses the native512-unit cell, first scenery match and toroidal coordinate identity (0.17382ms)
✔ existing negative-Y scene rotation agrees with native heading basis; no camera or global offset is required (1.310247ms)
✔ Vault and unknown scenery keep their original angle; orientation lookup does not mutate saved gameplay (80.627889ms)
✔ both ordinary scene orientation consumers use the same helper; no other angle consumer changes (0.557648ms)
✔ real authored zero and high-byte headings survive the producer while saved trigger fields stay unchanged (151.166242ms)
✔ Swamp scans its native 3x3 footprint and honors victim and terrain gates (2.29185ms)
✔ Swamp uses one RNG draw, scans every fourth visit, and expires at ten kills (0.509464ms)
✔ the thirtieth same-tribe Swamp discards the oldest remaining controller (0.263906ms)
✔ live Swamp casting kills through the ordinary corpse path independently of refresh rate (257.749465ms)
✔ Swarm uses the supplied standalone original insect texture (1.663577ms)
✔ Swarm creation and first controller visit preserve original gameplay RNG and child fields (1.895305ms)
✔ Swarm first live visit allocates children before wandering begins on the second visit (85.495341ms)
✔ Swarm final fifteen controller visits progressively remove children before expiry (0.724348ms)
✔ Swarm reveals disguised Spies on panic and panic-protected non-removal paths (138.859577ms)
✔ confirmed invented generic and Angel success strings are not emitted (263.095109ms)
✔ Swarm follows player and computer cast paths with native insects, victim cadence, and lifetime (149.55367ms)
✔ Mission 2 naturally funds the Matak Shaman and casts Swarm through player orders (2386.472926ms)
✔ terrain ambience matches complete native ground queues, including empty views and depth ties (11.973384ms)
✔ tree ambience camera offset and wrapped radius match complete native cell visits (5.800628ms)
✔ local lights match complete native allocation, movement and cleanup captures (104.620914ms)
✔ Blast owns immediate terrain light until its ninth turn, preserving occupancy and pause (98.152413ms)
✔ native height notifications retain object order, duplicate visits and touching building flags (6.911837ms)
✔ terrain edits notify nearby plans, revalidate original slope rules and release an invalid plan (105.572201ms)
✔ a large terrain edit indexes live people once while retaining dirty notifications (134.310826ms)
✔ terrain dirtiness resets live steering without replacing its route (74.988467ms)
✔ terrain texture endpoints match original Direct3D triangle submissions (4.414808ms)
✔ model atlas UVs match native texel centers and retain fractional/outside coordinates (1.2192ms)
✔ terrain submission covers the native cell gate across headings and seams (271.874646ms)
✔ terrain copies omit only tiles with no native-visible cell, including seams and expanded bounds (170.782039ms)
✔ timber search matches native cell order, fog, protected stock and two-pass queries (62.162793ms)
✔ shared timber caches match native allocation, expansion, routing, ownership and expiry (87.954984ms)
✔ an exhausted indexed-search pool postpones expansion without corrupting the cache (0.736566ms)
✔ terrain changes recheck nearby timber routes and live Land Bridge reaches the cache (617.749614ms)
✔ live timber cost probes report routes and foreign territory without taking route ownership (81.380093ms)
✔ harvest clocks, transfer, scale and animation match original executable captures (0.909075ms)
✔ delivery waits, timber and construction stages match complete native calls (6.351526ms)
✔ Tornado replays native initialization, lifetime, carry and throw (3.413004ms)
✔ Tornado uses the native building protection and one-draw damage gate (0.55943ms)
✔ live Tornado casts, captures and throws independently of refresh rate (393.680988ms)
✔ tower admission uses rotated tribe sockets, ground membership and original one-shot occupant pose (2808.908894ms)
✔ a tower admits one follower and movement orders preserve elevation until physics resumes (89.257994ms)
✔ tower entry and held animation are deterministic at 5–240 Hz (435.681503ms)
✔ destroying an occupied tower releases its native record and display height (76.308118ms)
✔ a tower Firewarrior autonomously attacks an eligible hostile on the tower cadence (71.744618ms)
✔ tower preachers hand occupancy to command 31 and cleanly leave or die (199.479391ms)
✔ tower panel matches every original one-slot draw trace (4.934056ms)
✔ tower panel selection preserves occupancy; ordinary orders leave without teleporting (394.167615ms)
✔ tower dismantling releases its occupant and only braves perform the work (403.588297ms)
✔ training exit orders match original coastal correction and building precedence (6.546087ms)
✔ training admits five visible residents and places overflow on native rotated queue sockets (519.755649ms)
✔ queue cancellation retains successors and occupant departure reuses the first empty slot (98.866114ms)
✔ checkpoint reload preserves a full training hut and its waiting queue without loss (129.015035ms)
✔ funded training replaces a complete batch, releases references and walks warriors out (215.98178ms)
✔ a funded Temple trains a native model-4 preacher and sends it outside (127.671699ms)
✔ a funded Spy Training Hut trains an original model-5 Spy and sends it outside (213.293634ms)
✔ queue movement, admission, conversion and shared references are independent of render rate (821.785705ms)
✔ already-trained warriors accept training orders and yield queue priority to new braves (85.968011ms)
✔ training append preserves all70 pre-existing original models, including vehicles (12.898935ms)
✔ all original training types and owners resolve to actual meshes, not Blue substitutes (1.481494ms)
✔ the five recovered training variants retain original geometry, color tiles and all stages (5.823232ms)
✔ authored Mission16/17/22 training assets and identities survive checkpoint reconstruction (278.146255ms)
✔ the live building factory opts into original training selection without tint or gameplay changes (0.671799ms)
✔ camp human group command retains visible admission interpolation (531.275068ms)
✔ camp shared command-8 retains visible admission interpolation (393.215069ms)
✔ temple human group command retains visible admission interpolation (347.261485ms)
✔ temple shared command-8 retains visible admission interpolation (353.090615ms)
✔ spyHut human group command retains visible admission interpolation (280.562116ms)
✔ spyHut shared command-8 retains visible admission interpolation (339.11879ms)
✔ firewarriorHut human group command retains visible admission interpolation (337.169144ms)
✔ firewarriorHut shared command-8 retains visible admission interpolation (348.214816ms)
✔ hidden admission, exit, replacement and explicit placement remain discrete (63.404206ms)
✔ native training panels preserve slots, selection, palette, frames and turn-driven feedback (15.166799ms)
✔ wide charge arithmetic never runs backwards or exceeds its frame at maximum training mana (21.522982ms)
✔ shipped disguise completes aboard Boat, holds and accepts another command (99.872084ms)
✔ Balloon passenger idle entry holds without advancing or consuming orders (60.76917ms)
✔ shipped Balloon disguise configures its command position and completes aboard (47.399178ms)
✔ Balloon raw-coordinate startup wraps payload words and retains unported encodings (39.362343ms)
✔ pending Balloon disguise checkpoint retains command position and resumes once (45.593879ms)
✔ occupied state30 checkpoint resumes countdown without reinitializing motion or RNG (49.429777ms)
✔ ordinary disembark clears vehicle and state30 returns to orders for one visit (36.067727ms)
✔ replacement disguise interrupts pending and partially completed aboard commands (37.945887ms)
✔ fractional reference uses exact rectangle coverage at edges and corners (1.489516ms)
✔ adjacent glyph elements composite their shared fractional edge sequentially (0.196214ms)
✔ disabled opacity combines with coverage while transparent source pixels preserve background (0.54623ms)
✔ source crop and nearest sampling retain native pixels without atlas bleed (0.229394ms)
✔ pinned fixed8 coverage and integer interpolation explain the opaque edge without fitting (0.184807ms)
✔ single-pixel fixed8 rectangles and straight-alpha output retain their separate contracts (0.133941ms)
✔ tree growth and complete replant searches match native captures (11.353935ms)
✔ depleted timber replants after its full delay and grows on its own phase (2305.917167ms)
✔ burning depletion also queues one replant without reviving the old tree (103.090415ms)
✔ Tutorial advances through Shaman selection into the authored Obelisk flyby (963.334946ms)
✔ Tutorial restart recreates fresh script and view state (154.965544ms)
✔ overhead health gauges match native visibility, scaled-pose anchors and 24-pixel fills (1.288815ms)
✔ continuous positions follow captured native body/shadow interpolation (1.218209ms)
✔ every elapsed-time schedule reaches the same displayed position without changing simulation (611.174773ms)
✔ pause, endpoints, placement, entry, conversion and new people never replay stale movement (23.803926ms)
✔ Vault knowledge uses the original class-6/model-2 reward frames and socket (0.875023ms)
✔ Vault knowledge is present only while its authored reward source is active (0.13972ms)
✔ Mission 7 Vault knowledge uses occupied model-18 socket 1 placement (4.858283ms)
✔ Mission 3 Temple descriptor selects the native HFX identity (128.388695ms)
✔ Mission 3 marker glow owns a saved fourteen-frame cursor on the existing animation boundary (80.969566ms)
✔ ordinary Mission 3 Vault collection preserves payout while changing only world presentation (1108.882981ms)
✔ unrelated Vault and ordinary spell families retain their existing presentation owners (101.51482ms)
✔ a glow born on an animation boundary first displays frame zero before its next cursor (743.630188ms)
✔ original class4 mesh selection distinguishes geometry from tooltip IDs (1.674133ms)
✔ vehicle-only import preserves all68 existing model records (14.602222ms)
✔ authored campaign vehicles retain mesh identity across checkpoint reconstruction (244.498725ms)
✔ normal boarding, exit and destruction retain original mesh rather than changing gameplay state (49.177303ms)
✔ the normal Balloon Hut producer creates the original144 appearance (50.931231ms)
✔ the shipped vehicle factory consumes original models, with no custom hull/envelope (0.629856ms)
✔ original vehicle owner textures use adjacent source tiles and retain local UVs (5.429822ms)
✔ Boat travel and exit keep registered passenger object-cell membership current (121.320944ms)
✔ Balloon travel and exit keep registered passenger object-cell membership current (91.775309ms)
✔ same-cell passenger sync preserves one linked membership and never allocates an unregistered person (51.873646ms)
✔ checkpoint clone retains passenger cell identity and wrapped exit reindexes without duplicates (51.017821ms)
✔ live vehicle damage keeps the native owner, special, signed and reset rules (151.155293ms)
✔ Blast reaches live vehicles and native destruction ejects passengers alive (107.428168ms)
✔ vehicle life and destruction survive checkpoint migration and reload (151.571247ms)
✔ success-bearing exit preserves existing public point API and real failure (112.191198ms)
✔ live panel selection only changes native selection flags and preserves unrelated selections/orders/RNG (52.36972ms)
✔ Boat and Balloon unload launch without teleporting, clear orders, and survive occupied/airborne checkpoints (133.757455ms)
✔ unload click rechecks speed, occupancy and terrain after rendered enabled state (35.116399ms)
✔ authored Mission22 Boat and Balloon unload retain launch until a living landing (82.727656ms)
✔ vehicle panel uses native kind9 geometry, disabled raw art and selection overlays (2.157209ms)
✔ raw disabled vehicle sprite alpha is85 while tail remains170 and normal art opaque (0.257706ms)
✔ vehicle selection keeps work on single, expands deselection, and Shift selects blocked mates (0.23297ms)
✔ passenger right-click has inspection semantics, while unload right-click is inert (0.155714ms)
✔ unload readiness refresh clears cached success at speed12 or failed terrain (0.156856ms)
✔ stale unload failure repeatedly clears only current driver orders, without teleporting anyone (0.235183ms)
✔ hover adds a native fill, never a false selected marker; pressed overlays palette130 (0.192279ms)
✔ horizontal viewport expansion preserves native depth and safe projection arithmetic (499.336494ms)
✔ intermediate display footprint fills the observed bird-view cut without changing native camera state (5.434919ms)
✔ added display cells cover safe front-branch projected samples across zoom, rotation and torus fractions (65.090197ms)
✔ display bounds texture and CPU visibility share the same derived rows without feeding camera state (8.920702ms)
✔ visible cells match original traversal at boundaries and wrapped camera centers (696.035049ms)
✔ Volcano replays its native terrain, emission and disruption lifecycle (3.947627ms)
✔ player and computer Volcano casts share the live controller and old saves migrate (194.778243ms)
✔ review bundle is independently readable from a non-overlapping local fixture (175.474712ms)
✔ review bundle rejects quoted secret fields and environment-secret files atomically (193.140665ms)
✔ decoded command-receipt stdout and stderr reject escaped secret JSON without exposing values (135.696679ms)
✔ double JSON-string wrappers in stdout and stderr reject secrets without echoing values (138.629269ms)
✔ benign nested JSON strings pass within depth and decoded-byte bounds (81.198635ms)
✔ decoded JSON recursion fails closed beyond depth or total decoded-byte bounds (121.611733ms)
✔ decoded JSON byte boundary accepts exactly the configured budget (117.582944ms)
✔ tracked deletion has an explicit expected deletion identity and rejects tamper or omission (376.06236ms)
✔ real-path canonicalization rejects source aliases and bundle outputs through source symlinks (106.086747ms)
✔ bundle verification is bound to caller-supplied identities and rejects traversal (90.34513ms)
✔ raw command receipts retain source head and complete stdout/stderr (183.052211ms)
✔ command receipts bind dirty source and explicit ignored inputs and invalidate drift (146.575973ms)
✔ receipt CLI preserves repeated input flags and rejects zero-exit input drift (664.210782ms)
✔ a killed foreground wrapper retains unknown state and raw output, never a pass (735.292218ms)
✔ retired status and binding commands are not exposed or coupled to verification (1.438349ms)
✔ live aggregate coverage includes every maintained workflow integrity suite (207.945045ms)
✔ native models 13 and 15 route only completed vehicle workshops into kind 6 (1.468475ms)
✔ Boat House kind-6 panel uses native 136x82 rows and hit targets (0.676525ms)
✔ Boat House work cells fill only at each complete native 100-work boundary (0.340632ms)
✔ Boat House reuses original dismantle and cancel control phases (0.199059ms)
✔ Balloon Hut kind-6 geometry derives 208x82 from native capacity and ten work cells (0.359409ms)
✔ Balloon Hut work cells fill only at each complete native 100-work boundary (0.194732ms)
✔ Balloon Hut reuses the original dismantle and cancel control phases (0.17288ms)
✔ followers cross the former crop and both world seams, then settle at every frame rate (4812.555788ms)
✔ direct attacks take the short route and engage across both world seams (153.225941ms)
✔ live heights and sprite grounding read native terrain outside the compatibility grid (97.660327ms)
✔ mixed picking follows captured native painter ownership and pixel edges (5.758905ms)
✔ live pointer eligibility uses the active record and recorded cell building (758.402585ms)
✔ ScenePicking re-resolves injected overlapping terrain candidates against the current painter command (284.121751ms)
✔ native selector body hierarchy retains all 25 worlds and first-three moons (1.567714ms)
✔ opening campaign availability reflects completion without hiding replay access (0.215554ms)
✔ native controller, particles, palette and ordered draw arguments: companion-seed1 (30.173557ms)
✔ native controller, particles, palette and ordered draw arguments: companion-seed12345678 (8.506069ms)
✔ native controller, particles, palette and ordered draw arguments: companion-initial-pause (11.660325ms)
✔ native controller, particles, palette and ordered draw arguments: companion-mid-pause (6.466647ms)
✔ native controller, particles, palette and ordered draw arguments: spell-3-visible (8.490396ms)
✔ native controller, particles, palette and ordered draw arguments: spell-3-offscreen (8.143445ms)
✔ native controller, particles, palette and ordered draw arguments: spell-4-visible (7.18736ms)
✔ native controller, particles, palette and ordered draw arguments: spell-4-offscreen (10.527814ms)
✔ native controller, particles, palette and ordered draw arguments: spell-12-visible (5.772645ms)
✔ native controller, particles, palette and ordered draw arguments: spell-12-offscreen (7.601732ms)
✔ native spell kinematics and pending transitions: model-3-visible (2.508105ms)
✔ native spell kinematics and pending transitions: model-4-visible (2.441575ms)
✔ native spell kinematics and pending transitions: model-12-visible (4.177051ms)
✔ native spell kinematics and pending transitions: offscreen-bit (1.410538ms)
✔ native singleton replacement and independent pulse: bridge-replaced-at-10 (10.150578ms)
✔ native singleton replacement and independent pulse: bridge-replaced-at-26 (8.597597ms)
✔ native singleton replacement and independent pulse: bridge-replaced-at-30 (11.161385ms)
✔ handoff geometry is an owned snapshot; rendering is read-only and draws the last pulse once (5.63604ms)
✔ structured-clone restores all particles, trails, pending phases, draws and independent pulse (174.562972ms)
✔ spell motion, arrival and retirement do not depend on intervening shared cosmetic consumers (4.57652ms)
✔ native before/after limiter selection owns activation, active and tail deadlines (0.881574ms)
✔ ordinary phase handoff, arrival and next-object payout keep elapsed deadlines across refresh schedules (416.366255ms)
✔ simultaneous authored M1 handoffs use native clone priority without reversing payouts (32.372127ms)
✔ missing geometry consumes one request while world countdown continues without replay (94.957159ms)
✔ arrival suppression and capped stock preserve ordinary payout ownership (151.905088ms)
✔ visible acquisition pause preserves original order without broadening land-bit pause (49.847531ms)
✔ checkpoint continuation retains controller, queue, clock and cosmetic state without initialization replay (138.15812ms)
✔ layout transforms move only draw output and retain raised-body/fallback anchors (0.930717ms)
✔ authored ordinary sources exclude the spell-valued Vault and other missions (2.393493ms)
✔ ordinary shrine completion persists provenance, recipient and creation order (216.515021ms)
✔ generic spell, mana and knowledge gifts do not inherit ordinary eligibility (41.777887ms)
✔ legacy head identity may recover eligibility but an existing gift cannot (52.581224ms)
✔ ordinary Stone Head completion creates the original six-visit acquisition VFX before stock delivery (178.470678ms)
✔ spell-head reward admission preserves native oriented cell ranges and active command eligibility (4.679175ms)
✔ head-group selection shares native occupant flag rules and imported panel heights match the original consumer (8.792238ms)
✔ proved worship modes use their original static models without changing other head families (1.224698ms)
✔ original worship model 8 is the reviewed bank-2 geometry (1.559632ms)
✔ original worship model 157 is the reviewed static Angel-head geometry (0.560321ms)
✔ legacy appearance migration recovers recursive authored modes and preserves existing families (305.395497ms)
✔ linked tutorial mode-3 Obelisk retains its authored mode and model (32.750399ms)
✔ Temple training uses the canonical shape doorway rather than crossing its footprint (89.4823ms)
✔ normal worship approach follows the same canonical stone-head heading as the rendered head (94.389467ms)
✔ legacy Mission22 worship appearance is derived from authored source identity without changing checkpoint state (133.034931ms)
✔ legacy linked mode3 head migrates recursively while root trigger and unrelated state stay byte-for-byte equivalent (35.706613ms)
✔ legacy non-mode3 and Vault heads recover mode without changing their presentation families (30.239275ms)
✔ authored worship lookup uses immutable source fields and agrees for Mission22 and linked tutorial head (56.198344ms)
✔ shipped store load migrates legacy Mission22 before real command-27 Brave admission (126.604758ms)
✔ automatic worship-panel activity is written only by a supported completed mode-0 sample (1.713893ms)
✔ automatic producer keeps unproven families out of the first shipped slice (0.264767ms)
✔ automatic retention reads the last player-specific sample rather than generic follower state (0.206289ms)
✔ automatic retention releases an inactive completed head even after a positive last sample (0.149634ms)
✔ worship panels preserve native progress, recharge, slots and artwork without clipping the second row (13.983862ms)
ℹ tests 1238
ℹ suites 0
ℹ pass 1238
ℹ fail 0
ℹ cancelled 0
ℹ skipped 0
ℹ todo 0
ℹ duration_ms 195173.159501

> populous-first-dawn@0.1.0 parity:check
> node scripts/parity.mjs check

Parity ledger, evidence paths, revision and generated report are consistent.

> populous-first-dawn@0.1.0 orchestration:check
> node scripts/orchestration/cli.mjs check

{
  "status": "passed",
  "checks": 130,
  "subsystems": 11,
  "generatedOwners": 6,
  "unmappedSourceCount": 151,
  "unmappedSources": [
    "app/ambient-sound.ts",
    "app/animation.ts",
    "app/audio-preferences.ts",
    "app/audio.ts",
    "app/blast-wave.ts",
    "app/building-clearing.ts",
    "app/building-damage.ts",
    "app/building-debris.ts",
    "app/building-dismantle.ts",
    "app/building-occupants.ts",
    "app/building-sinking.ts",
    "app/building-smoke.ts",
    "app/building-terrain.ts",
    "app/celebration.ts",
    "app/chatgpt-auth.ts",
    "app/combat-approach.ts",
    "app/combat-building.ts",
    "app/combat-order-search.ts",
    "app/combat-orders.ts",
    "app/combat-pursuit.ts",
    "app/combat-targets.ts",
    "app/command-context.ts",
    "app/construction-panel.ts",
    "app/convert-wild.ts",
    "app/drag-border.ts",
    "app/drag-overlay.ts",
    "app/earthquake.ts",
    "app/effect-motion.ts",
    "app/erosion.ts",
    "app/firestorm.ts",
    "app/flatten.ts",
    "app/footprints.ts",
    "app/fps-graph.ts",
    "app/globe-renderer.ts",
    "app/globe.ts",
    "app/ground-overlay.ts",
    "app/hud-charge.ts",
    "app/hud-font.ts",
    "app/hud-health.ts",
    "app/hud-mana.ts",
    "app/hud-population.ts",
    "app/hud-portrait.ts",
    "app/hud-selection.ts",
    "app/hut-birth.ts",
    "app/hut-occupancy-smoke.ts",
    "app/hut-smoke-runtime.ts",
    "app/hut-upgrade.ts",
    "app/indexed-search.ts",
    "app/land-bridge.ts",
    "app/layout.tsx",
    "app/level-one.ts",
    "app/level-three.ts",
    "app/level-two.ts",
    "app/live-resting.ts",
    "app/mana.ts",
    "app/melee-encounter.ts",
    "app/melee-engagement.ts",
    "app/melee-groups.ts",
    "app/melee-placement.ts",
    "app/melee.ts",
    "app/minimap-frame-view.tsx",
    "app/minimap-frame.ts",
    "app/minimap-renderer.ts",
    "app/minimap.ts",
    "app/model-faces.ts",
    "app/model-lighting.ts",
    "app/morph.ts",
    "app/music.ts",
    "app/native-math.ts",
    "app/original-bloodlust.json",
    "app/original-camera.json",
    "app/original-constants.json",
    "app/original-effects.json",
    "app/original-fire.json",
    "app/original-minimap-frame.json",
    "app/original-music.json",
    "app/original-pointer.json",
    "app/original-script-three.json",
    "app/original-script-two.json",
    "app/original-script.json",
    "app/original-search.json",
    "app/original-shapes.json",
    "app/original-sky.json",
    "app/original-skylens.json",
    "app/original-sound.json",
    "app/original-stone-heads.json",
    "app/original-tooltips.json",
    "app/original-vault-knowledge.json",
    "app/painter-vertices.ts",
    "app/painter.ts",
    "app/path-geometry.ts",
    "app/path-search.ts",
    "app/path-solver.ts",
    "app/person-collision.ts",
    "app/person-idle.ts",
    "app/person-motion.ts",
    "app/person-panel.ts",
    "app/person-physics.ts",
    "app/person-route-recovery.ts",
    "app/person-state.ts",
    "app/preacher-conversion.ts",
    "app/projectile-motion.ts",
    "app/projection.ts",
    "app/resting-slots.ts",
    "app/scene-hud-runtime.ts",
    "app/scene-secondary-effects.ts",
    "app/scene-vault-knowledge.ts",
    "app/scenery-fire.ts",
    "app/secondary-effects.ts",
    "app/selection-raster.ts",
    "app/shaman-death-vfx.ts",
    "app/sky-motion.ts",
    "app/sky.ts",
    "app/special-battle.ts",
    "app/spell-button.ts",
    "app/spell-halo.ts",
    "app/spell-trails.ts",
    "app/spell-visibility.ts",
    "app/sprite-layers.ts",
    "app/stone-head-149.ts",
    "app/stone-head-animation.ts",
    "app/stone-head-orientation.ts",
    "app/swamp.ts",
    "app/swarm.ts",
    "app/terrain-ambience.ts",
    "app/terrain-light.ts",
    "app/territory.ts",
    "app/tooltip-layout.ts",
    "app/tornado-runtime.ts",
    "app/tornado.ts",
    "app/training-conversion.ts",
    "app/training-hut-appearance.ts",
    "app/training.ts",
    "app/tree-growth.ts",
    "app/unit-health.ts",
    "app/vault-appearance.ts",
    "app/vehicle-appearance.ts",
    "app/vehicle-routing.ts",
    "app/volcano.ts",
    "app/water.ts",
    "app/workshop-panel.ts",
    "app/world-coordinates.ts",
    "app/world-initialization.ts",
    "app/world-selector-data.ts",
    "app/world-selector.module.css",
    "app/world-selector.tsx",
    "app/world-state.ts",
    "app/world-tasks.ts",
    "app/worship-appearance.ts",
    "app/worship-panel-activity.ts",
    "app/worship-panel.ts"
  ],
  "cacheRequired": false
}
