
> populous-first-dawn@0.1.0 check
> npm run typecheck && npm test && npm run parity:check && npm run orchestration:check


> populous-first-dawn@0.1.0 typecheck
> tsc --noEmit


> populous-first-dawn@0.1.0 test
> node --test tests/*.test.mjs

✔ live Mission3 adapters rotate an eligible Convert Wild producer behind training (65.248555ms)
✔ producer table preserves singleton priority, one stable pass, and signed counts (0.68002ms)
✔ producer capacity is checked before callbacks and after pre-table allocation (0.501293ms)
✔ checkpoint migration retains producer history and initializes each legacy AI independently (118.236926ms)
✔ authored early producer opportunities record native table attempts without changing later missions (631.232738ms)
✔ Missions1/2 never enable type8 or idle type11/15 response follow-ups (198.811378ms)
✔ ordinary Missions1/2 allocate a real pre-table scan at their first producer opportunity (394.684784ms)
✔ normal first scans finish and repeat without a placeholder reservation (524.741815ms)
✔ ordinary Mission2 movement reaches a real response and resumes the scan checkpoint (375.906422ms)
✔ response allocation preserves native duplicate, disabled, cancellation and exhaustion gates (0.861343ms)
✔ early automatic training requires at least the native school capacity (227.069255ms)
✔ training capacity compares the native signed32-bit available total (1.03219ms)
✔ six followers share ground → area attack → ground orders, destroy the hut and regroup (375.403186ms)
✔ losing an acquired building rescans the area, fights a new person and retains the waypoint tail (180.528403ms)
✔ cancelling a reserved fight releases its reservation and the entire staged tail (99.128603ms)
✔ area targeting distinguishes an unbuilt plan from a partially constructed building (229.383179ms)
✔ arrival voices count approaching followers and fire once when they near the ordered area (281.631719ms)
✔ area approach, combat, arrival voices and queued destinations agree at 5–240 Hz and irregular rendering (902.998098ms)
✔ pausing an unfinished music play preserves enabled sound and later resume (8.996644ms)
✔ late rejection from an older resume cannot cancel the newest playing request (1.348694ms)
✔ a superseded context resume does not submit an extra music play (2.898711ms)
✔ mute cancels pending playback without recreating the background timer (0.781103ms)
✔ dispose cancels pending playback without recreating the background timer (0.560761ms)
✔ the current playback failure still rejects rather than hiding a real media error (1.134534ms)
✔ current context errors propagate, while a disposed request cannot report a stale failure (0.550015ms)
✔ initial enable can finish while paused without turning the sound setting off (1.572721ms)
✔ enable reports cancellation when muted during its pending playback (0.655203ms)
✔ first visit and non-browser rendering keep the existing defaults without writing (2.415326ms)
✔ versioned zero/full volume restores without truthiness fallback or autoplay data (0.324407ms)
✔ malformed, unsupported and unsafe values fall back without overwriting the record (0.796466ms)
✔ only an explicit valid change writes the known preference fields and leaves other storage alone (0.444247ms)
✔ invalid programmatic values never persist or replace the last valid choice (0.500992ms)
✔ denied storage getter, reads and writes are safe session-only fallbacks (0.477637ms)
✔ restoring volumes does not create audio, enable playback, or change audio RNG/reset semantics (0.472869ms)
✔ authored origins survive initialization for all five currently live campaign bridge heads (467.961651ms)
✔ ordinary Mission 2 worship creates the authored crossing and every live terrain turn matches it (884.142183ms)
✔ legacy migration recovers only missing immutable origins without replaying active terrain (442.22629ms)
✔ pre-activation legacy save and mid-bridge checkpoint continue once at the authored origin (846.446398ms)
✔ automatic Boat search filters native-ineligible vehicles and boarding shares the driver route (110.235525ms)
✔ music sections and ordinary ambient decisions match captured original execution (7.289081ms)
✔ percussion uses audio timestamps at low/high/irregular frame rates and skips stale starts (4.943902ms)
✔ Blast head reaches impact and native first/last wave visits launch enemies/allies (108.47323ms)
✔ Blast and follower presentation share elapsed time at low/high/irregular refresh rates (447.06663ms)
✔ projectile snapshots preserve pause, wrap and explicit placement without touching unrelated effects (33.285314ms)
✔ original Blast indexed visits, alliances, repeated impulses and damage gates (17.420079ms)
✔ live Blast delays allied launch, retains native flight height and restores commands after landing (149.299915ms)
✔ Blast and landing damage share original shields, protection, attacker and life wrapping (0.530747ms)
✔ wild followers land into their original state 8 without losing the unit (56.277669ms)
✔ a burning airborne follower keeps one panic clock and releases its native pose after landing (45.364887ms)
✔ Boat House launch matches native type-1 computer full ejection (108.704877ms)
✔ Boat House launch matches native type-2 human driver removal with retained occupants (38.74474ms)
✔ maintained checkpoint callsite waits for delayed false reads before reloading (6.023582ms)
✔ maintained checkpoint callsite rejects exhausted false reads without reloading (16.308597ms)
✔ maintained checkpoint callsite closes rejected reads without reloading (7.10802ms)
✔ rendered transport checker independently counts whole mixed-class craft (5.606926ms)
✔ rendered transport checker rejects partial, unrelated, duplicate and wrong-class groups (1.295455ms)
✔ transport pixel oracle retains real device scale and outward clip padding (0.567582ms)
✔ transport oracle preserves fractional scales and detects the old footer/hit failure (0.993031ms)
✔ readiness reads rebind after fresh page reload and on repeated calls (3.852563ms)
✔ readiness wait sequentially awaits false samples before accepting literal true (4.06394ms)
✔ a truthy non-boolean readiness field does not pass the wait (3.171661ms)
✔ read errors propagate and repeated unready samples time out without mutation (16.779338ms)
✔ maintained Mission 4 callsite awaits valid profile completion before continuing and reloading (8.52058ms)
✔ maintained Mission 4 callsite exhausts false reads without starting continuation (16.854049ms)
✔ maintained Mission 4 callsite accepts completion on the last read without a final pause (13.511703ms)
✔ maintained Mission 4 callsite rejects failed opens without starting continuation (1.523757ms)
✔ maintained Mission 4 callsite closes rejected reads without starting continuation (1.460882ms)
✔ maintained Mission 4 callsite closes a database when starting its read throws (1.510728ms)
✔ maintained Mission 4 callsite closes databases with a missing store and fails closed (4.700737ms)
✔ maintained Mission 4 callsite requires literal true before starting continuation (1.235174ms)
✔ building attack phases, entrances, damage and shake match native execution (37.028464ms)
✔ an entirely occupied world cancels special positioning instead of hanging (0.876906ms)
✔ live building assault enters, strikes, shakes and destroys via native damage accumulation (603.375086ms)
✔ occupied building ejects a defender and the same native command resumes after winning (97.57177ms)
✔ building attack mechanics and poses are independent of rendering cadence (733.884571ms)
✔ attacker death releases immediately; target loss rescans the area before completing (144.888933ms)
✔ native defence gate and shaking retain counter cadence, signed lifetime and collapse RNG (1.558399ms)
✔ cancelling or killing an attacker during its defender encounter releases the retained order (197.251556ms)
✔ complete native scenery clearing, shared waits and ownership requests (162.644427ms)
✔ complete native people clearing, shared waits and ownership requests (125.827912ms)
✔ live clearers harvest on-site trees, carry and deposit logs, then move bystanders before allocation (775.999074ms)
✔ clearing pauses without advancing and cancellation releases its native animation and route (92.647314ms)
✔ clearing bushes starts the original fire and retreats before the site is allocated (119.762747ms)
✔ occupant restoration and facing match native captures, including seams and backwards facing (5.671454ms)
✔ live exits retain position and sprite ownership for every building orientation (1289.778257ms)
✔ command cancellation uses shared exit restoration without changing the route start (28.073421ms)
✔ timber hauling matches native phases, movement, reservations, transfers, poses and clocks (21.250148ms)
✔ native building origins, exact ground writes and plan height initialization (158.136771ms)
✔ live rotated foundations use native vertices and preserve surrounding terrain (529.164432ms)
✔ buildings retain distinct terrain handles after long effect-heavy games (34.686425ms)
✔ native descriptor data routes completed huts through kind 7 with resident capacities (0.973632ms)
✔ kind-7 hut rows place occupant and dismantle hit targets from native capacity (1.263587ms)
✔ training charge row keeps existing controls aligned after shared geometry extraction (0.229414ms)
✔ unbuilt plan priorities, validation, allocation and abandonment match native decisions (10.192031ms)
✔ leveling movement, animation, timers, terrain and sound match complete native task 8 (46.982936ms)
✔ live plans retain uneven ground, level visibly and wait for timber and crew clearance (1904.967913ms)
✔ a full shared order pool leaves a new plan unstaffed without leaking ownership (59.350303ms)
✔ simultaneous fetch deposits cap preparation work and preserve surplus timber (56.088076ms)
✔ unattended plans expire and redirected leveling workers release their sprite and route (154.783828ms)
✔ native preparation clears on-site timber before allocation without deleting its resource (119.426565ms)
✔ foundation settling, flooding and dock edges match original executable captures (33.754626ms)
✔ original wet-side tipping, drift, spin and sinking expiry retain complete native trajectories (86.274505ms)
✔ terrain collapse ejects before destruction, retaining its two-turn delay (0.453431ms)
✔ healthy buildings settle without entering repair; deformed and flooded buildings use distinct destruction (585.864421ms)
✔ complete native cell validity and exact placement feedback (38.126019ms)
✔ placement protects reincarnation stones without a living Shaman and reserves buildings (666.830686ms)
✔ building activity matches native geometry, clocks, speed, facing and animation requests (36.584945ms)
✔ live builders reach work poses, animate, pause, cancel and finish without stale sprites (340.868348ms)
✔ crews leave finished huts in all four orientations before the plan releases them (2078.104739ms)
✔ player construction orders approach natively and deposit carried logs before fetching (1410.545355ms)
✔ builder admission and stale-slot pruning match complete native calls (5.682ms)
✔ construction dispatch, repair clocks and departure gates match native plan calls (6.709664ms)
✔ scheduled burning plans panic only unlocked builders on building cells (81.477062ms)
✔ repair smoke footprint and terrain refresh match native cell traversal (2.986754ms)
✔ two live builders dispatch one hauler on the original sixteen-turn phase (259.804311ms)
✔ later construction haulers skip timber reserved by an earlier search (95.461357ms)
✔ timber reservations reopen, drain and release on native transitions (2.561516ms)
✔ live plan capacities, duplicate orders and replacement workers share registration (130.515194ms)
✔ zoom retains native preset bounds and the existing 18-step timer (1.282716ms)
✔ render previews do not mutate native state and meet every committed step across all resolution tables (74.82787ms)
✔ 30/60/120/144 Hz and irregular preview schedules retain duration and every owned native configuration (20.640608ms)
✔ conversion observation requires the native victim-owner and replacement flags without world mutation (3.619063ms)
✔ death, ordinary births, startup conversion flags and enemy preacher ownership are not credited (0.540502ms)
✔ observation resets at mission boundaries and does not infer events across unobserved turns (0.208152ms)
{"label":"fixture","ready":true,"turn":1,"status":"playing"}
{"checkpoint":"mission-2-start","level":3,"status":"won","turn":1,"population":{}}
{"checkpoint":"mission-2-won","level":3,"status":"won","turn":1,"population":{}}
{"checkpoint":"mission-2-result","level":3,"status":"won","turn":1,"population":{}}
{"checkpoint":"mission-3-continued","level":3,"status":"won","turn":1,"population":{}}
{"checkpoint":"mission-3-won","level":3,"status":"won","turn":1,"population":{}}
{"checkpoint":"mission-3-result","level":3,"status":"won","turn":1,"population":{}}
PASS: fixed-turn diagnostic wins Mission 2, continues, and wins Mission 3; not real-clock gameplay
✔ sandbox adapter retains every existing assertion, turn bound and campaign action (5.213046ms)
✔ changed or duplicated maintained checker scaffold fails closed before browser execution (1.430618ms)
✔ late final screenshot completion cannot mark an aborted campaign scenario passed (6.506288ms)
✔ actual native triangles supplement the historical fixed anchor scan (4.617622ms)
✔ geometry candidates cannot bypass foreign object or DOM overlay ownership (3.937051ms)
✔ normal zero-dt frame refresh resolves stale panels while retaining simulation slots and clock (3.988028ms)
✔ presentation refresh cannot conceal a simulation change (1.287764ms)
✔ presentation reservation exception cannot conceal secondary slot allocation (1.217948ms)
✔ stale pre-refresh reservations fail instead of being normalized by the checker (1.143297ms)
✔ presentation refresh cannot conceal changed world Map entries (2.547405ms)
✔ occluded shrine fallback uses bounded ordinary camera drags and strict target re-probes (0.251437ms)
✔ the shipped right-drag mapping rotates 512 native angle units without panning (39.055073ms)
✔ Mission 3 trains a bounded Preacher group and retains identified HUD-reachable Braves (0.189334ms)
✔ additive native Ctrl-five requires the ordinary cancel/deselect before reserving workers (1040.924165ms)
✔ missing checkpoint does not suppress independent campaign progress (118.482829ms)
✔ malformed checkpoint does not suppress independent campaign progress (80.963616ms)
✔ partially migratable checkpoint does not suppress independent campaign progress (59.263433ms)
✔ incompatible checkpoint does not suppress independent campaign progress (56.920395ms)
✔ current valid checkpoint still restores and loads (95.967837ms)
✔ legacy valid checkpoint still restores and loads (81.05302ms)
✔ malformed stored checkpoint preserves usable session checkpoint and merges completion (40.956448ms)
✔ storage read failure retains in-session progress and checkpoint (41.285202ms)
✔ camera release alone does not make the startup Shaman selectable; observation is read-only (278.124869ms)
✔ readiness still rejects absent actors, global input locks and paused play (149.835229ms)
✔ Continue readiness waits on real RAF before suspension with the existing timeout (0.781203ms)
✔ the production wait polls synchronous false until native selection readiness (2.387655ms)
✔ Mission 3 Swarm target observation is read-only and chooses an actually castable enemy (837.172331ms)
✔ Mission 3 Swarm eligibility does not depend on distance to the vault or unit array order (682.971788ms)
✔ Mission 3 Swarm diagnostic refuses missing stock, blocked input, cooldown and invalid enemies (690.078866ms)
✔ checkpoint readback awaits false reads before the actual true result (2.542577ms)
✔ checkpoint readback fails closed after bounded asynchronous false results (0.778618ms)
✔ attack approach points and search pool state match complete native queries (59.310715ms)
✔ fight/person pursuit, housed entry, waiting and retries match native visits (24.70694ms)
✔ attack search, march records and automatic retargeting match native dispatch boundaries (11.666223ms)
✔ arrival voices and reservation release replay native thresholds and compacted-list visits (1.560683ms)
✔ original automatic commands preserve normal queues, share one reference-counted record and handle allocation exhaustion (75.070085ms)
✔ native scan dispatch preserves pending bits, suppression, specialist selection and consumer call counts (0.904958ms)
✔ ordinary combat entry reveals a completed Spy disguise (295.981686ms)
✔ live campaign scan suppression consumes pending alerts without changing person counters or sprites (127.120783ms)
✔ dead building attackers release queued shaman-guard duty (109.252844ms)
✔ fight motion initializes its retained sermon without a native owner (66.932709ms)
✔ coastal response targets come from the corrected native cell, including its newly exposed edge (88.080285ms)
✔ tower counterattacks ignore hostile people in water (106.106301ms)
✔ coastal area/dismantling order preparation matches full native calls and retains flags on identical commands (2.270939ms)
✔ live same-cell followers share one automatic command 21 and resume their queued destination (102.396076ms)
✔ an on-foot Firewarrior owns one automatic response per cooldown and yields to player movement (507.450491ms)
✔ an on-foot Firewarrior repeatedly launches at and damages a completed enemy building (131.200897ms)
✔ automatic combat restarts a retained direct tree harvest instead of harvesting during battle (138.318733ms)
✔ live automatic combat consumes a pending worship scan without replacing command 27 (77.003266ms)
✔ live automatic allocation failure preserves its source and queued order (95.559122ms)
✔ live automatic sharing leaves a nonmatching same-cell peer untouched (66.793551ms)
✔ live preacher response retains its sermon queue and resumes conversion (61.476538ms)
✔ preacher response allocation failure consumes the scan without changing its queue (70.608778ms)
✔ complete pursuit, target setup and attack-area gates match native fields, RNG and consumer ordering (11.933545ms)
✔ full-fight waiting positions and fallback RNG match original terrain and collision execution (35.634454ms)
✔ mixed target collection, native distance bands, fight admission and reservations replay executable captures (11.256719ms)
✔ live followers choose closer enemies, distribute reservations, then fall back to a saturated target (272.261366ms)
✔ live mixed scans detect enemy footprints and prefer an eligible person in the same distance band (131.647408ms)
✔ automatic squads share native area orders and target capacity independently of render frequency (642.413226ms)
✔ live target priority joins a fight ahead of a solitary enemy in its distance band (95.94376ms)
✔ nearby automatic building attacks keep their command-21 target between detection visits (73.606929ms)
✔ automatic contextual priority matches original single and mixed-class captures (1.982286ms)
✔ live ground context follows native registered cells through rotations and world seams (110.320383ms)
✔ ground beside a hut moves the group, while its occupied cell enters it (75.74009ms)
✔ an exact tree click harvests, seeks a timber plan and otherwise returns to rest (132.675732ms)
✔ a queued ordinary-tree harvest keeps its cargo and advances the existing waypoint (418.264665ms)
✔ input feedback matches native ground-cell centers and suppresses flashes over pointed objects (0.321322ms)
✔ object commands retain the chosen identity through overlaps and array reordering (181.801323ms)
✔ live target choice follows captured native ownership for both tribes (1708.546336ms)
✔ construction command matches native registration, fallback ownership and task handoffs (80.640397ms)
✔ construction panel matches native submissions and corrects the unlinked second-row height (25.267291ms)
✔ construction workers can be selected, reassigned to dismantle, cancelled and restarted (571.646557ms)
✔ construction icons select the active worker record and respect its native eligibility (43.316617ms)
✔ original priming consumes no elapsed progress; each frame stops before batch overshoot (5.689941ms)
✔ separate calls continue from the original previous timestamp without re-priming (0.293311ms)
✔ a promise is never accepted as a truthy readiness predicate (0.697026ms)
✔ frame and object-turn exhaustion fail without extending a goal (0.454763ms)
✔ an explicitly bounded coastal position attempt can return unmet without hiding its limit (0.21329ms)
✔ abort and Scene/World replacement are detected across browser-task yields (0.750747ms)
✔ normal speed, unpaused commands, positive finite deltas and wall bound stay mandatory (0.463466ms)
✔ original-frame failures propagate without another step (0.191297ms)
✔ unexpected automatic elapsed frames during a yield are rejected (0.284547ms)
✔ Convert Wild scans, converts, animates, and casts through player and computer paths (141.442457ms)
✔ deselection matches native command flags for every selection byte (2.124048ms)
✔ cancel targeting first; deselection preserves shared marching orders, routes, RNG and pause (166.360669ms)
✔ deselection reaches retained work representations once, leaves enemy ownership alone (63.779115ms)
✔ deselected groups retain identical mechanics and poses at 5–240 Hz and irregular frames (460.456493ms)
✔ training selection eligibility reads command flags, independently of motion turning flags (218.610271ms)
✔ dismantling reassigns residents and queued braves, recovers all timber and removes the building in four orientations (442.529923ms)
✔ cancelling dismantling stops existing workers; new orders can staff an empty dismantling building (179.092827ms)
✔ dismantling outcomes and timber remain independent of render frequency (527.273634ms)
✔ mixed groups queue movement, dismantling and movement without redirecting ineligible warriors (400.506612ms)
✔ queued building entry can become dismantling; cancellation skips work while retaining the destination (196.939514ms)
✔ dismantling queue replacement and death release references while non-braves keep their current orders (230.601833ms)
✔ automatic combat pauses shared dismantling and resumes its retained order (53.95051ms)
✔ automatic combat completion follows the native circular dismantling queue (70.164611ms)
✔ automatic combat allocation failure keeps dismantling state intact (50.778268ms)
✔ queued dismantling, timber and following movement agree at 5–240 Hz and irregular frames (595.096208ms)
✔ drag borders match original screen extrusion, texture coordinates and terrain crossings (25.807061ms)
✔ native area commands retain tower/training exclusions, current-order lookup and actual land membership (3812.594115ms)
✔ a real trainee remains drag-selectable on entry and becomes excluded only in the native interior phase (126.256543ms)
✔ fetching builders are selected at their active task-7 position (22.712295ms)
✔ world drag geometry matches captured native seams, camera bearings, clamps and degenerate drags (5.680338ms)
✔ live drag selection matches native flags and group voices without changing simulation ownership (515.189828ms)
✔ Mission 3 periodic raid preserves native mask, strict thresholds and arguments (2.060633ms)
✔ Mission 3 naturally grows both tribes and recruits the authored three-Brave raid (8590.938184ms)
✔ Earthquake matches the native initializer and central deformation phase (7.813509ms)
✔ Earthquake building scans preserve protected models, RNG and ejection-before-damage (0.430867ms)
✔ live Earthquake casts, damages and deforms independently of refresh rate (246.587289ms)
✔ Mission 1 counts authored primary effects before the opening (112.280872ms)
✔ Mission 1 keeps the allocation phase across pause, checkpoint and restart (204.916925ms)
✔ Mission 2 counts authored primary effects before the opening (34.392609ms)
✔ Mission 2 keeps the allocation phase across pause, checkpoint and restart (194.013006ms)
✔ Mission 3 counts authored primary effects before the opening (34.9798ms)
✔ Mission 3 keeps the allocation phase across pause, checkpoint and restart (223.585525ms)
✔ early-level effect phase remains fixed-turn owned across frame schedules (578.752054ms)
✔ live Erosion casting deforms terrain independently of refresh rate (548.797326ms)
✔ a newer Lightning consumes simulation RNG before Erosion (25.006159ms)
✔ original cleanup, center, terminal release/counters and recovery match native captures (7.837375ms)
✔ last opponent death ends the fight, credits its winner once and returns a survivor to commands (127.854962ms)
✔ live separation uses the squared eight-unit boundary (126.935751ms)
✔ a native interruption detaches its slot and protected survivors defer state recovery (41.186618ms)
✔ fight completion, recovery and RNG agree at 5–240 Hz and irregular frame schedules (304.793631ms)
✔ Firestorm emits its complete native 220-turn rain sequence (6.222592ms)
✔ live Firestorm composes fire, panic Blast and building ignition independently of refresh rate (722.649554ms)
✔ Flatten follows the native 15-turn terrain and orbit lifecycle (5.846577ms)
✔ live Flatten casting is refresh-rate independent (1165.235704ms)
✔ persistent follower controls retain native descriptor order and class HFX ownership (1.333913ms)
✔ live own class totals enable controls independently of training knowledge or occupancy (63.573284ms)
✔ reading the follower strip does not mutate simulation or selection state (114.110279ms)
✔ shipped G has the recovered guard task without mutating native ownership in HUD reads (200.041726ms)
✔ specific legacy work overrides dormant idle while real native disruption remains authoritative (68.890657ms)
✔ construction, pre-entry, actual entry and native idle routes use their own categories (49.059326ms)
✔ task selection preserves orders and RNG during a real movement command and propagates occupied groups (101.345026ms)
✔ live task count reads nearby camera coordinates without creating or registering people (132.794642ms)
✔ real boarding through a route owner overrides a dormant native person for Selected task propagation (53.412591ms)
✔ task classifier preserves every recovered native state and command category (3.731512ms)
✔ inside classification follows building category and the Preacher command exception (0.223615ms)
✔ global existence and nearby task counts are independent; selected overlays preserve native addition (0.785299ms)
✔ task selection ignores persistent-strip assignment priority and uses category nearest (0.587882ms)
✔ Selected row click/Shift deselect, Ctrl reselects nearest without changing its work or the group (0.444597ms)
✔ Total single/five can select the Shaman while Shift excludes it (0.274482ms)
✔ task focus filters category and cycles with the Shaman nearby exemption without mutation (0.281953ms)
✔ vehicle creation and frame cache use apparent tribe, including checkpoints and legacy fallback (257.394376ms)
✔ vehicle damage immunity follows apparent tribe while real-owner counts stay unchanged (85.614928ms)
✔ live Blast projects class4 apparent tribe without changing the real owner (120.701099ms)
✔ ordinary live boarding exposes class vehicle counts, all passengers and independent owner fields (137.384227ms)
✔ Spy boarding uses immediate target bits, later boarding rewrites owner and exit preserves apparent owner (33.39372ms)
✔ split owner and occupied selection survive checkpoint, legacy vehicles use real team fallback (35.43239ms)
✔ destroyed last vehicle keeps presence during its visible wreck and cannot select or focus (37.188626ms)
✔ shipped disguise command aboard publishes apparent ownership through completion and countdown (59.058277ms)
✔ legacy occupied checkpoint retains apparent fallback across voluntary unload (81.202036ms)
✔ first and later boarding, either exit and reuse preserve the native two-owner contract (429.650901ms)
✔ occupied class reads rebuild from current passengers rather than stale row totals (28.405571ms)
✔ transport presence uses real ownership and survives an empty count (2.389718ms)
✔ class filter acquires a vehicle and selects all eligible passengers; Ctrl counts vehicles (0.659981ms)
✔ driver command priority, matching-passenger distance and vehicle nearby boundary remain distinct (0.183446ms)
✔ native reverse vehicle-list focus cycles, variants reacquire, and selected/blocked occupants can focus (9.342375ms)
✔ footprint history matches native ring replacement and its per-cell pixel counts (657.851945ms)
✔ partial footprint shading equals a complete native-palette atlas rebuild (1401.599886ms)
✔ live walking footprints use the elapsed animation clock, including pause and disabled trails (217.082578ms)
✔ live turn preserves native tribe order, inactive skipping and next-turn formation admission (1578.63911ms)
✔ actual recruited groups wait a turn and then steer before member physics (117.339952ms)
✔ render cadence and idle production worship hooks cannot change gameplay, RNG or owned animation state (10695.81146ms)
✔ paused time stays paused; long active frames retain elapsed time (125.821508ms)
✔ campaign messages use the presentation clock and freeze while paused (205.213727ms)
✔ campaign pending auto-open waits for settled motion and consumes one oldest record per presentation visit (42.735423ms)
✔ scenery shade follows cell occupants through overlap, depletion and regrowth (64.056968ms)
✔ rotated building plans keep their anchor, entrance routes and orientation through construction (564.719656ms)
✔ Lightning ignites only its building footprint, then evacuates, damages and permits repair (423.673864ms)
✔ Lightning burns original scenery through smoke and cleanup without leaking fire state (81.679182ms)
✔ native impacts expire on exact turns and debris preserves the sprite allocation counter (102.389039ms)
✔ terrain rebuilds preserve queue precedence and initialize the original mission before sampling (15.507648ms)
✔ territory preserves native footprint asymmetry, overlap clearing and staggered recovery (1.457558ms)
✔ opening tooltips resolve mission cells and have an independent lifetime (32.518184ms)
✔ original level layout, native foundations, and the complete mission (2771.888161ms)
✔ housing, mana allocation, pause, drowning, and reincarnation (622.916758ms)
✔ ordinary land deaths keep the native corpse lifecycle (153.823093ms)
✔ native transformed compound bases stay on their ground pads (28.825751ms)
✔ native animation identity, casting interruption, gradual terrain and blast survival (367.281378ms)
✔ native economy uses fixed turns, population bands and real hut upgrades (809.188734ms)
✔ lightning hits a native map cell and Blast leaves allied health intact (29.468207ms)
✔ native integer movement and combat exchanges preserve timing, retaliation and replay (324.73596ms)
✔ native fight slots form four-person groups and release on interruption (73.881247ms)
✔ native sound cues preserve sample identity, cast phases and simulation randomness (137.298927ms)
✔ native Lightning delays the upper flash and regenerates eight segments for three turns (35.490056ms)
✔ native spell allocation, discrete flight, RNG trails and delayed impact (466.746785ms)
✔ native terrain ridges, reflected diagonals, surface planes and boundary vertices (1.300973ms)
✔ original campaign setup disables only enemy reincarnation and retains deferred commands (183.386742ms)
✔ mission-one AI applies its native spell interval profile on the original phase (95.635144ms)
✔ mission-one closes its construction latch after the first Red hut (24.950625ms)
✔ campaign marker setup snapshots native entry state before live execution (45.832922ms)
✔ mission marker task sends one reserved brave to marker one (47.454777ms)
✔ mission-one ordinary marker guard patrols and answers nearby enemies (65.736831ms)
✔ campaign markers remove the bridge head on the native phase, independently of routing (76.129413ms)
✔ campaign counters track allocation and remaining head gifts through gameplay (92.696251ms)
✔ worship decays without followers and continues at full spell stock (113.375153ms)
✔ vault discovery follows worship, door, entry and exit tasks (139.70599ms)
✔ vault allocation preserves the current order when the shared pool is full (127.937464ms)
✔ original discovery messages follow script phases, persist and reset (80.59121ms)
✔ partial building queries consume their mode once and marker triggers bypass worship (26.467351ms)
✔ original opening runs before object turn 72 and its independent flyby clock can be interrupted (89.344851ms)
✔ native outcome phases honor campaign opponents, forced results and defeat recovery (301.247921ms)
✔ tribe gates suppress scripts and AI while object turns and eligible cooldowns keep their native phases (239.265575ms)
✔ emergency casting preserves queued work and preacher responses keep their own payment rules (82.81588ms)
✔ mission-one AI casting uses the live shaman state and cast-block flags (240.740509ms)
✔ live spell scans use population thresholds and building territory with delayed overlap recovery (39.448909ms)
✔ original campaign stops Dakini Blast casting after its second allocation (152.26928ms)
✔ campaign attack commitment follows living warrior counts on its original turn (190.109104ms)
✔ mission-one Dakini launches its native attack route when Blue enters marker three (120.709304ms)
✔ mission-one Dakini launches its later building attack when Blue overwhelms it (133.21742ms)
✔ mission-one Dakini pursues a fallback shaman by exact command target (31.307448ms)
✔ computer attack exhausts native scans and retreats below its surviving-member threshold (0.453361ms)
✔ computer attack pool exhaustion skips hostile dispatch and retires through native empty scans (67.949282ms)
✔ queued training keeps its selection lock until issuing the order and frees its slot after arrival (0.576375ms)
✔ mission-one red AI queues exact task 6 below one warrior and executes live training (107.19762ms)
✔ mission-one red AI does not reserve a second brave already committed to warrior training (29.076869ms)
✔ external game store publishes edits and restarts without sharing worlds between sessions (219.908317ms)
✔ mission-one victory continuation creates and restarts the recovered mission-two world (215.221916ms)
✔ mission-two Totem route reaches the Tornado guidance and use instruction (999.349314ms)
✔ mission-two enemy marker orders nearby Matak defenders to counterattack (168.292253ms)
✔ game store checkpoints restore an isolated exact world snapshot (89.660214ms)
✔ computer recruitment preserves wrapped-distance ties and native command eligibility (0.565479ms)
✔ group orders share references and release their object only after the final follower leaves (0.595825ms)
✔ AI reservation enters native selection state and releases through the normal person initializer (0.813751ms)
✔ training order startup uses configured speed and preserves only a compatible building occupant (0.772209ms)
✔ native training queue yields to an untrained follower and releases its new head (0.608073ms)
✔ live followers reach rotated native doors before entering buildings (613.157155ms)
✔ building admission preserves native slot order, training activity and shared commands (1.651479ms)
✔ training replaces a whole batch, inherits the first occupant order tail and rolls back partial allocation (1.123707ms)
✔ live mana refunds wait for a pulse and computer training receives only the original first pass (30.501778ms)
✔ follower mana uses native preacher orders, registration and ghost flags before tribe scaling (63.336277ms)
✔ live spell reach follows terrain height and enemy casts require and spend native mana (139.963522ms)
✔ native casting lockout survives animation and computer usage recovers one charge at a time (99.253646ms)
✔ spell targeting preserves native cell allowances and wrapped coordinate seams (93.553409ms)
✔ native spell scans retain slots and Blast scoring avoids friendly concentrations (37.869218ms)
✔ defeat seeds native building collapse and staged damage ejects occupants before removal (81.597059ms)
✔ building display stages follow remaining work and retain separate complete meshes (25.242492ms)
✔ results preserve pending turns, collapse defeated settlements and reject new orders (394.853169ms)
✔ result camera crosses the world seam, releases input and retains native sky timing (8.75273ms)
✔ victory owns persistent native followers, drops cargo and renders a separate paused animation clock (77.504663ms)
✔ live blocked followers retain native detour steering and recovery timers (64.690957ms)
✔ live celebrants obey native walk masks and survive the legacy ground-height cutoff (40.843766ms)
✔ live completed-building footprints relocate and clear on removal (57.471598ms)
✔ live native cell order follows arrivals and removes dead records (46.62143ms)
✔ live cell insertion repairs a stale head left by a removed person (0.35953ms)
✔ dead vehicle passengers release their slots and driver position (32.080089ms)
✔ live native preparation consumes reroutes and completes slow turns and reactions (23.862573ms)
✔ interrupted victory followers resume through native orders and rejoin celebration (25.057578ms)
✔ native idle approach composes with shared state and original resting animation (24.352218ms)
✔ native resting ownership allocates distinct slots and compacts after a follower leaves (27.793375ms)
✔ native route reuse shares ownership and live celebration releases each follower (47.427469ms)
✔ native route construction retries expired failures and stores the original bounded path (24.656395ms)
✔ native path search packs a trimmed route and preserves distinct vehicle retry flags (78.288465ms)
✔ native wrapped route smoothing respects blocked steps and measures retained segments (65.972941ms)
✔ native obstacle solving builds a world-seam detour and rejects a blocked destination (50.37125ms)
✔ native planned routes use the recovered solver and advance shared followers to their goal (41.088604ms)
✔ native boarding checks the first boat and landing requests reserve distinct original search cells (0.994363ms)
✔ live native routes release query ownership, expire failures and walk low shoreline (108.534086ms)
✔ live followers share routes, advance before exact arrival and release every owner (71.91429ms)
✔ hut families are selected once, shared with shapes and retained through upgrades (53.020321ms)
✔ mission-one low population response assigns and releases persistent shaman escorts (105.922044ms)
✔ shaman escort uses native pursuit cadence and strict boundaries (0.509976ms)
✔ Mission 5 Boat worship emits its original one-shot tutorial (208.802633ms)
✔ Mission 5 grants, boards, sails, lands and checkpoints its original Boat (346.809915ms)
✔ Ghost Army casts, spawns native ghosts, accepts orders, vanishes in combat, and follows AI (337.789585ms)
✔ world-view terrain matches captured native mesh order, projection and lighting (153.812572ms)
✔ overview drag/release matches native snapshots and every star-parallax step (1.909166ms)
✔ overview morph timing matches the original complete lifetime snapshots (1.010908ms)
✔ Ctrl starts followers immediately, appends shared waypoints and ordinary click ends the sequence (367.484997ms)
✔ eighth Ctrl click and Alt final click deselect without cancelling issued orders; right-click ends staging (208.498028ms)
✔ queued ground movement preserves every turn, RNG, poses and footprints at 5–240 Hz and irregular frames (998.301124ms)
✔ continued queue allocation failure retains issued orders, and an ordinary replacement releases them (109.726784ms)
✔ an enemy-person order waits behind a waypoint and advances when its target becomes unavailable (307.147734ms)
✔ ground waypoint handoff uses each playable class default initializer (226.198404ms)
✔ ordinary person turns apply native follower and Shaman healing without reviving excluded units (78.472074ms)
✔ live health adapter preserves airborne/state exclusions and combat status flags (44.245699ms)
✔ each original healing model receives exactly one recovered increment on the eighth turn (30.246414ms)
✔ a follower injured by the shipped missing-building release path later heals on an ordinary turn (29.692644ms)
✔ healing follows simulation turns across speed, refresh cadence, irregular frames and pause (568.6418ms)
✔ checkpoint migration preserves the next native healing turn (42.602183ms)
✔ building admission clocks match captured native blocks (5.153747ms)
✔ followers visibly cross the native interior threshold before housing consumes their command (1343.42817ms)
✔ simultaneous arrivals respect hut capacity and cancellation releases the scoped animation and route (196.893378ms)
✔ hut slots remain authoritative through a departure, replacement and birth turn (78.579079ms)
✔ fire interrupts entry without retaining its walking sprites or command record (63.44435ms)
✔ staged entry positions, RNG, admission and sprite clocks are independent of rendered frame rate (356.69829ms)
✔ entry re-plans interrupted steering and releases its source when the hut becomes unavailable (53.810778ms)
✔ scaled native panel and bottom-row digits remain above the modern footer (0.911618ms)
✔ HUD keeps preferred manual sizes and the original nominal auto steps when they fit (0.143906ms)
✔ HUD extraction retains the page client-component directive (0.570297ms)
✔ HUD selection and focus match captured original commands without changing other person fields (9.471688ms)
✔ HUD controls add followers without stealing simulation ownership or replacing marching orders (118.417614ms)
✔ building menu waits through delayed false images before continuing (14.924053ms)
✔ building menu exhausts its existing 30000 ms scope without continuing (169.697753ms)
✔ building menu propagates failed texture acquisition without retrying (10.995175ms)
✔ building hover Mission 1 waits through delayed false images before continuing (12.651852ms)
✔ building hover Mission 1 exhausts its existing 30000 ms scope without continuing (169.231313ms)
✔ building hover Mission 1 propagates failed texture acquisition without retrying (7.590364ms)
✔ building hover Mission 2 waits through delayed false images before continuing (3.391681ms)
✔ building hover Mission 2 exhausts its existing 30000 ms scope without continuing (136.142261ms)
✔ building hover Mission 2 propagates failed texture acquisition without retrying (2.916628ms)
✔ worship Tutorial waits through delayed false images before continuing (2.99143ms)
✔ worship Tutorial exhausts its existing 30000 ms scope without continuing (129.40055ms)
✔ worship Tutorial propagates failed texture acquisition without retrying (15.27479ms)
✔ worship Mission 1 waits through delayed false images before continuing (3.041956ms)
✔ worship Mission 1 exhausts its existing 20000 ms scope without continuing (67.289132ms)
✔ worship Mission 1 propagates failed texture acquisition without retrying (1.17266ms)
✔ repeated helper calls acquire the replacement document image (1.65229ms)
✔ only literal true permits readiness, never a truthy observation value (0.323796ms)
✔ late true is rejected after the awaited read settles, without another observation (1.714774ms)
✔ the last pause fits the deadline and no read starts after it (1.246201ms)
✔ invalid wait bounds fail before reading (0.382414ms)
✔ shaman health fill follows native integer bounds and absent/overfull cases (8.276625ms)
✔ HUD atlas metadata matches the PNG and contains every imported sprite (3.974386ms)
✔ portrait backgrounds and shadow-free directional layers match native captures (3.014756ms)
✔ tooltip bitmap placement and wrapping match the original desktop controller (53.057958ms)
✔ mana production stripes follow native rates, warning bands and controller modes (10.95147ms)
✔ live mana estimation uses the simulation clock and follows charging toggles (162.909653ms)
✔ follower counts, icon placement and housing fill match native HUD controllers (8.911918ms)
✔ population readouts exclude dead followers and reserve the shaman allowance (37.400384ms)
✔ hut birth clocks and destinations match captured original calls (2.230028ms)
✔ live newborns leave the hut and keep native birth feedback and gates (95.709084ms)
✔ hut smoke uses descriptor attachment slots, independently of resident capacity (1.520913ms)
✔ hut occupancy producer samples real occupancy every 32 building turns (0.288634ms)
✔ partial root uses the native 16-visit visible lifetime and restart draw (0.160831ms)
✔ full root is persistent and does not invent the unresolved child-puff phase (0.127231ms)
✔ all supported residential hut capacities switch partial to full at their native capacity (0.24024ms)
✔ visual frames stay on the recovered 16-frame sequences (0.138679ms)
✔ immediate occupancy events preserve capacity, phase and same-mode root identity (0.82613ms)
✔ drain elapsed old-root visits before an off-phase event without backdating the new root (0.735855ms)
✔ listeners are transient, identity-scoped and released through material disposal (0.495453ms)
✔ multiple presentation consumers unsubscribe independently without resetting each other (0.176525ms)
✔ live command8 owner publishes authoritative entry/removal for Hut level 1 (188.722853ms)
✔ live command8 owner publishes authoritative entry/removal for Hut level 2 (114.163177ms)
✔ live command8 owner publishes authoritative entry/removal for Hut level 3 (61.070596ms)
✔ ordinary Mission2 admission includes the new smoke root in that turn’s effect visit (4554.377411ms)
✔ pre-building occupancy removal receives one first visit, including counter wrap (161.187631ms)
✔ out-of-turn allocation survives pause; commands while paused remain rejected (232.306468ms)
✔ new-root completion is identity-scoped and one-shot for same-turn transitions (0.170176ms)
✔ batched turns and repeated rendering preserve the native first lifetime (201.270956ms)
✔ turn completion callbacks are clock-specific and are discarded on a failed turn (36.874076ms)
✔ hut maturity and cell timber match captured original calls (2.309938ms)
✔ residents fetch and stage timber before their hut upgrades (441.626ms)
✔ Hypnotise uses the native footprint, temporary ownership, expiry, and AI target path (326.028317ms)
✔ Invisibility marks the native six, does not refresh, and reveals on time or combat (93.353997ms)
✔ player and computer casts share Invisibility application and old saves migrate (188.591821ms)
✔ complete Land Bridge lifetimes match native terrain, ordered trails and notifications (530.60203ms)
✔ live bridge terrain and particle cleanup are identical across refresh rates and stalls (2452.36185ms)
✔ ordinary Mission1–3 startup uses native terrain, authored gates and real conversion (479.442928ms)
✔ native opening excludes Shaman selection, without inventing a casting restriction (89.819531ms)
✔ checkpoint restore resumes every opening stage without replaying terrain/conversion (1492.923475ms)
✔ restart gets one fresh sequence; repeated flyby skip does not replay it (357.319833ms)
✔ only carrier-created stones are obstacles, while legacy sites keep their reservations (55.457825ms)
✔ opening wave, conversion and stone cues preload their existing original samples (10.379422ms)
✔ permitted opening casts enter native state22 and resume command18 without a stuck controller (801.531634ms)
✔ fresh-load camera follows native cell-edge/center snapping and angle retention (0.434422ms)
✔ the command18 completion turn owns exactly one native person visit (236.512061ms)
✔ permitted state22 interruption and completion retain one counter increment per turn (303.860401ms)
✔ replacement player orders cancel startup before its counter write (149.688033ms)
✔ only the linked neutral startup conversion flash follows its replacement Brave (173.47712ms)
✔ a missing converted Brave does not retarget its flash or shorten the native expiry (82.606908ms)
✔ an invalidated command18 is consumed by the ordinary queue without completing the site (57.355201ms)
✔ original Lightning target gates, inclusive cap, attacker and electrocution phases (5.223662ms)
✔ live Lightning retains victims, displays native shock sprites, scatters survivors and cleans up (229.022508ms)
✔ Lightning outcomes and turn-by-turn poses are independent of rendering cadence (374.178056ms)
✔ live marching uses shared commands, original poses, separate slots and releases interruption/death/arrival ownership (435.538697ms)
✔ marching and resting preserve mechanics, footprints and sprite frames at 5–240 Hz and irregular frames (927.805072ms)
✔ exhausted command pool preserves the previous movement and group ownership (121.593627ms)
✔ panic retains the real movement command and resumes its route after recovery (131.837997ms)
✔ obstacle recovery replans the owned group order and settles identically at 5–240 Hz (1423.759994ms)
✔ shared ground motion advances a retained route once before any state controller (93.778566ms)
✔ native432260 empty current slot returns before building live order context (29.777293ms)
✔ live worship shares an order, occupies exact slots, prays, earns gifts and releases interrupted/dead members (502.180849ms)
✔ live head rewards, displayed standing roster and group selection retain their distinct native rules (223.553207ms)
✔ worship motion, prayer frames, pose RNG and rewards are identical at 5–240 Hz and irregular frames (1086.164382ms)
✔ an unreachable head preserves the existing command without entering an unported retry state (84.415372ms)
✔ Ctrl waypoints finish at a stone head without replacing the current route or person (129.039449ms)
✔ training replacements inherit a queued stone-head order and perform the original prayer (97.313143ms)
✔ queued worship preserves turns, poses, RNG and rewards at 5–240 Hz and irregular frames (744.96414ms)
✔ local launch preserves sandbox and removes all unsafe Playwright defaults (1.602546ms)
✔ CLI accepts separate game root, owned output, browser and bounded settings (0.211718ms)
✔ CLI rejects unknown flags, missing values and unbounded inputs (0.242744ms)
✔ source fingerprint catches dirty tracked and untracked byte drift with unchanged porcelain (150.140876ms)
✔ active scenario completing during timeout diagnostics cannot turn failure into pass (114.943927ms)
✔ active scenario completing during interrupt diagnostics cannot turn failure into pass (16.051318ms)
✔ marching geometry, recruitment, cleanup, speed and poses replay complete original calls (69.290408ms)
✔ native movement completion preserves payload, seam and vehicle boundaries and four-turn cadence (10.243148ms)
✔ marching cleanup tolerates a member whose native record was already released (6.802473ms)
✔ outdoor and building encounter calls match captured original fields, timing, RNG and sound (19.711312ms)
✔ all playable encounter pairs show the opening strike, physical stagger and defender-centered fight (448.033373ms)
✔ encounters and their animations stay deterministic across render schedules (245.09297ms)
✔ the native skip-intro flag and player cancellation do not leave stuck encounters (64.53221ms)
✔ an encounter releases cleanly when an airborne participant returns to ordinary motion (31.652239ms)
✔ live fights refresh the first native player alert each object turn (85.070473ms)
✔ simulation owns quiet, attack and battle music activity across pause and cancellation (31.648733ms)
✔ native fight admission, replacement and splitting retain original slots, flags and RNG (8.044127ms)
✔ stronger reinforcements replace the first weaker ally and preserve a three-person tribe limit (157.908893ms)
✔ two-sided reinforcements split the last fighter of each tribe into a new live fight (83.543861ms)
✔ reinforced group motion and combat remain identical at every render cadence (352.918214ms)
✔ center changes preserve original membership slots for subsequent splits (34.125732ms)
✔ pursuit refresh uses the original inclusive axis threshold and signed coordinates (1.013471ms)
✔ live pursuit updates before reaching the old destination and reuses unchanged routes (335.614833ms)
✔ automatic engagement uses equal tribe ranges, whole cells and original scan cadence (50.480154ms)
✔ native inhibition and pending scans apply without giving idle shamans automatic attacks (22.494891ms)
✔ live move orders cross nearby enemies without the old distance interruption (36.193046ms)
✔ idle followers of either tribe pursue detected enemies at every render cadence (461.391066ms)
✔ group attacks hit busy opponents without restarting their action or facing (4952.616577ms)
✔ Magical Shield does not block native mode-one melee damage (36.625936ms)
✔ opportunistic reach is measured from the opponent slot with an exclusive 360-unit boundary (239.73372ms)
✔ group combat stays deterministic across render schedules and yields to player orders (385.263647ms)
✔ knockback waits for terrain physics to settle and preserves cell ownership (130.530492ms)
✔ hits during knockback survive physics and player orders do not teleport the person (65.8077ms)
✔ sliding recoil, native animation and recovery are independent of render cadence (350.339029ms)
✔ shamans and the native game flag suppress ordinary attack knockback (265.122362ms)
✔ fight sites use the native 32-turn search and retain groups when no site is available (35.538501ms)
✔ fight sites leave original building footprints even between periodic search visits (65.137474ms)
✔ sequential fight searches avoid other fight centers and release exhausted searches (1.057478ms)
✔ live groups relocate sequentially without sharing another fight center (58.601943ms)
✔ native approach reaches its slot from every direction and waits one turn to chase a moved slot (492.064126ms)
✔ approach uses native cell collision and preserves the person across attack, recoil and new orders (43.833122ms)
✔ approach, native animation and subsequent combat stay identical across frame rates (222.747067ms)
✔ native descriptor threshold chooses exact small and large corner dimensions (1.232039ms)
✔ 1x frame overlaps native corners in a 100x96 rectangle, bottom corners last (4.026415ms)
✔ 2x and partial tiles retain exact 1:1 corner/edge pixels and a transparent center (32.330778ms)
✔ frame is a separate overlay and does not change terrain, markers or click ownership (0.661202ms)
✔ minimap pixels, camera wrapping, rotated UVs and markers match native captures (149.163244ms)
✔ Mission 10 runs its first Totem deadline and second Totem Erosion sequence (13105.796168ms)
✔ Mission 11 opens with both enemy tribes and four original knowledge sites (129.008987ms)
✔ Mission 11 opponents build their first settlement and scripted BUILD_AT tower on native cadence (6239.49044ms)
✔ Mission 12 opens with all three enemy tribes and original knowledge (81.200118ms)
✔ Mission 12 starts its original turn-7 flyby once (112.541497ms)
✔ Mission 12 opponents request their first Guard Towers on native cadence (215.180654ms)
✔ Mission 12 opening remains deterministic through checkpoint migration (841.008913ms)
✔ Mission 13 opens with both enemy tribes and original knowledge (97.783392ms)
✔ Mission 13 starts its original Yellow turn-6 flyby once (166.669149ms)
✔ Mission 13 Balloon Hut knowledge is visible before construction (224.544184ms)
✔ Mission 13 Land Bridge uses native surface categories at low shore (37.708859ms)
✔ Mission 13 Balloon Hut repeatedly produces occupied airborne transport (462.957877ms)
✔ Mission 13 opening remains deterministic through checkpoint migration (296.682339ms)
✔ Mission 14 delivers both linked gifts and a castable Angel through shipped paths (554.313169ms)
✔ Mission 15 ordinary Prison attack frees the captive and cancels the timer (243.713868ms)
✔ Mission 15 timer expiry locks input and kills the captive with enemy Lightning (137.669114ms)
✔ Mission 15 expiry stays latched if the Prison falls before Lightning lands (121.840972ms)
✔ Mission 15 captive Lightning branch requires an enemy caster, not the Prison cell (63.790477ms)
✔ Mission 16 worship grants Bloodlust and live combat consumes its status (323.647248ms)
✔ old checkpoints default Bloodlust stock without disturbing their world (62.279674ms)
✔ Mission 17 grants Armageddon and stages the native arena through the live cast path (1094.334204ms)
✔ Armageddon uses generic victory and defeat outcomes and restores control (1014.432284ms)
✔ Mission 18 loads its authored tribes and grants Armageddon and both Volcano rewards (3172.011565ms)
✔ Mission 18 starts its authored Red marker patrol through normal AI orders (174.122885ms)
✔ Mission 18 Armageddon restores its arena checkpoint and reaches both result directions (2615.548928ms)
✔ Mission 19 loads its authored objective and grants all three worship rewards (1323.040239ms)
✔ Mission 19 Teleport spends only accepted stock and resumes identically from a checkpoint (256.008171ms)
✔ Mission 19 warns once and gives Chumara loss priority over Dakini defeat (561.307241ms)
✔ Mission 2 naturally earns Matak kills and launches the organized raid (2783.217782ms)
✔ Mission 2 checkpoints retain kill ownership from the old red slot (88.515661ms)
✔ Mission 2 camp targeting takes the first model match without RNG (52.274214ms)
✔ Mission 2 producer matches native base, loss, capacity and resource boundary cases (481.403725ms)
✔ Mission 2 naturally establishes a new home Tower base and preserves phase3 checkpoint continuation (1247.370568ms)
✔ Mission 2 rebuilds after a real player army destroys both Towers, retaining its first construction base (7709.48975ms)
✔ Mission 2 explicitly trains replacement Warriors after natural combat despite zero producer preferences (6121.465561ms)
✔ Mission 20 loads its authored opening and four-stage linked chain (109.243547ms)
✔ Mission 20 worship consumes each head once and restores the live chain (2445.390731ms)
✔ Mission 21 loads its authored opening and first fault state (79.712909ms)
✔ Mission 21 converts worshippers and seals the first fault across a checkpoint (4193.626564ms)
✔ Mission 21 checkpoints one unsealed first-fault eruption without replay (3728.950358ms)
✔ Mission 22 opens with its solo Shaman, native heads, tribes and transport (115.874603ms)
✔ Mission 22 mode-3 head rejects an injected Brave supporting fixture (142.057036ms)
✔ Mission 22 nearby head is a one-shot presentation with no gameplay reward (211.674602ms)
✔ Mission 22 southern head delivers its delayed 600,000 mana gift after real worship (8437.906084ms)
✔ Mission 22 Shaman can steal, checkpoint and sail the authored enemy Boat (1916.017882ms)
✔ Mission 22 Shaman can claim the authored Balloon and complete the northern mana route (8831.139214ms)
✔ Mission 23 loads its authored tribes, Wildmen and worship chain (82.373524ms)
✔ Mission 23 enemy tribes grow their native settlements and populations (15130.374659ms)
✔ Mission 23 unlocks and repeats the native zero-mana gift through ordinary worship (966.123108ms)
✔ Convert Wild allocation gates state and duplicates without cancelling existing work (1.610727ms)
✔ Convert Wild target retains density, wrap, tie, inclusive radius and list-centroid rules (0.494832ms)
✔ Convert Wild standability preserves initial target and tries only the first24 spiral positions (0.418338ms)
✔ Mission3 active type2 advances after allocation state is switched off (115.260908ms)
✔ type2 timeout clears motion before a blocked state transition and then frees the task (54.448249ms)
✔ type2 reads the active fight person even when its attack animation has no presentation source (24.239738ms)
✔ Convert Wild region lookup normalizes signed browser-native positions to unsigned words (0.175354ms)
✔ type2 casting preserves the real person flags2 readiness gate (23.104172ms)
✔ explicit flight person receives the allocation-safe return order without restarting its state (24.29517ms)
✔ explicit flight return preserves the complete world on order allocation exhaustion (32.10201ms)
✔ cast-ready flight-owned Shaman receives the type2 post-cast return on the same person (33.300929ms)
✔ type2 range reads actual signed person height rather than terrain beneath it (31.594808ms)
ℹ {"terrainHeight":146,"personHeight":896,"terrainRange":14,"personRange":24}
✔ Mission3 Chumara moves, spends its original shot and mana, then stops allocating at the population cutoff (1789.537421ms)
✔ Mission3 keeps idle follow-ups and area-summary automatic training unreachable (90.86353ms)
✔ ordinary Mission3 allocates a real pre-table response before ordinary production (300.785129ms)
✔ defense allocation preserves native caps, immediate empty-area cleanup and recycled scratch (0.750437ms)
✔ active defense suppression uses strict squared26 and wrapped cell distance (0.185278ms)
✔ native defense no-force fallback is a finite seven-visit lifecycle (0.57978ms)
✔ defense cleanup clears only matching assignment and native flag bits while preserving another lock (46.678822ms)
✔ lost early defense targets are invalidated before a different task dispatch (26.020872ms)
✔ defense Blast uses signed active-person height for native and flight-owned Shamans (110.22882ms)
✔ defense Blast reads active native, flight and non-presented fight positions in both range directions (237.622013ms)
✔ defense target collection preserves category caps, rejection rules and the omitted last spiral cell (1.163086ms)
✔ ordinary Mission3 intrusion produces a real type8 fallback, cleanup, repeat and checkpoint continuation (1207.808249ms)
✔ ordinary Temple acquisition and Preacher intrusion recruit a real Chumara defender with orders and movement (2214.449522ms)
✔ Mission 3 naturally trains a Blue Preacher, converts an authored Brave and resumes its mid-conversion checkpoint (3275.797297ms)
✔ a real movement command cancels the naturally acquired Blue sermon without converting its listener (1510.874791ms)
✔ natural Mission 3 conversion follows elapsed game time across display schedules (3137.106112ms)
✔ Mission 3 opens through original Chumara, Swarm, Temple and Erosion paths (2271.442357ms)
✔ single Preacher selector preserves native first-near/band order and strict distance boundaries (2.231038ms)
✔ single-person strict19 boundary, wrap, mode0 and invalid mode match native cases (0.363075ms)
✔ type11 waits for selection ownership and cancellation safely releases state14 and slot (59.810277ms)
✔ duplicate raw payload and failed allocator preserve native selection side effects (36.5725ms)
✔ Preacher allocator preserves native five-slot/state/signed-count boundaries (0.391317ms)
✔ 1103 replacement preserves all person/order state on allocation exhaustion (44.538556ms)
✔ natural Chumara training reaches marker3 Preacher task, checkpoint phases and movement (2239.882965ms)
✔ complete128-turn block preserves strict gates, command ordering and message lifetime (0.782524ms)
✔ 1103 retargets only active order30 in native state10/33 without restarting state (208.10049ms)
✔ cancelled blocked-state Preacher resets motion before the native state gate (27.568807ms)
✔ Mission 3 warns once when a naturally trained Chumara Preacher starts converting a Blue Brave (4044.465215ms)
✔ Mission 3 starts its original recurring-script flyby through ordinary turns (1731.016072ms)
✔ Mission 3 Chumara builds its settlement and trains its first Preacher (1572.145214ms)
✔ Mission 4 starts its original opening flyby once through ordinary turns (802.197021ms)
✔ Mission 4 teaches training and attack from its original live conditions once (98.465843ms)
✔ Mission 4 converts Wildmen, discovers the Guard Tower, and defeats the Matak (6386.424103ms)
✔ Mission 5 Angel head delivers its linked hostile summon through live worship (321.801047ms)
✔ Mission 5 checkpoint migration upgrades an explicit mode-5 legacy Angel without changing gameplay state (76.784838ms)
✔ Mission 5 checkpoint migration recovers an absent authored mode before upgrading the Angel model (33.649487ms)
✔ Mission 5 checkpoint migration adds only the previously omitted Angel head (71.948821ms)
✔ Mission 5 imports its linked Boat template from the verified native coordinates (1.35991ms)
✔ Mission 5 runs its imported opening flyby once through ordinary turns (1514.606902ms)
✔ Mission 5 launches its original ordinary raid when the player reaches the Angel head (376.404558ms)
✔ Mission 5 launches its surviving Dakini at the player Shaman (91.325879ms)
✔ Mission 5 staffs its original Dakini tower with a Preacher (160.535049ms)
✔ Mission 6 keeps both original opponents distinct through outcome and checkpoints (399.76185ms)
✔ Mission 6 credits each opponent attack task independently (68.700006ms)
✔ Mission 6 low-population survivors counterattack the player Shaman (202.31975ms)
✔ Mission 6 Chumara trains Preachers and launches its first mixed raid (16644.3059ms)
✔ Mission 6 opponents expand and Matak launches its first Warrior raid (17172.985445ms)
✔ Mission 6 ATTACK snapshots the native three-spell payload and keeps old tasks compatible (0.806459ms)
✔ type-20 sixth ATTACK quota selects exactly the tribe Shaman outside the generic selector (0.27998ms)
✔ Mission 6 first Matak ATTACK retains source-derived Land Bridge, Lightning, Blast order (15128.872666ms)
✔ Mission 6 phase-6 task Shaman uses native payment, eligibility, usage and range gates (130.607441ms)
✔ Mission 6 phase-6 task spell uses task target outside Shaman states 25/29 (68.787593ms)
✔ Mission 7 converts Wildmen and grants Invisibility through its original head (729.355846ms)
✔ Mission8 natural acceptance starts from the shipped seven-person Blue and eleven-person Red roster (85.789492ms)
✔ Mission8 attack staging is a land order for the original party, not a transport or worship prerequisite (62.364919ms)
✔ shared ground → training → destination queues retain identities until conversion and inherit the original tail (633.162557ms)
✔ shared ground → construction → destination queues retain identity and resume after the crew leaves (113.381979ms)
✔ cancelled, invalid, removed and dead queued builders release command-6 ownership exactly once (370.22204ms)
✔ a waypoint added while trainees are inside preserves occupancy; ordinary hut admission consumes the complete queue (439.792313ms)
✔ unavailable or cancelled buildings advance to the next order; replacement and death release shared references (342.051266ms)
✔ mixed movement, training, inherited orders, RNG and footprints match from 5 to 240 Hz and irregular frames (782.342616ms)
✔ building order preparation matches complete original CPU calls (0.727621ms)
✔ reinforcements and new encounters retain the same person and resume ground, building and worship orders (768.905647ms)
✔ replacing or killing a reinforcement releases every retained command reference (184.061496ms)
✔ a displaced fighter retains its queue and a split keeps both followers’ original records (199.15812ms)
✔ combat interruption and resumed orders preserve simulation and poses across render rates (538.835559ms)
✔ combat removes a waiting trainee from its physical line while retaining its training order (72.814708ms)
✔ native model wave uses half, quarter, eighth strength then resets (1.495022ms)
✔ live waves retain first-hit deformation on resource scenery (80.871414ms)
✔ move input eligibility matches native category, strict-land and quarter-mask captures (7.213517ms)
✔ blocked move clicks preserve the whole selected group, shared orders, markers and RNG (145.057529ms)
✔ Markdown sections retain ancestry, repetitions, CRLF boundaries, and ignore fenced headings (3.39484ms)
✔ manifest validation accepts reviewed data and rejects duplicate IDs, missing paths, invalid parity references, and unsafe paths (68.261877ms)
✔ index is deterministic, clean without a cache, ignored when written, and regenerates after source changes (87.25137ms)
✔ index and context reject an indexed source symlink that escapes the repository (46.660546ms)
✔ repository validation requires one current top-level execution-order heading (38.846369ms)
✔ context returns bounded provenance, limitations, checks, and visible source truncation (58.628061ms)
✔ context output saves current JSON and rejects silent option mistakes (79.656447ms)
✔ preparation is independent of retired local status state (58.359378ms)
✔ native research packets grant only a contract-allowed ignored scratch directory (110.457898ms)
✔ role context carries a validated bounded assignment and explicit overflow (189.056114ms)
✔ reviewer context fingerprints the actual dirty, renamed, deleted, and untracked inputs (70.379922ms)
✔ real mapped evidence excerpts retain their material performance boundaries (2557.838923ms)
✔ Shaman appearance context keeps its complete checks and evidence within the default budget (1013.468446ms)
✔ Followers task context retains complete checks without bloating selection context (496.09483ms)
✔ plan handles cross-cutting edits, renames, deletions, untracked and unsafe inputs without executing checks (96.284545ms)
✔ audit distinguishes baseline edits and reports out-of-scope, generated, input, untracked, and stale verification changes (181.16444ms)
✔ audit reports a pre-existing baseline change that disappears (106.096198ms)
✔ audit requires exactly one result for every required check (99.307238ms)
✔ blocked verification cannot masquerade as passing and passed results require evidence (110.058554ms)
✔ game server rejects an invalid isolated port (0.822904ms)
✔ preparation captures real baseline and hashes, validates intent, and refuses overwrite (251.866281ms)
✔ verification persists completed checks across interruption and replaces old passes at startup (105.676829ms)
✔ verification replaces a required receipt invalidated by a changed check definition (109.775014ms)
✔ reviewed aggregate coverage executes once, fingerprints covered inputs, and fails closed on script drift (264.68038ms)
✔ orchestration-tests receipts become stale when worker configuration changes (187.801017ms)
✔ repository-check receipts become stale when worker configuration changes (223.883526ms)
✔ verification runs only safe contract checks, records blocking, and detects mutations (511.745361ms)
✔ ephemeral default stays opt-in; persistent launch keeps sandbox and explicit data-dir (2.660099ms)
✔ unknown personal, noncanonical, existing unmarked and symlink directories fail before adoption (24.262ms)
✔ symlink ancestor and evidence overlap are rejected (10.168973ms)
✔ an output symlink cannot alias profile data before preflight creates logs (20.931672ms)
✔ exclusive live and unknown locks are never recovered, and failed cleanup keeps ownership (24.635741ms)
✔ normal terminal cleanup retains checkpoint identity across a new exclusive run (25.106997ms)
✔ source/runtime/origin drift cannot silently adopt a game save (47.764221ms)
✔ symlinked source bytes and external or ignored scenarios cannot bypass input binding (24.134218ms)
✔ checker-only correspondence must bind prior run and both exact source identities (30.839473ms)
✔ unverified source and changed terminal ownership remain blocked (19.385638ms)
✔ lease refuses a replaced lock and leaves that owner untouched (15.426031ms)
✔ leftover Chromium ownership and replaced data directory block reuse (21.971345ms)
✔ committed readback is readonly, awaits completion, and hashes typed arrays/Map/Set contents (110.230597ms)
THREE.InterleavedBufferAttribute.clone(): Cloning an interleaved buffer attribute will de-interleave buffer data.
✔ painter centers retain precision and follow position replacement and updates (2.474851ms)
✔ construction caps replace face modes and hidden picking faces emit no material (1.278928ms)
✔ cell render order matches native mixed passes and retained arrival order (65.421938ms)
✔ cell traversal preserves live ordering when a stale chain entry is encountered (0.576214ms)
✔ mixed polygon buckets, reverse insertion ties and raster depths match native captures (1.842934ms)
✔ completed models reject native rear faces and shared side/bottom outcodes (0.355443ms)
THREE.InterleavedBufferAttribute.clone(): Cloning an interleaved buffer attribute will de-interleave buffer data.
✔ shared painter vertices follow attribute edits, splits and replacement (3.115782ms)
✔ native grid mapping matches exact XYZ mapping and rejects split heights or irregular coordinates (0.389144ms)
Unrecorded ledger change: run parity:record with a note
✔ parity credits verified scope only and rejects misleading or untraceable assessments (47.387726ms)
✔ report-only rendering refuses unrecorded parity progress (162.802663ms)
✔ verified requirements advance a fixed checkpoint share without hiding unknown scope (14.154975ms)
✔ assessments expose small gains and regressions without crediting scope revisions (43.099567ms)
✔ browser supervisor verifies cleanup after a missing checker dependency (322.278756ms)
✔ browser supervisor does not start the checker while the server port refuses connections (1177.74312ms)
✔ browser supervisor verifies cleanup after a checker exception (278.852851ms)
✔ browser supervisor classifies server spawn failure and verifies empty cleanup (9.852344ms)
✔ browser supervisor stops the checker when the ready server exits (684.23727ms)
✔ browser supervisor SIGTERM includes a detached checker descendant (941.692139ms)
✔ concurrent submitters and controllers preserve FIFO without overlap (1634.762774ms)
✔ failed and timed-out jobs release before automatic next job (1847.271072ms)
✔ cancel running and queued jobs without running queued command (1184.651243ms)
✔ missing cleanup blocks handoff, recovery requires a fresh matching receipt (1227.524394ms)
✔ live detached child prevents next test and is never killed by the queue (1166.128553ms)
✔ controller crash retains lock; recovery refuses live owner or job (1458.498603ms)
✔ foreign or missing execution scope cannot prove a controller stopped or authorize recovery (692.555279ms)
✔ legacy active jobs remain unknown even with no controller lock (573.191119ms)
✔ paused submissions start no transient controller before recovery (788.433381ms)
✔ source drift and busy ports block commands without touching existing server (605.365313ms)
✔ all linked worktrees resolve the same queue; invalid specs never launch (403.95986ms)
✔ submission preserves PATH under an ESM temp parent and returns one compact result (1488.6427ms)
✔ concurrent identical retries share one unfinished job; completed work can run again (1513.71509ms)
✔ run exposes a recovery ID before caller interruption; retry keeps the running job (937.552511ms)
✔ person panels preserve native command traversal, health and original draw submissions (5.253742ms)
✔ person-panel lifetime matches native refresh and remains independent of render rate (1.955868ms)
✔ order focus matches native targets and follows the displayed queue record (0.585952ms)
✔ destination marker preserves native attachment, frames and lifetime at every render rate (442.548968ms)
✔ panic and personal fire trails retain original timer, sound, anchor and allocation decisions (12.056177ms)
✔ burning huts eject running followers with distinct panic and trail lifetimes in all orientations (730.270635ms)
✔ panic motion, animation and fire trails are independent of presentation frame rate (314.088744ms)
✔ native building flames traverse matching cells in order, including repeated sockets and failed allocations (27.293206ms)
✔ live flame-cell adapter preserves protected followers, immunity, tribe and hidden occupants (25.612564ms)
✔ real Lightning ignition reaches nearby surviving followers before occupant evacuation (30.067148ms)
✔ ordinary clicks replace only new selections; Ctrl toggles and blocked clicks preserve the group (1.353711ms)
✔ selection never creates a simulation owner or interrupts existing group orders (170.004976ms)
✔ all native single/group selection voices and pointer acknowledgements are ready before audio activation (9.354847ms)
✔ worship placement preserves native two-pass search, occupancy, route order and failure flags (17.084246ms)
✔ worship command preserves native approach, prayer, retry and presentation RNG decisions (5.321185ms)
✔ ordinary stone-head visits expire the standing-slot cursor at the native byte timer (6.086373ms)
✔ construction-plan entrances, approach and timed attack sequences match native execution (27.7092ms)
✔ player append matches native shared references, cursor wrap, full queues, eligibility and pool exhaustion (24.754055ms)
✔ ground, building and forced-final worship modifiers and eighth-order deselection match complete native player packets (1.083225ms)
✔ replacement preserves prior orders when the shared pool is full (0.597757ms)
✔ sprite pointer brackets match native palette, two/four-layer geometry and unsigned animation wrap (7.711282ms)
✔ native conversion delay uses the recovered 200/3 timing basis (1.387963ms)
✔ a full order pool does not stop a moving Preacher without attaching its sermon (74.743199ms)
✔ inside command 31 binds its building and uses the native five-cell sermon radius (63.001569ms)
✔ conversion moves a newborn outside a building footprint before centering it (40.073023ms)
✔ sermon poses preserve native multi-turn RNG timing (24.544301ms)
✔ an idle preacher sermons, converts by replacement, and releases listeners on a new order (276.656038ms)
✔ preacher conversion is independent of display refresh rate (350.94425ms)
✔ queued command 31 rewrites to friendly building entry or ground movement (48.752997ms)
✔ live active preaching reaches emergency Blast priority (95.396209ms)
✔ live active preaching reaches emergency Swarm fallback (48.848042ms)
✔ live active preaching reaches emergency Lightning fallback (37.197315ms)
✔ emergency preaching response excludes no active assignment (38.350865ms)
✔ emergency preaching response excludes no live person record (56.573325ms)
✔ emergency preaching response excludes same tribe (45.955989ms)
✔ emergency preaching response excludes allied tribe (39.680033ms)
✔ emergency preaching response excludes invisible preacher (26.813125ms)
✔ emergency preaching response excludes caster cooldown (27.723744ms)
✔ emergency preaching response excludes no ready spell entry (26.366613ms)
✔ emergency preaching response excludes paused target scan (25.469235ms)
✔ emergency preaching response excludes no spell payment (26.241558ms)
✔ emergency preaching response excludes stored Lightning below its mana cost (25.289509ms)
✔ the independent enemy-Shaman response still spends stored Lightning without mana (26.023656ms)
✔ failed allocation consumes the sole producer opportunity before a later spawn (87.630966ms)
✔ busy rejection consumes allocation identity but preserves the active wave and saved site (35.190336ms)
✔ site height follows native ground-then-quantize arithmetic (132.545733ms)
✔ mode2 uses native eligibility, panic, descriptor damage and RNG without Swarm filters (556.141482ms)
✔ protected transitions retain repeated native cell hits and consume no panic RNG (32.64722ms)
✔ a wave removes an older in-cell Swamp before it can process in the same turn (47.51663ms)
✔ mode2 cleanup keeps an outside Swamp and the next enemy receives panic (36.070942ms)
✔ ordinary death produces a next-turn wave that outlives successful respawn (260.840207ms)
✔ checkpoints preserve mode2 identity, sites, orbits, terrain and RNG without replay (398.972168ms)
✔ mode2 interrupts the real encounter owner while retaining its person and order queue (52.323786ms)
✔ ordinary Boat and Balloon boarding retain seats and deselect passengers under mode2 panic (139.681379ms)
✔ panic transfers a live building-entry queue and resumes it after expiry (85.437765ms)
✔ ordinary groups settle into native rings, compact on departure and retain status through new orders (757.624991ms)
✔ group resting positions, facing, gestures and footprints agree at 5–240 Hz and irregular frames (677.728106ms)
✔ exhausted resting search waits and retries its original anchor through state 10 (53.613929ms)
✔ route probes preserve native building, coast and vehicle endpoint correction (18.052942ms)
✔ failed-route initialization and retries match native fields, timing and ordered consumers (6.778692ms)
✔ disconnected groups stop, retain shared attack/waypoint orders, retry and resume after land connects (264.451776ms)
✔ route-failure notice keeps the original text and retriggers without tutorial history (70.675777ms)
✔ new orders and death release blocked commands; shaman failures use their own original voice (197.447193ms)
✔ blocked groups retry on simulation counters, with identical recovery and combat at 5–240 Hz (1000.2762ms)
✔ blocked building-entry owners resume the same person and finish ordinary admission (76.73351ms)
✔ real command8 full occupancy emits an original-frame child without scene-owned RNG (673.921094ms)
✔ equal elapsed turns preserve secondary state across frame schedules with no bolt draws (173.166315ms)
✔ legacy missing-history roots bootstrap on first render without inventing past visits (155.793465ms)
✔ full roots copy the allocation byte and defer newly prepended children (1.823022ms)
✔ all byte phases and low-five-bit outcomes use the proved root gate (89.366019ms)
✔ actual UI reservations participate in inclusive gates after the root RNG draw (0.498439ms)
✔ marker expiry and child allocation share the same newest-first traversal (0.36605ms)
✔ children keep their own sixteen visits after the root is removed (0.496617ms)
✔ native free-list reuse and checkpoint reconstruction preserve physical slot ownership (0.510367ms)
✔ panel and preview reservations are derived from live adapter owners (1.141297ms)
✔ legacy marker overflow cannot leave ownerless immortal effects after restore (2.113308ms)
✔ browser capture retains the same live puff across ordinary Pause latency (2.174191ms)
✔ selection terrain mesh matches the executable with documented seven-point fan repairs (615.900853ms)
✔ selection fill/edges/corners retain native visibility, depth, UV and shared-corner ownership (14.891197ms)
✔ Shaman import preserves every prior frame, piece and animation entry (46.378458ms)
✔ actual tribe selects every native Shaman source and eight original directions (1.913118ms)
✔ Shaman idle artwork uses all four distinct original body pieces (0.16617ms)
✔ reincarnation distinguishes tribe bodies from shared spirit sources and layer owners (0.227672ms)
✔ shipped live and effect renderers consume the Shaman selector without changing generic mechanics (0.476046ms)
✔ all 3276 previous occupied sprite rectangles retain their reviewed RGBA (129.165018ms)
✔ real Mission 23 Shaman identity and death heading survive checkpoint reconstruction (682.549024ms)
✔ first and second actual presentation visits display 0 then 1, not 1 then 2 (623.516402ms)
✔ normal processed phases reset, loop independently of simulation, then freeze and hide (247.869363ms)
✔ new checkpoints retain shown/next frames; legacy checkpoints start at a bounded deterministic frame (57.193931ms)
✔ pause and native land-pause freeze the latch as well as the counter (10.588105ms)
✔ render schedules and effect-only animation cannot change gameplay, either RNG or respawn (3006.460077ms)
✔ ordinary combat death finishes existing wait and respawn without a duplicate effect (226.673777ms)
✔ ordinary Shaman phase1 follows both rising and lowering death-site ground (661.605426ms)
✔ the last processed phase1 sample survives checkpoint, transition and rise (134.549866ms)
✔ phase0 retains the death height until the first processed phase1 visit (12.29758ms)
✔ a direct drowning-entry fixture rises from its initial height without phase1 resampling (6.547798ms)
✔ model-12 rise freezes the last original spirit frame for all tribes and bearings (1.484085ms)
✔ death-site visibility follows the existing land and drowning lifecycles without changing them (81.585418ms)
✔ earlier body/transition poses retain their existing renderer behavior (0.499529ms)
✔ the live caller applies the bounded presentation only to model-12 reincarnation effects (0.932658ms)
✔ Magical Shield protects six nearby followers for the native lifetime (177.23305ms)
✔ old checkpoints default new Shield stock without disturbing their world (101.548221ms)
✔ normal early mission data selects each original backdrop and both cloud layers (1.417566ms)
✔ same-bank Mission 10 uses the same p sky set without mission-number overrides (0.120651ms)
✔ previous bank d and g sky modes and unhandled banks remain unchanged (0.130596ms)
✔ early mission sky PNGs preserve exact original bytes (2.086118ms)
✔ camera horizons preserve original sky dispatch coordinates and fade (6.404674ms)
✔ continuous sky retains native wind rates and is invariant to segment subdivision (16.61846ms)
✔ spell button artwork, positions and charging fills match native draws (9.053306ms)
✔ all six original Shield/Bloodlust descriptor frames have real atlas rectangles (1.244747ms)
✔ ready, inactive, hover and selected states use the original descriptors, not Unicode or guessed frames (0.515803ms)
✔ authored Mission16 already exposes both sprites without forced availability or stock (152.471101ms)
✔ the original undiscovered spell question mark follows the accepted six-frame append (0.194192ms)
✔ all shipped spell descriptor icons remain available after the append (0.188172ms)
✔ HudSprite no longer substitutes a text glyph and still rejects unknown resources (0.421482ms)
✔ fresh and later missions use the native owned/reward-source/cast-permission precedence (153.929623ms)
✔ restart and checkpoint restore reproduce fresh Mission 1 HUD visibility (110.581166ms)
✔ owned stock wins over the mission-load discovery mask (25.518945ms)
✔ undiscovered art is the native HFX1056 branch and visible-disabled keeps normal art (0.456875ms)
✔ unit atlas retains reviewed tribe/state/direction layers when new models append (11.818561ms)
✔ brave carry animations retain the baked timber body layer (0.343015ms)
✔ base149 retains 51 original faces and existing atlas coverage without key model slots (2.5271ms)
✔ authored default149 roots and linked Mission10 Totem select the base mesh (316.149951ms)
✔ spell45, Obelisk8, Angel157 and Vault154 remain outside static149 (83.290023ms)
✔ source qualification rejects ambiguous identity, reward flags, missing links and scenery (33.370228ms)
✔ old null/absent presentation and new checkpoints derive149 without mutating saved state (80.94066ms)
✔ static presentation never replaces a different model or an active morph family (31.006484ms)
✔ only reward-derived model45 sources are initialized; unrelated head families and Vault remain separate (115.822586ms)
✔ enabled idle cycles18native animation visits without followers; hold/refill retain the original counter rules (0.381102ms)
✔ raw keypoints use base45indices/scale rather than endpoint face layout; all18cached outputs are distinct (8.707507ms)
✔ presentation pauses with world and native land pause without touching simulation or RNG (42.328992ms)
✔ normal authored worship earns Bridge stock while presentation leaves the entire gameplay state unchanged (178.923791ms)
✔ exhausted trigger does not remove its independent enabled decorative model45 animation (81.159287ms)
✔ mid-animation new checkpoint keeps phase and old optional-field checkpoint restores safely without rewards (41.60056ms)
✔ multiple heads keep separate state while30/60/120/144Hz and irregular schedules share one animation timeline (404.444857ms)
✔ shipped scene updates ordinary head positions byphase and leaves Vault on the existing path (4.244549ms)
✔ disable and refill within one presentation interval reset once without advancing the clock (4.178519ms)
✔ heading comes from the decorative scenery word, never trigger settings or model selection (1.717227ms)
✔ all16bits reach the angle-table mask and a missing producer is not treated as north (0.301292ms)
✔ linking uses the native512-unit cell, first scenery match and toroidal coordinate identity (0.171126ms)
✔ existing negative-Y scene rotation agrees with native heading basis; no camera or global offset is required (0.96004ms)
✔ Vault and unknown scenery keep their original angle; orientation lookup does not mutate saved gameplay (74.416267ms)
✔ both ordinary scene orientation consumers use the same helper; no other angle consumer changes (0.495373ms)
✔ real authored zero and high-byte headings survive the producer while saved trigger fields stay unchanged (150.863727ms)
✔ Swamp scans its native 3x3 footprint and honors victim and terrain gates (1.510737ms)
✔ Swamp uses one RNG draw, scans every fourth visit, and expires at ten kills (0.389084ms)
✔ the thirtieth same-tribe Swamp discards the oldest remaining controller (0.227371ms)
✔ live Swamp casting kills through the ordinary corpse path independently of refresh rate (202.990035ms)
✔ Swarm uses the supplied standalone original insect texture (1.191437ms)
✔ Swarm creation and first controller visit preserve original gameplay RNG and child fields (1.919841ms)
✔ Swarm first live visit allocates children before wandering begins on the second visit (83.80572ms)
✔ Swarm final fifteen controller visits progressively remove children before expiry (0.644437ms)
✔ Swarm reveals disguised Spies on panic and panic-protected non-removal paths (85.57851ms)
✔ confirmed invented generic and Angel success strings are not emitted (202.4232ms)
✔ Swarm follows player and computer cast paths with native insects, victim cadence, and lifetime (152.690257ms)
✔ Mission 2 naturally funds the Matak Shaman and casts Swarm through player orders (2681.7815ms)
✔ terrain ambience matches complete native ground queues, including empty views and depth ties (7.25837ms)
✔ tree ambience camera offset and wrapped radius match complete native cell visits (4.581885ms)
✔ local lights match complete native allocation, movement and cleanup captures (132.998797ms)
✔ Blast owns immediate terrain light until its ninth turn, preserving occupancy and pause (117.785491ms)
✔ native height notifications retain object order, duplicate visits and touching building flags (6.469036ms)
✔ terrain edits notify nearby plans, revalidate original slope rules and release an invalid plan (118.131522ms)
✔ a large terrain edit indexes live people once while retaining dirty notifications (139.711188ms)
✔ terrain dirtiness resets live steering without replacing its route (66.091722ms)
✔ terrain texture endpoints match original Direct3D triangle submissions (10.112062ms)
✔ model atlas UVs match native texel centers and retain fractional/outside coordinates (1.27927ms)
✔ terrain submission covers the native cell gate across headings and seams (277.5944ms)
✔ terrain copies omit only tiles with no native-visible cell, including seams and expanded bounds (181.444254ms)
✔ timber search matches native cell order, fog, protected stock and two-pass queries (45.732846ms)
✔ shared timber caches match native allocation, expansion, routing, ownership and expiry (131.034281ms)
✔ an exhausted indexed-search pool postpones expansion without corrupting the cache (1.163256ms)
✔ terrain changes recheck nearby timber routes and live Land Bridge reaches the cache (737.421531ms)
✔ live timber cost probes report routes and foreign territory without taking route ownership (88.14505ms)
✔ harvest clocks, transfer, scale and animation match original executable captures (0.9661ms)
✔ delivery waits, timber and construction stages match complete native calls (2.526551ms)
✔ Tornado replays native initialization, lifetime, carry and throw (2.890625ms)
✔ Tornado uses the native building protection and one-draw damage gate (0.519088ms)
✔ live Tornado casts, captures and throws independently of refresh rate (402.081163ms)
✔ tower admission uses rotated tribe sockets, ground membership and original one-shot occupant pose (2402.653352ms)
✔ a tower admits one follower and movement orders preserve elevation until physics resumes (68.615786ms)
✔ tower entry and held animation are deterministic at 5–240 Hz (294.800967ms)
✔ destroying an occupied tower releases its native record and display height (51.797841ms)
✔ a tower Firewarrior autonomously attacks an eligible hostile on the tower cadence (84.104057ms)
✔ tower preachers hand occupancy to command 31 and cleanly leave or die (176.731306ms)
✔ tower panel matches every original one-slot draw trace (3.906538ms)
✔ tower panel selection preserves occupancy; ordinary orders leave without teleporting (380.353513ms)
✔ tower dismantling releases its occupant and only braves perform the work (316.948395ms)
✔ training exit orders match original coastal correction and building precedence (8.170916ms)
✔ training admits five visible residents and places overflow on native rotated queue sockets (590.33644ms)
✔ queue cancellation retains successors and occupant departure reuses the first empty slot (83.787972ms)
✔ checkpoint reload preserves a full training hut and its waiting queue without loss (130.146274ms)
✔ funded training replaces a complete batch, releases references and walks warriors out (201.430091ms)
✔ a funded Temple trains a native model-4 preacher and sends it outside (97.960729ms)
✔ a funded Spy Training Hut trains an original model-5 Spy and sends it outside (182.110495ms)
✔ queue movement, admission, conversion and shared references are independent of render rate (740.672782ms)
✔ already-trained warriors accept training orders and yield queue priority to new braves (97.953718ms)
✔ training append preserves all70 pre-existing original models, including vehicles (15.923774ms)
✔ all original training types and owners resolve to actual meshes, not Blue substitutes (1.22669ms)
✔ the five recovered training variants retain original geometry, color tiles and all stages (2.996684ms)
✔ authored Mission16/17/22 training assets and identities survive checkpoint reconstruction (264.644721ms)
✔ the live building factory opts into original training selection without tint or gameplay changes (0.45354ms)
✔ camp human group command retains visible admission interpolation (551.264132ms)
✔ camp shared command-8 retains visible admission interpolation (316.182511ms)
✔ temple human group command retains visible admission interpolation (409.036612ms)
✔ temple shared command-8 retains visible admission interpolation (321.003999ms)
✔ spyHut human group command retains visible admission interpolation (267.936704ms)
✔ spyHut shared command-8 retains visible admission interpolation (293.987231ms)
✔ firewarriorHut human group command retains visible admission interpolation (347.230675ms)
✔ firewarriorHut shared command-8 retains visible admission interpolation (381.2827ms)
✔ hidden admission, exit, replacement and explicit placement remain discrete (93.488833ms)
✔ native training panels preserve slots, selection, palette, frames and turn-driven feedback (16.32776ms)
✔ wide charge arithmetic never runs backwards or exceeds its frame at maximum training mana (19.699367ms)
✔ shipped disguise completes aboard Boat, holds and accepts another command (96.213198ms)
✔ Balloon passenger idle entry holds without advancing or consuming orders (54.288036ms)
✔ shipped Balloon disguise configures its command position and completes aboard (41.812714ms)
✔ Balloon raw-coordinate startup wraps payload words and retains unported encodings (49.096469ms)
✔ pending Balloon disguise checkpoint retains command position and resumes once (72.117728ms)
✔ occupied state30 checkpoint resumes countdown without reinitializing motion or RNG (90.357677ms)
✔ ordinary disembark clears vehicle and state30 returns to orders for one visit (55.056989ms)
✔ replacement disguise interrupts pending and partially completed aboard commands (61.403147ms)
✔ fractional reference uses exact rectangle coverage at edges and corners (2.496425ms)
✔ adjacent glyph elements composite their shared fractional edge sequentially (0.427421ms)
✔ disabled opacity combines with coverage while transparent source pixels preserve background (0.502855ms)
✔ source crop and nearest sampling retain native pixels without atlas bleed (0.335363ms)
✔ pinned fixed8 coverage and integer interpolation explain the opaque edge without fitting (0.315704ms)
✔ single-pixel fixed8 rectangles and straight-alpha output retain their separate contracts (0.231558ms)
✔ tree growth and complete replant searches match native captures (8.842903ms)
✔ depleted timber replants after its full delay and grows on its own phase (2262.72017ms)
✔ burning depletion also queues one replant without reviving the old tree (97.954095ms)
✔ Tutorial advances through Shaman selection into the authored Obelisk flyby (1120.865758ms)
✔ Tutorial restart recreates fresh script and view state (220.165308ms)
✔ overhead health gauges match native visibility, scaled-pose anchors and 24-pixel fills (2.039419ms)
✔ continuous positions follow captured native body/shadow interpolation (1.279239ms)
✔ every elapsed-time schedule reaches the same displayed position without changing simulation (688.274711ms)
✔ pause, endpoints, placement, entry, conversion and new people never replay stale movement (27.109952ms)
✔ Vault knowledge uses the original class-6/model-2 reward frames and socket (0.744997ms)
✔ Vault knowledge is present only while its authored reward source is active (0.216785ms)
✔ Mission 7 Vault knowledge uses occupied model-18 socket 1 placement (0.731658ms)
✔ Mission 3 Temple descriptor selects the native HFX identity (99.412447ms)
✔ Mission 3 marker glow owns a saved fourteen-frame cursor on the existing animation boundary (52.394797ms)
✔ ordinary Mission 3 Vault collection preserves payout while changing only world presentation (1001.992331ms)
✔ unrelated Vault and ordinary spell families retain their existing presentation owners (124.528623ms)
✔ a glow born on an animation boundary first displays frame zero before its next cursor (681.527487ms)
✔ original class4 mesh selection distinguishes geometry from tooltip IDs (1.944988ms)
✔ vehicle-only import preserves all68 existing model records (15.612337ms)
✔ authored campaign vehicles retain mesh identity across checkpoint reconstruction (207.214898ms)
✔ normal boarding, exit and destruction retain original mesh rather than changing gameplay state (36.386044ms)
✔ the normal Balloon Hut producer creates the original144 appearance (42.997431ms)
✔ the shipped vehicle factory consumes original models, with no custom hull/envelope (0.594652ms)
✔ original vehicle owner textures use adjacent source tiles and retain local UVs (5.659148ms)
✔ Boat travel and exit keep registered passenger object-cell membership current (93.92841ms)
✔ Balloon travel and exit keep registered passenger object-cell membership current (69.618738ms)
✔ same-cell passenger sync preserves one linked membership and never allocates an unregistered person (41.829354ms)
✔ checkpoint clone retains passenger cell identity and wrapped exit reindexes without duplicates (34.698919ms)
✔ live vehicle damage keeps the native owner, special, signed and reset rules (83.204217ms)
✔ Blast reaches live vehicles and native destruction ejects passengers alive (53.383724ms)
✔ vehicle life and destruction survive checkpoint migration and reload (108.2679ms)
✔ success-bearing exit preserves existing public point API and real failure (64.261558ms)
✔ live panel selection only changes native selection flags and preserves unrelated selections/orders/RNG (49.800767ms)
✔ Boat and Balloon unload launch without teleporting, clear orders, and survive occupied/airborne checkpoints (93.483463ms)
✔ unload click rechecks speed, occupancy and terrain after rendered enabled state (34.156469ms)
✔ authored Mission22 Boat and Balloon unload retain launch until a living landing (82.405498ms)
✔ vehicle panel uses native kind9 geometry, disabled raw art and selection overlays (2.199671ms)
✔ raw disabled vehicle sprite alpha is85 while tail remains170 and normal art opaque (0.325549ms)
✔ vehicle selection keeps work on single, expands deselection, and Shift selects blocked mates (0.239429ms)
✔ passenger right-click has inspection semantics, while unload right-click is inert (0.1267ms)
✔ unload readiness refresh clears cached success at speed12 or failed terrain (0.135874ms)
✔ stale unload failure repeatedly clears only current driver orders, without teleporting anyone (4.414995ms)
✔ hover adds a native fill, never a false selected marker; pressed overlays palette130 (0.219369ms)
✔ horizontal viewport expansion preserves native depth and safe projection arithmetic (264.470527ms)
✔ intermediate display footprint fills the observed bird-view cut without changing native camera state (3.637499ms)
✔ added display cells cover safe front-branch projected samples across zoom, rotation and torus fractions (61.05036ms)
✔ display bounds texture and CPU visibility share the same derived rows without feeding camera state (5.085793ms)
✔ visible cells match original traversal at boundaries and wrapped camera centers (653.672369ms)
✔ Volcano replays its native terrain, emission and disruption lifecycle (3.992532ms)
✔ player and computer Volcano casts share the live controller and old saves migrate (181.556621ms)
✔ review bundle is independently readable from a non-overlapping local fixture (156.788406ms)
✔ review bundle rejects quoted secret fields and environment-secret files atomically (159.848929ms)
✔ decoded command-receipt stdout and stderr reject escaped secret JSON without exposing values (85.007192ms)
✔ double JSON-string wrappers in stdout and stderr reject secrets without echoing values (161.806817ms)
✔ benign nested JSON strings pass within depth and decoded-byte bounds (100.847193ms)
✔ decoded JSON recursion fails closed beyond depth or total decoded-byte bounds (270.367716ms)
✔ decoded JSON byte boundary accepts exactly the configured budget (81.667ms)
✔ tracked deletion has an explicit expected deletion identity and rejects tamper or omission (337.777578ms)
✔ real-path canonicalization rejects source aliases and bundle outputs through source symlinks (148.946478ms)
✔ bundle verification is bound to caller-supplied identities and rejects traversal (91.599492ms)
✔ raw command receipts retain source head and complete stdout/stderr (202.530513ms)
✔ command receipts bind dirty source and explicit ignored inputs and invalidate drift (166.901051ms)
✔ receipt CLI preserves repeated input flags and rejects zero-exit input drift (649.703332ms)
✔ a killed foreground wrapper retains unknown state and raw output, never a pass (742.104557ms)
✔ retired status and binding commands are not exposed or coupled to verification (2.771188ms)
✔ live aggregate coverage includes every maintained workflow integrity suite (253.341044ms)
✔ native models 13 and 15 route only completed vehicle workshops into kind 6 (1.390876ms)
✔ Boat House kind-6 panel uses native 136x82 rows and hit targets (0.531668ms)
✔ Boat House work cells fill only at each complete native 100-work boundary (0.34676ms)
✔ Boat House reuses original dismantle and cancel control phases (0.192369ms)
✔ Balloon Hut kind-6 geometry derives 208x82 from native capacity and ten work cells (0.329454ms)
✔ Balloon Hut work cells fill only at each complete native 100-work boundary (0.241352ms)
✔ Balloon Hut reuses the original dismantle and cancel control phases (0.174612ms)
✔ followers cross the former crop and both world seams, then settle at every frame rate (4711.746705ms)
✔ direct attacks take the short route and engage across both world seams (131.940438ms)
✔ live heights and sprite grounding read native terrain outside the compatibility grid (85.163365ms)
✔ mixed picking follows captured native painter ownership and pixel edges (14.147709ms)
✔ live pointer eligibility uses the active record and recorded cell building (615.681877ms)
✔ ScenePicking re-resolves injected overlapping terrain candidates against the current painter command (344.08852ms)
✔ native selector body hierarchy retains all 25 worlds and first-three moons (1.508152ms)
✔ opening campaign availability reflects completion without hiding replay access (0.213761ms)
✔ native controller, particles, palette and ordered draw arguments: companion-seed1 (22.561178ms)
✔ native controller, particles, palette and ordered draw arguments: companion-seed12345678 (9.60778ms)
✔ native controller, particles, palette and ordered draw arguments: companion-initial-pause (7.417534ms)
✔ native controller, particles, palette and ordered draw arguments: companion-mid-pause (7.112517ms)
✔ native controller, particles, palette and ordered draw arguments: spell-3-visible (8.583344ms)
✔ native controller, particles, palette and ordered draw arguments: spell-3-offscreen (7.869573ms)
✔ native controller, particles, palette and ordered draw arguments: spell-4-visible (6.733158ms)
✔ native controller, particles, palette and ordered draw arguments: spell-4-offscreen (7.905256ms)
✔ native controller, particles, palette and ordered draw arguments: spell-12-visible (11.933908ms)
✔ native controller, particles, palette and ordered draw arguments: spell-12-offscreen (6.947621ms)
✔ native spell kinematics and pending transitions: model-3-visible (2.038968ms)
✔ native spell kinematics and pending transitions: model-4-visible (2.049795ms)
✔ native spell kinematics and pending transitions: model-12-visible (1.99378ms)
✔ native spell kinematics and pending transitions: offscreen-bit (1.387321ms)
✔ native singleton replacement and independent pulse: bridge-replaced-at-10 (9.611115ms)
✔ native singleton replacement and independent pulse: bridge-replaced-at-26 (9.615221ms)
✔ native singleton replacement and independent pulse: bridge-replaced-at-30 (10.307429ms)
✔ handoff geometry is an owned snapshot; rendering is read-only and draws the last pulse once (3.777596ms)
✔ structured-clone restores all particles, trails, pending phases, draws and independent pulse (176.148882ms)
✔ spell motion, arrival and retirement do not depend on intervening shared cosmetic consumers (4.689033ms)
✔ native before/after limiter selection owns activation, active and tail deadlines (0.995333ms)
✔ ordinary phase handoff, arrival and next-object payout keep elapsed deadlines across refresh schedules (405.867388ms)
✔ simultaneous authored M1 handoffs use native clone priority without reversing payouts (27.025393ms)
✔ missing geometry consumes one request while world countdown continues without replay (92.20778ms)
✔ arrival suppression and capped stock preserve ordinary payout ownership (134.266996ms)
✔ visible acquisition pause preserves original order without broadening land-bit pause (46.963808ms)
✔ checkpoint continuation retains controller, queue, clock and cosmetic state without initialization replay (101.96223ms)
✔ layout transforms move only draw output and retain raised-body/fallback anchors (0.809605ms)
✔ authored ordinary sources exclude the spell-valued Vault and other missions (1.519259ms)
✔ ordinary shrine completion persists provenance, recipient and creation order (325.006872ms)
✔ generic spell, mana and knowledge gifts do not inherit ordinary eligibility (27.661942ms)
✔ legacy head identity may recover eligibility but an existing gift cannot (36.843308ms)
✔ ordinary Stone Head completion creates the original six-visit acquisition VFX before stock delivery (148.791484ms)
✔ spell-head reward admission preserves native oriented cell ranges and active command eligibility (4.431847ms)
✔ head-group selection shares native occupant flag rules and imported panel heights match the original consumer (2.848102ms)
✔ proved worship modes use their original static models without changing other head families (0.78044ms)
✔ original worship model 8 is the reviewed bank-2 geometry (0.997536ms)
✔ original worship model 157 is the reviewed static Angel-head geometry (0.374752ms)
✔ legacy appearance migration recovers recursive authored modes and preserves existing families (158.203366ms)
✔ linked tutorial mode-3 Obelisk retains its authored mode and model (22.604173ms)
✔ Temple training uses the canonical shape doorway rather than crossing its footprint (66.935611ms)
✔ normal worship approach follows the same canonical stone-head heading as the rendered head (67.153207ms)
✔ legacy Mission22 worship appearance is derived from authored source identity without changing checkpoint state (125.531847ms)
✔ legacy linked mode3 head migrates recursively while root trigger and unrelated state stay byte-for-byte equivalent (26.118558ms)
✔ legacy non-mode3 and Vault heads recover mode without changing their presentation families (26.678588ms)
✔ authored worship lookup uses immutable source fields and agrees for Mission22 and linked tutorial head (52.85365ms)
✔ shipped store load migrates legacy Mission22 before real command-27 Brave admission (110.946649ms)
✔ automatic worship-panel activity is written only by a supported completed mode-0 sample (1.279148ms)
✔ automatic producer keeps unproven families out of the first shipped slice (0.188843ms)
✔ automatic retention reads the last player-specific sample rather than generic follower state (0.151487ms)
✔ automatic retention releases an inactive completed head even after a positive last sample (0.123285ms)
✔ worship panels preserve native progress, recharge, slots and artwork without clipping the second row (10.54658ms)
ℹ tests 1114
ℹ suites 0
ℹ pass 1114
ℹ fail 0
ℹ cancelled 0
ℹ skipped 0
ℹ todo 0
ℹ duration_ms 177266.712891

> populous-first-dawn@0.1.0 parity:check
> node scripts/parity.mjs check

Parity ledger, evidence paths, revision and generated report are consistent.

> populous-first-dawn@0.1.0 orchestration:check
> node scripts/orchestration/cli.mjs check

{
  "status": "passed",
  "checks": 130,
  "subsystems": 11,
  "generatedOwners": 6,
  "unmappedSourceCount": 151,
  "unmappedSources": [
    "app/ambient-sound.ts",
    "app/animation.ts",
    "app/audio-preferences.ts",
    "app/audio.ts",
    "app/blast-wave.ts",
    "app/building-clearing.ts",
    "app/building-damage.ts",
    "app/building-debris.ts",
    "app/building-dismantle.ts",
    "app/building-occupants.ts",
    "app/building-sinking.ts",
    "app/building-smoke.ts",
    "app/building-terrain.ts",
    "app/celebration.ts",
    "app/chatgpt-auth.ts",
    "app/combat-approach.ts",
    "app/combat-building.ts",
    "app/combat-order-search.ts",
    "app/combat-orders.ts",
    "app/combat-pursuit.ts",
    "app/combat-targets.ts",
    "app/command-context.ts",
    "app/construction-panel.ts",
    "app/convert-wild.ts",
    "app/drag-border.ts",
    "app/drag-overlay.ts",
    "app/earthquake.ts",
    "app/effect-motion.ts",
    "app/erosion.ts",
    "app/firestorm.ts",
    "app/flatten.ts",
    "app/footprints.ts",
    "app/fps-graph.ts",
    "app/globe-renderer.ts",
    "app/globe.ts",
    "app/ground-overlay.ts",
    "app/hud-charge.ts",
    "app/hud-font.ts",
    "app/hud-health.ts",
    "app/hud-mana.ts",
    "app/hud-population.ts",
    "app/hud-portrait.ts",
    "app/hud-selection.ts",
    "app/hut-birth.ts",
    "app/hut-occupancy-smoke.ts",
    "app/hut-smoke-runtime.ts",
    "app/hut-upgrade.ts",
    "app/indexed-search.ts",
    "app/land-bridge.ts",
    "app/layout.tsx",
    "app/level-one.ts",
    "app/level-three.ts",
    "app/level-two.ts",
    "app/live-resting.ts",
    "app/mana.ts",
    "app/melee-encounter.ts",
    "app/melee-engagement.ts",
    "app/melee-groups.ts",
    "app/melee-placement.ts",
    "app/melee.ts",
    "app/minimap-frame-view.tsx",
    "app/minimap-frame.ts",
    "app/minimap-renderer.ts",
    "app/minimap.ts",
    "app/model-faces.ts",
    "app/model-lighting.ts",
    "app/morph.ts",
    "app/music.ts",
    "app/native-math.ts",
    "app/original-bloodlust.json",
    "app/original-camera.json",
    "app/original-constants.json",
    "app/original-effects.json",
    "app/original-fire.json",
    "app/original-minimap-frame.json",
    "app/original-music.json",
    "app/original-pointer.json",
    "app/original-script-three.json",
    "app/original-script-two.json",
    "app/original-script.json",
    "app/original-search.json",
    "app/original-shapes.json",
    "app/original-sky.json",
    "app/original-skylens.json",
    "app/original-sound.json",
    "app/original-stone-heads.json",
    "app/original-tooltips.json",
    "app/original-vault-knowledge.json",
    "app/painter-vertices.ts",
    "app/painter.ts",
    "app/path-geometry.ts",
    "app/path-search.ts",
    "app/path-solver.ts",
    "app/person-collision.ts",
    "app/person-idle.ts",
    "app/person-motion.ts",
    "app/person-panel.ts",
    "app/person-physics.ts",
    "app/person-route-recovery.ts",
    "app/person-state.ts",
    "app/preacher-conversion.ts",
    "app/projectile-motion.ts",
    "app/projection.ts",
    "app/resting-slots.ts",
    "app/scene-hud-runtime.ts",
    "app/scene-secondary-effects.ts",
    "app/scene-vault-knowledge.ts",
    "app/scenery-fire.ts",
    "app/secondary-effects.ts",
    "app/selection-raster.ts",
    "app/shaman-death-vfx.ts",
    "app/sky-motion.ts",
    "app/sky.ts",
    "app/special-battle.ts",
    "app/spell-button.ts",
    "app/spell-halo.ts",
    "app/spell-trails.ts",
    "app/spell-visibility.ts",
    "app/sprite-layers.ts",
    "app/stone-head-149.ts",
    "app/stone-head-animation.ts",
    "app/stone-head-orientation.ts",
    "app/swamp.ts",
    "app/swarm.ts",
    "app/terrain-ambience.ts",
    "app/terrain-light.ts",
    "app/territory.ts",
    "app/tooltip-layout.ts",
    "app/tornado-runtime.ts",
    "app/tornado.ts",
    "app/training-conversion.ts",
    "app/training-hut-appearance.ts",
    "app/training.ts",
    "app/tree-growth.ts",
    "app/unit-health.ts",
    "app/vault-appearance.ts",
    "app/vehicle-appearance.ts",
    "app/vehicle-routing.ts",
    "app/volcano.ts",
    "app/water.ts",
    "app/workshop-panel.ts",
    "app/world-coordinates.ts",
    "app/world-initialization.ts",
    "app/world-selector-data.ts",
    "app/world-selector.module.css",
    "app/world-selector.tsx",
    "app/world-state.ts",
    "app/world-tasks.ts",
    "app/worship-appearance.ts",
    "app/worship-panel-activity.ts",
    "app/worship-panel.ts"
  ],
  "cacheRequired": false
}
