
> populous-first-dawn@0.1.0 check
> npm run typecheck && npm test && npm run parity:check && npm run orchestration:check


> populous-first-dawn@0.1.0 typecheck
> tsc --noEmit


> populous-first-dawn@0.1.0 test
> node --test tests/*.test.mjs

✔ live Mission3 adapters rotate an eligible Convert Wild producer behind training (103.140031ms)
✔ producer table preserves singleton priority, one stable pass, and signed counts (1.232059ms)
✔ producer capacity is checked before callbacks and after pre-table allocation (1.098729ms)
✔ checkpoint migration retains producer history and initializes each legacy AI independently (118.071526ms)
✔ authored early producer opportunities record native table attempts without changing later missions (598.447144ms)
✔ Missions1/2 never enable type8 or idle type11/15 response follow-ups (190.287677ms)
✔ ordinary Missions1/2 allocate a real pre-table scan at their first producer opportunity (284.004176ms)
✔ normal first scans finish and repeat without a placeholder reservation (463.591588ms)
✔ ordinary Mission2 movement reaches a real response and resumes the scan checkpoint (338.542872ms)
✔ response allocation preserves native duplicate, disabled, cancellation and exhaustion gates (1.870877ms)
✔ early automatic training requires at least the native school capacity (220.245477ms)
✔ training capacity compares the native signed32-bit available total (0.832749ms)
✔ six followers share ground → area attack → ground orders, destroy the hut and regroup (348.457473ms)
✔ losing an acquired building rescans the area, fights a new person and retains the waypoint tail (184.893932ms)
✔ cancelling a reserved fight releases its reservation and the entire staged tail (89.645964ms)
✔ area targeting distinguishes an unbuilt plan from a partially constructed building (246.493953ms)
✔ arrival voices count approaching followers and fire once when they near the ordered area (373.818619ms)
✔ area approach, combat, arrival voices and queued destinations agree at 5–240 Hz and irregular rendering (912.865833ms)
✔ pausing an unfinished music play preserves enabled sound and later resume (13.235029ms)
✔ late rejection from an older resume cannot cancel the newest playing request (1.95225ms)
✔ a superseded context resume does not submit an extra music play (2.993671ms)
✔ mute cancels pending playback without recreating the background timer (1.341483ms)
✔ dispose cancels pending playback without recreating the background timer (0.867512ms)
✔ the current playback failure still rejects rather than hiding a real media error (1.300892ms)
✔ current context errors propagate, while a disposed request cannot report a stale failure (0.630106ms)
✔ initial enable can finish while paused without turning the sound setting off (1.766531ms)
✔ enable reports cancellation when muted during its pending playback (0.571427ms)
✔ first visit and non-browser rendering keep the existing defaults without writing (1.902915ms)
✔ versioned zero/full volume restores without truthiness fallback or autoplay data (0.22002ms)
✔ malformed, unsupported and unsafe values fall back without overwriting the record (0.470476ms)
✔ only an explicit valid change writes the known preference fields and leaves other storage alone (0.229314ms)
✔ invalid programmatic values never persist or replace the last valid choice (0.302904ms)
✔ denied storage getter, reads and writes are safe session-only fallbacks (0.335584ms)
✔ restoring volumes does not create audio, enable playback, or change audio RNG/reset semantics (0.2597ms)
✔ authored origins survive initialization for all five currently live campaign bridge heads (496.547977ms)
✔ ordinary Mission 2 worship creates the authored crossing and every live terrain turn matches it (914.772882ms)
✔ legacy migration recovers only missing immutable origins without replaying active terrain (330.500184ms)
✔ component checkpoint preserves authored birth caches when sampled terrain changes before the next visit (271.068617ms)
✔ pre-activation legacy save and mid-bridge checkpoint continue once at the authored origin (803.593979ms)
✔ automatic Boat search filters native-ineligible vehicles and boarding shares the driver route (118.229682ms)
✔ music sections and ordinary ambient decisions match captured original execution (7.954826ms)
✔ percussion uses audio timestamps at low/high/irregular frame rates and skips stale starts (4.607534ms)
✔ Blast head reaches impact and native first/last wave visits launch enemies/allies (197.72145ms)
✔ Blast and follower presentation share elapsed time at low/high/irregular refresh rates (486.386431ms)
✔ projectile snapshots preserve pause, wrap and explicit placement without touching unrelated effects (35.302351ms)
✔ original Blast indexed visits, alliances, repeated impulses and damage gates (16.393558ms)
✔ live Blast delays allied launch, retains native flight height and restores commands after landing (208.597609ms)
✔ Blast and landing damage share original shields, protection, attacker and life wrapping (0.473961ms)
✔ wild followers land into their original state 8 without losing the unit (65.15253ms)
✔ a burning airborne follower keeps one panic clock and releases its native pose after landing (38.568271ms)
✔ Boat House launch matches native type-1 computer full ejection (106.649777ms)
✔ Boat House launch matches native type-2 human driver removal with retained occupants (47.243548ms)
✔ maintained checkpoint callsite waits for delayed false reads before reloading (4.387865ms)
✔ maintained checkpoint callsite rejects exhausted false reads without reloading (13.544348ms)
✔ maintained checkpoint callsite closes rejected reads without reloading (1.441313ms)
✔ rendered transport checker independently counts whole mixed-class craft (16.135351ms)
✔ rendered transport checker rejects partial, unrelated, duplicate and wrong-class groups (1.441062ms)
✔ transport pixel oracle retains real device scale and outward clip padding (0.55955ms)
✔ transport oracle preserves fractional scales and detects the old footer/hit failure (5.099552ms)
✔ readiness reads rebind after fresh page reload and on repeated calls (3.519992ms)
✔ readiness wait sequentially awaits false samples before accepting literal true (3.368365ms)
✔ a truthy non-boolean readiness field does not pass the wait (6.235746ms)
✔ read errors propagate and repeated unready samples time out without mutation (16.984294ms)
✔ maintained Mission 4 callsite awaits valid profile completion before continuing and reloading (6.155176ms)
✔ maintained Mission 4 callsite exhausts false reads without starting continuation (11.093816ms)
✔ maintained Mission 4 callsite accepts completion on the last read without a final pause (8.08405ms)
✔ maintained Mission 4 callsite rejects failed opens without starting continuation (0.891577ms)
✔ maintained Mission 4 callsite closes rejected reads without starting continuation (0.751468ms)
✔ maintained Mission 4 callsite closes a database when starting its read throws (0.867181ms)
✔ maintained Mission 4 callsite closes databases with a missing store and fails closed (3.696186ms)
✔ maintained Mission 4 callsite requires literal true before starting continuation (1.120131ms)
✔ building attack phases, entrances, damage and shake match native execution (35.442642ms)
✔ an entirely occupied world cancels special positioning instead of hanging (2.714913ms)
✔ live building assault enters, strikes, shakes and destroys via native damage accumulation (476.848137ms)
✔ occupied building ejects a defender and the same native command resumes after winning (83.794833ms)
✔ building attack mechanics and poses are independent of rendering cadence (687.883305ms)
✔ attacker death releases immediately; target loss rescans the area before completing (145.53046ms)
✔ native defence gate and shaking retain counter cadence, signed lifetime and collapse RNG (1.738448ms)
✔ cancelling or killing an attacker during its defender encounter releases the retained order (154.2679ms)
✔ complete native scenery clearing, shared waits and ownership requests (211.422298ms)
✔ complete native people clearing, shared waits and ownership requests (132.997823ms)
✔ live clearers harvest on-site trees, carry and deposit logs, then move bystanders before allocation (689.56115ms)
✔ clearing pauses without advancing and cancellation releases its native animation and route (90.657807ms)
✔ clearing bushes starts the original fire and retreats before the site is allocated (120.862878ms)
✔ occupant restoration and facing match native captures, including seams and backwards facing (10.824602ms)
✔ live exits retain position and sprite ownership for every building orientation (1218.197629ms)
✔ command cancellation uses shared exit restoration without changing the route start (25.717488ms)
✔ timber hauling matches native phases, movement, reservations, transfers, poses and clocks (45.718759ms)
✔ native building origins, exact ground writes and plan height initialization (129.639917ms)
✔ live rotated foundations use native vertices and preserve surrounding terrain (519.240962ms)
✔ buildings retain distinct terrain handles after long effect-heavy games (50.231289ms)
✔ native descriptor data routes completed huts through kind 7 with resident capacities (0.845288ms)
✔ kind-7 hut rows place occupant and dismantle hit targets from native capacity (1.773652ms)
✔ training charge row keeps existing controls aligned after shared geometry extraction (0.145969ms)
✔ unbuilt plan priorities, validation, allocation and abandonment match native decisions (8.899283ms)
✔ leveling movement, animation, timers, terrain and sound match complete native task 8 (45.610295ms)
✔ live plans retain uneven ground, level visibly and wait for timber and crew clearance (1762.751548ms)
✔ a full shared order pool leaves a new plan unstaffed without leaking ownership (80.513756ms)
✔ simultaneous fetch deposits cap preparation work and preserve surplus timber (74.954916ms)
✔ unattended plans expire and redirected leveling workers release their sprite and route (187.987139ms)
✔ native preparation clears on-site timber before allocation without deleting its resource (100.273344ms)
✔ foundation settling, flooding and dock edges match original executable captures (34.847226ms)
✔ original wet-side tipping, drift, spin and sinking expiry retain complete native trajectories (85.545827ms)
✔ terrain collapse ejects before destruction, retaining its two-turn delay (0.274892ms)
✔ healthy buildings settle without entering repair; deformed and flooded buildings use distinct destruction (587.063435ms)
✔ complete native cell validity and exact placement feedback (18.893003ms)
✔ placement protects reincarnation stones without a living Shaman and reserves buildings (742.594396ms)
✔ building activity matches native geometry, clocks, speed, facing and animation requests (37.824923ms)
✔ live builders reach work poses, animate, pause, cancel and finish without stale sprites (287.44792ms)
✔ crews leave finished huts in all four orientations before the plan releases them (1890.341894ms)
✔ player construction orders approach natively and deposit carried logs before fetching (1386.764301ms)
✔ builder admission and stale-slot pruning match complete native calls (8.527996ms)
✔ construction dispatch, repair clocks and departure gates match native plan calls (7.443048ms)
✔ scheduled burning plans panic only unlocked builders on building cells (71.030898ms)
✔ repair smoke footprint and terrain refresh match native cell traversal (2.258769ms)
✔ two live builders dispatch one hauler on the original sixteen-turn phase (232.765411ms)
✔ later construction haulers skip timber reserved by an earlier search (101.492864ms)
✔ timber reservations reopen, drain and release on native transitions (0.288583ms)
✔ live plan capacities, duplicate orders and replacement workers share registration (90.590637ms)
✔ zoom retains native preset bounds and the existing 18-step timer (1.260952ms)
✔ render previews do not mutate native state and meet every committed step across all resolution tables (55.60354ms)
✔ 30/60/120/144 Hz and irregular preview schedules retain duration and every owned native configuration (10.273575ms)
✔ conversion observation requires the native victim-owner and replacement flags without world mutation (1.613581ms)
✔ death, ordinary births, startup conversion flags and enemy preacher ownership are not credited (0.295664ms)
✔ observation resets at mission boundaries and does not infer events across unobserved turns (0.135193ms)
{"label":"fixture","ready":true,"turn":1,"status":"playing"}
{"checkpoint":"mission-2-start","level":3,"status":"won","turn":1,"population":{}}
{"checkpoint":"mission-2-won","level":3,"status":"won","turn":1,"population":{}}
{"checkpoint":"mission-2-result","level":3,"status":"won","turn":1,"population":{}}
{"checkpoint":"mission-3-continued","level":3,"status":"won","turn":1,"population":{}}
{"checkpoint":"mission-3-won","level":3,"status":"won","turn":1,"population":{}}
{"checkpoint":"mission-3-result","level":3,"status":"won","turn":1,"population":{}}
PASS: fixed-turn diagnostic wins Mission 2, continues, and wins Mission 3; not real-clock gameplay
✔ sandbox adapter retains every existing assertion, turn bound and campaign action (2.946331ms)
✔ changed or duplicated maintained checker scaffold fails closed before browser execution (1.416695ms)
✔ late final screenshot completion cannot mark an aborted campaign scenario passed (4.09872ms)
✔ actual native triangles supplement the historical fixed anchor scan (4.741845ms)
✔ geometry candidates cannot bypass foreign object or DOM overlay ownership (2.59236ms)
✔ normal zero-dt frame refresh resolves stale panels while retaining simulation slots and clock (1.640552ms)
✔ presentation refresh cannot conceal a simulation change (1.620231ms)
✔ presentation reservation exception cannot conceal secondary slot allocation (1.24641ms)
✔ stale pre-refresh reservations fail instead of being normalized by the checker (1.560502ms)
✔ presentation refresh cannot conceal changed world Map entries (2.379089ms)
✔ occluded shrine fallback uses bounded ordinary camera drags and strict target re-probes (0.195273ms)
✔ the shipped right-drag mapping rotates 512 native angle units without panning (51.339932ms)
✔ Mission 3 trains a bounded Preacher group and retains identified HUD-reachable Braves (0.176675ms)
✔ additive native Ctrl-five requires the ordinary cancel/deselect before reserving workers (926.777318ms)
✔ missing checkpoint does not suppress independent campaign progress (63.355682ms)
✔ malformed checkpoint does not suppress independent campaign progress (58.640346ms)
✔ partially migratable checkpoint does not suppress independent campaign progress (42.728372ms)
✔ incompatible checkpoint does not suppress independent campaign progress (33.831522ms)
✔ current valid checkpoint still restores and loads (70.798049ms)
✔ legacy valid checkpoint still restores and loads (65.951907ms)
✔ malformed stored checkpoint preserves usable session checkpoint and merges completion (38.403242ms)
✔ storage read failure retains in-session progress and checkpoint (43.491371ms)
✔ camera release alone does not make the startup Shaman selectable; observation is read-only (280.514426ms)
✔ readiness still rejects absent actors, global input locks and paused play (171.379145ms)
✔ Continue readiness waits on real RAF before suspension with the existing timeout (1.010015ms)
✔ the production wait polls synchronous false until native selection readiness (1.974753ms)
✔ Mission 3 Swarm target observation is read-only and chooses an actually castable enemy (881.51625ms)
✔ Mission 3 Swarm eligibility does not depend on distance to the vault or unit array order (671.229122ms)
✔ Mission 3 Swarm diagnostic refuses missing stock, blocked input, cooldown and invalid enemies (677.677143ms)
✔ checkpoint readback awaits false reads before the actual true result (3.035555ms)
✔ checkpoint readback fails closed after bounded asynchronous false results (0.640631ms)
✔ attack approach points and search pool state match complete native queries (41.193868ms)
✔ fight/person pursuit, housed entry, waiting and retries match native visits (14.736893ms)
✔ attack search, march records and automatic retargeting match native dispatch boundaries (13.134328ms)
✔ arrival voices and reservation release replay native thresholds and compacted-list visits (2.602175ms)
✔ original automatic commands preserve normal queues, share one reference-counted record and handle allocation exhaustion (38.192399ms)
✔ native scan dispatch preserves pending bits, suppression, specialist selection and consumer call counts (0.65302ms)
✔ ordinary combat entry reveals a completed Spy disguise (211.045753ms)
✔ live campaign scan suppression consumes pending alerts without changing person counters or sprites (124.336722ms)
✔ dead building attackers release queued shaman-guard duty (72.881682ms)
✔ fight motion initializes its retained sermon without a native owner (63.895417ms)
✔ coastal response targets come from the corrected native cell, including its newly exposed edge (63.48986ms)
✔ tower counterattacks ignore hostile people in water (138.694477ms)
✔ coastal area/dismantling order preparation matches full native calls and retains flags on identical commands (0.988153ms)
✔ live same-cell followers share one automatic command 21 and resume their queued destination (119.606064ms)
✔ an on-foot Firewarrior owns one automatic response per cooldown and yields to player movement (430.12494ms)
✔ an on-foot Firewarrior repeatedly launches at and damages a completed enemy building (134.275485ms)
✔ automatic combat restarts a retained direct tree harvest instead of harvesting during battle (98.376368ms)
✔ live automatic combat consumes a pending worship scan without replacing command 27 (61.703499ms)
✔ live automatic allocation failure preserves its source and queued order (61.733454ms)
✔ live automatic sharing leaves a nonmatching same-cell peer untouched (81.104791ms)
✔ live preacher response retains its sermon queue and resumes conversion (67.700247ms)
✔ preacher response allocation failure consumes the scan without changing its queue (104.939917ms)
✔ complete pursuit, target setup and attack-area gates match native fields, RNG and consumer ordering (17.080299ms)
✔ full-fight waiting positions and fallback RNG match original terrain and collision execution (37.139139ms)
✔ mixed target collection, native distance bands, fight admission and reservations replay executable captures (10.987947ms)
✔ live followers choose closer enemies, distribute reservations, then fall back to a saturated target (260.435844ms)
✔ live mixed scans detect enemy footprints and prefer an eligible person in the same distance band (171.91819ms)
✔ automatic squads share native area orders and target capacity independently of render frequency (642.951815ms)
✔ live target priority joins a fight ahead of a solitary enemy in its distance band (81.165432ms)
✔ nearby automatic building attacks keep their command-21 target between detection visits (66.137783ms)
✔ automatic contextual priority matches original single and mixed-class captures (1.478489ms)
✔ live ground context follows native registered cells through rotations and world seams (72.842764ms)
✔ ground beside a hut moves the group, while its occupied cell enters it (81.432463ms)
✔ an exact tree click harvests, seeks a timber plan and otherwise returns to rest (190.908992ms)
✔ a queued ordinary-tree harvest keeps its cargo and advances the existing waypoint (341.785822ms)
✔ input feedback matches native ground-cell centers and suppresses flashes over pointed objects (0.309444ms)
✔ object commands retain the chosen identity through overlaps and array reordering (106.977304ms)
✔ live target choice follows captured native ownership for both tribes (1718.948759ms)
✔ construction command matches native registration, fallback ownership and task handoffs (54.241583ms)
✔ construction panel matches native submissions and corrects the unlinked second-row height (20.319701ms)
✔ construction workers can be selected, reassigned to dismantle, cancelled and restarted (452.66323ms)
✔ construction icons select the active worker record and respect its native eligibility (52.422478ms)
✔ original priming consumes no elapsed progress; each frame stops before batch overshoot (2.762195ms)
✔ separate calls continue from the original previous timestamp without re-priming (0.238328ms)
✔ a promise is never accepted as a truthy readiness predicate (0.729424ms)
✔ frame and object-turn exhaustion fail without extending a goal (0.384216ms)
✔ an explicitly bounded coastal position attempt can return unmet without hiding its limit (0.164917ms)
✔ abort and Scene/World replacement are detected across browser-task yields (0.712269ms)
✔ normal speed, unpaused commands, positive finite deltas and wall bound stay mandatory (0.401563ms)
✔ original-frame failures propagate without another step (0.222524ms)
✔ unexpected automatic elapsed frames during a yield are rejected (1.388899ms)
✔ Convert Wild scans, converts, animates, and casts through player and computer paths (130.701654ms)
✔ deselection matches native command flags for every selection byte (1.958098ms)
✔ cancel targeting first; deselection preserves shared marching orders, routes, RNG and pause (153.590199ms)
✔ deselection reaches retained work representations once, leaves enemy ownership alone (57.4529ms)
✔ deselected groups retain identical mechanics and poses at 5–240 Hz and irregular frames (408.179561ms)
✔ training selection eligibility reads command flags, independently of motion turning flags (221.185749ms)
✔ dismantling reassigns residents and queued braves, recovers all timber and removes the building in four orientations (536.517943ms)
✔ cancelling dismantling stops existing workers; new orders can staff an empty dismantling building (145.785647ms)
✔ dismantling outcomes and timber remain independent of render frequency (513.27884ms)
✔ mixed groups queue movement, dismantling and movement without redirecting ineligible warriors (377.904042ms)
✔ queued building entry can become dismantling; cancellation skips work while retaining the destination (215.423156ms)
✔ dismantling queue replacement and death release references while non-braves keep their current orders (185.735324ms)
✔ automatic combat pauses shared dismantling and resumes its retained order (52.144434ms)
✔ automatic combat completion follows the native circular dismantling queue (74.673101ms)
✔ automatic combat allocation failure keeps dismantling state intact (51.874189ms)
✔ queued dismantling, timber and following movement agree at 5–240 Hz and irregular frames (602.552505ms)
✔ drag borders match original screen extrusion, texture coordinates and terrain crossings (16.941652ms)
✔ native area commands retain tower/training exclusions, current-order lookup and actual land membership (3726.256449ms)
✔ a real trainee remains drag-selectable on entry and becomes excluded only in the native interior phase (122.536208ms)
✔ fetching builders are selected at their active task-7 position (21.195193ms)
✔ world drag geometry matches captured native seams, camera bearings, clamps and degenerate drags (3.269656ms)
✔ live drag selection matches native flags and group voices without changing simulation ownership (552.720636ms)
✔ Mission 3 periodic raid preserves native mask, strict thresholds and arguments (1.863156ms)
✔ Mission 3 naturally grows both tribes and recruits the authored three-Brave raid (8023.210993ms)
✔ Earthquake matches the native initializer and central deformation phase (5.118971ms)
✔ Earthquake building scans preserve protected models, RNG and ejection-before-damage (0.489104ms)
✔ live Earthquake casts, damages and deforms independently of refresh rate (292.047915ms)
✔ Mission 1 counts authored primary effects before the opening (150.594281ms)
✔ Mission 1 keeps the allocation phase across pause, checkpoint and restart (247.783345ms)
✔ Mission 2 counts authored primary effects before the opening (46.981477ms)
✔ Mission 2 keeps the allocation phase across pause, checkpoint and restart (305.828038ms)
✔ Mission 3 counts authored primary effects before the opening (32.04212ms)
✔ Mission 3 keeps the allocation phase across pause, checkpoint and restart (244.50767ms)
✔ early-level effect phase remains fixed-turn owned across frame schedules (598.368476ms)
✔ prospective declaration binds the exact constructor return before immediate first processing (2.521133ms)
✔ wrong first target and second creation fail permanently without replacing or mutating controllers (3.851309ms)
✔ duplicate declarations invalidate the original instead of overwriting or rearming it (0.451357ms)
✔ late declarations cannot bind a preexisting controller; close is idempotent and never auto-rearms (0.158718ms)
✔ a constructor exception retains its identity and cannot bind a partial object (0.224246ms)
✔ constructor diagnostic binding failures never change the returned object or its immediate step (0.670656ms)
(node:519) ExperimentalWarning: stripTypeScriptTypes is an experimental feature and might change at any time
(Use `node --trace-warnings ...` to show where the warning was created)
✔ constructor output and wrapping match pinned original source with declaration disabled and enabled (1.705599ms)
✔ all 64 visits match pinned uninstrumented source with observation disabled and enabled (33.613027ms)
✔ actual application errors keep their identity, partial state, receiver and call count (4.886533ms)
✔ read copies and later game writes cannot change each other or historical capture (1.14614ms)
✔ active callback wrappers preserve their original return values (0.925408ms)
✔ copy failure and overflow invalidate evidence without skipping the original body (8.012994ms)
✔ after-copy diagnostic failure cannot replace an application exception (0.923666ms)
✔ a thrown empty string permanently invalidates capture while all original calls continue (0.976254ms)
✔ a thrown empty stringifier permanently invalidates capture while all original calls continue (0.809465ms)
✔ a thrown zero permanently invalidates capture while all original calls continue (0.811738ms)
✔ a thrown false permanently invalidates capture while all original calls continue (0.688443ms)
✔ a thrown null permanently invalidates capture while all original calls continue (0.699189ms)
✔ a thrown undefined permanently invalidates capture while all original calls continue (0.73256ms)
✔ an empty diagnostic throw cannot replace an application exception (0.837407ms)
✔ diagnostic append failure disables capture and still invokes the body once (0.709584ms)
✔ no observer or detached capture makes no diagnostic copy and invokes the body once (0.869665ms)
✔ capturing a live controller does not change any World field or completed turn (source fixture) (360.803024ms)
✔ scenario cleanup preserves the original thrown undefined value (2.439119ms)
✔ scenario cleanup preserves the original thrown null value (0.987722ms)
✔ scenario cleanup preserves the original thrown false value (0.19335ms)
✔ scenario cleanup preserves the original thrown 0 value (0.177897ms)
✔ scenario cleanup preserves the original thrown  value (0.169555ms)
✔ scenario cleanup preserves the original thrown Error: synthetic primary value (0.200551ms)
✔ startup-smoke uses the ordinary prefix and cleanup without capture or worship (2.539111ms)
✔ startup binding retries only real TimeoutError and retains diagnostics without repeating physical inputs (2.175214ms)
✔ startup binding propagates non-timeout and lookalike errors immediately with exact identity (1.101303ms)
✔ a binding success after the startup deadline is rejected before readiness or later work (0.554482ms)
✔ a preserving stop arriving during a successful bind rejects before later work (0.71327ms)
✔ Skip dispatches once without a navigation barrier and still waits for original-actor readiness (0.794993ms)
✔ Skip action errors retain identity and never cause a second physical click or readiness continuation (0.517366ms)
✔ real named-scenario CLI import reaches the missing-plan guard before browser/server setup (433.842261ms)
✔ combined corrected producer has identical full World state with capture disabled and enabled for all64 visits (861.590789ms)
✔ lifecycle wrapper preserves original exception identity and exactly one callback (151.832959ms)
✔ the actual harness Vite launcher must resolve inside the pinned package closure (432.186136ms)
✔ immutable compiler identity includes nested executable chunks and declared dependencies (1.388624ms)
✔ polling rejects stop or timeout arriving during an awaited ready predicate (0.534532ms)
✔ external launch plan rejects wrong source, compiler, dirty source, bounds and reused path shape (1.877558ms)
✔ all 64 captured calls with worst-case signed heights fit the 32MiB replay input bound (91.328941ms)
✔ original Mission 3 Shaman can plan to the unused Erosion head on a clone (64.272592ms)
✔ source correspondence accepts exact bytes or inline maps containing the pinned source (2.103817ms)
✔ module read covers all eight prescribed scripts using only observational CDP calls (3.504498ms)
✔ missing required module is rejected before a source read (2.867863ms)
✔ a required module parsed under another origin does not satisfy admission (1.15306ms)
✔ two script identities for one required module are rejected (1.094482ms)
✔ required modules from different execution contexts are rejected (1.455975ms)
✔ a stop arriving during an awaited source read prevents any result or next read (0.864467ms)
✔ dispose removes its parsed-event listener and detaches without removing other listeners (0.582174ms)
✔ authored Mission 3 activation runs the first native Erosion call immediately and only once (516.371023ms)
✔ multiple authored targets process in link order at activation and newest-first on later visits (97.001903ms)
✔ activation queues radius6 texture updates and notifies before allocating the next target (243.122937ms)
✔ repeated rewards get one initial visit each and exhausted rewards never allocate again (285.280871ms)
✔ live Erosion casting deforms terrain independently of refresh rate (623.968636ms)
✔ a newer Lightning consumes simulation RNG before Erosion (25.687815ms)
✔ original cleanup, center, terminal release/counters and recovery match native captures (6.543519ms)
✔ last opponent death ends the fight, credits its winner once and returns a survivor to commands (112.481862ms)
✔ live separation uses the squared eight-unit boundary (131.489303ms)
✔ a native interruption detaches its slot and protected survivors defer state recovery (34.090764ms)
✔ fight completion, recovery and RNG agree at 5–240 Hz and irregular frame schedules (260.968045ms)
✔ Firestorm emits its complete native 220-turn rain sequence (6.633804ms)
✔ live Firestorm composes fire, panic Blast and building ignition independently of refresh rate (450.680698ms)
✔ Flatten follows the native 15-turn terrain and orbit lifecycle (4.17203ms)
✔ live Flatten casting is refresh-rate independent (1109.563154ms)
✔ persistent follower controls retain native descriptor order and class HFX ownership (1.298058ms)
✔ live own class totals enable controls independently of training knowledge or occupancy (88.230335ms)
✔ reading the follower strip does not mutate simulation or selection state (203.223713ms)
✔ shipped G task classification follows deferred native adoption without mutating HUD reads (132.443974ms)
✔ specific legacy work overrides dormant idle while real native disruption remains authoritative (63.579465ms)
✔ construction, pre-entry, actual entry and native idle routes use their own categories (39.129597ms)
✔ task selection preserves orders and RNG during a real movement command and propagates occupied groups (42.819273ms)
✔ live task count reads nearby camera coordinates without creating or registering people (37.930417ms)
✔ real boarding through a route owner overrides a dormant native person for Selected task propagation (40.629857ms)
✔ task classifier preserves every recovered native state and command category (2.539631ms)
✔ inside classification follows building category and the Preacher command exception (0.191417ms)
✔ global existence and nearby task counts are independent; selected overlays preserve native addition (0.881112ms)
✔ task selection ignores persistent-strip assignment priority and uses category nearest (0.363536ms)
✔ Selected row click/Shift deselect, Ctrl reselects nearest without changing its work or the group (0.39281ms)
✔ Total single/five can select the Shaman while Shift excludes it (0.255964ms)
✔ task focus filters category and cycles with the Shaman nearby exemption without mutation (0.311738ms)
✔ vehicle creation and frame cache use apparent tribe, including checkpoints and legacy fallback (190.563266ms)
✔ vehicle damage immunity follows apparent tribe while real-owner counts stay unchanged (83.596521ms)
✔ live Blast projects class4 apparent tribe without changing the real owner (103.109432ms)
✔ ordinary live boarding exposes class vehicle counts, all passengers and independent owner fields (153.632915ms)
✔ Spy boarding uses immediate target bits, later boarding rewrites owner and exit preserves apparent owner (31.190603ms)
✔ split owner and occupied selection survive checkpoint, legacy vehicles use real team fallback (32.230984ms)
✔ destroyed last vehicle keeps presence during its visible wreck and cannot select or focus (33.786928ms)
✔ shipped disguise command aboard publishes apparent ownership through completion and countdown (59.422678ms)
✔ legacy occupied checkpoint retains apparent fallback across voluntary unload (83.839566ms)
✔ first and later boarding, either exit and reuse preserve the native two-owner contract (420.801836ms)
✔ occupied class reads rebuild from current passengers rather than stale row totals (28.420917ms)
✔ transport presence uses real ownership and survives an empty count (1.489485ms)
✔ class filter acquires a vehicle and selects all eligible passengers; Ctrl counts vehicles (0.630095ms)
✔ driver command priority, matching-passenger distance and vehicle nearby boundary remain distinct (0.185198ms)
✔ native reverse vehicle-list focus cycles, variants reacquire, and selected/blocked occupants can focus (1.772279ms)
✔ footprint history matches native ring replacement and its per-cell pixel counts (500.202422ms)
✔ partial footprint shading equals a complete native-palette atlas rebuild (1144.959065ms)
✔ live walking footprints use the elapsed animation clock, including pause and disabled trails (223.367766ms)
✔ live turn preserves native tribe order, inactive skipping and next-turn formation admission (1209.220284ms)
✔ actual recruited groups wait a turn and then steer before member physics (67.691105ms)
✔ render cadence and idle production worship hooks cannot change gameplay, RNG or owned animation state (9864.060469ms)
✔ paused time stays paused; long active frames retain elapsed time (115.773201ms)
✔ campaign messages use the presentation clock and freeze while paused (199.002089ms)
✔ campaign pending auto-open waits for settled motion and consumes one oldest record per presentation visit (43.118831ms)
✔ scenery shade follows cell occupants through overlap, depletion and regrowth (63.165853ms)
✔ rotated building plans keep their anchor, entrance routes and orientation through construction (633.500974ms)
✔ Lightning ignites only its building footprint, then evacuates, damages and permits repair (334.529781ms)
✔ Lightning burns original scenery through smoke and cleanup without leaking fire state (106.874121ms)
✔ native impacts expire on exact turns and debris preserves the sprite allocation counter (60.403148ms)
✔ terrain rebuilds preserve queue precedence and initialize the original mission before sampling (13.432085ms)
✔ territory preserves native footprint asymmetry, overlap clearing and staggered recovery (1.217096ms)
✔ opening tooltips resolve mission cells and have an independent lifetime (24.253684ms)
✔ original level layout, native foundations, and the complete mission (2774.821278ms)
✔ housing, mana allocation, pause, drowning, and reincarnation (496.357027ms)
✔ ordinary land deaths keep the native corpse lifecycle (162.686901ms)
✔ native transformed compound bases stay on their ground pads (43.059832ms)
✔ native animation identity, casting interruption, gradual terrain and blast survival (356.003863ms)
✔ native economy uses fixed turns, population bands and real hut upgrades (683.781924ms)
✔ lightning hits a native map cell and Blast leaves allied health intact (31.467415ms)
✔ native integer movement and combat exchanges preserve timing, retaliation and replay (321.132188ms)
✔ native fight slots form four-person groups and release on interruption (77.733866ms)
✔ native sound cues preserve sample identity, cast phases and simulation randomness (143.955059ms)
✔ native Lightning delays the upper flash and regenerates eight segments for three turns (36.358848ms)
✔ native spell allocation, discrete flight, RNG trails and delayed impact (459.262938ms)
✔ native terrain ridges, reflected diagonals, surface planes and boundary vertices (1.2659ms)
✔ original campaign setup disables only enemy reincarnation and retains deferred commands (191.002615ms)
✔ mission-one AI applies its native spell interval profile on the original phase (105.696941ms)
✔ mission-one closes its construction latch after the first Red hut (24.974145ms)
✔ campaign marker setup snapshots native entry state before live execution (45.978492ms)
✔ mission marker task sends one reserved brave to marker one (47.551903ms)
✔ mission-one ordinary marker guard patrols and answers nearby enemies (64.312242ms)
✔ campaign markers remove the bridge head on the native phase, independently of routing (79.242095ms)
✔ campaign counters track allocation and remaining head gifts through gameplay (94.792989ms)
✔ worship decays without followers and continues at full spell stock (119.113674ms)
✔ vault discovery follows worship, door, entry and exit tasks (142.550271ms)
✔ vault allocation preserves the current order when the shared pool is full (130.00097ms)
✔ original discovery messages follow script phases, persist and reset (84.686004ms)
✔ partial building queries consume their mode once and marker triggers bypass worship (27.31706ms)
✔ original opening runs before object turn 72 and its independent flyby clock can be interrupted (83.57049ms)
✔ native outcome phases honor campaign opponents, forced results and defeat recovery (291.282368ms)
✔ tribe gates suppress scripts and AI while object turns and eligible cooldowns keep their native phases (237.241999ms)
✔ emergency casting preserves queued work and preacher responses keep their own payment rules (75.49331ms)
✔ mission-one AI casting uses the live shaman state and cast-block flags (235.893576ms)
✔ live spell scans use population thresholds and building territory with delayed overlap recovery (39.794302ms)
✔ original campaign stops Dakini Blast casting after its second allocation (139.536089ms)
✔ campaign attack commitment follows living warrior counts on its original turn (196.717811ms)
✔ mission-one Dakini launches its native attack route when Blue enters marker three (105.559295ms)
✔ mission-one Dakini launches its later building attack when Blue overwhelms it (128.084725ms)
✔ mission-one Dakini pursues a fallback shaman by exact command target (26.455297ms)
✔ computer attack exhausts native scans and retreats below its surviving-member threshold (0.40672ms)
✔ computer attack pool exhaustion skips hostile dispatch and retires through native empty scans (59.657508ms)
✔ queued training keeps its selection lock until issuing the order and frees its slot after arrival (0.50011ms)
✔ mission-one red AI queues exact task 6 below one warrior and executes live training (96.903467ms)
✔ mission-one red AI does not reserve a second brave already committed to warrior training (30.873927ms)
✔ external game store publishes edits and restarts without sharing worlds between sessions (212.225531ms)
✔ mission-one victory continuation creates and restarts the recovered mission-two world (224.639953ms)
✔ mission-two Totem route reaches the Tornado guidance and use instruction (1144.566482ms)
✔ mission-two enemy marker orders nearby Matak defenders to counterattack (174.983533ms)
✔ game store checkpoints restore an isolated exact world snapshot (81.475103ms)
✔ computer recruitment preserves wrapped-distance ties and native command eligibility (0.626681ms)
✔ group orders share references and release their object only after the final follower leaves (0.676315ms)
✔ AI reservation enters native selection state and releases through the normal person initializer (0.738317ms)
✔ training order startup uses configured speed and preserves only a compatible building occupant (0.75274ms)
✔ native training queue yields to an untrained follower and releases its new head (0.635964ms)
✔ live followers reach rotated native doors before entering buildings (645.649863ms)
✔ building admission preserves native slot order, training activity and shared commands (1.439861ms)
✔ training replaces a whole batch, inherits the first occupant order tail and rolls back partial allocation (0.917767ms)
✔ live mana refunds wait for a pulse and computer training receives only the original first pass (25.38964ms)
✔ follower mana uses native preacher orders, registration and ghost flags before tribe scaling (47.939338ms)
✔ live spell reach follows terrain height and enemy casts require and spend native mana (81.625739ms)
✔ native casting lockout survives animation and computer usage recovers one charge at a time (36.613512ms)
✔ spell targeting preserves native cell allowances and wrapped coordinate seams (68.607855ms)
✔ native spell scans retain slots and Blast scoring avoids friendly concentrations (40.755338ms)
✔ defeat seeds native building collapse and staged damage ejects occupants before removal (69.497168ms)
✔ building display stages follow remaining work and retain separate complete meshes (38.420524ms)
✔ results preserve pending turns, collapse defeated settlements and reject new orders (299.048532ms)
✔ result camera crosses the world seam, releases input and retains native sky timing (2.972971ms)
✔ victory owns persistent native followers, drops cargo and pauses logical animation (66.017918ms)
✔ live blocked followers retain native detour steering and recovery timers (37.099692ms)
✔ live celebrants obey native walk masks and survive the legacy ground-height cutoff (68.57199ms)
✔ live completed-building footprints relocate and clear on removal (37.855667ms)
✔ live native cell order follows arrivals and removes dead records (67.882065ms)
✔ live cell insertion repairs a stale head left by a removed person (0.371818ms)
✔ dead vehicle passengers release their slots and driver position (32.218357ms)
✔ live native preparation consumes reroutes and completes slow turns and reactions (22.924191ms)
✔ interrupted victory followers resume through native orders and rejoin celebration (23.245662ms)
✔ native idle approach composes with shared state and original resting animation (30.165207ms)
✔ native resting ownership allocates distinct slots and compacts after a follower leaves (25.065353ms)
✔ native route reuse shares ownership and live celebration releases each follower (48.645518ms)
✔ native route construction retries expired failures and stores the original bounded path (34.21603ms)
✔ native path search packs a trimmed route and preserves distinct vehicle retry flags (49.07324ms)
✔ native wrapped route smoothing respects blocked steps and measures retained segments (52.384079ms)
✔ native obstacle solving builds a world-seam detour and rejects a blocked destination (50.511028ms)
✔ native planned routes use the recovered solver and advance shared followers to their goal (27.738344ms)
✔ native boarding checks the first boat and landing requests reserve distinct original search cells (0.843206ms)
✔ live native routes release query ownership, expire failures and walk low shoreline (122.10297ms)
✔ live followers share routes, advance before exact arrival and release every owner (111.921046ms)
✔ hut families are selected once, shared with shapes and retained through upgrades (39.760525ms)
✔ mission-one low population response assigns and releases persistent shaman escorts (111.922884ms)
✔ shaman escort uses native pursuit cadence and strict boundaries (0.578548ms)
✔ Mission 5 Boat worship emits its original one-shot tutorial (225.149222ms)
✔ Mission 5 grants, boards, sails, lands and checkpoints its original Boat (244.854133ms)
✔ Ghost Army casts, spawns native ghosts, accepts orders, vanishes in combat, and follows AI (314.339094ms)
✔ world-view terrain matches captured native mesh order, projection and lighting (165.57217ms)
✔ overview drag/release matches native snapshots and every star-parallax step (1.728864ms)
✔ overview morph timing matches the original complete lifetime snapshots (0.705178ms)
✔ Ctrl starts followers immediately, appends shared waypoints and ordinary click ends the sequence (390.125185ms)
✔ eighth Ctrl click and Alt final click deselect without cancelling issued orders; right-click ends staging (174.665745ms)
✔ queued ground movement preserves every turn, RNG, poses and footprints at 5–240 Hz and irregular frames (830.953044ms)
✔ continued queue allocation failure retains issued orders, and an ordinary replacement releases them (65.588957ms)
✔ an enemy-person order waits behind a waypoint and advances when its target becomes unavailable (324.120203ms)
✔ ground waypoint handoff uses each playable class default initializer (256.552901ms)
✔ ordinary person turns apply native follower and Shaman healing without reviving excluded units (97.465441ms)
✔ live health adapter preserves airborne/state exclusions and combat status flags (31.16425ms)
✔ each original healing model receives exactly one recovered increment on the eighth turn (42.61218ms)
✔ a follower injured by the shipped missing-building release path later heals on an ordinary turn (28.179681ms)
✔ healing follows simulation turns across speed, refresh cadence, irregular frames and pause (510.977968ms)
✔ checkpoint migration preserves the next native healing turn (46.950632ms)
✔ building admission clocks match captured native blocks (4.667794ms)
✔ followers visibly cross the native interior threshold before housing consumes their command (1129.118892ms)
✔ simultaneous arrivals respect hut capacity and cancellation releases the scoped animation and route (124.927047ms)
✔ hut slots remain authoritative through a departure, replacement and birth turn (74.811927ms)
✔ fire interrupts entry without retaining its walking sprites or command record (53.783284ms)
✔ staged entry positions, RNG, admission and sprite clocks are independent of rendered frame rate (364.008747ms)
✔ entry re-plans interrupted steering and releases its source when the hut becomes unavailable (71.41491ms)
✔ scaled native panel and bottom-row digits remain above the modern footer (0.825939ms)
✔ HUD keeps preferred manual sizes and the original nominal auto steps when they fit (0.151958ms)
✔ HUD extraction retains the page client-component directive (0.836355ms)
✔ HUD selection and focus match captured original commands without changing other person fields (6.855166ms)
✔ HUD controls add followers without stealing simulation ownership or replacing marching orders (139.912123ms)
✔ building menu waits through delayed false images before continuing (11.271333ms)
✔ building menu exhausts its existing 30000 ms scope without continuing (164.700368ms)
✔ building menu propagates failed texture acquisition without retrying (2.167483ms)
✔ building hover Mission 1 waits through delayed false images before continuing (2.766291ms)
✔ building hover Mission 1 exhausts its existing 30000 ms scope without continuing (278.261339ms)
✔ building hover Mission 1 propagates failed texture acquisition without retrying (7.005752ms)
✔ building hover Mission 2 waits through delayed false images before continuing (3.103657ms)
✔ building hover Mission 2 exhausts its existing 30000 ms scope without continuing (156.403739ms)
✔ building hover Mission 2 propagates failed texture acquisition without retrying (2.626341ms)
✔ worship Tutorial waits through delayed false images before continuing (3.542215ms)
✔ worship Tutorial exhausts its existing 30000 ms scope without continuing (177.436679ms)
✔ worship Tutorial propagates failed texture acquisition without retrying (2.179951ms)
✔ worship Mission 1 waits through delayed false images before continuing (3.107243ms)
✔ worship Mission 1 exhausts its existing 20000 ms scope without continuing (107.489816ms)
✔ worship Mission 1 propagates failed texture acquisition without retrying (1.25965ms)
✔ repeated helper calls acquire the replacement document image (1.488213ms)
✔ only literal true permits readiness, never a truthy observation value (0.337816ms)
✔ late true is rejected after the awaited read settles, without another observation (1.17303ms)
✔ the last pause fits the deadline and no read starts after it (1.207061ms)
✔ invalid wait bounds fail before reading (0.304197ms)
✔ shaman health fill follows native integer bounds and absent/overfull cases (2.357127ms)
✔ HUD atlas metadata matches the PNG and contains every imported sprite (1.895654ms)
✔ portrait backgrounds and shadow-free directional layers match native captures (2.101523ms)
✔ tooltip bitmap placement and wrapping match the original desktop controller (53.192242ms)
✔ mana production stripes follow native rates, warning bands and controller modes (5.280915ms)
✔ live mana estimation uses the simulation clock and follows charging toggles (147.72718ms)
✔ follower counts, icon placement and housing fill match native HUD controllers (13.403091ms)
✔ population readouts exclude dead followers and reserve the shaman allowance (45.279935ms)
✔ hut birth clocks and destinations match captured original calls (2.406251ms)
✔ live newborns leave the hut and keep native birth feedback and gates (99.975536ms)
✔ hut smoke uses descriptor attachment slots, independently of resident capacity (1.969815ms)
✔ hut occupancy producer samples real occupancy every 32 building turns (0.287831ms)
✔ partial root uses the native 16-visit visible lifetime and restart draw (0.159239ms)
✔ full root is persistent and does not invent the unresolved child-puff phase (0.125408ms)
✔ all supported residential hut capacities switch partial to full at their native capacity (4.281174ms)
✔ visual frames stay on the recovered 16-frame sequences (0.143345ms)
✔ immediate occupancy events preserve capacity, phase and same-mode root identity (1.290727ms)
✔ drain elapsed old-root visits before an off-phase event without backdating the new root (3.156687ms)
✔ listeners are transient, identity-scoped and released through material disposal (0.419339ms)
✔ multiple presentation consumers unsubscribe independently without resetting each other (0.424938ms)
✔ live command8 owner publishes authoritative entry/removal for Hut level 1 (196.426234ms)
✔ live command8 owner publishes authoritative entry/removal for Hut level 2 (123.47819ms)
✔ live command8 owner publishes authoritative entry/removal for Hut level 3 (85.454184ms)
✔ ordinary Mission2 admission includes the new smoke root in that turn’s effect visit (4058.383505ms)
✔ pre-building occupancy removal receives one first visit, including counter wrap (157.036752ms)
✔ out-of-turn allocation survives pause; commands while paused remain rejected (364.58307ms)
✔ new-root completion is identity-scoped and one-shot for same-turn transitions (0.238638ms)
✔ batched turns and repeated rendering preserve the native first lifetime (201.005231ms)
✔ turn completion callbacks are clock-specific and are discarded on a failed turn (31.20067ms)
✔ hut maturity and cell timber match captured original calls (2.23193ms)
✔ residents fetch and stage timber before their hut upgrades (391.091924ms)
✔ Hypnotise uses the native footprint, temporary ownership, expiry, and AI target path (231.701616ms)
✔ Invisibility marks the native six, does not refresh, and reveals on time or combat (129.191316ms)
✔ player and computer casts share Invisibility application and old saves migrate (161.309193ms)
✔ complete Land Bridge lifetimes match native terrain, ordered trails and notifications (632.085769ms)
✔ live bridge terrain and particle cleanup are identical across refresh rates and stalls (2351.190118ms)
✔ ordinary Mission1–3 startup uses native terrain, authored gates and real conversion (665.884898ms)
✔ native opening excludes Shaman selection, without inventing a casting restriction (116.485856ms)
✔ checkpoint restore resumes every opening stage without replaying terrain/conversion (1518.567665ms)
✔ restart gets one fresh sequence; repeated flyby skip does not replay it (450.521351ms)
✔ only carrier-created stones are obstacles, while legacy sites keep their reservations (63.252063ms)
✔ opening wave, conversion and stone cues preload their existing original samples (7.28401ms)
✔ permitted opening casts enter native state22 and resume command18 without a stuck controller (1023.158047ms)
✔ fresh-load camera follows native cell-edge/center snapping and angle retention (0.457947ms)
✔ the command18 completion turn owns exactly one native person visit (319.493316ms)
✔ permitted state22 interruption and completion retain one counter increment per turn (498.828855ms)
✔ replacement player orders cancel startup before its counter write (194.145551ms)
✔ only the linked neutral startup conversion flash follows its replacement Brave (98.448269ms)
✔ a missing converted Brave does not retarget its flash or shorten the native expiry (91.230106ms)
✔ an invalidated command18 is consumed by the ordinary queue without completing the site (48.459762ms)
✔ original Lightning target gates, inclusive cap, attacker and electrocution phases (3.302636ms)
✔ live Lightning retains victims, displays native shock sprites, scatters survivors and cleans up (140.746898ms)
✔ Lightning outcomes and turn-by-turn poses are independent of rendering cadence (399.44958ms)
✔ live marching uses shared commands, original poses, separate slots and releases interruption/death/arrival ownership (361.167898ms)
✔ marching and resting preserve mechanics, footprints and sprite frames at 5–240 Hz and irregular frames (1116.062845ms)
✔ exhausted command pool preserves the previous movement and group ownership (128.281426ms)
✔ panic retains the real movement command and resumes its route after recovery (81.542015ms)
✔ obstacle recovery replans the owned group order and settles identically at 5–240 Hz (1405.216799ms)
✔ shared ground motion advances a retained route once before any state controller (56.89285ms)
✔ native432260 empty current slot returns before building live order context (21.663474ms)
✔ live worship shares an order, occupies exact slots, prays, earns gifts and releases interrupted/dead members (372.03533ms)
✔ live head rewards, displayed standing roster and group selection retain their distinct native rules (227.267114ms)
✔ worship motion, prayer frames, pose RNG and rewards are identical at 5–240 Hz and irregular frames (998.533764ms)
✔ an unreachable head preserves the existing command without entering an unported retry state (82.275306ms)
✔ Ctrl waypoints finish at a stone head without replacing the current route or person (138.58465ms)
✔ training replacements inherit a queued stone-head order and perform the original prayer (126.940332ms)
✔ queued worship preserves turns, poses, RNG and rewards at 5–240 Hz and irregular frames (782.133513ms)
✔ local launch preserves sandbox and removes all unsafe Playwright defaults (1.44537ms)
✔ CLI accepts separate game root, owned output, browser and bounded settings (0.20657ms)
✔ CLI rejects unknown flags, missing values and unbounded inputs (0.221583ms)
✔ harness preserves the exact side-effect-free source fingerprint export (0.125589ms)
✔ source fingerprint catches dirty tracked and untracked byte drift with unchanged porcelain (121.430342ms)
✔ active scenario completing during timeout diagnostics cannot turn failure into pass (108.525104ms)
✔ active scenario completing during interrupt diagnostics cannot turn failure into pass (8.354409ms)
✔ ordinary native constructors restore the logical gate without adding interpolation behavior (111.70073ms)
✔ native person and Splash frames wait for logical visits while clear-bit effects keep 24 Hz (69.843096ms)
✔ each catch-up turn observes the prior frame before one post-observer logical advance (47.739357ms)
✔ ordinary owner aliases and a post-turn handoff never advance twice (170.46998ms)
✔ state0 and removed gated sources do not fall through to presentation advancement (78.749384ms)
✔ pause, land pause and speed changes preserve owned logical animation visits (41.283011ms)
✔ legacy save aliases gain the gate without resetting frames or replaying on a new Scene clock (50.435528ms)
✔ a Splash allocated after processing gets one animation visit but no invented lifetime visit (50.02359ms)
✔ morph transitions keep one presentation owner even on coincident logical boundaries (91.490086ms)
✔ Firewarrior descriptor holds are measured in eligible logical visits (26.316888ms)
✔ post-turn source replacement visits only the active record, including at turn wrap (36.816447ms)
✔ direct simulation ticks and presentation calls do not manufacture logical visits (29.281729ms)
✔ marching geometry, recruitment, cleanup, speed and poses replay complete original calls (41.090833ms)
✔ native movement completion preserves payload, seam and vehicle boundaries and four-turn cadence (18.954138ms)
✔ marching cleanup tolerates a member whose native record was already released (0.601092ms)
✔ outdoor and building encounter calls match captured original fields, timing, RNG and sound (23.21312ms)
✔ all playable encounter pairs show the opening strike, physical stagger and defender-centered fight (650.337462ms)
✔ encounters and their animations stay deterministic across render schedules (282.112148ms)
✔ the native skip-intro flag and player cancellation do not leave stuck encounters (66.27465ms)
✔ an encounter releases cleanly when an airborne participant returns to ordinary motion (33.517406ms)
✔ live fights refresh the first native player alert each object turn (86.403542ms)
✔ simulation owns quiet, attack and battle music activity across pause and cancellation (33.437796ms)
✔ native fight admission, replacement and splitting retain original slots, flags and RNG (6.068268ms)
✔ stronger reinforcements replace the first weaker ally and preserve a three-person tribe limit (145.482167ms)
✔ two-sided reinforcements split the last fighter of each tribe into a new live fight (70.957198ms)
✔ reinforced group motion and combat remain identical at every render cadence (407.558713ms)
✔ center changes preserve original membership slots for subsequent splits (44.372894ms)
✔ pursuit refresh uses the original inclusive axis threshold and signed coordinates (1.233802ms)
✔ live pursuit updates before reaching the old destination and reuses unchanged routes (395.210997ms)
✔ automatic engagement uses equal tribe ranges, whole cells and original scan cadence (49.538421ms)
✔ native inhibition and pending scans apply without giving idle shamans automatic attacks (28.69673ms)
✔ live move orders cross nearby enemies without the old distance interruption (37.523869ms)
✔ idle followers of either tribe pursue detected enemies at every render cadence (510.226766ms)
✔ group attacks hit busy opponents without restarting their action or facing (5271.319959ms)
✔ Magical Shield does not block native mode-one melee damage (50.618209ms)
✔ opportunistic reach is measured from the opponent slot with an exclusive 360-unit boundary (218.803237ms)
✔ group combat stays deterministic across render schedules and yields to player orders (254.186233ms)
✔ knockback waits for terrain physics to settle and preserves cell ownership (76.810443ms)
✔ hits during knockback survive physics and player orders do not teleport the person (33.74975ms)
✔ sliding recoil, native animation and recovery are independent of render cadence (224.85553ms)
✔ shamans and the native game flag suppress ordinary attack knockback (204.431779ms)
✔ fight sites use the native 32-turn search and retain groups when no site is available (31.794335ms)
✔ fight sites leave original building footprints even between periodic search visits (53.321091ms)
✔ sequential fight searches avoid other fight centers and release exhausted searches (0.941944ms)
✔ live groups relocate sequentially without sharing another fight center (29.863217ms)
✔ native approach reaches its slot from every direction and waits one turn to chase a moved slot (267.303544ms)
✔ approach uses native cell collision and preserves the person across attack, recoil and new orders (37.962332ms)
✔ approach, native animation and subsequent combat stay identical across frame rates (217.808364ms)
✔ native descriptor threshold chooses exact small and large corner dimensions (1.906541ms)
✔ 1x frame overlaps native corners in a 100x96 rectangle, bottom corners last (5.630561ms)
✔ 2x and partial tiles retain exact 1:1 corner/edge pixels and a transparent center (34.528388ms)
✔ frame is a separate overlay and does not change terrain, markers or click ownership (1.024818ms)
✔ minimap pixels, camera wrapping, rotated UVs and markers match native captures (111.036854ms)
✔ Mission 10 runs its first Totem deadline and second Totem Erosion sequence (11215.14726ms)
✔ Mission 11 opens with both enemy tribes and four original knowledge sites (110.174393ms)
✔ Mission 11 opponents build their first settlement and scripted BUILD_AT tower on native cadence (5871.353902ms)
✔ Mission 12 opens with all three enemy tribes and original knowledge (89.335409ms)
✔ Mission 12 starts its original turn-7 flyby once (88.961208ms)
✔ Mission 12 opponents request their first Guard Towers on native cadence (251.136461ms)
✔ Mission 12 opening remains deterministic through checkpoint migration (793.888361ms)
✔ Mission 13 opens with both enemy tribes and original knowledge (57.507604ms)
✔ Mission 13 starts its original Yellow turn-6 flyby once (63.496352ms)
✔ Mission 13 Balloon Hut knowledge is visible before construction (109.195824ms)
✔ Mission 13 Land Bridge uses native surface categories at low shore (31.433304ms)
✔ Mission 13 Balloon Hut repeatedly produces occupied airborne transport (397.59046ms)
✔ Mission 13 opening remains deterministic through checkpoint migration (364.332945ms)
✔ Mission 14 delivers both linked gifts and a castable Angel through shipped paths (454.096291ms)
✔ Mission 15 ordinary Prison attack frees the captive and cancels the timer (323.515032ms)
✔ Mission 15 timer expiry locks input and kills the captive with enemy Lightning (134.714361ms)
✔ Mission 15 expiry stays latched if the Prison falls before Lightning lands (117.90179ms)
✔ Mission 15 captive Lightning branch requires an enemy caster, not the Prison cell (71.307742ms)
✔ Mission 16 worship grants Bloodlust and live combat consumes its status (405.073746ms)
✔ old checkpoints default Bloodlust stock without disturbing their world (60.445714ms)
✔ Mission 17 grants Armageddon and stages the native arena through the live cast path (1075.027269ms)
✔ Armageddon uses generic victory and defeat outcomes and restores control (971.493191ms)
✔ Mission 18 loads its authored tribes and grants Armageddon and both Volcano rewards (2876.159839ms)
✔ Mission 18 starts its authored Red marker patrol through normal AI orders (118.403926ms)
✔ Mission 18 Armageddon restores its arena checkpoint and reaches both result directions (2115.919348ms)
✔ Mission 19 loads its authored objective and grants all three worship rewards (991.940848ms)
✔ Mission 19 Teleport spends only accepted stock and resumes identically from a checkpoint (189.332944ms)
✔ Mission 19 warns once and gives Chumara loss priority over Dakini defeat (368.67277ms)
✔ Mission 2 naturally earns Matak kills and launches the organized raid (2823.57412ms)
✔ Mission 2 checkpoints retain kill ownership from the old red slot (54.434764ms)
✔ Mission 2 camp targeting takes the first model match without RNG (47.499026ms)
✔ Mission 2 producer matches native base, loss, capacity and resource boundary cases (294.418783ms)
✔ Mission 2 naturally establishes a new home Tower base and preserves phase3 checkpoint continuation (884.921627ms)
✔ Mission 2 rebuilds after a real player army destroys both Towers, retaining its first construction base (6887.842858ms)
✔ Mission 2 explicitly trains replacement Warriors after natural combat despite zero producer preferences (5948.859065ms)
✔ Mission 20 loads its authored opening and four-stage linked chain (91.426779ms)
✔ Mission 20 worship consumes each head once and restores the live chain (2265.562781ms)
✔ Mission 21 loads its authored opening and first fault state (100.806974ms)
✔ Mission 21 converts worshippers and seals the first fault across a checkpoint (3484.56984ms)
✔ Mission 21 checkpoints one unsealed first-fault eruption without replay (2850.378206ms)
✔ Mission 22 opens with its solo Shaman, native heads, tribes and transport (72.805523ms)
✔ Mission 22 mode-3 head rejects an injected Brave supporting fixture (176.736726ms)
✔ Mission 22 nearby head is a one-shot presentation with no gameplay reward (222.669582ms)
✔ Mission 22 southern head delivers its delayed 600,000 mana gift after real worship (6420.493837ms)
✔ Mission 22 Shaman can steal, checkpoint and sail the authored enemy Boat (1915.700791ms)
✔ Mission 22 Shaman can claim the authored Balloon and complete the northern mana route (8478.105484ms)
✔ Mission 23 loads its authored tribes, Wildmen and worship chain (92.498393ms)
✔ Mission 23 enemy tribes grow their native settlements and populations (12702.666915ms)
✔ Mission 23 unlocks and repeats the native zero-mana gift through ordinary worship (1074.392897ms)
✔ Convert Wild allocation gates state and duplicates without cancelling existing work (1.794083ms)
✔ Convert Wild target retains density, wrap, tie, inclusive radius and list-centroid rules (0.788784ms)
✔ Convert Wild standability preserves initial target and tries only the first24 spiral positions (0.513121ms)
✔ Mission3 active type2 advances after allocation state is switched off (71.564297ms)
✔ type2 timeout clears motion before a blocked state transition and then frees the task (32.885095ms)
✔ type2 reads the active fight person even when its attack animation has no presentation source (26.392338ms)
✔ Convert Wild region lookup normalizes signed browser-native positions to unsigned words (0.184397ms)
✔ type2 casting preserves the real person flags2 readiness gate (23.15547ms)
✔ explicit flight person receives the allocation-safe return order without restarting its state (25.659328ms)
✔ explicit flight return preserves the complete world on order allocation exhaustion (38.12485ms)
✔ cast-ready flight-owned Shaman receives the type2 post-cast return on the same person (26.012518ms)
✔ type2 range reads actual signed person height rather than terrain beneath it (22.493075ms)
ℹ {"terrainHeight":146,"personHeight":896,"terrainRange":14,"personRange":24}
✔ Mission3 Chumara moves, spends its original shot and mana, then stops allocating at the population cutoff (1149.977429ms)
✔ Mission3 keeps idle follow-ups and area-summary automatic training unreachable (63.348985ms)
✔ ordinary Mission3 allocates a real pre-table response before ordinary production (168.349135ms)
✔ defense allocation preserves native caps, immediate empty-area cleanup and recycled scratch (0.540341ms)
✔ active defense suppression uses strict squared26 and wrapped cell distance (0.165038ms)
✔ native defense no-force fallback is a finite seven-visit lifecycle (0.404798ms)
✔ defense cleanup clears only matching assignment and native flag bits while preserving another lock (28.433241ms)
✔ lost early defense targets are invalidated before a different task dispatch (32.446587ms)
✔ defense Blast uses signed active-person height for native and flight-owned Shamans (100.0374ms)
✔ defense Blast reads active native, flight and non-presented fight positions in both range directions (162.346363ms)
✔ defense target collection preserves category caps, rejection rules and the omitted last spiral cell (0.858068ms)
✔ ordinary Mission3 intrusion produces a real type8 fallback, cleanup, repeat and checkpoint continuation (951.610278ms)
✔ ordinary Temple acquisition and Preacher intrusion recruit a real Chumara defender with orders and movement (2023.009856ms)
✔ Mission 3 naturally trains a Blue Preacher, converts an authored Brave and resumes its mid-conversion checkpoint (2837.806793ms)
✔ a real movement command cancels the naturally acquired Blue sermon without converting its listener (1461.86809ms)
✔ natural Mission 3 conversion follows elapsed game time across display schedules (2800.265934ms)
✔ Mission 3 opens through original Chumara, Swarm, Temple and Erosion paths (1839.375101ms)
✔ single Preacher selector preserves native first-near/band order and strict distance boundaries (1.786562ms)
✔ single-person strict19 boundary, wrap, mode0 and invalid mode match native cases (0.577827ms)
✔ type11 waits for selection ownership and cancellation safely releases state14 and slot (92.218385ms)
✔ duplicate raw payload and failed allocator preserve native selection side effects (55.133579ms)
✔ Preacher allocator preserves native five-slot/state/signed-count boundaries (0.356795ms)
✔ 1103 replacement preserves all person/order state on allocation exhaustion (31.397494ms)
✔ natural Chumara training reaches marker3 Preacher task, checkpoint phases and movement (2009.023343ms)
✔ complete128-turn block preserves strict gates, command ordering and message lifetime (0.743118ms)
✔ 1103 retargets only active order30 in native state10/33 without restarting state (230.870848ms)
✔ cancelled blocked-state Preacher resets motion before the native state gate (34.652671ms)
✔ Mission 3 warns once when a naturally trained Chumara Preacher starts converting a Blue Brave (5430.611846ms)
✔ Mission 3 starts its original recurring-script flyby through ordinary turns (1708.156487ms)
✔ Mission 3 Chumara builds its settlement and trains its first Preacher (1571.552717ms)
✔ Mission 4 starts its original opening flyby once through ordinary turns (653.550174ms)
✔ Mission 4 teaches training and attack from its original live conditions once (33.426358ms)
✔ Mission 4 converts Wildmen, discovers the Guard Tower, and defeats the Matak (7000.439861ms)
✔ Mission 5 Angel head delivers its linked hostile summon through live worship (426.480865ms)
✔ Mission 5 checkpoint migration upgrades an explicit mode-5 legacy Angel without changing gameplay state (48.130464ms)
✔ Mission 5 checkpoint migration recovers an absent authored mode before upgrading the Angel model (78.779877ms)
✔ Mission 5 checkpoint migration adds only the previously omitted Angel head (86.882811ms)
✔ Mission 5 imports its linked Boat template from the verified native coordinates (1.487193ms)
✔ Mission 5 runs its imported opening flyby once through ordinary turns (1504.893248ms)
✔ Mission 5 launches its original ordinary raid when the player reaches the Angel head (410.279173ms)
✔ Mission 5 launches its surviving Dakini at the player Shaman (148.175305ms)
✔ Mission 5 staffs its original Dakini tower with a Preacher (188.310137ms)
✔ Mission 6 keeps both original opponents distinct through outcome and checkpoints (373.546915ms)
✔ Mission 6 credits each opponent attack task independently (89.345999ms)
✔ Mission 6 low-population survivors counterattack the player Shaman (174.189779ms)
✔ Mission 6 Chumara trains Preachers and launches its first mixed raid (15930.336572ms)
✔ Mission 6 opponents expand and Matak launches its first Warrior raid (16454.694842ms)
✔ Mission 6 ATTACK snapshots the native three-spell payload and keeps old tasks compatible (0.43995ms)
✔ type-20 sixth ATTACK quota selects exactly the tribe Shaman outside the generic selector (0.292279ms)
✔ Mission 6 first Matak ATTACK retains source-derived Land Bridge, Lightning, Blast order (13769.501857ms)
✔ Mission 6 phase-6 task Shaman uses native payment, eligibility, usage and range gates (158.70452ms)
✔ Mission 6 phase-6 task spell uses task target outside Shaman states 25/29 (102.787937ms)
✔ Mission 7 converts Wildmen and grants Invisibility through its original head (842.55299ms)
✔ Mission8 natural acceptance starts from the shipped seven-person Blue and eleven-person Red roster (61.019733ms)
✔ Mission8 attack staging is a land order for the original party, not a transport or worship prerequisite (72.156352ms)
✔ shared ground → training → destination queues retain identities until conversion and inherit the original tail (614.609837ms)
✔ shared ground → construction → destination queues retain identity and resume after the crew leaves (174.77623ms)
✔ cancelled, invalid, removed and dead queued builders release command-6 ownership exactly once (388.627409ms)
✔ a waypoint added while trainees are inside preserves occupancy; ordinary hut admission consumes the complete queue (333.888872ms)
✔ unavailable or cancelled buildings advance to the next order; replacement and death release shared references (341.952155ms)
✔ mixed movement, training, inherited orders, RNG and footprints match from 5 to 240 Hz and irregular frames (788.097158ms)
✔ building order preparation matches complete original CPU calls (2.511099ms)
✔ reinforcements and new encounters retain the same person and resume ground, building and worship orders (760.549437ms)
✔ replacing or killing a reinforcement releases every retained command reference (164.339872ms)
✔ a displaced fighter retains its queue and a split keeps both followers’ original records (210.859294ms)
✔ combat interruption and resumed orders preserve simulation and poses across render rates (520.117842ms)
✔ combat removes a waiting trainee from its physical line while retaining its training order (107.409964ms)
✔ native model wave uses half, quarter, eighth strength then resets (1.424939ms)
✔ live waves retain first-hit deformation on resource scenery (125.492604ms)
✔ move input eligibility matches native category, strict-land and quarter-mask captures (5.69704ms)
✔ blocked move clicks preserve the whole selected group, shared orders, markers and RNG (133.136317ms)
✔ Markdown sections retain ancestry, repetitions, CRLF boundaries, and ignore fenced headings (2.254834ms)
✔ manifest validation accepts reviewed data and rejects duplicate IDs, missing paths, invalid parity references, and unsafe paths (39.591995ms)
✔ index is deterministic, clean without a cache, ignored when written, and regenerates after source changes (54.151307ms)
✔ index and context reject an indexed source symlink that escapes the repository (29.594869ms)
✔ repository validation requires one current top-level execution-order heading (20.266989ms)
✔ context returns bounded provenance, limitations, checks, and visible source truncation (39.150112ms)
✔ context output saves current JSON and rejects silent option mistakes (76.934783ms)
✔ preparation is independent of retired local status state (60.188904ms)
✔ native research packets grant only a contract-allowed ignored scratch directory (85.07418ms)
✔ role context carries a validated bounded assignment and explicit overflow (157.226444ms)
✔ reviewer context fingerprints the actual dirty, renamed, deleted, and untracked inputs (113.529339ms)
✔ real mapped evidence excerpts retain their material performance boundaries (3104.910541ms)
✔ Shaman appearance context keeps its complete checks and evidence within the default budget (948.635256ms)
✔ Followers task context retains complete checks without bloating selection context (552.113998ms)
✔ plan handles cross-cutting edits, renames, deletions, untracked and unsafe inputs without executing checks (69.125044ms)
✔ audit distinguishes baseline edits and reports out-of-scope, generated, input, untracked, and stale verification changes (90.115039ms)
✔ audit reports a pre-existing baseline change that disappears (95.721722ms)
✔ audit requires exactly one result for every required check (68.283371ms)
✔ blocked verification cannot masquerade as passing and passed results require evidence (57.234532ms)
✔ game server rejects an invalid isolated port (0.565509ms)
✔ preparation captures real baseline and hashes, validates intent, and refuses overwrite (316.198162ms)
✔ verification persists completed checks across interruption and replaces old passes at startup (142.546133ms)
✔ verification replaces a required receipt invalidated by a changed check definition (98.485469ms)
✔ reviewed aggregate coverage executes once, fingerprints covered inputs, and fails closed on script drift (228.524837ms)
✔ orchestration-tests receipts become stale when worker configuration changes (186.112655ms)
✔ repository-check receipts become stale when worker configuration changes (240.290596ms)
✔ verification runs only safe contract checks, records blocking, and detects mutations (349.414448ms)
✔ ephemeral default stays opt-in; persistent launch keeps sandbox and explicit data-dir (2.619732ms)
✔ unknown personal, noncanonical, existing unmarked and symlink directories fail before adoption (15.393564ms)
✔ symlink ancestor and evidence overlap are rejected (5.890451ms)
✔ an output symlink cannot alias profile data before preflight creates logs (11.370026ms)
✔ exclusive live and unknown locks are never recovered, and failed cleanup keeps ownership (13.994915ms)
✔ normal terminal cleanup retains checkpoint identity across a new exclusive run (18.332766ms)
✔ source/runtime/origin drift cannot silently adopt a game save (26.348217ms)
✔ symlinked source bytes and external or ignored scenarios cannot bypass input binding (20.01518ms)
✔ checker-only correspondence must bind prior run and both exact source identities (20.34337ms)
✔ unverified source and changed terminal ownership remain blocked (15.168ms)
✔ lease refuses a replaced lock and leaves that owner untouched (9.052648ms)
✔ leftover Chromium ownership and replaced data directory block reuse (16.745334ms)
✔ committed readback is readonly, awaits completion, and hashes typed arrays/Map/Set contents (108.90005ms)
THREE.InterleavedBufferAttribute.clone(): Cloning an interleaved buffer attribute will de-interleave buffer data.
✔ painter centers retain precision and follow position replacement and updates (3.405481ms)
✔ construction caps replace face modes and hidden picking faces emit no material (1.455495ms)
✔ cell render order matches native mixed passes and retained arrival order (76.147572ms)
✔ cell traversal preserves live ordering when a stale chain entry is encountered (0.48637ms)
✔ mixed polygon buckets, reverse insertion ties and raster depths match native captures (2.22514ms)
✔ completed models reject native rear faces and shared side/bottom outcodes (0.5933ms)
THREE.InterleavedBufferAttribute.clone(): Cloning an interleaved buffer attribute will de-interleave buffer data.
✔ shared painter vertices follow attribute edits, splits and replacement (9.296964ms)
✔ native grid mapping matches exact XYZ mapping and rejects split heights or irregular coordinates (0.432469ms)
Unrecorded ledger change: run parity:record with a note
✔ parity credits verified scope only and rejects misleading or untraceable assessments (64.707912ms)
✔ report-only rendering refuses unrecorded parity progress (175.966973ms)
✔ verified requirements advance a fixed checkpoint share without hiding unknown scope (30.08158ms)
✔ assessments expose small gains and regressions without crediting scope revisions (73.242371ms)
✔ browser supervisor verifies cleanup after a missing checker dependency (330.070776ms)
✔ browser supervisor does not start the checker while the server port refuses connections (1183.360729ms)
✔ browser supervisor verifies cleanup after a checker exception (313.568597ms)
✔ browser supervisor classifies server spawn failure and verifies empty cleanup (8.046073ms)
✔ browser supervisor stops the checker when the ready server exits (694.234804ms)
✔ browser supervisor SIGTERM includes a detached checker descendant (912.370239ms)
✔ concurrent submitters and controllers preserve FIFO without overlap (1619.888454ms)
✔ failed and timed-out jobs release before automatic next job (1930.960956ms)
✔ cancel running and queued jobs without running queued command (1140.624602ms)
✔ missing cleanup blocks handoff, recovery requires a fresh matching receipt (1082.185576ms)
✔ live detached child prevents next test and is never killed by the queue (1105.586221ms)
✔ controller crash retains lock; recovery refuses live owner or job (1334.538902ms)
✔ foreign or missing execution scope cannot prove a controller stopped or authorize recovery (708.414731ms)
✔ legacy active jobs remain unknown even with no controller lock (611.348205ms)
✔ paused submissions start no transient controller before recovery (796.935498ms)
✔ source drift and busy ports block commands without touching existing server (603.935705ms)
✔ all linked worktrees resolve the same queue; invalid specs never launch (378.429974ms)
✔ submission preserves PATH under an ESM temp parent and returns one compact result (1583.282688ms)
✔ concurrent identical retries share one unfinished job; completed work can run again (1661.392364ms)
✔ run exposes a recovery ID before caller interruption; retry keeps the running job (810.060204ms)
✔ person panels preserve native command traversal, health and original draw submissions (4.333604ms)
✔ person-panel lifetime matches native refresh and remains independent of render rate (1.393071ms)
✔ order focus matches native targets and follows the displayed queue record (0.418839ms)
✔ destination marker preserves native attachment, frames and lifetime at every render rate (392.592146ms)
✔ panic and personal fire trails retain original timer, sound, anchor and allocation decisions (9.027759ms)
✔ burning huts eject running followers with distinct panic and trail lifetimes in all orientations (686.05011ms)
✔ panic motion, animation and fire trails are independent of presentation frame rate (253.299443ms)
✔ native building flames traverse matching cells in order, including repeated sockets and failed allocations (31.22897ms)
✔ live flame-cell adapter preserves protected followers, immunity, tribe and hidden occupants (39.639061ms)
✔ real Lightning ignition reaches nearby surviving followers before occupant evacuation (28.547976ms)
✔ ordinary clicks replace only new selections; Ctrl toggles and blocked clicks preserve the group (1.474283ms)
✔ selection never creates a simulation owner or interrupts existing group orders (143.515019ms)
✔ all native single/group selection voices and pointer acknowledgements are ready before audio activation (7.86259ms)
✔ worship placement preserves native two-pass search, occupancy, route order and failure flags (12.362574ms)
✔ worship command preserves native approach, prayer, retry and presentation RNG decisions (5.128016ms)
✔ ordinary stone-head visits expire the standing-slot cursor at the native byte timer (0.990166ms)
✔ construction-plan entrances, approach and timed attack sequences match native execution (18.364731ms)
✔ player append matches native shared references, cursor wrap, full queues, eligibility and pool exhaustion (29.773724ms)
✔ ground, building and forced-final worship modifiers and eighth-order deselection match complete native player packets (0.585008ms)
✔ replacement preserves prior orders when the shared pool is full (0.498388ms)
✔ sprite pointer brackets match native palette, two/four-layer geometry and unsigned animation wrap (3.717018ms)
✔ native conversion delay uses the recovered 200/3 timing basis (1.324848ms)
✔ a full order pool does not stop a moving Preacher without attaching its sermon (60.700489ms)
✔ inside command 31 binds its building and uses the native five-cell sermon radius (61.318145ms)
✔ conversion moves a newborn outside a building footprint before centering it (43.0171ms)
✔ sermon poses preserve native multi-turn RNG timing (25.742124ms)
✔ an idle preacher sermons, converts by replacement, and releases listeners on a new order (253.041938ms)
✔ preacher conversion is independent of display refresh rate (417.904892ms)
✔ queued command 31 rewrites to friendly building entry or ground movement (51.64659ms)
✔ live active preaching reaches emergency Blast priority (110.288786ms)
✔ live active preaching reaches emergency Swarm fallback (53.848796ms)
✔ live active preaching reaches emergency Lightning fallback (33.246566ms)
✔ emergency preaching response excludes no active assignment (27.493482ms)
✔ emergency preaching response excludes no live person record (27.826211ms)
✔ emergency preaching response excludes same tribe (26.509265ms)
✔ emergency preaching response excludes allied tribe (25.203816ms)
✔ emergency preaching response excludes invisible preacher (26.16624ms)
✔ emergency preaching response excludes caster cooldown (26.802325ms)
✔ emergency preaching response excludes no ready spell entry (24.943986ms)
✔ emergency preaching response excludes paused target scan (32.438573ms)
✔ emergency preaching response excludes no spell payment (26.842695ms)
✔ emergency preaching response excludes stored Lightning below its mana cost (26.430928ms)
✔ the independent enemy-Shaman response still spends stored Lightning without mana (28.415976ms)
✔ failed allocation consumes the sole producer opportunity before a later spawn (74.123954ms)
✔ busy rejection consumes allocation identity but preserves the active wave and saved site (58.010151ms)
✔ site height follows native ground-then-quantize arithmetic (141.566747ms)
✔ mode2 uses native eligibility, panic, descriptor damage and RNG without Swarm filters (574.676608ms)
✔ protected transitions retain repeated native cell hits and consume no panic RNG (36.448482ms)
✔ a wave removes an older in-cell Swamp before it can process in the same turn (50.055563ms)
✔ mode2 cleanup keeps an outside Swamp and the next enemy receives panic (52.047142ms)
✔ ordinary death produces a next-turn wave that outlives successful respawn (280.258088ms)
✔ checkpoints preserve mode2 identity, sites, orbits, terrain and RNG without replay (289.653709ms)
✔ mode2 interrupts the real encounter owner while retaining its person and order queue (51.544678ms)
✔ ordinary Boat and Balloon boarding retain seats and deselect passengers under mode2 panic (198.487097ms)
✔ panic transfers a live building-entry queue and resumes it after expiry (90.627744ms)
✔ ordinary groups settle into native rings, compact on departure and retain status through new orders (839.35663ms)
✔ group resting positions, facing, gestures and footprints agree at 5–240 Hz and irregular frames (741.681425ms)
✔ exhausted resting search waits and retries its original anchor through state 10 (86.283003ms)
✔ route probes preserve native building, coast and vehicle endpoint correction (18.56115ms)
✔ failed-route initialization and retries match native fields, timing and ordered consumers (15.661949ms)
✔ disconnected groups stop, retain shared attack/waypoint orders, retry and resume after land connects (349.428231ms)
✔ route-failure notice keeps the original text and retriggers without tutorial history (73.410843ms)
✔ new orders and death release blocked commands; shaman failures use their own original voice (173.581541ms)
✔ blocked groups retry on simulation counters, with identical recovery and combat at 5–240 Hz (1284.495099ms)
✔ blocked building-entry owners resume the same person and finish ordinary admission (72.307536ms)
✔ real command8 full occupancy emits an original-frame child without scene-owned RNG (947.829564ms)
✔ equal elapsed turns preserve secondary state across frame schedules with no bolt draws (236.719233ms)
✔ legacy missing-history roots bootstrap on first render without inventing past visits (97.033731ms)
✔ full roots copy the allocation byte and defer newly prepended children (1.797869ms)
✔ all byte phases and low-five-bit outcomes use the proved root gate (88.434874ms)
✔ actual UI reservations participate in inclusive gates after the root RNG draw (0.515383ms)
✔ marker expiry and child allocation share the same newest-first traversal (0.400922ms)
✔ children keep their own sixteen visits after the root is removed (0.369795ms)
✔ native free-list reuse and checkpoint reconstruction preserve physical slot ownership (0.674843ms)
✔ panel and preview reservations are derived from live adapter owners (1.409055ms)
✔ legacy marker overflow cannot leave ownerless immortal effects after restore (1.415294ms)
✔ browser capture retains the same live puff across ordinary Pause latency (2.810238ms)
✔ selection terrain mesh matches the executable with documented seven-point fan repairs (714.112989ms)
✔ selection fill/edges/corners retain native visibility, depth, UV and shared-corner ownership (17.73477ms)
✔ Shaman import preserves every prior frame, piece and animation entry (21.6578ms)
✔ actual tribe selects every native Shaman source and eight original directions (2.909718ms)
✔ Shaman idle artwork uses all four distinct original body pieces (0.227882ms)
✔ reincarnation distinguishes tribe bodies from shared spirit sources and layer owners (0.299369ms)
✔ shipped live and effect renderers consume the Shaman selector without changing generic mechanics (0.502053ms)
✔ all 3276 previous occupied sprite rectangles retain their reviewed RGBA (109.029126ms)
✔ real Mission 23 Shaman identity and death heading survive checkpoint reconstruction (615.021044ms)
✔ first and second actual presentation visits display 0 then 1, not 1 then 2 (725.982822ms)
✔ normal processed phases reset, loop independently of simulation, then freeze and hide (256.18643ms)
✔ new checkpoints retain shown/next frames; legacy checkpoints start at a bounded deterministic frame (66.607047ms)
✔ pause and native land-pause freeze the latch as well as the counter (8.637503ms)
✔ render schedules and effect-only animation cannot change gameplay, either RNG or respawn (3295.950743ms)
✔ ordinary combat death finishes existing wait and respawn without a duplicate effect (243.849141ms)
✔ ordinary Shaman phase1 follows both rising and lowering death-site ground (617.847762ms)
✔ the last processed phase1 sample survives checkpoint, transition and rise (211.118266ms)
✔ phase0 retains the death height until the first processed phase1 visit (15.93778ms)
✔ a direct drowning-entry fixture rises from its initial height without phase1 resampling (13.182535ms)
✔ model-12 rise freezes the last original spirit frame for all tribes and bearings (1.727443ms)
✔ death-site visibility follows the existing land and drowning lifecycles without changing them (54.039865ms)
✔ earlier body/transition poses retain their existing renderer behavior (0.298288ms)
✔ the live caller applies the bounded presentation only to model-12 reincarnation effects (0.703285ms)
✔ G queues one shared native guard and repeat replaces it without early preparation (220.350099ms)
✔ G empty selection cancels adopted guards through the next native visit (107.901705ms)
✔ G Shaman-only selection cancels adopted guards through the next native visit (160.795987ms)
✔ native G retains the ordinary move owner and route until its deferred turn (152.591337ms)
✔ same-turn move replacement discards G before the legacy resting initializer (153.226159ms)
✔ same-turn attack replacement discards G before the legacy resting initializer (89.216159ms)
✔ same-turn worship replacement discards G before the legacy resting initializer (88.875787ms)
✔ same-turn entry replacement discards G before the legacy resting initializer (71.326959ms)
✔ pending G replacement survives pause and checkpoint (76.703398ms)
✔ pending G cancellation survives pause and checkpoint (87.229527ms)
✔ G exhaustion still clears and attaches slot zero then retries after cleanup frees a slot (71.029131ms)
✔ target entering a vehicle with inside still null completes the saved guard order (101.762531ms)
✔ ordinary Shaman Tower entry retains Guard and resolves its building outside point (86.474313ms)
✔ actual deferred G setters match native phase vector G-retain-deselect-1-3 (88.171521ms)
✔ actual deferred G setters match native phase vector G-retain-deselect-7-5 (99.478282ms)
✔ actual deferred G setters match native phase vector G-retain-deselect-0-2 (68.897762ms)
✔ protected preparation and passenger early-return retain pending ownership until actual adoption (76.11533ms)
✔ protected cancelled state10 retains ownership until its empty-queue transition really occurs (67.414516ms)
✔ death anchors to the saved Shaman in another cell before cleanup (75.68479ms)
✔ class0 anchors to the saved Shaman in another cell before cleanup (105.83273ms)
✔ vehicle anchors to the saved Shaman in another cell before cleanup (60.332165ms)
✔ cancel anchors to the saved Shaman in another cell before cleanup (92.289737ms)
✔ saved Shaman identity does not retarget when the current Shaman is replaced (86.088821ms)
✔ legacy boolean checkpoints retain their old targetless history until supported fresh input (86.103477ms)
✔ flight single selection retains the entire legacy G operation (81.149111ms)
✔ flight mixed selection retains the entire legacy G operation (88.861046ms)
✔ fight single selection retains the entire legacy G operation (93.585598ms)
✔ fight mixed selection retains the entire legacy G operation (99.658522ms)
✔ entry single selection retains the entire legacy G operation (81.645166ms)
✔ entry mixed selection retains the entire legacy G operation (81.437834ms)
✔ builder single selection retains the entire legacy G operation (79.763021ms)
✔ builder mixed selection retains the entire legacy G operation (99.076218ms)
✔ passenger single selection retains the entire legacy G operation (72.325316ms)
✔ passenger mixed selection retains the entire legacy G operation (63.860592ms)
✔ work single selection retains the entire legacy G operation (70.939577ms)
✔ work mixed selection retains the entire legacy G operation (62.392188ms)
✔ gather single selection retains the entire legacy G operation (62.490334ms)
✔ gather mixed selection retains the entire legacy G operation (82.177725ms)
✔ delivery single selection retains the entire legacy G operation (83.78018ms)
✔ delivery mixed selection retains the entire legacy G operation (71.104614ms)
✔ casting single selection retains the entire legacy G operation (58.478784ms)
✔ casting mixed selection retains the entire legacy G operation (58.656159ms)
✔ legacy single selection retains the entire legacy G operation (59.014498ms)
✔ legacy mixed selection retains the entire legacy G operation (57.014266ms)
✔ legacy path single selection retains the entire legacy G operation (59.221709ms)
✔ legacy path mixed selection retains the entire legacy G operation (76.911651ms)
✔ different route owner single selection retains the entire legacy G operation (84.291247ms)
✔ different route owner mixed selection retains the entire legacy G operation (60.190994ms)
✔ native Brave guards do not fall into legacy automatic housing while near the Shaman (78.87705ms)
✔ G replacement/cancellation have identical turn ownership at ordinary and irregular refresh schedules (96.37268ms)
✔ native G producer: shared-two-followers-repeat-and-partial-replacement / G allocates one shared command30 (17.437133ms)
✔ native G producer: shared-two-followers-repeat-and-partial-replacement / G repeats while both selected (2.850479ms)
✔ native G producer: shared-two-followers-repeat-and-partial-replacement / G replaces only selected first follower (1.031678ms)
✔ native G producer: shared-order-no-follower-selection-cancellation / G creates (10.24737ms)
✔ native G producer: shared-order-no-follower-selection-cancellation / Shaman-only G cancels both adopted guards (1.137887ms)
✔ native G producer: queued-not-adopted-no-selection / G queues (1.120191ms)
✔ native G producer: queued-not-adopted-no-selection / G without non-Shaman selection before adoption (0.584207ms)
✔ native G producer: exhausted-pool-no-old-order / G allocation fails separately for both followers (2.443748ms)
✔ native G producer: exhausted-pool-clear-frees-slot-for-later-person / first failure clears old1, later retry succeeds and third shares (1.989316ms)
✔ native G producer: last-free-slot-wrap-is-shared / G uses last free slot once (1.088524ms)
✔ native G producer: producer-selected-dead-flag / raw selected non-Shaman-pointer still receives command30 (0.789094ms)
✔ native G producer: producer-selected-protected / raw selected non-Shaman-pointer still receives command30 (0.849145ms)
✔ native G producer: producer-selected-airborne / raw selected non-Shaman-pointer still receives command30 (1.140742ms)
✔ native G producer: producer-selected-ghost / raw selected non-Shaman-pointer still receives command30 (0.403476ms)
✔ native G producer: producer-selected-removed-class / raw selected non-Shaman-pointer still receives command30 (0.437506ms)
✔ native G producer: producer-selected-other-model7 / raw selected non-Shaman-pointer still receives command30 (0.418789ms)
✔ native G producer: producer-selected-training-state21 / raw selected non-Shaman-pointer still receives command30 (0.418428ms)
✔ native G producer: vehicle-passenger-selection-retain1 / G selected passengers (0.395424ms)
✔ native G producer: absent-current-shaman-does-not-issue-or-cancel / no Shaman pointer with selected followers (0.370336ms)
✔ native G producer: absent-current-shaman-does-not-issue-or-cancel / restore Shaman and issue (0.485448ms)
✔ native G producer: absent-current-shaman-does-not-issue-or-cancel / no Shaman pointer with existing guards (0.709775ms)
✔ native G producer: stale-shaman-pointer-dead / producer still emits target73 (0.417727ms)
✔ native G producer: stale-shaman-pointer-class0 / producer still emits target73 (0.378357ms)
✔ native G producer: stale-shaman-pointer-vehicle / producer still emits target73 (0.45929ms)
✔ native G producer: saved-target-is-not-rebound-by-tribe-shaman-replacement / G targets original73 (1.130226ms)
✔ native G producer: saved-target-is-not-rebound-by-tribe-shaman-replacement / new explicit G targets replacement74 (0.569124ms)
✔ native Guard distance: near-axis0-delta-824 (0.282795ms)
✔ native Guard distance: near-axis0-delta-823 (0.054311ms)
✔ native Guard distance: near-axis0-delta823 (0.039669ms)
✔ native Guard distance: near-axis0-delta824 (0.076605ms)
✔ native Guard distance: near-axis1-delta-824 (0.036124ms)
✔ native Guard distance: near-axis1-delta-823 (0.034362ms)
✔ native Guard distance: near-axis1-delta823 (0.063064ms)
✔ native Guard distance: near-axis1-delta824 (0.092458ms)
✔ native Guard distance: signed-edge-person32767-target32768 (0.07382ms)
✔ native Guard distance: signed-edge-person32768-target32767 (0.056965ms)
✔ native Guard distance: signed-edge-person0-target32768 (0.043305ms)
✔ native Guard distance: signed-edge-person32768-target0 (0.031847ms)
✔ native Guard distance: signed-edge-person65535-target0 (0.029054ms)
✔ native Guard distance: signed-edge-person0-target65535 (0.02696ms)
✔ native Guard distance: signed-edge-person32768-target33591 (0.040581ms)
✔ native Guard distance: signed-edge-person32768-target33592 (0.024486ms)
✔ native Guard distance: signed-edge-person32768-target31945 (0.048803ms)
✔ native Guard distance: signed-edge-person32768-target31944 (0.065408ms)
✔ native Guard distance: replan-axis0-delta-440 (0.063295ms)
✔ native Guard distance: replan-axis0-delta-439 (0.031247ms)
✔ native Guard distance: replan-axis0-delta439 (0.063555ms)
✔ native Guard distance: replan-axis0-delta440 (0.117195ms)
✔ native Guard distance: replan-axis1-delta-440 (0.068282ms)
✔ native Guard distance: replan-axis1-delta-439 (0.068793ms)
✔ native Guard distance: replan-axis1-delta439 (0.035624ms)
✔ native Guard distance: replan-axis1-delta440 (0.024526ms)
✔ native Guard distance: replan-signed-edge-goal32767-target32768 (0.022754ms)
✔ native Guard distance: replan-signed-edge-goal32768-target32767 (0.022664ms)
✔ Magical Shield protects six nearby followers for the native lifetime (99.073464ms)
✔ old checkpoints default new Shield stock without disturbing their world (33.254593ms)
✔ normal early mission data selects each original backdrop and both cloud layers (2.183818ms)
✔ same-bank Mission 10 uses the same p sky set without mission-number overrides (0.137637ms)
✔ previous bank d and g sky modes and unhandled banks remain unchanged (0.156575ms)
✔ early mission sky PNGs preserve exact original bytes (5.550841ms)
✔ camera horizons preserve original sky dispatch coordinates and fade (4.008887ms)
✔ continuous sky retains native wind rates and is invariant to segment subdivision (23.95785ms)
✔ spell button artwork, positions and charging fills match native draws (5.784612ms)
✔ all six original Shield/Bloodlust descriptor frames have real atlas rectangles (1.275074ms)
✔ ready, inactive, hover and selected states use the original descriptors, not Unicode or guessed frames (0.485429ms)
✔ authored Mission16 already exposes both sprites without forced availability or stock (103.034259ms)
✔ the original undiscovered spell question mark follows the accepted six-frame append (0.208463ms)
✔ all shipped spell descriptor icons remain available after the append (0.169594ms)
✔ HudSprite no longer substitutes a text glyph and still rejects unknown resources (0.468904ms)
✔ fresh and later missions use the native owned/reward-source/cast-permission precedence (176.770224ms)
✔ restart and checkpoint restore reproduce fresh Mission 1 HUD visibility (105.142654ms)
✔ owned stock wins over the mission-load discovery mask (22.485549ms)
✔ undiscovered art is the native HFX1056 branch and visible-disabled keeps normal art (0.411668ms)
✔ unit atlas retains reviewed tribe/state/direction layers when new models append (12.39182ms)
✔ brave carry animations retain the baked timber body layer (0.291428ms)
✔ base149 retains 51 original faces and existing atlas coverage without key model slots (2.819782ms)
✔ authored default149 roots and linked Mission10 Totem select the base mesh (285.253221ms)
✔ spell45, Obelisk8, Angel157 and Vault154 remain outside static149 (77.347124ms)
✔ source qualification rejects ambiguous identity, reward flags, missing links and scenery (30.564386ms)
✔ old null/absent presentation and new checkpoints derive149 without mutating saved state (77.53748ms)
✔ static presentation never replaces a different model or an active morph family (29.149352ms)
✔ only reward-derived model45 sources are initialized; unrelated head families and Vault remain separate (88.43089ms)
✔ enabled idle cycles18native animation visits without followers; hold/refill retain the original counter rules (0.425429ms)
✔ raw keypoints use base45indices/scale rather than endpoint face layout; all18cached outputs are distinct (6.982651ms)
✔ presentation pauses with world and native land pause without touching simulation or RNG (55.157519ms)
✔ normal authored worship earns Bridge stock while presentation leaves the entire gameplay state unchanged (137.621262ms)
✔ exhausted trigger does not remove its independent enabled decorative model45 animation (60.065425ms)
✔ mid-animation new checkpoint keeps phase and old optional-field checkpoint restores safely without rewards (41.521061ms)
✔ multiple heads keep separate state while30/60/120/144Hz and irregular schedules share one animation timeline (404.187941ms)
✔ shipped scene updates ordinary head positions byphase and leaves Vault on the existing path (0.862765ms)
✔ disable and refill within one presentation interval reset once without advancing the clock (0.274102ms)
✔ authored45 constructors retain the original logical animation gate (71.92735ms)
✔ ordinary body frames wait for logical turns without changing the24Hz presentation clock (74.667191ms)
✔ each catch-up controller and observer sees the prior body frame before one logical advance (46.328076ms)
✔ mode4 transition remains exclusively presentation-owned despite the gate bit (24.226653ms)
✔ lazy, post-turn allocated and removed bodies obey the completed-turn boundary (85.280802ms)
✔ legacy body checkpoints gain only the gate and a new Scene clock does not replay a turn (31.89295ms)
✔ disable and refill notifications retain raw phase then reset before their owned visit (31.752251ms)
✔ trigger exhaustion, pause, land pause and turn wrap preserve the separate decorative owner (23.564161ms)
✔ heading comes from the decorative scenery word, never trigger settings or model selection (1.529887ms)
✔ all16bits reach the angle-table mask and a missing producer is not treated as north (0.203546ms)
✔ linking uses the native512-unit cell, first scenery match and toroidal coordinate identity (0.196425ms)
✔ existing negative-Y scene rotation agrees with native heading basis; no camera or global offset is required (0.956996ms)
✔ Vault and unknown scenery keep their original angle; orientation lookup does not mutate saved gameplay (74.019176ms)
✔ both ordinary scene orientation consumers use the same helper; no other angle consumer changes (0.520672ms)
✔ real authored zero and high-byte headings survive the producer while saved trigger fields stay unchanged (160.37054ms)
✔ Swamp scans its native 3x3 footprint and honors victim and terrain gates (1.768034ms)
✔ Swamp uses one RNG draw, scans every fourth visit, and expires at ten kills (0.322795ms)
✔ the thirtieth same-tribe Swamp discards the oldest remaining controller (0.185508ms)
✔ live Swamp casting kills through the ordinary corpse path independently of refresh rate (277.258853ms)
✔ Swarm uses the supplied standalone original insect texture (1.806081ms)
✔ Swarm creation and first controller visit preserve original gameplay RNG and child fields (1.786091ms)
✔ Swarm first live visit allocates children before wandering begins on the second visit (84.905826ms)
✔ Swarm final fifteen controller visits progressively remove children before expiry (0.460381ms)
✔ Swarm reveals disguised Spies on panic and panic-protected non-removal paths (75.353868ms)
✔ confirmed invented generic and Angel success strings are not emitted (246.295325ms)
✔ Swarm follows player and computer cast paths with native insects, victim cadence, and lifetime (164.066403ms)
✔ Mission 2 naturally funds the Matak Shaman and casts Swarm through player orders (2199.003236ms)
✔ terrain ambience matches complete native ground queues, including empty views and depth ties (6.870483ms)
✔ tree ambience camera offset and wrapped radius match complete native cell visits (3.356728ms)
✔ local lights match complete native allocation, movement and cleanup captures (91.518221ms)
✔ Blast owns immediate terrain light until its ninth turn, preserving occupancy and pause (97.604858ms)
✔ native height notifications retain object order, duplicate visits and touching building flags (5.128769ms)
✔ terrain edits notify nearby plans, revalidate original slope rules and release an invalid plan (105.066257ms)
✔ a large terrain edit indexes live people once while retaining dirty notifications (105.671145ms)
✔ terrain dirtiness resets live steering without replacing its route (72.706815ms)
✔ terrain texture endpoints match original Direct3D triangle submissions (8.642162ms)
✔ model atlas UVs match native texel centers and retain fractional/outside coordinates (1.200713ms)
✔ terrain submission covers the native cell gate across headings and seams (269.535991ms)
✔ terrain copies omit only tiles with no native-visible cell, including seams and expanded bounds (164.865587ms)
✔ timber search matches native cell order, fog, protected stock and two-pass queries (37.429011ms)
✔ shared timber caches match native allocation, expansion, routing, ownership and expiry (73.471007ms)
✔ an exhausted indexed-search pool postpones expansion without corrupting the cache (0.79312ms)
✔ terrain changes recheck nearby timber routes and live Land Bridge reaches the cache (681.913214ms)
✔ live timber cost probes report routes and foreign territory without taking route ownership (57.406609ms)
✔ harvest clocks, transfer, scale and animation match original executable captures (0.908494ms)
✔ delivery waits, timber and construction stages match complete native calls (9.365177ms)
✔ Tornado replays native initialization, lifetime, carry and throw (3.126032ms)
✔ Tornado uses the native building protection and one-draw damage gate (0.575054ms)
✔ live Tornado casts, captures and throws independently of refresh rate (347.618079ms)
✔ tower admission uses rotated tribe sockets, ground membership and original one-shot occupant pose (2312.138989ms)
✔ a tower admits one follower and movement orders preserve elevation until physics resumes (124.346958ms)
✔ tower entry and held animation are deterministic at 5–240 Hz (340.151706ms)
✔ destroying an occupied tower releases its native record and display height (89.380633ms)
✔ a tower Firewarrior autonomously attacks an eligible hostile on the tower cadence (102.707534ms)
✔ tower preachers hand occupancy to command 31 and cleanly leave or die (172.061532ms)
✔ tower panel matches every original one-slot draw trace (4.385854ms)
✔ tower panel selection preserves occupancy; ordinary orders leave without teleporting (406.593077ms)
✔ tower dismantling releases its occupant and only braves perform the work (377.35243ms)
✔ training exit orders match original coastal correction and building precedence (7.094189ms)
✔ training admits five visible residents and places overflow on native rotated queue sockets (686.263809ms)
✔ queue cancellation retains successors and occupant departure reuses the first empty slot (123.942195ms)
✔ checkpoint reload preserves a full training hut and its waiting queue without loss (147.595504ms)
✔ funded training replaces a complete batch, releases references and walks warriors out (199.451672ms)
✔ a funded Temple trains a native model-4 preacher and sends it outside (113.359705ms)
✔ a funded Spy Training Hut trains an original model-5 Spy and sends it outside (186.134317ms)
✔ queue movement, admission, conversion and shared references are independent of render rate (897.541126ms)
✔ already-trained warriors accept training orders and yield queue priority to new braves (111.016793ms)
✔ training append preserves all70 pre-existing original models, including vehicles (14.470952ms)
✔ all original training types and owners resolve to actual meshes, not Blue substitutes (1.708334ms)
✔ the five recovered training variants retain original geometry, color tiles and all stages (6.054267ms)
✔ authored Mission16/17/22 training assets and identities survive checkpoint reconstruction (253.204987ms)
✔ the live building factory opts into original training selection without tint or gameplay changes (0.998779ms)
✔ camp human group command retains visible admission interpolation (496.57657ms)
✔ camp shared command-8 retains visible admission interpolation (353.015931ms)
✔ temple human group command retains visible admission interpolation (441.085839ms)
✔ temple shared command-8 retains visible admission interpolation (291.865994ms)
✔ spyHut human group command retains visible admission interpolation (362.120553ms)
✔ spyHut shared command-8 retains visible admission interpolation (277.460476ms)
✔ firewarriorHut human group command retains visible admission interpolation (401.055729ms)
✔ firewarriorHut shared command-8 retains visible admission interpolation (286.838283ms)
✔ hidden admission, exit, replacement and explicit placement remain discrete (66.53823ms)
✔ native training panels preserve slots, selection, palette, frames and turn-driven feedback (10.293152ms)
✔ wide charge arithmetic never runs backwards or exceeds its frame at maximum training mana (12.213907ms)
✔ shipped disguise completes aboard Boat, holds and accepts another command (94.478821ms)
✔ Balloon passenger idle entry holds without advancing or consuming orders (54.950334ms)
✔ shipped Balloon disguise configures its command position and completes aboard (43.163747ms)
✔ Balloon raw-coordinate startup wraps payload words and retains unported encodings (36.493028ms)
✔ pending Balloon disguise checkpoint retains command position and resumes once (41.184916ms)
✔ occupied state30 checkpoint resumes countdown without reinitializing motion or RNG (49.448879ms)
✔ ordinary disembark clears vehicle and state30 returns to orders for one visit (38.770489ms)
✔ replacement disguise interrupts pending and partially completed aboard commands (35.330035ms)
✔ fractional reference uses exact rectangle coverage at edges and corners (1.562427ms)
✔ adjacent glyph elements composite their shared fractional edge sequentially (0.507202ms)
✔ disabled opacity combines with coverage while transparent source pixels preserve background (0.222815ms)
✔ source crop and nearest sampling retain native pixels without atlas bleed (0.296194ms)
✔ pinned fixed8 coverage and integer interpolation explain the opaque edge without fitting (0.314262ms)
✔ single-pixel fixed8 rectangles and straight-alpha output retain their separate contracts (0.142964ms)
✔ tree growth and complete replant searches match native captures (11.41718ms)
✔ depleted timber replants after its full delay and grows on its own phase (2314.190531ms)
✔ burning depletion also queues one replant without reviving the old tree (82.802303ms)
✔ Tutorial advances through Shaman selection into the authored Obelisk flyby (1011.579648ms)
✔ Tutorial restart recreates fresh script and view state (165.721196ms)
✔ overhead health gauges match native visibility, scaled-pose anchors and 24-pixel fills (1.349036ms)
✔ continuous positions follow captured native body/shadow interpolation (1.147973ms)
✔ every elapsed-time schedule reaches the same displayed position without changing simulation (490.642229ms)
✔ pause, endpoints, placement, entry, conversion and new people never replay stale movement (23.192862ms)
✔ Vault knowledge uses the original class-6/model-2 reward frames and socket (6.264132ms)
✔ Vault knowledge is present only while its authored reward source is active (0.202193ms)
✔ Mission 7 Vault knowledge uses occupied model-18 socket 1 placement (0.81333ms)
✔ Mission 3 Temple descriptor selects the native HFX identity (86.019462ms)
✔ Mission 3 marker glow owns a saved fourteen-frame cursor on the existing animation boundary (38.565966ms)
✔ ordinary Mission 3 Vault collection preserves payout while changing only world presentation (981.454512ms)
✔ unrelated Vault and ordinary spell families retain their existing presentation owners (133.402183ms)
✔ a glow born on an animation boundary first displays frame zero before its next cursor (557.096355ms)
✔ original class4 mesh selection distinguishes geometry from tooltip IDs (1.823397ms)
✔ vehicle-only import preserves all68 existing model records (13.85762ms)
✔ authored campaign vehicles retain mesh identity across checkpoint reconstruction (207.069555ms)
✔ normal boarding, exit and destruction retain original mesh rather than changing gameplay state (43.135074ms)
✔ the normal Balloon Hut producer creates the original144 appearance (53.891911ms)
✔ the shipped vehicle factory consumes original models, with no custom hull/envelope (0.563606ms)
✔ original vehicle owner textures use adjacent source tiles and retain local UVs (4.639684ms)
✔ Boat travel and exit keep registered passenger object-cell membership current (94.403802ms)
✔ Balloon travel and exit keep registered passenger object-cell membership current (53.844469ms)
✔ same-cell passenger sync preserves one linked membership and never allocates an unregistered person (59.991105ms)
✔ checkpoint clone retains passenger cell identity and wrapped exit reindexes without duplicates (42.314032ms)
✔ live vehicle damage keeps the native owner, special, signed and reset rules (86.788417ms)
✔ Blast reaches live vehicles and native destruction ejects passengers alive (65.797349ms)
✔ vehicle life and destruction survive checkpoint migration and reload (109.045734ms)
✔ success-bearing exit preserves existing public point API and real failure (85.021686ms)
✔ live panel selection only changes native selection flags and preserves unrelated selections/orders/RNG (62.59298ms)
✔ Boat and Balloon unload launch without teleporting, clear orders, and survive occupied/airborne checkpoints (88.550382ms)
✔ unload click rechecks speed, occupancy and terrain after rendered enabled state (36.00341ms)
✔ authored Mission22 Boat and Balloon unload retain launch until a living landing (78.185864ms)
✔ vehicle panel uses native kind9 geometry, disabled raw art and selection overlays (1.696927ms)
✔ raw disabled vehicle sprite alpha is85 while tail remains170 and normal art opaque (0.278027ms)
✔ vehicle selection keeps work on single, expands deselection, and Shift selects blocked mates (0.264286ms)
✔ passenger right-click has inspection semantics, while unload right-click is inert (0.138848ms)
✔ unload readiness refresh clears cached success at speed12 or failed terrain (0.128292ms)
✔ stale unload failure repeatedly clears only current driver orders, without teleporting anyone (0.234933ms)
✔ hover adds a native fill, never a false selected marker; pressed overlays palette130 (0.249585ms)
✔ horizontal viewport expansion preserves native depth and safe projection arithmetic (383.315745ms)
✔ intermediate display footprint fills the observed bird-view cut without changing native camera state (3.560404ms)
✔ added display cells cover safe front-branch projected samples across zoom, rotation and torus fractions (43.73886ms)
✔ display bounds texture and CPU visibility share the same derived rows without feeding camera state (4.256349ms)
✔ visible cells match original traversal at boundaries and wrapped camera centers (664.029467ms)
✔ Volcano replays its native terrain, emission and disruption lifecycle (4.433094ms)
✔ player and computer Volcano casts share the live controller and old saves migrate (165.383155ms)
✔ review bundle is independently readable from a non-overlapping local fixture (155.37961ms)
✔ review bundle rejects quoted secret fields and environment-secret files atomically (139.693465ms)
✔ decoded command-receipt stdout and stderr reject escaped secret JSON without exposing values (74.682817ms)
✔ double JSON-string wrappers in stdout and stderr reject secrets without echoing values (157.156893ms)
✔ benign nested JSON strings pass within depth and decoded-byte bounds (75.317335ms)
✔ decoded JSON recursion fails closed beyond depth or total decoded-byte bounds (166.175494ms)
✔ decoded JSON byte boundary accepts exactly the configured budget (102.983295ms)
✔ tracked deletion has an explicit expected deletion identity and rejects tamper or omission (347.012258ms)
✔ real-path canonicalization rejects source aliases and bundle outputs through source symlinks (80.988957ms)
✔ bundle verification is bound to caller-supplied identities and rejects traversal (76.390502ms)
✔ raw command receipts retain source head and complete stdout/stderr (203.505076ms)
✔ command receipts bind dirty source and explicit ignored inputs and invalidate drift (150.491087ms)
✔ receipt CLI preserves repeated input flags and rejects zero-exit input drift (608.425629ms)
✔ a killed foreground wrapper retains unknown state and raw output, never a pass (703.170887ms)
✔ retired status and binding commands are not exposed or coupled to verification (1.49905ms)
✔ live aggregate coverage includes every maintained workflow integrity suite (198.55191ms)
✔ native models 13 and 15 route only completed vehicle workshops into kind 6 (1.316445ms)
✔ Boat House kind-6 panel uses native 136x82 rows and hit targets (0.494933ms)
✔ Boat House work cells fill only at each complete native 100-work boundary (3.568206ms)
✔ Boat House reuses original dismantle and cancel control phases (0.221142ms)
✔ Balloon Hut kind-6 geometry derives 208x82 from native capacity and ten work cells (0.324777ms)
✔ Balloon Hut work cells fill only at each complete native 100-work boundary (0.254983ms)
✔ Balloon Hut reuses the original dismantle and cancel control phases (0.180842ms)
✔ followers cross the former crop and both world seams, then settle at every frame rate (4459.676625ms)
✔ direct attacks take the short route and engage across both world seams (120.424379ms)
✔ live heights and sprite grounding read native terrain outside the compatibility grid (71.903466ms)
✔ mixed picking follows captured native painter ownership and pixel edges (5.867277ms)
✔ live pointer eligibility uses the active record and recorded cell building (627.268948ms)
✔ ScenePicking re-resolves injected overlapping terrain candidates against the current painter command (289.734019ms)
✔ native selector body hierarchy retains all 25 worlds and first-three moons (1.807944ms)
✔ opening campaign availability reflects completion without hiding replay access (0.250336ms)
✔ native controller, particles, palette and ordered draw arguments: companion-seed1 (22.098015ms)
✔ native controller, particles, palette and ordered draw arguments: companion-seed12345678 (12.635789ms)
✔ native controller, particles, palette and ordered draw arguments: companion-initial-pause (20.758023ms)
✔ native controller, particles, palette and ordered draw arguments: companion-mid-pause (14.817575ms)
✔ native controller, particles, palette and ordered draw arguments: spell-3-visible (11.161917ms)
✔ native controller, particles, palette and ordered draw arguments: spell-3-offscreen (12.856751ms)
✔ native controller, particles, palette and ordered draw arguments: spell-4-visible (9.939121ms)
✔ native controller, particles, palette and ordered draw arguments: spell-4-offscreen (10.147825ms)
✔ native controller, particles, palette and ordered draw arguments: spell-12-visible (10.483058ms)
✔ native controller, particles, palette and ordered draw arguments: spell-12-offscreen (11.079564ms)
✔ native spell kinematics and pending transitions: model-3-visible (3.646755ms)
✔ native spell kinematics and pending transitions: model-4-visible (2.827465ms)
✔ native spell kinematics and pending transitions: model-12-visible (2.385121ms)
✔ native spell kinematics and pending transitions: offscreen-bit (3.165702ms)
✔ native singleton replacement and independent pulse: bridge-replaced-at-10 (14.559378ms)
✔ native singleton replacement and independent pulse: bridge-replaced-at-26 (15.143239ms)
✔ native singleton replacement and independent pulse: bridge-replaced-at-30 (10.039772ms)
✔ handoff geometry is an owned snapshot; rendering is read-only and draws the last pulse once (3.916089ms)
✔ structured-clone restores all particles, trails, pending phases, draws and independent pulse (179.991555ms)
✔ spell motion, arrival and retirement do not depend on intervening shared cosmetic consumers (5.723753ms)
✔ native before/after limiter selection owns activation, active and tail deadlines (0.896436ms)
✔ ordinary phase handoff, arrival and next-object payout keep elapsed deadlines across refresh schedules (471.093537ms)
✔ simultaneous authored M1 handoffs use native clone priority without reversing payouts (26.163439ms)
✔ missing geometry consumes one request while world countdown continues without replay (72.509486ms)
✔ arrival suppression and capped stock preserve ordinary payout ownership (151.138299ms)
✔ visible acquisition pause preserves original order without broadening land-bit pause (54.045267ms)
✔ checkpoint continuation retains controller, queue, clock and cosmetic state without initialization replay (116.373508ms)
✔ layout transforms move only draw output and retain raised-body/fallback anchors (0.734733ms)
✔ authored ordinary sources exclude the spell-valued Vault and other missions (2.303818ms)
✔ ordinary shrine completion persists provenance, recipient and creation order (207.617689ms)
✔ generic spell, mana and knowledge gifts do not inherit ordinary eligibility (37.237794ms)
✔ legacy head identity may recover eligibility but an existing gift cannot (29.929713ms)
✔ ordinary Stone Head completion creates the original six-visit acquisition VFX before stock delivery (172.640604ms)
✔ spell-head reward admission preserves native oriented cell ranges and active command eligibility (6.602232ms)
✔ head-group selection shares native occupant flag rules and imported panel heights match the original consumer (1.628125ms)
✔ proved worship modes use their original static models without changing other head families (0.702325ms)
✔ original worship model 8 is the reviewed bank-2 geometry (1.098129ms)
✔ original worship model 157 is the reviewed static Angel-head geometry (0.369895ms)
✔ legacy appearance migration recovers recursive authored modes and preserves existing families (211.30817ms)
✔ linked tutorial mode-3 Obelisk retains its authored mode and model (29.190844ms)
✔ Temple training uses the canonical shape doorway rather than crossing its footprint (61.979237ms)
✔ normal worship approach follows the same canonical stone-head heading as the rendered head (75.416039ms)
✔ legacy Mission22 worship appearance is derived from authored source identity without changing checkpoint state (130.031892ms)
✔ legacy linked mode3 head migrates recursively while root trigger and unrelated state stay byte-for-byte equivalent (28.293096ms)
✔ legacy non-mode3 and Vault heads recover mode without changing their presentation families (27.813996ms)
✔ authored worship lookup uses immutable source fields and agrees for Mission22 and linked tutorial head (56.695905ms)
✔ shipped store load migrates legacy Mission22 before real command-27 Brave admission (114.195247ms)
✔ automatic worship-panel activity is written only by a supported completed mode-0 sample (1.201954ms)
✔ automatic producer keeps unproven families out of the first shipped slice (0.185669ms)
✔ automatic retention reads the last player-specific sample rather than generic follower state (0.451558ms)
✔ automatic retention releases an inactive completed head even after a positive last sample (0.134272ms)
✔ worship panels preserve native progress, recharge, slots and artwork without clipping the second row (8.565459ms)
ℹ tests 1297
ℹ suites 0
ℹ pass 1297
ℹ fail 0
ℹ cancelled 0
ℹ skipped 0
ℹ todo 0
ℹ duration_ms 173314.494024

> populous-first-dawn@0.1.0 parity:check
> node scripts/parity.mjs check

Parity ledger, evidence paths, revision and generated report are consistent.

> populous-first-dawn@0.1.0 orchestration:check
> node scripts/orchestration/cli.mjs check

{
  "status": "passed",
  "checks": 130,
  "subsystems": 11,
  "generatedOwners": 6,
  "unmappedSourceCount": 152,
  "unmappedSources": [
    "app/ambient-sound.ts",
    "app/animation.ts",
    "app/audio-preferences.ts",
    "app/audio.ts",
    "app/blast-wave.ts",
    "app/building-clearing.ts",
    "app/building-damage.ts",
    "app/building-debris.ts",
    "app/building-dismantle.ts",
    "app/building-occupants.ts",
    "app/building-sinking.ts",
    "app/building-smoke.ts",
    "app/building-terrain.ts",
    "app/celebration.ts",
    "app/chatgpt-auth.ts",
    "app/combat-approach.ts",
    "app/combat-building.ts",
    "app/combat-order-search.ts",
    "app/combat-orders.ts",
    "app/combat-pursuit.ts",
    "app/combat-targets.ts",
    "app/command-context.ts",
    "app/construction-panel.ts",
    "app/convert-wild.ts",
    "app/drag-border.ts",
    "app/drag-overlay.ts",
    "app/earthquake.ts",
    "app/effect-motion.ts",
    "app/erosion-observation.ts",
    "app/erosion.ts",
    "app/firestorm.ts",
    "app/flatten.ts",
    "app/footprints.ts",
    "app/fps-graph.ts",
    "app/globe-renderer.ts",
    "app/globe.ts",
    "app/ground-overlay.ts",
    "app/hud-charge.ts",
    "app/hud-font.ts",
    "app/hud-health.ts",
    "app/hud-mana.ts",
    "app/hud-population.ts",
    "app/hud-portrait.ts",
    "app/hud-selection.ts",
    "app/hut-birth.ts",
    "app/hut-occupancy-smoke.ts",
    "app/hut-smoke-runtime.ts",
    "app/hut-upgrade.ts",
    "app/indexed-search.ts",
    "app/land-bridge.ts",
    "app/layout.tsx",
    "app/level-one.ts",
    "app/level-three.ts",
    "app/level-two.ts",
    "app/live-resting.ts",
    "app/mana.ts",
    "app/melee-encounter.ts",
    "app/melee-engagement.ts",
    "app/melee-groups.ts",
    "app/melee-placement.ts",
    "app/melee.ts",
    "app/minimap-frame-view.tsx",
    "app/minimap-frame.ts",
    "app/minimap-renderer.ts",
    "app/minimap.ts",
    "app/model-faces.ts",
    "app/model-lighting.ts",
    "app/morph.ts",
    "app/music.ts",
    "app/native-math.ts",
    "app/original-bloodlust.json",
    "app/original-camera.json",
    "app/original-constants.json",
    "app/original-effects.json",
    "app/original-fire.json",
    "app/original-minimap-frame.json",
    "app/original-music.json",
    "app/original-pointer.json",
    "app/original-script-three.json",
    "app/original-script-two.json",
    "app/original-script.json",
    "app/original-search.json",
    "app/original-shapes.json",
    "app/original-sky.json",
    "app/original-skylens.json",
    "app/original-sound.json",
    "app/original-stone-heads.json",
    "app/original-tooltips.json",
    "app/original-vault-knowledge.json",
    "app/painter-vertices.ts",
    "app/painter.ts",
    "app/path-geometry.ts",
    "app/path-search.ts",
    "app/path-solver.ts",
    "app/person-collision.ts",
    "app/person-idle.ts",
    "app/person-motion.ts",
    "app/person-panel.ts",
    "app/person-physics.ts",
    "app/person-route-recovery.ts",
    "app/person-state.ts",
    "app/preacher-conversion.ts",
    "app/projectile-motion.ts",
    "app/projection.ts",
    "app/resting-slots.ts",
    "app/scene-hud-runtime.ts",
    "app/scene-secondary-effects.ts",
    "app/scene-vault-knowledge.ts",
    "app/scenery-fire.ts",
    "app/secondary-effects.ts",
    "app/selection-raster.ts",
    "app/shaman-death-vfx.ts",
    "app/sky-motion.ts",
    "app/sky.ts",
    "app/special-battle.ts",
    "app/spell-button.ts",
    "app/spell-halo.ts",
    "app/spell-trails.ts",
    "app/spell-visibility.ts",
    "app/sprite-layers.ts",
    "app/stone-head-149.ts",
    "app/stone-head-animation.ts",
    "app/stone-head-orientation.ts",
    "app/swamp.ts",
    "app/swarm.ts",
    "app/terrain-ambience.ts",
    "app/terrain-light.ts",
    "app/territory.ts",
    "app/tooltip-layout.ts",
    "app/tornado-runtime.ts",
    "app/tornado.ts",
    "app/training-conversion.ts",
    "app/training-hut-appearance.ts",
    "app/training.ts",
    "app/tree-growth.ts",
    "app/unit-health.ts",
    "app/vault-appearance.ts",
    "app/vehicle-appearance.ts",
    "app/vehicle-routing.ts",
    "app/volcano.ts",
    "app/water.ts",
    "app/workshop-panel.ts",
    "app/world-coordinates.ts",
    "app/world-initialization.ts",
    "app/world-selector-data.ts",
    "app/world-selector.module.css",
    "app/world-selector.tsx",
    "app/world-state.ts",
    "app/world-tasks.ts",
    "app/worship-appearance.ts",
    "app/worship-panel-activity.ts",
    "app/worship-panel.ts"
  ],
  "cacheRequired": false
}
