
> populous-first-dawn@0.1.0 check
> npm run typecheck && npm test && npm run parity:check && npm run orchestration:check


> populous-first-dawn@0.1.0 typecheck
> tsc --noEmit


> populous-first-dawn@0.1.0 test
> node --test tests/*.test.mjs

✔ live Mission3 adapters rotate an eligible Convert Wild producer behind training (78.966935ms)
✔ producer table preserves singleton priority, one stable pass, and signed counts (1.010767ms)
✔ producer capacity is checked before callbacks and after pre-table allocation (0.494703ms)
✔ checkpoint migration retains producer history and initializes each legacy AI independently (110.007895ms)
✔ authored early producer opportunities record native table attempts without changing later missions (629.014559ms)
✔ Missions1/2 never enable type8 or idle type11/15 response follow-ups (160.412921ms)
✔ ordinary Missions1/2 allocate a real pre-table scan at their first producer opportunity (301.172477ms)
✔ normal first scans finish and repeat without a placeholder reservation (372.133533ms)
✔ ordinary Mission2 movement reaches a real response and resumes the scan checkpoint (344.7559ms)
✔ response allocation preserves native duplicate, disabled, cancellation and exhaustion gates (0.942414ms)
✔ early automatic training requires at least the native school capacity (175.725752ms)
✔ training capacity compares the native signed32-bit available total (0.628994ms)
✔ six followers share ground → area attack → ground orders, destroy the hut and regroup (333.799242ms)
✔ losing an acquired building rescans the area, fights a new person and retains the waypoint tail (170.810696ms)
✔ cancelling a reserved fight releases its reservation and the entire staged tail (86.702199ms)
✔ area targeting distinguishes an unbuilt plan from a partially constructed building (197.237987ms)
✔ arrival voices count approaching followers and fire once when they near the ordered area (322.600105ms)
✔ area approach, combat, arrival voices and queued destinations agree at 5–240 Hz and irregular rendering (849.393434ms)
✔ pausing an unfinished music play preserves enabled sound and later resume (4.126333ms)
✔ late rejection from an older resume cannot cancel the newest playing request (0.856035ms)
✔ a superseded context resume does not submit an extra music play (2.810388ms)
✔ mute cancels pending playback without recreating the background timer (0.673641ms)
✔ dispose cancels pending playback without recreating the background timer (0.594782ms)
✔ the current playback failure still rejects rather than hiding a real media error (0.855494ms)
✔ current context errors propagate, while a disposed request cannot report a stale failure (0.552689ms)
✔ initial enable can finish while paused without turning the sound setting off (1.141703ms)
✔ enable reports cancellation when muted during its pending playback (0.47325ms)
✔ first visit and non-browser rendering keep the existing defaults without writing (1.516837ms)
✔ versioned zero/full volume restores without truthiness fallback or autoplay data (0.241002ms)
✔ malformed, unsupported and unsafe values fall back without overwriting the record (0.507862ms)
✔ only an explicit valid change writes the known preference fields and leaves other storage alone (0.234482ms)
✔ invalid programmatic values never persist or replace the last valid choice (0.361232ms)
✔ denied storage getter, reads and writes are safe session-only fallbacks (0.337026ms)
✔ restoring volumes does not create audio, enable playback, or change audio RNG/reset semantics (0.250676ms)
✔ authored origins survive initialization for all five currently live campaign bridge heads (439.260465ms)
✔ ordinary Mission 2 worship creates the authored crossing and every live terrain turn matches it (783.894736ms)
✔ legacy migration recovers only missing immutable origins without replaying active terrain (442.869831ms)
✔ pre-activation legacy save and mid-bridge checkpoint continue once at the authored origin (1001.811211ms)
✔ automatic Boat search filters native-ineligible vehicles and boarding shares the driver route (98.85007ms)
✔ music sections and ordinary ambient decisions match captured original execution (5.159813ms)
✔ percussion uses audio timestamps at low/high/irregular frame rates and skips stale starts (3.241245ms)
✔ Blast head reaches impact and native first/last wave visits launch enemies/allies (165.427124ms)
✔ Blast and follower presentation share elapsed time at low/high/irregular refresh rates (382.668944ms)
✔ projectile snapshots preserve pause, wrap and explicit placement without touching unrelated effects (38.047313ms)
✔ original Blast indexed visits, alliances, repeated impulses and damage gates (34.59675ms)
✔ live Blast delays allied launch, retains native flight height and restores commands after landing (145.041157ms)
✔ Blast and landing damage share original shields, protection, attacker and life wrapping (0.742374ms)
✔ wild followers land into their original state 8 without losing the unit (72.660093ms)
✔ a burning airborne follower keeps one panic clock and releases its native pose after landing (46.275913ms)
✔ Boat House launch matches native type-1 computer full ejection (121.565578ms)
✔ Boat House launch matches native type-2 human driver removal with retained occupants (63.632639ms)
✔ maintained checkpoint callsite waits for delayed false reads before reloading (4.646543ms)
✔ maintained checkpoint callsite rejects exhausted false reads without reloading (13.157458ms)
✔ maintained checkpoint callsite closes rejected reads without reloading (2.823258ms)
✔ rendered transport checker independently counts whole mixed-class craft (1.375063ms)
✔ rendered transport checker rejects partial, unrelated, duplicate and wrong-class groups (3.52494ms)
✔ transport pixel oracle retains real device scale and outward clip padding (0.470356ms)
✔ transport oracle preserves fractional scales and detects the old footer/hit failure (2.317509ms)
✔ readiness reads rebind after fresh page reload and on repeated calls (8.196301ms)
✔ readiness wait sequentially awaits false samples before accepting literal true (3.481155ms)
✔ a truthy non-boolean readiness field does not pass the wait (4.277741ms)
✔ read errors propagate and repeated unready samples time out without mutation (18.095889ms)
✔ maintained Mission 4 callsite awaits valid profile completion before continuing and reloading (7.480827ms)
✔ maintained Mission 4 callsite exhausts false reads without starting continuation (14.167904ms)
✔ maintained Mission 4 callsite accepts completion on the last read without a final pause (9.703043ms)
✔ maintained Mission 4 callsite rejects failed opens without starting continuation (0.984657ms)
✔ maintained Mission 4 callsite closes rejected reads without starting continuation (2.283377ms)
✔ maintained Mission 4 callsite closes a database when starting its read throws (1.111599ms)
✔ maintained Mission 4 callsite closes databases with a missing store and fails closed (4.604139ms)
✔ maintained Mission 4 callsite requires literal true before starting continuation (1.174252ms)
✔ building attack phases, entrances, damage and shake match native execution (38.198561ms)
✔ an entirely occupied world cancels special positioning instead of hanging (0.852329ms)
✔ live building assault enters, strikes, shakes and destroys via native damage accumulation (629.937049ms)
✔ occupied building ejects a defender and the same native command resumes after winning (91.968692ms)
✔ building attack mechanics and poses are independent of rendering cadence (702.007931ms)
✔ attacker death releases immediately; target loss rescans the area before completing (151.789331ms)
✔ native defence gate and shaking retain counter cadence, signed lifetime and collapse RNG (2.573132ms)
✔ cancelling or killing an attacker during its defender encounter releases the retained order (162.916396ms)
✔ complete native scenery clearing, shared waits and ownership requests (167.171932ms)
✔ complete native people clearing, shared waits and ownership requests (85.117189ms)
✔ live clearers harvest on-site trees, carry and deposit logs, then move bystanders before allocation (577.405382ms)
✔ clearing pauses without advancing and cancellation releases its native animation and route (105.8723ms)
✔ clearing bushes starts the original fire and retreats before the site is allocated (117.558129ms)
✔ occupant restoration and facing match native captures, including seams and backwards facing (6.184492ms)
✔ live exits retain position and sprite ownership for every building orientation (1384.78605ms)
✔ command cancellation uses shared exit restoration without changing the route start (28.393064ms)
✔ timber hauling matches native phases, movement, reservations, transfers, poses and clocks (23.412288ms)
✔ native building origins, exact ground writes and plan height initialization (189.952193ms)
✔ live rotated foundations use native vertices and preserve surrounding terrain (503.603022ms)
✔ buildings retain distinct terrain handles after long effect-heavy games (28.593886ms)
✔ native descriptor data routes completed huts through kind 7 with resident capacities (0.836446ms)
✔ kind-7 hut rows place occupant and dismantle hit targets from native capacity (1.083816ms)
✔ training charge row keeps existing controls aligned after shared geometry extraction (0.135814ms)
✔ unbuilt plan priorities, validation, allocation and abandonment match native decisions (7.512866ms)
✔ leveling movement, animation, timers, terrain and sound match complete native task 8 (54.32834ms)
✔ live plans retain uneven ground, level visibly and wait for timber and crew clearance (1760.886504ms)
✔ a full shared order pool leaves a new plan unstaffed without leaking ownership (46.392038ms)
✔ simultaneous fetch deposits cap preparation work and preserve surplus timber (63.179594ms)
✔ unattended plans expire and redirected leveling workers release their sprite and route (122.590583ms)
✔ native preparation clears on-site timber before allocation without deleting its resource (132.679815ms)
✔ foundation settling, flooding and dock edges match original executable captures (90.13421ms)
✔ original wet-side tipping, drift, spin and sinking expiry retain complete native trajectories (75.156029ms)
✔ terrain collapse ejects before destruction, retaining its two-turn delay (0.299119ms)
✔ healthy buildings settle without entering repair; deformed and flooded buildings use distinct destruction (678.771082ms)
✔ complete native cell validity and exact placement feedback (34.961553ms)
✔ placement protects reincarnation stones without a living Shaman and reserves buildings (684.463034ms)
✔ building activity matches native geometry, clocks, speed, facing and animation requests (35.010627ms)
✔ live builders reach work poses, animate, pause, cancel and finish without stale sprites (264.956094ms)
✔ crews leave finished huts in all four orientations before the plan releases them (1942.293337ms)
✔ player construction orders approach natively and deposit carried logs before fetching (1262.31629ms)
✔ builder admission and stale-slot pruning match complete native calls (10.442102ms)
✔ construction dispatch, repair clocks and departure gates match native plan calls (7.941009ms)
✔ scheduled burning plans panic only unlocked builders on building cells (75.240086ms)
✔ repair smoke footprint and terrain refresh match native cell traversal (2.160472ms)
✔ two live builders dispatch one hauler on the original sixteen-turn phase (261.330443ms)
✔ later construction haulers skip timber reserved by an earlier search (111.821069ms)
✔ timber reservations reopen, drain and release on native transitions (0.25984ms)
✔ live plan capacities, duplicate orders and replacement workers share registration (105.294884ms)
✔ zoom retains native preset bounds and the existing 18-step timer (1.321313ms)
✔ render previews do not mutate native state and meet every committed step across all resolution tables (48.490648ms)
✔ 30/60/120/144 Hz and irregular preview schedules retain duration and every owned native configuration (9.164194ms)
✔ conversion observation requires the native victim-owner and replacement flags without world mutation (2.068155ms)
✔ death, ordinary births, startup conversion flags and enemy preacher ownership are not credited (0.356074ms)
✔ observation resets at mission boundaries and does not infer events across unobserved turns (0.16675ms)
{"label":"fixture","ready":true,"turn":1,"status":"playing"}
{"checkpoint":"mission-2-start","level":3,"status":"won","turn":1,"population":{}}
{"checkpoint":"mission-2-won","level":3,"status":"won","turn":1,"population":{}}
{"checkpoint":"mission-2-result","level":3,"status":"won","turn":1,"population":{}}
{"checkpoint":"mission-3-continued","level":3,"status":"won","turn":1,"population":{}}
{"checkpoint":"mission-3-won","level":3,"status":"won","turn":1,"population":{}}
{"checkpoint":"mission-3-result","level":3,"status":"won","turn":1,"population":{}}
PASS: fixed-turn diagnostic wins Mission 2, continues, and wins Mission 3; not real-clock gameplay
✔ sandbox adapter retains every existing assertion, turn bound and campaign action (6.274267ms)
✔ changed or duplicated maintained checker scaffold fails closed before browser execution (2.730187ms)
✔ late final screenshot completion cannot mark an aborted campaign scenario passed (8.663824ms)
✔ actual native triangles supplement the historical fixed anchor scan (9.913368ms)
✔ geometry candidates cannot bypass foreign object or DOM overlay ownership (4.487926ms)
✔ normal zero-dt frame refresh resolves stale panels while retaining simulation slots and clock (1.63907ms)
✔ presentation refresh cannot conceal a simulation change (5.394496ms)
✔ presentation reservation exception cannot conceal secondary slot allocation (1.59268ms)
✔ stale pre-refresh reservations fail instead of being normalized by the checker (8.180848ms)
✔ presentation refresh cannot conceal changed world Map entries (7.936852ms)
✔ occluded shrine fallback uses bounded ordinary camera drags and strict target re-probes (0.299449ms)
✔ the shipped right-drag mapping rotates 512 native angle units without panning (68.031006ms)
✔ Mission 3 trains a bounded Preacher group and retains identified HUD-reachable Braves (0.211468ms)
✔ additive native Ctrl-five requires the ordinary cancel/deselect before reserving workers (872.306061ms)
✔ missing checkpoint does not suppress independent campaign progress (59.595816ms)
✔ malformed checkpoint does not suppress independent campaign progress (42.672526ms)
✔ partially migratable checkpoint does not suppress independent campaign progress (28.4165ms)
✔ incompatible checkpoint does not suppress independent campaign progress (31.460227ms)
✔ current valid checkpoint still restores and loads (70.431228ms)
✔ legacy valid checkpoint still restores and loads (64.343131ms)
✔ malformed stored checkpoint preserves usable session checkpoint and merges completion (37.034163ms)
✔ storage read failure retains in-session progress and checkpoint (39.221096ms)
✔ camera release alone does not make the startup Shaman selectable; observation is read-only (263.156017ms)
✔ readiness still rejects absent actors, global input locks and paused play (183.418316ms)
✔ Continue readiness waits on real RAF before suspension with the existing timeout (0.864628ms)
✔ the production wait polls synchronous false until native selection readiness (2.516858ms)
✔ Mission 3 Swarm target observation is read-only and chooses an actually castable enemy (1001.189214ms)
✔ Mission 3 Swarm eligibility does not depend on distance to the vault or unit array order (636.115015ms)
✔ Mission 3 Swarm diagnostic refuses missing stock, blocked input, cooldown and invalid enemies (642.577152ms)
✔ checkpoint readback awaits false reads before the actual true result (2.195185ms)
✔ checkpoint readback fails closed after bounded asynchronous false results (0.609365ms)
✔ attack approach points and search pool state match complete native queries (50.775738ms)
✔ fight/person pursuit, housed entry, waiting and retries match native visits (15.639323ms)
✔ attack search, march records and automatic retargeting match native dispatch boundaries (13.799662ms)
✔ arrival voices and reservation release replay native thresholds and compacted-list visits (1.679972ms)
✔ original automatic commands preserve normal queues, share one reference-counted record and handle allocation exhaustion (44.910806ms)
✔ native scan dispatch preserves pending bits, suppression, specialist selection and consumer call counts (0.663896ms)
✔ ordinary combat entry reveals a completed Spy disguise (224.698291ms)
✔ live campaign scan suppression consumes pending alerts without changing person counters or sprites (97.271421ms)
✔ dead building attackers release queued shaman-guard duty (97.634125ms)
✔ fight motion initializes its retained sermon without a native owner (72.109948ms)
✔ coastal response targets come from the corrected native cell, including its newly exposed edge (85.996999ms)
✔ tower counterattacks ignore hostile people in water (114.548591ms)
✔ coastal area/dismantling order preparation matches full native calls and retains flags on identical commands (0.940992ms)
✔ live same-cell followers share one automatic command 21 and resume their queued destination (123.230712ms)
✔ an on-foot Firewarrior owns one automatic response per cooldown and yields to player movement (501.666155ms)
✔ an on-foot Firewarrior repeatedly launches at and damages a completed enemy building (94.118769ms)
✔ automatic combat restarts a retained direct tree harvest instead of harvesting during battle (99.939415ms)
✔ live automatic combat consumes a pending worship scan without replacing command 27 (71.186271ms)
✔ live automatic allocation failure preserves its source and queued order (94.975495ms)
✔ live automatic sharing leaves a nonmatching same-cell peer untouched (86.336113ms)
✔ live preacher response retains its sermon queue and resumes conversion (60.985556ms)
✔ preacher response allocation failure consumes the scan without changing its queue (63.297541ms)
✔ complete pursuit, target setup and attack-area gates match native fields, RNG and consumer ordering (28.073976ms)
✔ full-fight waiting positions and fallback RNG match original terrain and collision execution (32.060398ms)
✔ mixed target collection, native distance bands, fight admission and reservations replay executable captures (10.239748ms)
✔ live followers choose closer enemies, distribute reservations, then fall back to a saturated target (223.559797ms)
✔ live mixed scans detect enemy footprints and prefer an eligible person in the same distance band (137.411164ms)
✔ automatic squads share native area orders and target capacity independently of render frequency (716.800581ms)
✔ live target priority joins a fight ahead of a solitary enemy in its distance band (93.431147ms)
✔ nearby automatic building attacks keep their command-21 target between detection visits (132.205922ms)
✔ automatic contextual priority matches original single and mixed-class captures (1.821183ms)
✔ live ground context follows native registered cells through rotations and world seams (77.694057ms)
✔ ground beside a hut moves the group, while its occupied cell enters it (96.318234ms)
✔ an exact tree click harvests, seeks a timber plan and otherwise returns to rest (126.576063ms)
✔ a queued ordinary-tree harvest keeps its cargo and advances the existing waypoint (335.500563ms)
✔ input feedback matches native ground-cell centers and suppresses flashes over pointed objects (0.304928ms)
✔ object commands retain the chosen identity through overlaps and array reordering (135.251127ms)
✔ live target choice follows captured native ownership for both tribes (1648.676896ms)
✔ construction command matches native registration, fallback ownership and task handoffs (62.359291ms)
✔ construction panel matches native submissions and corrects the unlinked second-row height (18.467593ms)
✔ construction workers can be selected, reassigned to dismantle, cancelled and restarted (516.420023ms)
✔ construction icons select the active worker record and respect its native eligibility (29.425363ms)
✔ original priming consumes no elapsed progress; each frame stops before batch overshoot (5.247215ms)
✔ separate calls continue from the original previous timestamp without re-priming (0.245609ms)
✔ a promise is never accepted as a truthy readiness predicate (0.463395ms)
✔ frame and object-turn exhaustion fail without extending a goal (0.270816ms)
✔ an explicitly bounded coastal position attempt can return unmet without hiding its limit (0.173521ms)
✔ abort and Scene/World replacement are detected across browser-task yields (3.85768ms)
✔ normal speed, unpaused commands, positive finite deltas and wall bound stay mandatory (0.40684ms)
✔ original-frame failures propagate without another step (0.188393ms)
✔ unexpected automatic elapsed frames during a yield are rejected (0.32683ms)
✔ Convert Wild scans, converts, animates, and casts through player and computer paths (131.458741ms)
✔ deselection matches native command flags for every selection byte (1.737988ms)
✔ cancel targeting first; deselection preserves shared marching orders, routes, RNG and pause (190.364105ms)
✔ deselection reaches retained work representations once, leaves enemy ownership alone (86.550981ms)
✔ deselected groups retain identical mechanics and poses at 5–240 Hz and irregular frames (563.081837ms)
✔ training selection eligibility reads command flags, independently of motion turning flags (269.224273ms)
✔ dismantling reassigns residents and queued braves, recovers all timber and removes the building in four orientations (559.909359ms)
✔ cancelling dismantling stops existing workers; new orders can staff an empty dismantling building (115.873495ms)
✔ dismantling outcomes and timber remain independent of render frequency (486.941997ms)
✔ mixed groups queue movement, dismantling and movement without redirecting ineligible warriors (321.643511ms)
✔ queued building entry can become dismantling; cancellation skips work while retaining the destination (201.394715ms)
✔ dismantling queue replacement and death release references while non-braves keep their current orders (239.457311ms)
✔ automatic combat pauses shared dismantling and resumes its retained order (139.862623ms)
✔ automatic combat completion follows the native circular dismantling queue (128.593741ms)
✔ automatic combat allocation failure keeps dismantling state intact (91.755502ms)
✔ queued dismantling, timber and following movement agree at 5–240 Hz and irregular frames (718.200245ms)
✔ drag borders match original screen extrusion, texture coordinates and terrain crossings (51.519292ms)
✔ native area commands retain tower/training exclusions, current-order lookup and actual land membership (3729.986085ms)
✔ a real trainee remains drag-selectable on entry and becomes excluded only in the native interior phase (99.446729ms)
✔ fetching builders are selected at their active task-7 position (23.177617ms)
✔ world drag geometry matches captured native seams, camera bearings, clamps and degenerate drags (4.428237ms)
✔ live drag selection matches native flags and group voices without changing simulation ownership (624.527553ms)
✔ Mission 3 periodic raid preserves native mask, strict thresholds and arguments (2.299251ms)
✔ Mission 3 naturally grows both tribes and recruits the authored three-Brave raid (8665.985197ms)
✔ Earthquake matches the native initializer and central deformation phase (4.738793ms)
✔ Earthquake building scans preserve protected models, RNG and ejection-before-damage (0.355583ms)
✔ live Earthquake casts, damages and deforms independently of refresh rate (191.429103ms)
✔ Mission 1 counts authored primary effects before the opening (114.034734ms)
✔ Mission 1 keeps the allocation phase across pause, checkpoint and restart (267.109312ms)
✔ Mission 2 counts authored primary effects before the opening (38.521025ms)
✔ Mission 2 keeps the allocation phase across pause, checkpoint and restart (237.144027ms)
✔ Mission 3 counts authored primary effects before the opening (30.880919ms)
✔ Mission 3 keeps the allocation phase across pause, checkpoint and restart (202.990687ms)
✔ early-level effect phase remains fixed-turn owned across frame schedules (667.255716ms)
✔ live Erosion casting deforms terrain independently of refresh rate (516.97078ms)
✔ a newer Lightning consumes simulation RNG before Erosion (25.254073ms)
✔ original cleanup, center, terminal release/counters and recovery match native captures (10.312138ms)
✔ last opponent death ends the fight, credits its winner once and returns a survivor to commands (150.658781ms)
✔ live separation uses the squared eight-unit boundary (207.739659ms)
✔ a native interruption detaches its slot and protected survivors defer state recovery (50.464066ms)
✔ fight completion, recovery and RNG agree at 5–240 Hz and irregular frame schedules (272.72518ms)
✔ Firestorm emits its complete native 220-turn rain sequence (6.89556ms)
✔ live Firestorm composes fire, panic Blast and building ignition independently of refresh rate (504.286988ms)
✔ Flatten follows the native 15-turn terrain and orbit lifecycle (4.334545ms)
✔ live Flatten casting is refresh-rate independent (1050.048266ms)
✔ persistent follower controls retain native descriptor order and class HFX ownership (1.866482ms)
✔ live own class totals enable controls independently of training knowledge or occupancy (92.760653ms)
✔ reading the follower strip does not mutate simulation or selection state (150.728477ms)
✔ shipped G has the recovered guard task without mutating native ownership in HUD reads (104.651931ms)
✔ specific legacy work overrides dormant idle while real native disruption remains authoritative (47.956017ms)
✔ construction, pre-entry, actual entry and native idle routes use their own categories (33.532378ms)
✔ task selection preserves orders and RNG during a real movement command and propagates occupied groups (49.45757ms)
✔ live task count reads nearby camera coordinates without creating or registering people (48.742487ms)
✔ real boarding through a route owner overrides a dormant native person for Selected task propagation (35.281794ms)
✔ task classifier preserves every recovered native state and command category (1.43945ms)
✔ inside classification follows building category and the Preacher command exception (2.13243ms)
✔ global existence and nearby task counts are independent; selected overlays preserve native addition (1.234543ms)
✔ task selection ignores persistent-strip assignment priority and uses category nearest (0.473731ms)
✔ Selected row click/Shift deselect, Ctrl reselects nearest without changing its work or the group (0.687712ms)
✔ Total single/five can select the Shaman while Shift excludes it (0.39244ms)
✔ task focus filters category and cycles with the Shaman nearby exemption without mutation (0.471138ms)
✔ vehicle creation and frame cache use apparent tribe, including checkpoints and legacy fallback (256.478265ms)
✔ vehicle damage immunity follows apparent tribe while real-owner counts stay unchanged (87.32183ms)
✔ live Blast projects class4 apparent tribe without changing the real owner (145.546009ms)
✔ ordinary live boarding exposes class vehicle counts, all passengers and independent owner fields (164.630432ms)
✔ Spy boarding uses immediate target bits, later boarding rewrites owner and exit preserves apparent owner (51.678239ms)
✔ split owner and occupied selection survive checkpoint, legacy vehicles use real team fallback (73.637934ms)
✔ destroyed last vehicle keeps presence during its visible wreck and cannot select or focus (64.750174ms)
✔ shipped disguise command aboard publishes apparent ownership through completion and countdown (59.9429ms)
✔ legacy occupied checkpoint retains apparent fallback across voluntary unload (76.112881ms)
✔ first and later boarding, either exit and reuse preserve the native two-owner contract (451.437596ms)
✔ occupied class reads rebuild from current passengers rather than stale row totals (30.478975ms)
✔ transport presence uses real ownership and survives an empty count (1.553042ms)
✔ class filter acquires a vehicle and selects all eligible passengers; Ctrl counts vehicles (6.545015ms)
✔ driver command priority, matching-passenger distance and vehicle nearby boundary remain distinct (0.293721ms)
✔ native reverse vehicle-list focus cycles, variants reacquire, and selected/blocked occupants can focus (0.502354ms)
✔ footprint history matches native ring replacement and its per-cell pixel counts (476.880642ms)
✔ partial footprint shading equals a complete native-palette atlas rebuild (1088.447053ms)
✔ live walking footprints use the elapsed animation clock, including pause and disabled trails (329.782103ms)
✔ live turn preserves native tribe order, inactive skipping and next-turn formation admission (1153.902564ms)
✔ actual recruited groups wait a turn and then steer before member physics (73.316683ms)
✔ render cadence and idle production worship hooks cannot change gameplay, RNG or owned animation state (10255.096231ms)
✔ paused time stays paused; long active frames retain elapsed time (104.298264ms)
✔ campaign messages use the presentation clock and freeze while paused (233.339168ms)
✔ campaign pending auto-open waits for settled motion and consumes one oldest record per presentation visit (52.642609ms)
✔ scenery shade follows cell occupants through overlap, depletion and regrowth (68.100783ms)
✔ rotated building plans keep their anchor, entrance routes and orientation through construction (615.083396ms)
✔ Lightning ignites only its building footprint, then evacuates, damages and permits repair (417.351176ms)
✔ Lightning burns original scenery through smoke and cleanup without leaking fire state (120.293525ms)
✔ native impacts expire on exact turns and debris preserves the sprite allocation counter (53.887696ms)
✔ terrain rebuilds preserve queue precedence and initialize the original mission before sampling (14.651344ms)
✔ territory preserves native footprint asymmetry, overlap clearing and staggered recovery (1.309306ms)
✔ opening tooltips resolve mission cells and have an independent lifetime (24.645127ms)
✔ original level layout, native foundations, and the complete mission (2613.736306ms)
✔ housing, mana allocation, pause, drowning, and reincarnation (428.867735ms)
✔ ordinary land deaths keep the native corpse lifecycle (142.44352ms)
✔ native transformed compound bases stay on their ground pads (24.709504ms)
✔ native animation identity, casting interruption, gradual terrain and blast survival (273.328158ms)
✔ native economy uses fixed turns, population bands and real hut upgrades (661.088822ms)
✔ lightning hits a native map cell and Blast leaves allied health intact (30.664659ms)
✔ native integer movement and combat exchanges preserve timing, retaliation and replay (327.158974ms)
✔ native fight slots form four-person groups and release on interruption (78.392949ms)
✔ native sound cues preserve sample identity, cast phases and simulation randomness (154.828592ms)
✔ native Lightning delays the upper flash and regenerates eight segments for three turns (45.353821ms)
✔ native spell allocation, discrete flight, RNG trails and delayed impact (438.760848ms)
✔ native terrain ridges, reflected diagonals, surface planes and boundary vertices (1.396018ms)
✔ original campaign setup disables only enemy reincarnation and retains deferred commands (193.984971ms)
✔ mission-one AI applies its native spell interval profile on the original phase (208.311259ms)
✔ mission-one closes its construction latch after the first Red hut (31.446584ms)
✔ campaign marker setup snapshots native entry state before live execution (78.621419ms)
✔ mission marker task sends one reserved brave to marker one (62.232705ms)
✔ mission-one ordinary marker guard patrols and answers nearby enemies (68.174909ms)
✔ campaign markers remove the bridge head on the native phase, independently of routing (84.608183ms)
✔ campaign counters track allocation and remaining head gifts through gameplay (100.502117ms)
✔ worship decays without followers and continues at full spell stock (135.999009ms)
✔ vault discovery follows worship, door, entry and exit tasks (129.147039ms)
✔ vault allocation preserves the current order when the shared pool is full (99.217245ms)
✔ original discovery messages follow script phases, persist and reset (78.817938ms)
✔ partial building queries consume their mode once and marker triggers bypass worship (24.703478ms)
✔ original opening runs before object turn 72 and its independent flyby clock can be interrupted (85.574776ms)
✔ native outcome phases honor campaign opponents, forced results and defeat recovery (289.587402ms)
✔ tribe gates suppress scripts and AI while object turns and eligible cooldowns keep their native phases (262.574514ms)
✔ emergency casting preserves queued work and preacher responses keep their own payment rules (75.186489ms)
✔ mission-one AI casting uses the live shaman state and cast-block flags (268.447252ms)
✔ live spell scans use population thresholds and building territory with delayed overlap recovery (44.403272ms)
✔ original campaign stops Dakini Blast casting after its second allocation (183.268881ms)
✔ campaign attack commitment follows living warrior counts on its original turn (232.764519ms)
✔ mission-one Dakini launches its native attack route when Blue enters marker three (151.283773ms)
✔ mission-one Dakini launches its later building attack when Blue overwhelms it (165.141821ms)
✔ mission-one Dakini pursues a fallback shaman by exact command target (40.408968ms)
✔ computer attack exhausts native scans and retreats below its surviving-member threshold (0.439761ms)
✔ computer attack pool exhaustion skips hostile dispatch and retires through native empty scans (87.375804ms)
✔ queued training keeps its selection lock until issuing the order and frees its slot after arrival (0.781645ms)
✔ mission-one red AI queues exact task 6 below one warrior and executes live training (150.742253ms)
✔ mission-one red AI does not reserve a second brave already committed to warrior training (35.847834ms)
✔ external game store publishes edits and restarts without sharing worlds between sessions (234.841282ms)
✔ mission-one victory continuation creates and restarts the recovered mission-two world (322.379776ms)
✔ mission-two Totem route reaches the Tornado guidance and use instruction (1012.303771ms)
✔ mission-two enemy marker orders nearby Matak defenders to counterattack (167.952135ms)
✔ game store checkpoints restore an isolated exact world snapshot (109.611553ms)
✔ computer recruitment preserves wrapped-distance ties and native command eligibility (0.884888ms)
✔ group orders share references and release their object only after the final follower leaves (0.587863ms)
✔ AI reservation enters native selection state and releases through the normal person initializer (0.725038ms)
✔ training order startup uses configured speed and preserves only a compatible building occupant (0.76622ms)
✔ native training queue yields to an untrained follower and releases its new head (0.73263ms)
✔ live followers reach rotated native doors before entering buildings (756.085769ms)
✔ building admission preserves native slot order, training activity and shared commands (1.223616ms)
✔ training replaces a whole batch, inherits the first occupant order tail and rolls back partial allocation (0.928754ms)
✔ live mana refunds wait for a pulse and computer training receives only the original first pass (38.506313ms)
✔ follower mana uses native preacher orders, registration and ghost flags before tribe scaling (60.268828ms)
✔ live spell reach follows terrain height and enemy casts require and spend native mana (73.670487ms)
✔ native casting lockout survives animation and computer usage recovers one charge at a time (36.742238ms)
✔ spell targeting preserves native cell allowances and wrapped coordinate seams (57.672987ms)
✔ native spell scans retain slots and Blast scoring avoids friendly concentrations (34.716464ms)
✔ defeat seeds native building collapse and staged damage ejects occupants before removal (62.890784ms)
✔ building display stages follow remaining work and retain separate complete meshes (25.386566ms)
✔ results preserve pending turns, collapse defeated settlements and reject new orders (249.315706ms)
✔ result camera crosses the world seam, releases input and retains native sky timing (3.378995ms)
✔ victory owns persistent native followers, drops cargo and renders a separate paused animation clock (54.59117ms)
✔ live blocked followers retain native detour steering and recovery timers (25.119114ms)
✔ live celebrants obey native walk masks and survive the legacy ground-height cutoff (31.783131ms)
✔ live completed-building footprints relocate and clear on removal (52.485245ms)
✔ live native cell order follows arrivals and removes dead records (48.786158ms)
✔ live cell insertion repairs a stale head left by a removed person (0.349757ms)
✔ dead vehicle passengers release their slots and driver position (45.773456ms)
✔ live native preparation consumes reroutes and completes slow turns and reactions (39.594038ms)
✔ interrupted victory followers resume through native orders and rejoin celebration (25.44813ms)
✔ native idle approach composes with shared state and original resting animation (25.898739ms)
✔ native resting ownership allocates distinct slots and compacts after a follower leaves (25.782614ms)
✔ native route reuse shares ownership and live celebration releases each follower (49.690962ms)
✔ native route construction retries expired failures and stores the original bounded path (23.277146ms)
✔ native path search packs a trimmed route and preserves distinct vehicle retry flags (59.793549ms)
✔ native wrapped route smoothing respects blocked steps and measures retained segments (65.945068ms)
✔ native obstacle solving builds a world-seam detour and rejects a blocked destination (45.548636ms)
✔ native planned routes use the recovered solver and advance shared followers to their goal (24.030682ms)
✔ native boarding checks the first boat and landing requests reserve distinct original search cells (0.744893ms)
✔ live native routes release query ownership, expire failures and walk low shoreline (84.639986ms)
✔ live followers share routes, advance before exact arrival and release every owner (73.054417ms)
✔ hut families are selected once, shared with shapes and retained through upgrades (40.296217ms)
✔ mission-one low population response assigns and releases persistent shaman escorts (81.285999ms)
✔ shaman escort uses native pursuit cadence and strict boundaries (0.483649ms)
✔ Mission 5 Boat worship emits its original one-shot tutorial (161.692513ms)
✔ Mission 5 grants, boards, sails, lands and checkpoints its original Boat (198.287398ms)
✔ Ghost Army casts, spawns native ghosts, accepts orders, vanishes in combat, and follows AI (288.155819ms)
✔ world-view terrain matches captured native mesh order, projection and lighting (172.270963ms)
✔ overview drag/release matches native snapshots and every star-parallax step (2.46446ms)
✔ overview morph timing matches the original complete lifetime snapshots (0.711107ms)
✔ Ctrl starts followers immediately, appends shared waypoints and ordinary click ends the sequence (305.72258ms)
✔ eighth Ctrl click and Alt final click deselect without cancelling issued orders; right-click ends staging (145.306934ms)
✔ queued ground movement preserves every turn, RNG, poses and footprints at 5–240 Hz and irregular frames (998.573069ms)
✔ continued queue allocation failure retains issued orders, and an ordinary replacement releases them (82.781271ms)
✔ an enemy-person order waits behind a waypoint and advances when its target becomes unavailable (349.038265ms)
✔ ground waypoint handoff uses each playable class default initializer (241.753639ms)
✔ ordinary person turns apply native follower and Shaman healing without reviving excluded units (71.955081ms)
✔ live health adapter preserves airborne/state exclusions and combat status flags (40.777982ms)
✔ each original healing model receives exactly one recovered increment on the eighth turn (30.338118ms)
✔ a follower injured by the shipped missing-building release path later heals on an ordinary turn (27.284988ms)
✔ healing follows simulation turns across speed, refresh cadence, irregular frames and pause (527.869682ms)
✔ checkpoint migration preserves the next native healing turn (27.266621ms)
✔ building admission clocks match captured native blocks (5.056111ms)
✔ followers visibly cross the native interior threshold before housing consumes their command (1306.043991ms)
✔ simultaneous arrivals respect hut capacity and cancellation releases the scoped animation and route (198.437955ms)
✔ hut slots remain authoritative through a departure, replacement and birth turn (97.783079ms)
✔ fire interrupts entry without retaining its walking sprites or command record (61.599233ms)
✔ staged entry positions, RNG, admission and sprite clocks are independent of rendered frame rate (451.448286ms)
✔ entry re-plans interrupted steering and releases its source when the hut becomes unavailable (96.998539ms)
✔ scaled native panel and bottom-row digits remain above the modern footer (1.203749ms)
✔ HUD keeps preferred manual sizes and the original nominal auto steps when they fit (0.480933ms)
✔ HUD extraction retains the page client-component directive (0.687113ms)
✔ HUD selection and focus match captured original commands without changing other person fields (7.008286ms)
✔ HUD controls add followers without stealing simulation ownership or replacing marching orders (156.81927ms)
✔ building menu waits through delayed false images before continuing (9.125589ms)
✔ building menu exhausts its existing 30000 ms scope without continuing (175.385336ms)
✔ building menu propagates failed texture acquisition without retrying (2.046426ms)
✔ building hover Mission 1 waits through delayed false images before continuing (5.429883ms)
✔ building hover Mission 1 exhausts its existing 30000 ms scope without continuing (156.166979ms)
✔ building hover Mission 1 propagates failed texture acquisition without retrying (1.356189ms)
✔ building hover Mission 2 waits through delayed false images before continuing (2.894241ms)
✔ building hover Mission 2 exhausts its existing 30000 ms scope without continuing (253.52597ms)
✔ building hover Mission 2 propagates failed texture acquisition without retrying (1.87606ms)
✔ worship Tutorial waits through delayed false images before continuing (3.976078ms)
✔ worship Tutorial exhausts its existing 30000 ms scope without continuing (144.539041ms)
✔ worship Tutorial propagates failed texture acquisition without retrying (1.418839ms)
✔ worship Mission 1 waits through delayed false images before continuing (3.416738ms)
✔ worship Mission 1 exhausts its existing 20000 ms scope without continuing (125.921943ms)
✔ worship Mission 1 propagates failed texture acquisition without retrying (1.56589ms)
✔ repeated helper calls acquire the replacement document image (2.283307ms)
✔ only literal true permits readiness, never a truthy observation value (0.535694ms)
✔ late true is rejected after the awaited read settles, without another observation (2.806192ms)
✔ the last pause fits the deadline and no read starts after it (1.691489ms)
✔ invalid wait bounds fail before reading (0.481923ms)
✔ shaman health fill follows native integer bounds and absent/overfull cases (1.876096ms)
✔ HUD atlas metadata matches the PNG and contains every imported sprite (1.950798ms)
✔ portrait backgrounds and shadow-free directional layers match native captures (2.654635ms)
✔ tooltip bitmap placement and wrapping match the original desktop controller (37.773813ms)
✔ mana production stripes follow native rates, warning bands and controller modes (6.580256ms)
✔ live mana estimation uses the simulation clock and follows charging toggles (188.532202ms)
✔ follower counts, icon placement and housing fill match native HUD controllers (10.230695ms)
✔ population readouts exclude dead followers and reserve the shaman allowance (44.880204ms)
✔ hut birth clocks and destinations match captured original calls (2.441484ms)
✔ live newborns leave the hut and keep native birth feedback and gates (170.00086ms)
✔ hut smoke uses descriptor attachment slots, independently of resident capacity (1.504658ms)
✔ hut occupancy producer samples real occupancy every 32 building turns (0.288042ms)
✔ partial root uses the native 16-visit visible lifetime and restart draw (0.156234ms)
✔ full root is persistent and does not invent the unresolved child-puff phase (0.121232ms)
✔ all supported residential hut capacities switch partial to full at their native capacity (0.149744ms)
✔ visual frames stay on the recovered 16-frame sequences (0.136154ms)
✔ immediate occupancy events preserve capacity, phase and same-mode root identity (0.873771ms)
✔ drain elapsed old-root visits before an off-phase event without backdating the new root (0.748183ms)
✔ listeners are transient, identity-scoped and released through material disposal (0.400802ms)
✔ multiple presentation consumers unsubscribe independently without resetting each other (0.152539ms)
✔ live command8 owner publishes authoritative entry/removal for Hut level 1 (213.50889ms)
✔ live command8 owner publishes authoritative entry/removal for Hut level 2 (188.167867ms)
✔ live command8 owner publishes authoritative entry/removal for Hut level 3 (76.511685ms)
✔ ordinary Mission2 admission includes the new smoke root in that turn’s effect visit (4155.148437ms)
✔ pre-building occupancy removal receives one first visit, including counter wrap (223.405547ms)
✔ out-of-turn allocation survives pause; commands while paused remain rejected (413.620525ms)
✔ new-root completion is identity-scoped and one-shot for same-turn transitions (0.170947ms)
✔ batched turns and repeated rendering preserve the native first lifetime (242.624501ms)
✔ turn completion callbacks are clock-specific and are discarded on a failed turn (35.745528ms)
✔ hut maturity and cell timber match captured original calls (2.479438ms)
✔ residents fetch and stage timber before their hut upgrades (431.505553ms)
✔ Hypnotise uses the native footprint, temporary ownership, expiry, and AI target path (297.488645ms)
✔ Invisibility marks the native six, does not refresh, and reveals on time or combat (168.46482ms)
✔ player and computer casts share Invisibility application and old saves migrate (221.033635ms)
✔ complete Land Bridge lifetimes match native terrain, ordered trails and notifications (565.981815ms)
✔ live bridge terrain and particle cleanup are identical across refresh rates and stalls (2245.960997ms)
✔ ordinary Mission1–3 startup uses native terrain, authored gates and real conversion (620.83689ms)
✔ native opening excludes Shaman selection, without inventing a casting restriction (108.533942ms)
✔ checkpoint restore resumes every opening stage without replaying terrain/conversion (1899.872304ms)
✔ restart gets one fresh sequence; repeated flyby skip does not replay it (491.632119ms)
✔ only carrier-created stones are obstacles, while legacy sites keep their reservations (58.177861ms)
✔ opening wave, conversion and stone cues preload their existing original samples (8.603174ms)
✔ permitted opening casts enter native state22 and resume command18 without a stuck controller (1214.65474ms)
✔ fresh-load camera follows native cell-edge/center snapping and angle retention (0.652417ms)
✔ the command18 completion turn owns exactly one native person visit (268.943324ms)
✔ permitted state22 interruption and completion retain one counter increment per turn (320.340172ms)
✔ replacement player orders cancel startup before its counter write (116.505422ms)
✔ only the linked neutral startup conversion flash follows its replacement Brave (86.265486ms)
✔ a missing converted Brave does not retarget its flash or shorten the native expiry (89.560261ms)
✔ an invalidated command18 is consumed by the ordinary queue without completing the site (42.685697ms)
✔ original Lightning target gates, inclusive cap, attacker and electrocution phases (3.822188ms)
✔ live Lightning retains victims, displays native shock sprites, scatters survivors and cleans up (150.990163ms)
✔ Lightning outcomes and turn-by-turn poses are independent of rendering cadence (348.148839ms)
✔ live marching uses shared commands, original poses, separate slots and releases interruption/death/arrival ownership (422.896208ms)
✔ marching and resting preserve mechanics, footprints and sprite frames at 5–240 Hz and irregular frames (898.567142ms)
✔ exhausted command pool preserves the previous movement and group ownership (77.964193ms)
✔ panic retains the real movement command and resumes its route after recovery (75.77701ms)
✔ obstacle recovery replans the owned group order and settles identically at 5–240 Hz (1581.607611ms)
✔ shared ground motion advances a retained route once before any state controller (102.84959ms)
✔ native432260 empty current slot returns before building live order context (27.3725ms)
✔ live worship shares an order, occupies exact slots, prays, earns gifts and releases interrupted/dead members (325.75334ms)
✔ live head rewards, displayed standing roster and group selection retain their distinct native rules (326.91848ms)
✔ worship motion, prayer frames, pose RNG and rewards are identical at 5–240 Hz and irregular frames (894.100192ms)
✔ an unreachable head preserves the existing command without entering an unported retry state (71.370855ms)
✔ Ctrl waypoints finish at a stone head without replacing the current route or person (120.489177ms)
✔ training replacements inherit a queued stone-head order and perform the original prayer (95.849523ms)
✔ queued worship preserves turns, poses, RNG and rewards at 5–240 Hz and irregular frames (842.234849ms)
✔ local launch preserves sandbox and removes all unsafe Playwright defaults (1.4287ms)
✔ CLI accepts separate game root, owned output, browser and bounded settings (0.244546ms)
✔ CLI rejects unknown flags, missing values and unbounded inputs (0.184517ms)
✔ source fingerprint catches dirty tracked and untracked byte drift with unchanged porcelain (90.159538ms)
✔ active scenario completing during timeout diagnostics cannot turn failure into pass (106.757056ms)
✔ active scenario completing during interrupt diagnostics cannot turn failure into pass (12.642498ms)
✔ marching geometry, recruitment, cleanup, speed and poses replay complete original calls (30.119754ms)
✔ native movement completion preserves payload, seam and vehicle boundaries and four-turn cadence (3.427546ms)
✔ marching cleanup tolerates a member whose native record was already released (0.46667ms)
✔ outdoor and building encounter calls match captured original fields, timing, RNG and sound (21.052202ms)
✔ all playable encounter pairs show the opening strike, physical stagger and defender-centered fight (520.697928ms)
✔ encounters and their animations stay deterministic across render schedules (249.953591ms)
✔ the native skip-intro flag and player cancellation do not leave stuck encounters (70.552944ms)
✔ an encounter releases cleanly when an airborne participant returns to ordinary motion (36.81867ms)
✔ live fights refresh the first native player alert each object turn (94.087337ms)
✔ simulation owns quiet, attack and battle music activity across pause and cancellation (35.027891ms)
✔ native fight admission, replacement and splitting retain original slots, flags and RNG (9.636656ms)
✔ stronger reinforcements replace the first weaker ally and preserve a three-person tribe limit (193.055781ms)
✔ two-sided reinforcements split the last fighter of each tribe into a new live fight (82.580599ms)
✔ reinforced group motion and combat remain identical at every render cadence (303.222355ms)
✔ center changes preserve original membership slots for subsequent splits (31.767988ms)
✔ pursuit refresh uses the original inclusive axis threshold and signed coordinates (1.066481ms)
✔ live pursuit updates before reaching the old destination and reuses unchanged routes (394.593539ms)
✔ automatic engagement uses equal tribe ranges, whole cells and original scan cadence (44.923606ms)
✔ native inhibition and pending scans apply without giving idle shamans automatic attacks (24.582411ms)
✔ live move orders cross nearby enemies without the old distance interruption (36.10654ms)
✔ idle followers of either tribe pursue detected enemies at every render cadence (419.943207ms)
✔ group attacks hit busy opponents without restarting their action or facing (5096.289308ms)
✔ Magical Shield does not block native mode-one melee damage (35.64273ms)
✔ opportunistic reach is measured from the opponent slot with an exclusive 360-unit boundary (223.853582ms)
✔ group combat stays deterministic across render schedules and yields to player orders (271.280014ms)
✔ knockback waits for terrain physics to settle and preserves cell ownership (75.626735ms)
✔ hits during knockback survive physics and player orders do not teleport the person (36.88893ms)
✔ sliding recoil, native animation and recovery are independent of render cadence (234.185791ms)
✔ shamans and the native game flag suppress ordinary attack knockback (212.688549ms)
✔ fight sites use the native 32-turn search and retain groups when no site is available (43.236187ms)
✔ fight sites leave original building footprints even between periodic search visits (57.008219ms)
✔ sequential fight searches avoid other fight centers and release exhausted searches (0.789595ms)
✔ live groups relocate sequentially without sharing another fight center (34.875979ms)
✔ native approach reaches its slot from every direction and waits one turn to chase a moved slot (282.358998ms)
✔ approach uses native cell collision and preserves the person across attack, recoil and new orders (38.335581ms)
✔ approach, native animation and subsequent combat stay identical across frame rates (218.51523ms)
✔ native descriptor threshold chooses exact small and large corner dimensions (1.467583ms)
✔ 1x frame overlaps native corners in a 100x96 rectangle, bottom corners last (4.561618ms)
✔ 2x and partial tiles retain exact 1:1 corner/edge pixels and a transparent center (41.496902ms)
✔ frame is a separate overlay and does not change terrain, markers or click ownership (0.945039ms)
✔ minimap pixels, camera wrapping, rotated UVs and markers match native captures (81.853422ms)
✔ Mission 10 runs its first Totem deadline and second Totem Erosion sequence (11161.455234ms)
✔ Mission 11 opens with both enemy tribes and four original knowledge sites (146.31049ms)
✔ Mission 11 opponents build their first settlement and scripted BUILD_AT tower on native cadence (5470.018757ms)
✔ Mission 12 opens with all three enemy tribes and original knowledge (88.102632ms)
✔ Mission 12 starts its original turn-7 flyby once (133.721214ms)
✔ Mission 12 opponents request their first Guard Towers on native cadence (251.282664ms)
✔ Mission 12 opening remains deterministic through checkpoint migration (613.024991ms)
✔ Mission 13 opens with both enemy tribes and original knowledge (134.843249ms)
✔ Mission 13 starts its original Yellow turn-6 flyby once (197.90225ms)
✔ Mission 13 Balloon Hut knowledge is visible before construction (201.342574ms)
✔ Mission 13 Land Bridge uses native surface categories at low shore (55.054968ms)
✔ Mission 13 Balloon Hut repeatedly produces occupied airborne transport (468.751117ms)
✔ Mission 13 opening remains deterministic through checkpoint migration (296.163083ms)
✔ Mission 14 delivers both linked gifts and a castable Angel through shipped paths (365.023417ms)
✔ Mission 15 ordinary Prison attack frees the captive and cancels the timer (264.449336ms)
✔ Mission 15 timer expiry locks input and kills the captive with enemy Lightning (117.717473ms)
✔ Mission 15 expiry stays latched if the Prison falls before Lightning lands (149.124725ms)
✔ Mission 15 captive Lightning branch requires an enemy caster, not the Prison cell (66.486169ms)
✔ Mission 16 worship grants Bloodlust and live combat consumes its status (326.822929ms)
✔ old checkpoints default Bloodlust stock without disturbing their world (58.209512ms)
✔ Mission 17 grants Armageddon and stages the native arena through the live cast path (1010.685106ms)
✔ Armageddon uses generic victory and defeat outcomes and restores control (807.833363ms)
✔ Mission 18 loads its authored tribes and grants Armageddon and both Volcano rewards (2519.372427ms)
✔ Mission 18 starts its authored Red marker patrol through normal AI orders (130.200283ms)
✔ Mission 18 Armageddon restores its arena checkpoint and reaches both result directions (2389.31675ms)
✔ Mission 19 loads its authored objective and grants all three worship rewards (822.149127ms)
✔ Mission 19 Teleport spends only accepted stock and resumes identically from a checkpoint (156.563781ms)
✔ Mission 19 warns once and gives Chumara loss priority over Dakini defeat (453.362596ms)
✔ Mission 2 naturally earns Matak kills and launches the organized raid (2604.40847ms)
✔ Mission 2 checkpoints retain kill ownership from the old red slot (71.884559ms)
✔ Mission 2 camp targeting takes the first model match without RNG (30.115029ms)
✔ Mission 2 producer matches native base, loss, capacity and resource boundary cases (288.308778ms)
✔ Mission 2 naturally establishes a new home Tower base and preserves phase3 checkpoint continuation (992.457251ms)
✔ Mission 2 rebuilds after a real player army destroys both Towers, retaining its first construction base (8221.676184ms)
✔ Mission 2 explicitly trains replacement Warriors after natural combat despite zero producer preferences (7037.819522ms)
✔ Mission 20 loads its authored opening and four-stage linked chain (130.199983ms)
✔ Mission 20 worship consumes each head once and restores the live chain (2910.251654ms)
✔ Mission 21 loads its authored opening and first fault state (102.393073ms)
✔ Mission 21 converts worshippers and seals the first fault across a checkpoint (3605.160146ms)
✔ Mission 21 checkpoints one unsealed first-fault eruption without replay (3191.493739ms)
✔ Mission 22 opens with its solo Shaman, native heads, tribes and transport (66.197522ms)
✔ Mission 22 mode-3 head rejects an injected Brave supporting fixture (116.269465ms)
✔ Mission 22 nearby head is a one-shot presentation with no gameplay reward (249.013104ms)
✔ Mission 22 southern head delivers its delayed 600,000 mana gift after real worship (6675.263528ms)
✔ Mission 22 Shaman can steal, checkpoint and sail the authored enemy Boat (1585.885946ms)
✔ Mission 22 Shaman can claim the authored Balloon and complete the northern mana route (9229.712396ms)
✔ Mission 23 loads its authored tribes, Wildmen and worship chain (67.349101ms)
✔ Mission 23 enemy tribes grow their native settlements and populations (13089.171706ms)
✔ Mission 23 unlocks and repeats the native zero-mana gift through ordinary worship (939.553437ms)
✔ Convert Wild allocation gates state and duplicates without cancelling existing work (1.649156ms)
✔ Convert Wild target retains density, wrap, tie, inclusive radius and list-centroid rules (0.467972ms)
✔ Convert Wild standability preserves initial target and tries only the first24 spiral positions (0.498979ms)
✔ Mission3 active type2 advances after allocation state is switched off (92.317413ms)
✔ type2 timeout clears motion before a blocked state transition and then frees the task (50.930736ms)
✔ type2 reads the active fight person even when its attack animation has no presentation source (46.647415ms)
✔ Convert Wild region lookup normalizes signed browser-native positions to unsigned words (0.164757ms)
✔ type2 casting preserves the real person flags2 readiness gate (27.976874ms)
✔ explicit flight person receives the allocation-safe return order without restarting its state (28.362723ms)
✔ explicit flight return preserves the complete world on order allocation exhaustion (29.55947ms)
✔ cast-ready flight-owned Shaman receives the type2 post-cast return on the same person (22.91893ms)
✔ type2 range reads actual signed person height rather than terrain beneath it (21.486418ms)
ℹ {"terrainHeight":146,"personHeight":896,"terrainRange":14,"personRange":24}
✔ Mission3 Chumara moves, spends its original shot and mana, then stops allocating at the population cutoff (1130.229712ms)
✔ Mission3 keeps idle follow-ups and area-summary automatic training unreachable (147.11878ms)
✔ ordinary Mission3 allocates a real pre-table response before ordinary production (240.121372ms)
✔ defense allocation preserves native caps, immediate empty-area cleanup and recycled scratch (0.497367ms)
✔ active defense suppression uses strict squared26 and wrapped cell distance (0.160611ms)
✔ native defense no-force fallback is a finite seven-visit lifecycle (0.4259ms)
✔ defense cleanup clears only matching assignment and native flag bits while preserving another lock (27.071284ms)
✔ lost early defense targets are invalidated before a different task dispatch (29.869896ms)
✔ defense Blast uses signed active-person height for native and flight-owned Shamans (120.437191ms)
✔ defense Blast reads active native, flight and non-presented fight positions in both range directions (127.401878ms)
✔ defense target collection preserves category caps, rejection rules and the omitted last spiral cell (0.854422ms)
✔ ordinary Mission3 intrusion produces a real type8 fallback, cleanup, repeat and checkpoint continuation (1168.102302ms)
✔ ordinary Temple acquisition and Preacher intrusion recruit a real Chumara defender with orders and movement (2088.420629ms)
✔ Mission 3 naturally trains a Blue Preacher, converts an authored Brave and resumes its mid-conversion checkpoint (3467.27572ms)
✔ a real movement command cancels the naturally acquired Blue sermon without converting its listener (1502.190197ms)
✔ natural Mission 3 conversion follows elapsed game time across display schedules (3298.574431ms)
✔ Mission 3 opens through original Chumara, Swarm, Temple and Erosion paths (2355.34623ms)
✔ single Preacher selector preserves native first-near/band order and strict distance boundaries (2.548586ms)
✔ single-person strict19 boundary, wrap, mode0 and invalid mode match native cases (1.589906ms)
✔ type11 waits for selection ownership and cancellation safely releases state14 and slot (134.682335ms)
✔ duplicate raw payload and failed allocator preserve native selection side effects (98.595076ms)
✔ Preacher allocator preserves native five-slot/state/signed-count boundaries (0.397046ms)
✔ 1103 replacement preserves all person/order state on allocation exhaustion (70.547896ms)
✔ natural Chumara training reaches marker3 Preacher task, checkpoint phases and movement (2181.742741ms)
✔ complete128-turn block preserves strict gates, command ordering and message lifetime (3.382317ms)
✔ 1103 retargets only active order30 in native state10/33 without restarting state (243.605412ms)
✔ cancelled blocked-state Preacher resets motion before the native state gate (43.896025ms)
✔ Mission 3 warns once when a naturally trained Chumara Preacher starts converting a Blue Brave (6206.255316ms)
✔ Mission 3 starts its original recurring-script flyby through ordinary turns (1682.019352ms)
✔ Mission 3 Chumara builds its settlement and trains its first Preacher (1694.641703ms)
✔ Mission 4 starts its original opening flyby once through ordinary turns (803.028779ms)
✔ Mission 4 teaches training and attack from its original live conditions once (93.352518ms)
✔ Mission 4 converts Wildmen, discovers the Guard Tower, and defeats the Matak (5904.020979ms)
✔ Mission 5 Angel head delivers its linked hostile summon through live worship (278.336269ms)
✔ Mission 5 checkpoint migration upgrades an explicit mode-5 legacy Angel without changing gameplay state (56.053936ms)
✔ Mission 5 checkpoint migration recovers an absent authored mode before upgrading the Angel model (29.205772ms)
✔ Mission 5 checkpoint migration adds only the previously omitted Angel head (54.068957ms)
✔ Mission 5 imports its linked Boat template from the verified native coordinates (2.195876ms)
✔ Mission 5 runs its imported opening flyby once through ordinary turns (1053.39538ms)
✔ Mission 5 launches its original ordinary raid when the player reaches the Angel head (459.224773ms)
✔ Mission 5 launches its surviving Dakini at the player Shaman (155.194082ms)
✔ Mission 5 staffs its original Dakini tower with a Preacher (162.753066ms)
✔ Mission 6 keeps both original opponents distinct through outcome and checkpoints (530.666603ms)
✔ Mission 6 credits each opponent attack task independently (100.123642ms)
✔ Mission 6 low-population survivors counterattack the player Shaman (248.355462ms)
✔ Mission 6 Chumara trains Preachers and launches its first mixed raid (15706.879147ms)
✔ Mission 6 opponents expand and Matak launches its first Warrior raid (17437.106111ms)
✔ Mission 6 ATTACK snapshots the native three-spell payload and keeps old tasks compatible (0.698138ms)
✔ type-20 sixth ATTACK quota selects exactly the tribe Shaman outside the generic selector (0.367793ms)
✔ Mission 6 first Matak ATTACK retains source-derived Land Bridge, Lightning, Blast order (14748.594158ms)
✔ Mission 6 phase-6 task Shaman uses native payment, eligibility, usage and range gates (136.277353ms)
✔ Mission 6 phase-6 task spell uses task target outside Shaman states 25/29 (71.251044ms)
✔ Mission 7 converts Wildmen and grants Invisibility through its original head (932.373593ms)
✔ Mission8 natural acceptance starts from the shipped seven-person Blue and eleven-person Red roster (88.326743ms)
✔ Mission8 attack staging is a land order for the original party, not a transport or worship prerequisite (50.926087ms)
✔ shared ground → training → destination queues retain identities until conversion and inherit the original tail (781.361861ms)
✔ shared ground → construction → destination queues retain identity and resume after the crew leaves (141.639381ms)
✔ cancelled, invalid, removed and dead queued builders release command-6 ownership exactly once (419.879237ms)
✔ a waypoint added while trainees are inside preserves occupancy; ordinary hut admission consumes the complete queue (399.617826ms)
✔ unavailable or cancelled buildings advance to the next order; replacement and death release shared references (326.872431ms)
✔ mixed movement, training, inherited orders, RNG and footprints match from 5 to 240 Hz and irregular frames (862.500056ms)
✔ building order preparation matches complete original CPU calls (0.99274ms)
✔ reinforcements and new encounters retain the same person and resume ground, building and worship orders (901.002777ms)
✔ replacing or killing a reinforcement releases every retained command reference (132.068395ms)
✔ a displaced fighter retains its queue and a split keeps both followers’ original records (144.905041ms)
✔ combat interruption and resumed orders preserve simulation and poses across render rates (725.791213ms)
✔ combat removes a waiting trainee from its physical line while retaining its training order (81.818022ms)
✔ native model wave uses half, quarter, eighth strength then resets (1.290908ms)
✔ live waves retain first-hit deformation on resource scenery (70.588052ms)
✔ move input eligibility matches native category, strict-land and quarter-mask captures (6.727307ms)
✔ blocked move clicks preserve the whole selected group, shared orders, markers and RNG (118.163667ms)
✔ Markdown sections retain ancestry, repetitions, CRLF boundaries, and ignore fenced headings (2.322556ms)
✔ manifest validation accepts reviewed data and rejects duplicate IDs, missing paths, invalid parity references, and unsafe paths (36.498372ms)
✔ index is deterministic, clean without a cache, ignored when written, and regenerates after source changes (45.105269ms)
✔ index and context reject an indexed source symlink that escapes the repository (26.391541ms)
✔ repository validation requires one current top-level execution-order heading (25.628381ms)
✔ context returns bounded provenance, limitations, checks, and visible source truncation (62.134078ms)
✔ context output saves current JSON and rejects silent option mistakes (78.124773ms)
✔ preparation is independent of retired local status state (47.798336ms)
✔ native research packets grant only a contract-allowed ignored scratch directory (80.248202ms)
✔ role context carries a validated bounded assignment and explicit overflow (135.668406ms)
✔ reviewer context fingerprints the actual dirty, renamed, deleted, and untracked inputs (62.363846ms)
✔ real mapped evidence excerpts retain their material performance boundaries (2670.975339ms)
✔ Shaman appearance context keeps its complete checks and evidence within the default budget (795.024346ms)
✔ Followers task context retains complete checks without bloating selection context (444.366478ms)
✔ plan handles cross-cutting edits, renames, deletions, untracked and unsafe inputs without executing checks (63.531623ms)
✔ audit distinguishes baseline edits and reports out-of-scope, generated, input, untracked, and stale verification changes (95.435011ms)
✔ audit reports a pre-existing baseline change that disappears (61.166799ms)
✔ audit requires exactly one result for every required check (55.272758ms)
✔ blocked verification cannot masquerade as passing and passed results require evidence (62.223025ms)
✔ game server rejects an invalid isolated port (0.591497ms)
✔ preparation captures real baseline and hashes, validates intent, and refuses overwrite (145.822342ms)
✔ verification persists completed checks across interruption and replaces old passes at startup (167.716931ms)
✔ verification replaces a required receipt invalidated by a changed check definition (90.330139ms)
✔ reviewed aggregate coverage executes once, fingerprints covered inputs, and fails closed on script drift (262.822442ms)
✔ orchestration-tests receipts become stale when worker configuration changes (182.644448ms)
✔ repository-check receipts become stale when worker configuration changes (175.554501ms)
✔ verification runs only safe contract checks, records blocking, and detects mutations (293.859614ms)
✔ ephemeral default stays opt-in; persistent launch keeps sandbox and explicit data-dir (2.006332ms)
✔ unknown personal, noncanonical, existing unmarked and symlink directories fail before adoption (13.362419ms)
✔ symlink ancestor and evidence overlap are rejected (6.573487ms)
✔ an output symlink cannot alias profile data before preflight creates logs (9.337357ms)
✔ exclusive live and unknown locks are never recovered, and failed cleanup keeps ownership (19.482625ms)
✔ normal terminal cleanup retains checkpoint identity across a new exclusive run (13.439985ms)
✔ source/runtime/origin drift cannot silently adopt a game save (26.741072ms)
✔ symlinked source bytes and external or ignored scenarios cannot bypass input binding (13.725895ms)
✔ checker-only correspondence must bind prior run and both exact source identities (14.146215ms)
✔ unverified source and changed terminal ownership remain blocked (9.449595ms)
✔ lease refuses a replaced lock and leaves that owner untouched (7.743485ms)
✔ leftover Chromium ownership and replaced data directory block reuse (14.15621ms)
✔ committed readback is readonly, awaits completion, and hashes typed arrays/Map/Set contents (95.862437ms)
THREE.InterleavedBufferAttribute.clone(): Cloning an interleaved buffer attribute will de-interleave buffer data.
✔ painter centers retain precision and follow position replacement and updates (2.674695ms)
✔ construction caps replace face modes and hidden picking faces emit no material (1.310397ms)
✔ cell render order matches native mixed passes and retained arrival order (64.299191ms)
✔ cell traversal preserves live ordering when a stale chain entry is encountered (0.485519ms)
✔ mixed polygon buckets, reverse insertion ties and raster depths match native captures (2.732922ms)
✔ completed models reject native rear faces and shared side/bottom outcodes (0.464357ms)
THREE.InterleavedBufferAttribute.clone(): Cloning an interleaved buffer attribute will de-interleave buffer data.
✔ shared painter vertices follow attribute edits, splits and replacement (2.40507ms)
✔ native grid mapping matches exact XYZ mapping and rejects split heights or irregular coordinates (0.314342ms)
Unrecorded ledger change: run parity:record with a note
✔ parity credits verified scope only and rejects misleading or untraceable assessments (40.353626ms)
✔ report-only rendering refuses unrecorded parity progress (127.876985ms)
✔ verified requirements advance a fixed checkpoint share without hiding unknown scope (12.704902ms)
✔ assessments expose small gains and regressions without crediting scope revisions (34.205127ms)
✔ browser supervisor verifies cleanup after a missing checker dependency (294.060426ms)
✔ browser supervisor does not start the checker while the server port refuses connections (1154.783327ms)
✔ browser supervisor verifies cleanup after a checker exception (363.334302ms)
✔ browser supervisor classifies server spawn failure and verifies empty cleanup (6.002587ms)
✔ browser supervisor stops the checker when the ready server exits (663.392964ms)
✔ browser supervisor SIGTERM includes a detached checker descendant (905.835842ms)
✔ concurrent submitters and controllers preserve FIFO without overlap (1574.291479ms)
✔ failed and timed-out jobs release before automatic next job (1713.241029ms)
✔ cancel running and queued jobs without running queued command (1240.48268ms)
✔ missing cleanup blocks handoff, recovery requires a fresh matching receipt (1123.665383ms)
✔ live detached child prevents next test and is never killed by the queue (1192.075153ms)
✔ controller crash retains lock; recovery refuses live owner or job (1330.797594ms)
✔ foreign or missing execution scope cannot prove a controller stopped or authorize recovery (703.685588ms)
✔ legacy active jobs remain unknown even with no controller lock (563.67901ms)
✔ paused submissions start no transient controller before recovery (802.962365ms)
✔ source drift and busy ports block commands without touching existing server (619.45872ms)
✔ all linked worktrees resolve the same queue; invalid specs never launch (408.690656ms)
✔ submission preserves PATH under an ESM temp parent and returns one compact result (1522.915732ms)
✔ concurrent identical retries share one unfinished job; completed work can run again (1483.013517ms)
✔ run exposes a recovery ID before caller interruption; retry keeps the running job (894.413894ms)
✔ person panels preserve native command traversal, health and original draw submissions (3.061626ms)
✔ person-panel lifetime matches native refresh and remains independent of render rate (0.961453ms)
✔ order focus matches native targets and follows the displayed queue record (0.417477ms)
✔ destination marker preserves native attachment, frames and lifetime at every render rate (276.780568ms)
✔ panic and personal fire trails retain original timer, sound, anchor and allocation decisions (11.783048ms)
✔ burning huts eject running followers with distinct panic and trail lifetimes in all orientations (521.957597ms)
✔ panic motion, animation and fire trails are independent of presentation frame rate (236.820068ms)
✔ native building flames traverse matching cells in order, including repeated sockets and failed allocations (24.503261ms)
✔ live flame-cell adapter preserves protected followers, immunity, tribe and hidden occupants (27.524637ms)
✔ real Lightning ignition reaches nearby surviving followers before occupant evacuation (30.622076ms)
✔ ordinary clicks replace only new selections; Ctrl toggles and blocked clicks preserve the group (1.530848ms)
✔ selection never creates a simulation owner or interrupts existing group orders (177.619711ms)
✔ all native single/group selection voices and pointer acknowledgements are ready before audio activation (25.26167ms)
✔ worship placement preserves native two-pass search, occupancy, route order and failure flags (18.500821ms)
✔ worship command preserves native approach, prayer, retry and presentation RNG decisions (12.555697ms)
✔ ordinary stone-head visits expire the standing-slot cursor at the native byte timer (1.903928ms)
✔ construction-plan entrances, approach and timed attack sequences match native execution (17.15496ms)
✔ player append matches native shared references, cursor wrap, full queues, eligibility and pool exhaustion (26.60095ms)
✔ ground, building and forced-final worship modifiers and eighth-order deselection match complete native player packets (0.480011ms)
✔ replacement preserves prior orders when the shared pool is full (0.517526ms)
✔ sprite pointer brackets match native palette, two/four-layer geometry and unsigned animation wrap (5.9824ms)
✔ native conversion delay uses the recovered 200/3 timing basis (1.303326ms)
✔ a full order pool does not stop a moving Preacher without attaching its sermon (68.351901ms)
✔ inside command 31 binds its building and uses the native five-cell sermon radius (59.871921ms)
✔ conversion moves a newborn outside a building footprint before centering it (75.573401ms)
✔ sermon poses preserve native multi-turn RNG timing (33.544703ms)
✔ an idle preacher sermons, converts by replacement, and releases listeners on a new order (253.301682ms)
✔ preacher conversion is independent of display refresh rate (438.271439ms)
✔ queued command 31 rewrites to friendly building entry or ground movement (55.943119ms)
✔ live active preaching reaches emergency Blast priority (94.173661ms)
✔ live active preaching reaches emergency Swarm fallback (52.47647ms)
✔ live active preaching reaches emergency Lightning fallback (32.958702ms)
✔ emergency preaching response excludes no active assignment (38.341793ms)
✔ emergency preaching response excludes no live person record (42.537461ms)
✔ emergency preaching response excludes same tribe (29.127713ms)
✔ emergency preaching response excludes allied tribe (30.518961ms)
✔ emergency preaching response excludes invisible preacher (24.788169ms)
✔ emergency preaching response excludes caster cooldown (24.369861ms)
✔ emergency preaching response excludes no ready spell entry (23.232773ms)
✔ emergency preaching response excludes paused target scan (25.406097ms)
✔ emergency preaching response excludes no spell payment (24.630011ms)
✔ emergency preaching response excludes stored Lightning below its mana cost (24.455379ms)
✔ the independent enemy-Shaman response still spends stored Lightning without mana (24.789741ms)
✔ failed allocation consumes the sole producer opportunity before a later spawn (78.66374ms)
✔ busy rejection consumes allocation identity but preserves the active wave and saved site (35.04221ms)
✔ site height follows native ground-then-quantize arithmetic (145.083821ms)
✔ mode2 uses native eligibility, panic, descriptor damage and RNG without Swarm filters (545.200942ms)
✔ protected transitions retain repeated native cell hits and consume no panic RNG (32.2636ms)
✔ a wave removes an older in-cell Swamp before it can process in the same turn (41.170369ms)
✔ mode2 cleanup keeps an outside Swamp and the next enemy receives panic (32.499594ms)
✔ ordinary death produces a next-turn wave that outlives successful respawn (297.516747ms)
✔ checkpoints preserve mode2 identity, sites, orbits, terrain and RNG without replay (299.243479ms)
✔ mode2 interrupts the real encounter owner while retaining its person and order queue (51.554116ms)
✔ ordinary Boat and Balloon boarding retain seats and deselect passengers under mode2 panic (170.608354ms)
✔ panic transfers a live building-entry queue and resumes it after expiry (83.058857ms)
✔ ordinary groups settle into native rings, compact on departure and retain status through new orders (837.229063ms)
✔ group resting positions, facing, gestures and footprints agree at 5–240 Hz and irregular frames (627.642038ms)
✔ exhausted resting search waits and retries its original anchor through state 10 (65.466015ms)
✔ route probes preserve native building, coast and vehicle endpoint correction (15.163814ms)
✔ failed-route initialization and retries match native fields, timing and ordered consumers (8.311798ms)
✔ disconnected groups stop, retain shared attack/waypoint orders, retry and resume after land connects (253.334364ms)
✔ route-failure notice keeps the original text and retriggers without tutorial history (57.715901ms)
✔ new orders and death release blocked commands; shaman failures use their own original voice (151.481342ms)
✔ blocked groups retry on simulation counters, with identical recovery and combat at 5–240 Hz (951.295902ms)
✔ blocked building-entry owners resume the same person and finish ordinary admission (76.979397ms)
✔ real command8 full occupancy emits an original-frame child without scene-owned RNG (767.972996ms)
✔ equal elapsed turns preserve secondary state across frame schedules with no bolt draws (216.770426ms)
✔ legacy missing-history roots bootstrap on first render without inventing past visits (120.368161ms)
✔ full roots copy the allocation byte and defer newly prepended children (1.817799ms)
✔ all byte phases and low-five-bit outcomes use the proved root gate (123.150068ms)
✔ actual UI reservations participate in inclusive gates after the root RNG draw (0.67962ms)
✔ marker expiry and child allocation share the same newest-first traversal (4.498442ms)
✔ children keep their own sixteen visits after the root is removed (0.384266ms)
✔ native free-list reuse and checkpoint reconstruction preserve physical slot ownership (0.532289ms)
✔ panel and preview reservations are derived from live adapter owners (1.622366ms)
✔ legacy marker overflow cannot leave ownerless immortal effects after restore (1.879521ms)
✔ browser capture retains the same live puff across ordinary Pause latency (3.098231ms)
✔ selection terrain mesh matches the executable with documented seven-point fan repairs (658.354231ms)
✔ selection fill/edges/corners retain native visibility, depth, UV and shared-corner ownership (16.639278ms)
✔ Shaman import preserves every prior frame, piece and animation entry (28.985632ms)
✔ actual tribe selects every native Shaman source and eight original directions (1.854944ms)
✔ Shaman idle artwork uses all four distinct original body pieces (0.159149ms)
✔ reincarnation distinguishes tribe bodies from shared spirit sources and layer owners (0.214812ms)
✔ shipped live and effect renderers consume the Shaman selector without changing generic mechanics (0.428293ms)
✔ all 3276 previous occupied sprite rectangles retain their reviewed RGBA (114.091589ms)
✔ real Mission 23 Shaman identity and death heading survive checkpoint reconstruction (605.90704ms)
✔ first and second actual presentation visits display 0 then 1, not 1 then 2 (753.063214ms)
✔ normal processed phases reset, loop independently of simulation, then freeze and hide (238.767759ms)
✔ new checkpoints retain shown/next frames; legacy checkpoints start at a bounded deterministic frame (68.661407ms)
✔ pause and native land-pause freeze the latch as well as the counter (8.490095ms)
✔ render schedules and effect-only animation cannot change gameplay, either RNG or respawn (3305.499939ms)
✔ ordinary combat death finishes existing wait and respawn without a duplicate effect (233.567313ms)
✔ ordinary Shaman phase1 follows both rising and lowering death-site ground (631.714592ms)
✔ the last processed phase1 sample survives checkpoint, transition and rise (160.321265ms)
✔ phase0 retains the death height until the first processed phase1 visit (12.911271ms)
✔ a direct drowning-entry fixture rises from its initial height without phase1 resampling (5.500586ms)
✔ model-12 rise freezes the last original spirit frame for all tribes and bearings (2.321905ms)
✔ death-site visibility follows the existing land and drowning lifecycles without changing them (86.914761ms)
✔ earlier body/transition poses retain their existing renderer behavior (0.415594ms)
✔ the live caller applies the bounded presentation only to model-12 reincarnation effects (0.927221ms)
✔ Magical Shield protects six nearby followers for the native lifetime (131.618244ms)
✔ old checkpoints default new Shield stock without disturbing their world (50.114596ms)
✔ normal early mission data selects each original backdrop and both cloud layers (1.408284ms)
✔ same-bank Mission 10 uses the same p sky set without mission-number overrides (0.127421ms)
✔ previous bank d and g sky modes and unhandled banks remain unchanged (3.758862ms)
✔ early mission sky PNGs preserve exact original bytes (4.245543ms)
✔ camera horizons preserve original sky dispatch coordinates and fade (5.533206ms)
✔ continuous sky retains native wind rates and is invariant to segment subdivision (14.162548ms)
✔ spell button artwork, positions and charging fills match native draws (11.769627ms)
✔ all six original Shield/Bloodlust descriptor frames have real atlas rectangles (1.715845ms)
✔ ready, inactive, hover and selected states use the original descriptors, not Unicode or guessed frames (0.484718ms)
✔ authored Mission16 already exposes both sprites without forced availability or stock (101.193079ms)
✔ the original undiscovered spell question mark follows the accepted six-frame append (0.188503ms)
✔ all shipped spell descriptor icons remain available after the append (0.191086ms)
✔ HudSprite no longer substitutes a text glyph and still rejects unknown resources (0.414963ms)
✔ fresh and later missions use the native owned/reward-source/cast-permission precedence (166.620371ms)
✔ restart and checkpoint restore reproduce fresh Mission 1 HUD visibility (121.032479ms)
✔ owned stock wins over the mission-load discovery mask (33.14288ms)
✔ undiscovered art is the native HFX1056 branch and visible-disabled keeps normal art (0.683476ms)
✔ unit atlas retains reviewed tribe/state/direction layers when new models append (12.769278ms)
✔ brave carry animations retain the baked timber body layer (0.365539ms)
✔ base149 retains 51 original faces and existing atlas coverage without key model slots (3.259282ms)
✔ authored default149 roots and linked Mission10 Totem select the base mesh (336.64428ms)
✔ spell45, Obelisk8, Angel157 and Vault154 remain outside static149 (79.475309ms)
✔ source qualification rejects ambiguous identity, reward flags, missing links and scenery (30.665191ms)
✔ old null/absent presentation and new checkpoints derive149 without mutating saved state (81.398806ms)
✔ static presentation never replaces a different model or an active morph family (64.013429ms)
✔ only reward-derived model45 sources are initialized; unrelated head families and Vault remain separate (122.701745ms)
✔ enabled idle cycles18native animation visits without followers; hold/refill retain the original counter rules (0.728824ms)
✔ raw keypoints use base45indices/scale rather than endpoint face layout; all18cached outputs are distinct (5.059094ms)
✔ presentation pauses with world and native land pause without touching simulation or RNG (39.632031ms)
✔ normal authored worship earns Bridge stock while presentation leaves the entire gameplay state unchanged (170.449449ms)
✔ exhausted trigger does not remove its independent enabled decorative model45 animation (58.666503ms)
✔ mid-animation new checkpoint keeps phase and old optional-field checkpoint restores safely without rewards (45.244245ms)
✔ multiple heads keep separate state while30/60/120/144Hz and irregular schedules share one animation timeline (348.571583ms)
✔ shipped scene updates ordinary head positions byphase and leaves Vault on the existing path (1.140031ms)
✔ disable and refill within one presentation interval reset once without advancing the clock (0.372419ms)
✔ heading comes from the decorative scenery word, never trigger settings or model selection (1.377748ms)
✔ all16bits reach the angle-table mask and a missing producer is not treated as north (0.2068ms)
✔ linking uses the native512-unit cell, first scenery match and toroidal coordinate identity (0.356675ms)
✔ existing negative-Y scene rotation agrees with native heading basis; no camera or global offset is required (0.977107ms)
✔ Vault and unknown scenery keep their original angle; orientation lookup does not mutate saved gameplay (82.22755ms)
✔ both ordinary scene orientation consumers use the same helper; no other angle consumer changes (0.58574ms)
✔ real authored zero and high-byte headings survive the producer while saved trigger fields stay unchanged (165.712988ms)
✔ Swamp scans its native 3x3 footprint and honors victim and terrain gates (1.949646ms)
✔ Swamp uses one RNG draw, scans every fourth visit, and expires at ten kills (0.356615ms)
✔ the thirtieth same-tribe Swamp discards the oldest remaining controller (0.191587ms)
✔ live Swamp casting kills through the ordinary corpse path independently of refresh rate (232.970542ms)
✔ Swarm uses the supplied standalone original insect texture (2.475055ms)
✔ Swarm creation and first controller visit preserve original gameplay RNG and child fields (3.114746ms)
✔ Swarm first live visit allocates children before wandering begins on the second visit (105.605572ms)
✔ Swarm final fifteen controller visits progressively remove children before expiry (1.098649ms)
✔ Swarm reveals disguised Spies on panic and panic-protected non-removal paths (87.560185ms)
✔ confirmed invented generic and Angel success strings are not emitted (159.441594ms)
✔ Swarm follows player and computer cast paths with native insects, victim cadence, and lifetime (193.571862ms)
✔ Mission 2 naturally funds the Matak Shaman and casts Swarm through player orders (2439.059445ms)
✔ terrain ambience matches complete native ground queues, including empty views and depth ties (9.49985ms)
✔ tree ambience camera offset and wrapped radius match complete native cell visits (2.105901ms)
✔ local lights match complete native allocation, movement and cleanup captures (106.218733ms)
✔ Blast owns immediate terrain light until its ninth turn, preserving occupancy and pause (128.361672ms)
✔ native height notifications retain object order, duplicate visits and touching building flags (6.916502ms)
✔ terrain edits notify nearby plans, revalidate original slope rules and release an invalid plan (145.43851ms)
✔ a large terrain edit indexes live people once while retaining dirty notifications (128.690204ms)
✔ terrain dirtiness resets live steering without replacing its route (49.772092ms)
✔ terrain texture endpoints match original Direct3D triangle submissions (3.28437ms)
✔ model atlas UVs match native texel centers and retain fractional/outside coordinates (1.644799ms)
✔ terrain submission covers the native cell gate across headings and seams (344.211295ms)
✔ terrain copies omit only tiles with no native-visible cell, including seams and expanded bounds (197.323839ms)
✔ timber search matches native cell order, fog, protected stock and two-pass queries (35.289312ms)
✔ shared timber caches match native allocation, expansion, routing, ownership and expiry (70.578604ms)
✔ an exhausted indexed-search pool postpones expansion without corrupting the cache (0.753591ms)
✔ terrain changes recheck nearby timber routes and live Land Bridge reaches the cache (605.133295ms)
✔ live timber cost probes report routes and foreign territory without taking route ownership (94.248495ms)
✔ harvest clocks, transfer, scale and animation match original executable captures (1.205519ms)
✔ delivery waits, timber and construction stages match complete native calls (2.545972ms)
✔ Tornado replays native initialization, lifetime, carry and throw (3.689378ms)
✔ Tornado uses the native building protection and one-draw damage gate (0.569605ms)
✔ live Tornado casts, captures and throws independently of refresh rate (292.94165ms)
✔ tower admission uses rotated tribe sockets, ground membership and original one-shot occupant pose (2366.197285ms)
✔ a tower admits one follower and movement orders preserve elevation until physics resumes (70.060337ms)
✔ tower entry and held animation are deterministic at 5–240 Hz (312.230284ms)
✔ destroying an occupied tower releases its native record and display height (120.896736ms)
✔ a tower Firewarrior autonomously attacks an eligible hostile on the tower cadence (111.296996ms)
✔ tower preachers hand occupancy to command 31 and cleanly leave or die (300.182899ms)
✔ tower panel matches every original one-slot draw trace (4.605323ms)
✔ tower panel selection preserves occupancy; ordinary orders leave without teleporting (313.78034ms)
✔ tower dismantling releases its occupant and only braves perform the work (351.461773ms)
✔ training exit orders match original coastal correction and building precedence (9.235143ms)
✔ training admits five visible residents and places overflow on native rotated queue sockets (671.239236ms)
✔ queue cancellation retains successors and occupant departure reuses the first empty slot (136.179276ms)
✔ checkpoint reload preserves a full training hut and its waiting queue without loss (164.211986ms)
✔ funded training replaces a complete batch, releases references and walks warriors out (230.098217ms)
✔ a funded Temple trains a native model-4 preacher and sends it outside (120.275734ms)
✔ a funded Spy Training Hut trains an original model-5 Spy and sends it outside (155.153789ms)
✔ queue movement, admission, conversion and shared references are independent of render rate (828.718805ms)
✔ already-trained warriors accept training orders and yield queue priority to new braves (73.933921ms)
✔ training append preserves all70 pre-existing original models, including vehicles (15.934048ms)
✔ all original training types and owners resolve to actual meshes, not Blue substitutes (1.670047ms)
✔ the five recovered training variants retain original geometry, color tiles and all stages (5.640877ms)
✔ authored Mission16/17/22 training assets and identities survive checkpoint reconstruction (245.918229ms)
✔ the live building factory opts into original training selection without tint or gameplay changes (0.83907ms)
✔ camp human group command retains visible admission interpolation (510.34532ms)
✔ camp shared command-8 retains visible admission interpolation (337.129655ms)
✔ temple human group command retains visible admission interpolation (305.284438ms)
✔ temple shared command-8 retains visible admission interpolation (253.861958ms)
✔ spyHut human group command retains visible admission interpolation (314.03628ms)
✔ spyHut shared command-8 retains visible admission interpolation (472.251984ms)
✔ firewarriorHut human group command retains visible admission interpolation (338.071378ms)
✔ firewarriorHut shared command-8 retains visible admission interpolation (285.147741ms)
✔ hidden admission, exit, replacement and explicit placement remain discrete (67.841285ms)
✔ native training panels preserve slots, selection, palette, frames and turn-driven feedback (15.491935ms)
✔ wide charge arithmetic never runs backwards or exceeds its frame at maximum training mana (24.796893ms)
✔ shipped disguise completes aboard Boat, holds and accepts another command (109.539879ms)
✔ Balloon passenger idle entry holds without advancing or consuming orders (67.571921ms)
✔ shipped Balloon disguise configures its command position and completes aboard (41.355067ms)
✔ Balloon raw-coordinate startup wraps payload words and retains unported encodings (48.279853ms)
✔ pending Balloon disguise checkpoint retains command position and resumes once (39.289727ms)
✔ occupied state30 checkpoint resumes countdown without reinitializing motion or RNG (39.292982ms)
✔ ordinary disembark clears vehicle and state30 returns to orders for one visit (35.367088ms)
✔ replacement disguise interrupts pending and partially completed aboard commands (37.357207ms)
✔ fractional reference uses exact rectangle coverage at edges and corners (2.034163ms)
✔ adjacent glyph elements composite their shared fractional edge sequentially (0.283456ms)
✔ disabled opacity combines with coverage while transparent source pixels preserve background (0.357687ms)
✔ source crop and nearest sampling retain native pixels without atlas bleed (0.277055ms)
✔ pinned fixed8 coverage and integer interpolation explain the opaque edge without fitting (0.214602ms)
✔ single-pixel fixed8 rectangles and straight-alpha output retain their separate contracts (0.217637ms)
✔ tree growth and complete replant searches match native captures (24.380077ms)
✔ depleted timber replants after its full delay and grows on its own phase (2352.437234ms)
✔ burning depletion also queues one replant without reviving the old tree (100.85424ms)
✔ Tutorial advances through Shaman selection into the authored Obelisk flyby (997.866145ms)
✔ Tutorial restart recreates fresh script and view state (255.903242ms)
✔ overhead health gauges match native visibility, scaled-pose anchors and 24-pixel fills (1.253542ms)
✔ continuous positions follow captured native body/shadow interpolation (1.198188ms)
✔ every elapsed-time schedule reaches the same displayed position without changing simulation (602.283698ms)
✔ pause, endpoints, placement, entry, conversion and new people never replay stale movement (23.3438ms)
✔ Vault knowledge uses the original class-6/model-2 reward frames and socket (0.872479ms)
✔ Vault knowledge is present only while its authored reward source is active (0.154532ms)
✔ Mission 7 Vault knowledge uses occupied model-18 socket 1 placement (0.802274ms)
✔ original class4 mesh selection distinguishes geometry from tooltip IDs (1.755646ms)
✔ vehicle-only import preserves all68 existing model records (13.705684ms)
✔ authored campaign vehicles retain mesh identity across checkpoint reconstruction (182.674745ms)
✔ normal boarding, exit and destruction retain original mesh rather than changing gameplay state (29.801655ms)
✔ the normal Balloon Hut producer creates the original144 appearance (66.169311ms)
✔ the shipped vehicle factory consumes original models, with no custom hull/envelope (0.662424ms)
✔ original vehicle owner textures use adjacent source tiles and retain local UVs (10.939ms)
✔ Boat travel and exit keep registered passenger object-cell membership current (92.237717ms)
✔ Balloon travel and exit keep registered passenger object-cell membership current (84.59913ms)
✔ same-cell passenger sync preserves one linked membership and never allocates an unregistered person (31.20428ms)
✔ checkpoint clone retains passenger cell identity and wrapped exit reindexes without duplicates (36.60024ms)
✔ live vehicle damage keeps the native owner, special, signed and reset rules (64.798147ms)
✔ Blast reaches live vehicles and native destruction ejects passengers alive (74.178629ms)
✔ vehicle life and destruction survive checkpoint migration and reload (140.252922ms)
✔ success-bearing exit preserves existing public point API and real failure (146.41767ms)
✔ live panel selection only changes native selection flags and preserves unrelated selections/orders/RNG (117.163562ms)
✔ Boat and Balloon unload launch without teleporting, clear orders, and survive occupied/airborne checkpoints (120.894723ms)
✔ unload click rechecks speed, occupancy and terrain after rendered enabled state (50.73643ms)
✔ authored Mission22 Boat and Balloon unload retain launch until a living landing (99.059096ms)
✔ vehicle panel uses native kind9 geometry, disabled raw art and selection overlays (1.821604ms)
✔ raw disabled vehicle sprite alpha is85 while tail remains170 and normal art opaque (0.470256ms)
✔ vehicle selection keeps work on single, expands deselection, and Shift selects blocked mates (0.310596ms)
✔ passenger right-click has inspection semantics, while unload right-click is inert (0.160631ms)
✔ unload readiness refresh clears cached success at speed12 or failed terrain (0.418408ms)
✔ stale unload failure repeatedly clears only current driver orders, without teleporting anyone (0.26003ms)
✔ hover adds a native fill, never a false selected marker; pressed overlays palette130 (0.198538ms)
✔ horizontal viewport expansion preserves native depth and safe projection arithmetic (265.292366ms)
✔ intermediate display footprint fills the observed bird-view cut without changing native camera state (3.992984ms)
✔ added display cells cover safe front-branch projected samples across zoom, rotation and torus fractions (90.843844ms)
✔ display bounds texture and CPU visibility share the same derived rows without feeding camera state (12.973495ms)
✔ visible cells match original traversal at boundaries and wrapped camera centers (614.334747ms)
✔ Volcano replays its native terrain, emission and disruption lifecycle (6.012705ms)
✔ player and computer Volcano casts share the live controller and old saves migrate (207.38084ms)
✔ review bundle is independently readable from a non-overlapping local fixture (121.701164ms)
✔ review bundle rejects quoted secret fields and environment-secret files atomically (115.955513ms)
✔ decoded command-receipt stdout and stderr reject escaped secret JSON without exposing values (107.237983ms)
✔ double JSON-string wrappers in stdout and stderr reject secrets without echoing values (125.527302ms)
✔ benign nested JSON strings pass within depth and decoded-byte bounds (63.224886ms)
✔ decoded JSON recursion fails closed beyond depth or total decoded-byte bounds (137.448932ms)
✔ decoded JSON byte boundary accepts exactly the configured budget (163.987995ms)
✔ tracked deletion has an explicit expected deletion identity and rejects tamper or omission (284.965426ms)
✔ real-path canonicalization rejects source aliases and bundle outputs through source symlinks (99.249472ms)
✔ bundle verification is bound to caller-supplied identities and rejects traversal (72.59124ms)
✔ raw command receipts retain source head and complete stdout/stderr (168.867674ms)
✔ command receipts bind dirty source and explicit ignored inputs and invalidate drift (172.797593ms)
✔ receipt CLI preserves repeated input flags and rejects zero-exit input drift (642.852735ms)
✔ a killed foreground wrapper retains unknown state and raw output, never a pass (664.279473ms)
✔ retired status and binding commands are not exposed or coupled to verification (1.781825ms)
✔ live aggregate coverage includes every maintained workflow integrity suite (217.662099ms)
✔ native models 13 and 15 route only completed vehicle workshops into kind 6 (1.777448ms)
✔ Boat House kind-6 panel uses native 136x82 rows and hit targets (0.543335ms)
✔ Boat House work cells fill only at each complete native 100-work boundary (0.330596ms)
✔ Boat House reuses original dismantle and cancel control phases (0.19309ms)
✔ Balloon Hut kind-6 geometry derives 208x82 from native capacity and ten work cells (0.276325ms)
✔ Balloon Hut work cells fill only at each complete native 100-work boundary (0.227031ms)
✔ Balloon Hut reuses the original dismantle and cancel control phases (0.359419ms)
✔ followers cross the former crop and both world seams, then settle at every frame rate (4644.954973ms)
✔ direct attacks take the short route and engage across both world seams (140.12694ms)
✔ live heights and sprite grounding read native terrain outside the compatibility grid (88.492226ms)
✔ mixed picking follows captured native painter ownership and pixel edges (3.455377ms)
✔ live pointer eligibility uses the active record and recorded cell building (582.496937ms)
✔ ScenePicking re-resolves injected overlapping terrain candidates against the current painter command (276.679408ms)
✔ native selector body hierarchy retains all 25 worlds and first-three moons (1.748044ms)
✔ opening campaign availability reflects completion without hiding replay access (0.264467ms)
✔ native controller, particles, palette and ordered draw arguments: companion-seed1 (27.152219ms)
✔ native controller, particles, palette and ordered draw arguments: companion-seed12345678 (11.02557ms)
✔ native controller, particles, palette and ordered draw arguments: companion-initial-pause (12.17063ms)
✔ native controller, particles, palette and ordered draw arguments: companion-mid-pause (10.315395ms)
✔ native controller, particles, palette and ordered draw arguments: spell-3-visible (12.542807ms)
✔ native controller, particles, palette and ordered draw arguments: spell-3-offscreen (10.518439ms)
✔ native controller, particles, palette and ordered draw arguments: spell-4-visible (11.719202ms)
✔ native controller, particles, palette and ordered draw arguments: spell-4-offscreen (10.630877ms)
✔ native controller, particles, palette and ordered draw arguments: spell-12-visible (8.775558ms)
✔ native controller, particles, palette and ordered draw arguments: spell-12-offscreen (6.386546ms)
✔ native spell kinematics and pending transitions: model-3-visible (2.89784ms)
✔ native spell kinematics and pending transitions: model-4-visible (2.229656ms)
✔ native spell kinematics and pending transitions: model-12-visible (1.626952ms)
✔ native spell kinematics and pending transitions: offscreen-bit (2.146602ms)
✔ native singleton replacement and independent pulse: bridge-replaced-at-10 (10.907994ms)
✔ native singleton replacement and independent pulse: bridge-replaced-at-26 (10.423422ms)
✔ native singleton replacement and independent pulse: bridge-replaced-at-30 (11.868155ms)
✔ handoff geometry is an owned snapshot; rendering is read-only and draws the last pulse once (8.107129ms)
✔ structured-clone restores all particles, trails, pending phases, draws and independent pulse (144.495112ms)
✔ spell motion, arrival and retirement do not depend on intervening shared cosmetic consumers (3.815747ms)
✔ native before/after limiter selection owns activation, active and tail deadlines (0.837888ms)
✔ ordinary phase handoff, arrival and next-object payout keep elapsed deadlines across refresh schedules (456.792422ms)
✔ simultaneous authored M1 handoffs use native clone priority without reversing payouts (26.555523ms)
✔ missing geometry consumes one request while world countdown continues without replay (73.242995ms)
✔ arrival suppression and capped stock preserve ordinary payout ownership (108.672218ms)
✔ visible acquisition pause preserves original order without broadening land-bit pause (46.578349ms)
✔ checkpoint continuation retains controller, queue, clock and cosmetic state without initialization replay (102.532672ms)
✔ layout transforms move only draw output and retain raised-body/fallback anchors (0.610246ms)
✔ authored ordinary sources exclude the spell-valued Vault and other missions (2.134023ms)
✔ ordinary shrine completion persists provenance, recipient and creation order (170.300969ms)
✔ generic spell, mana and knowledge gifts do not inherit ordinary eligibility (24.397493ms)
✔ legacy head identity may recover eligibility but an existing gift cannot (29.397699ms)
✔ ordinary Stone Head completion creates the original six-visit acquisition VFX before stock delivery (176.820165ms)
✔ spell-head reward admission preserves native oriented cell ranges and active command eligibility (5.240432ms)
✔ head-group selection shares native occupant flag rules and imported panel heights match the original consumer (1.063647ms)
✔ proved worship modes use their original static models without changing other head families (4.647356ms)
✔ original worship model 8 is the reviewed bank-2 geometry (1.441715ms)
✔ original worship model 157 is the reviewed static Angel-head geometry (0.530506ms)
✔ legacy appearance migration recovers recursive authored modes and preserves existing families (193.79483ms)
✔ linked tutorial mode-3 Obelisk retains its authored mode and model (27.160761ms)
✔ Temple training uses the canonical shape doorway rather than crossing its footprint (95.064061ms)
✔ normal worship approach follows the same canonical stone-head heading as the rendered head (73.797608ms)
✔ legacy Mission22 worship appearance is derived from authored source identity without changing checkpoint state (145.101803ms)
✔ legacy linked mode3 head migrates recursively while root trigger and unrelated state stay byte-for-byte equivalent (29.356358ms)
✔ legacy non-mode3 and Vault heads recover mode without changing their presentation families (27.903646ms)
✔ authored worship lookup uses immutable source fields and agrees for Mission22 and linked tutorial head (55.016516ms)
✔ shipped store load migrates legacy Mission22 before real command-27 Brave admission (119.554874ms)
✔ automatic worship-panel activity is written only by a supported completed mode-0 sample (1.363036ms)
✔ automatic producer keeps unproven families out of the first shipped slice (0.233721ms)
✔ automatic retention reads the last player-specific sample rather than generic follower state (0.131998ms)
✔ automatic retention releases an inactive completed head even after a positive last sample (0.333701ms)
✔ worship panels preserve native progress, recharge, slots and artwork without clipping the second row (7.927139ms)
ℹ tests 1109
ℹ suites 0
ℹ pass 1109
ℹ fail 0
ℹ cancelled 0
ℹ skipped 0
ℹ todo 0
ℹ duration_ms 171492.123302

> populous-first-dawn@0.1.0 parity:check
> node scripts/parity.mjs check

Parity ledger, evidence paths, revision and generated report are consistent.

> populous-first-dawn@0.1.0 orchestration:check
> node scripts/orchestration/cli.mjs check

{
  "status": "passed",
  "checks": 130,
  "subsystems": 11,
  "generatedOwners": 6,
  "unmappedSourceCount": 149,
  "unmappedSources": [
    "app/ambient-sound.ts",
    "app/animation.ts",
    "app/audio-preferences.ts",
    "app/audio.ts",
    "app/blast-wave.ts",
    "app/building-clearing.ts",
    "app/building-damage.ts",
    "app/building-debris.ts",
    "app/building-dismantle.ts",
    "app/building-occupants.ts",
    "app/building-sinking.ts",
    "app/building-smoke.ts",
    "app/building-terrain.ts",
    "app/celebration.ts",
    "app/chatgpt-auth.ts",
    "app/combat-approach.ts",
    "app/combat-building.ts",
    "app/combat-order-search.ts",
    "app/combat-orders.ts",
    "app/combat-pursuit.ts",
    "app/combat-targets.ts",
    "app/command-context.ts",
    "app/construction-panel.ts",
    "app/convert-wild.ts",
    "app/drag-border.ts",
    "app/drag-overlay.ts",
    "app/earthquake.ts",
    "app/effect-motion.ts",
    "app/erosion.ts",
    "app/firestorm.ts",
    "app/flatten.ts",
    "app/footprints.ts",
    "app/fps-graph.ts",
    "app/globe-renderer.ts",
    "app/globe.ts",
    "app/ground-overlay.ts",
    "app/hud-charge.ts",
    "app/hud-font.ts",
    "app/hud-health.ts",
    "app/hud-mana.ts",
    "app/hud-population.ts",
    "app/hud-portrait.ts",
    "app/hud-selection.ts",
    "app/hut-birth.ts",
    "app/hut-occupancy-smoke.ts",
    "app/hut-smoke-runtime.ts",
    "app/hut-upgrade.ts",
    "app/indexed-search.ts",
    "app/land-bridge.ts",
    "app/layout.tsx",
    "app/level-one.ts",
    "app/level-three.ts",
    "app/level-two.ts",
    "app/live-resting.ts",
    "app/mana.ts",
    "app/melee-encounter.ts",
    "app/melee-engagement.ts",
    "app/melee-groups.ts",
    "app/melee-placement.ts",
    "app/melee.ts",
    "app/minimap-frame-view.tsx",
    "app/minimap-frame.ts",
    "app/minimap-renderer.ts",
    "app/minimap.ts",
    "app/model-faces.ts",
    "app/model-lighting.ts",
    "app/morph.ts",
    "app/music.ts",
    "app/native-math.ts",
    "app/original-bloodlust.json",
    "app/original-camera.json",
    "app/original-constants.json",
    "app/original-effects.json",
    "app/original-fire.json",
    "app/original-minimap-frame.json",
    "app/original-music.json",
    "app/original-pointer.json",
    "app/original-script-three.json",
    "app/original-script-two.json",
    "app/original-script.json",
    "app/original-search.json",
    "app/original-shapes.json",
    "app/original-sky.json",
    "app/original-skylens.json",
    "app/original-sound.json",
    "app/original-stone-heads.json",
    "app/original-tooltips.json",
    "app/painter-vertices.ts",
    "app/painter.ts",
    "app/path-geometry.ts",
    "app/path-search.ts",
    "app/path-solver.ts",
    "app/person-collision.ts",
    "app/person-idle.ts",
    "app/person-motion.ts",
    "app/person-panel.ts",
    "app/person-physics.ts",
    "app/person-route-recovery.ts",
    "app/person-state.ts",
    "app/preacher-conversion.ts",
    "app/projectile-motion.ts",
    "app/projection.ts",
    "app/resting-slots.ts",
    "app/scene-hud-runtime.ts",
    "app/scene-secondary-effects.ts",
    "app/scenery-fire.ts",
    "app/secondary-effects.ts",
    "app/selection-raster.ts",
    "app/shaman-death-vfx.ts",
    "app/sky-motion.ts",
    "app/sky.ts",
    "app/special-battle.ts",
    "app/spell-button.ts",
    "app/spell-halo.ts",
    "app/spell-trails.ts",
    "app/spell-visibility.ts",
    "app/sprite-layers.ts",
    "app/stone-head-149.ts",
    "app/stone-head-animation.ts",
    "app/stone-head-orientation.ts",
    "app/swamp.ts",
    "app/swarm.ts",
    "app/terrain-ambience.ts",
    "app/terrain-light.ts",
    "app/territory.ts",
    "app/tooltip-layout.ts",
    "app/tornado-runtime.ts",
    "app/tornado.ts",
    "app/training-conversion.ts",
    "app/training-hut-appearance.ts",
    "app/training.ts",
    "app/tree-growth.ts",
    "app/unit-health.ts",
    "app/vault-appearance.ts",
    "app/vehicle-appearance.ts",
    "app/vehicle-routing.ts",
    "app/volcano.ts",
    "app/water.ts",
    "app/workshop-panel.ts",
    "app/world-coordinates.ts",
    "app/world-initialization.ts",
    "app/world-selector-data.ts",
    "app/world-selector.module.css",
    "app/world-selector.tsx",
    "app/world-state.ts",
    "app/world-tasks.ts",
    "app/worship-appearance.ts",
    "app/worship-panel-activity.ts",
    "app/worship-panel.ts"
  ],
  "cacheRequired": false
}
