
> populous-first-dawn@0.1.0 check
> npm run typecheck && npm test && npm run parity:check && npm run orchestration:check


> populous-first-dawn@0.1.0 typecheck
> tsc --noEmit


> populous-first-dawn@0.1.0 test
> node --test tests/*.test.mjs

✔ live Mission3 adapters rotate an eligible Convert Wild producer behind training (118.705359ms)
✔ producer table preserves singleton priority, one stable pass, and signed counts (1.015165ms)
✔ producer capacity is checked before callbacks and after pre-table allocation (1.022305ms)
✔ checkpoint migration retains producer history and initializes each legacy AI independently (159.070188ms)
✔ authored early producer opportunities record native table attempts without changing later missions (1010.865752ms)
✔ Missions1/2 never enable type8 or idle type11/15 response follow-ups (276.94758ms)
✔ ordinary Missions1/2 allocate a real pre-table scan at their first producer opportunity (287.553519ms)
✔ normal first scans finish and repeat without a placeholder reservation (661.882844ms)
✔ ordinary Mission2 movement reaches a real response and resumes the scan checkpoint (420.97133ms)
✔ response allocation preserves native duplicate, disabled, cancellation and exhaustion gates (0.635993ms)
✔ early automatic training requires at least the native school capacity (269.087017ms)
✔ training capacity compares the native signed32-bit available total (1.384323ms)
✔ six followers share ground → area attack → ground orders, destroy the hut and regroup (422.159711ms)
✔ losing an acquired building rescans the area, fights a new person and retains the waypoint tail (273.538245ms)
✔ cancelling a reserved fight releases its reservation and the entire staged tail (105.13797ms)
✔ area targeting distinguishes an unbuilt plan from a partially constructed building (231.410412ms)
✔ arrival voices count approaching followers and fire once when they near the ordered area (413.439109ms)
✔ area approach, combat, arrival voices and queued destinations agree at 5–240 Hz and irregular rendering (1100.854165ms)
✔ pausing an unfinished music play preserves enabled sound and later resume (14.832746ms)
✔ late rejection from an older resume cannot cancel the newest playing request (2.952959ms)
✔ a superseded context resume does not submit an extra music play (5.271015ms)
✔ mute cancels pending playback without recreating the background timer (0.977749ms)
✔ dispose cancels pending playback without recreating the background timer (0.873815ms)
✔ the current playback failure still rejects rather than hiding a real media error (5.762758ms)
✔ current context errors propagate, while a disposed request cannot report a stale failure (0.68104ms)
✔ initial enable can finish while paused without turning the sound setting off (1.322611ms)
✔ enable reports cancellation when muted during its pending playback (0.645357ms)
✔ first visit and non-browser rendering keep the existing defaults without writing (2.545063ms)
✔ versioned zero/full volume restores without truthiness fallback or autoplay data (0.501223ms)
✔ malformed, unsupported and unsafe values fall back without overwriting the record (0.825774ms)
✔ only an explicit valid change writes the known preference fields and leaves other storage alone (0.365072ms)
✔ invalid programmatic values never persist or replace the last valid choice (0.893254ms)
✔ denied storage getter, reads and writes are safe session-only fallbacks (0.500783ms)
✔ restoring volumes does not create audio, enable playback, or change audio RNG/reset semantics (0.523115ms)
✔ authored origins survive initialization for all five currently live campaign bridge heads (629.198187ms)
✔ ordinary Mission 2 worship creates the authored crossing and every live terrain turn matches it (1127.604571ms)
✔ legacy migration recovers only missing immutable origins without replaying active terrain (509.801638ms)
✔ component checkpoint preserves authored birth caches when sampled terrain changes before the next visit (447.799651ms)
✔ pre-activation legacy save and mid-bridge checkpoint continue once at the authored origin (1134.055606ms)
✔ automatic Boat search filters native-ineligible vehicles and boarding shares the driver route (156.580792ms)
✔ music sections and ordinary ambient decisions match captured original execution (6.732591ms)
✔ percussion uses audio timestamps at low/high/irregular frame rates and skips stale starts (4.706328ms)
✔ Blast head reaches impact and native first/last wave visits launch enemies/allies (186.304887ms)
✔ Blast and follower presentation share elapsed time at low/high/irregular refresh rates (568.759957ms)
✔ projectile snapshots preserve pause, wrap and explicit placement without touching unrelated effects (44.26184ms)
✔ original Blast indexed visits, alliances, repeated impulses and damage gates (26.37411ms)
✔ live Blast delays allied launch, retains native flight height and restores commands after landing (216.26808ms)
✔ Blast and landing damage share original shields, protection, attacker and life wrapping (0.60723ms)
✔ wild followers land into their original state 8 without losing the unit (100.702367ms)
✔ a burning airborne follower keeps one panic clock and releases its native pose after landing (70.422835ms)
✔ Boat House launch matches native type-1 computer full ejection (131.857837ms)
✔ Boat House launch matches native type-2 human driver removal with retained occupants (68.538513ms)
✔ maintained checkpoint callsite waits for delayed false reads before reloading (6.939798ms)
✔ maintained checkpoint callsite rejects exhausted false reads without reloading (20.968236ms)
✔ maintained checkpoint callsite closes rejected reads without reloading (5.858816ms)
✔ rendered transport checker independently counts whole mixed-class craft (2.019775ms)
✔ rendered transport checker rejects partial, unrelated, duplicate and wrong-class groups (1.636507ms)
✔ transport pixel oracle retains real device scale and outward clip padding (0.604827ms)
✔ transport oracle preserves fractional scales and detects the old footer/hit failure (1.346547ms)
✔ readiness reads rebind after fresh page reload and on repeated calls (4.769651ms)
✔ readiness wait sequentially awaits false samples before accepting literal true (6.164359ms)
✔ a truthy non-boolean readiness field does not pass the wait (5.038249ms)
✔ read errors propagate and repeated unready samples time out without mutation (22.810213ms)
✔ maintained Mission 4 callsite awaits valid profile completion before continuing and reloading (14.723249ms)
✔ maintained Mission 4 callsite exhausts false reads without starting continuation (14.646314ms)
✔ maintained Mission 4 callsite accepts completion on the last read without a final pause (12.133348ms)
✔ maintained Mission 4 callsite rejects failed opens without starting continuation (1.722163ms)
✔ maintained Mission 4 callsite closes rejected reads without starting continuation (1.034414ms)
✔ maintained Mission 4 callsite closes a database when starting its read throws (1.724627ms)
✔ maintained Mission 4 callsite closes databases with a missing store and fails closed (5.386295ms)
✔ maintained Mission 4 callsite requires literal true before starting continuation (1.863388ms)
✔ building attack phases, entrances, damage and shake match native execution (44.460526ms)
✔ an entirely occupied world cancels special positioning instead of hanging (1.020503ms)
✔ live building assault enters, strikes, shakes and destroys via native damage accumulation (834.977039ms)
✔ occupied building ejects a defender and the same native command resumes after winning (147.706202ms)
✔ building attack mechanics and poses are independent of rendering cadence (1035.774804ms)
✔ attacker death releases immediately; target loss rescans the area before completing (185.645515ms)
✔ native defence gate and shaking retain counter cadence, signed lifetime and collapse RNG (2.892337ms)
✔ cancelling or killing an attacker during its defender encounter releases the retained order (242.10579ms)
✔ complete native scenery clearing, shared waits and ownership requests (217.676368ms)
✔ complete native people clearing, shared waits and ownership requests (106.55319ms)
✔ live clearers harvest on-site trees, carry and deposit logs, then move bystanders before allocation (896.215287ms)
✔ clearing pauses without advancing and cancellation releases its native animation and route (108.48869ms)
✔ clearing bushes starts the original fire and retreats before the site is allocated (116.157269ms)
✔ occupant restoration and facing match native captures, including seams and backwards facing (13.955581ms)
✔ live exits retain position and sprite ownership for every building orientation (2162.391856ms)
✔ command cancellation uses shared exit restoration without changing the route start (43.336068ms)
✔ timber hauling matches native phases, movement, reservations, transfers, poses and clocks (31.235419ms)
✔ native building origins, exact ground writes and plan height initialization (170.832859ms)
✔ live rotated foundations use native vertices and preserve surrounding terrain (627.710096ms)
✔ buildings retain distinct terrain handles after long effect-heavy games (42.933221ms)
✔ native descriptor data routes completed huts through kind 7 with resident capacities (0.899664ms)
✔ kind-7 hut rows place occupant and dismantle hit targets from native capacity (1.522868ms)
✔ training charge row keeps existing controls aligned after shared geometry extraction (0.197443ms)
✔ unbuilt plan priorities, validation, allocation and abandonment match native decisions (8.593791ms)
✔ leveling movement, animation, timers, terrain and sound match complete native task 8 (37.066764ms)
✔ live plans retain uneven ground, level visibly and wait for timber and crew clearance (2262.991298ms)
✔ a full shared order pool leaves a new plan unstaffed without leaking ownership (82.428998ms)
✔ simultaneous fetch deposits cap preparation work and preserve surplus timber (90.16152ms)
✔ unattended plans expire and redirected leveling workers release their sprite and route (287.591382ms)
✔ native preparation clears on-site timber before allocation without deleting its resource (215.983216ms)
✔ foundation settling, flooding and dock edges match original executable captures (57.673027ms)
✔ original wet-side tipping, drift, spin and sinking expiry retain complete native trajectories (152.909142ms)
✔ terrain collapse ejects before destruction, retaining its two-turn delay (0.474724ms)
✔ healthy buildings settle without entering repair; deformed and flooded buildings use distinct destruction (808.047998ms)
✔ complete native cell validity and exact placement feedback (74.130495ms)
✔ placement protects reincarnation stones without a living Shaman and reserves buildings (1170.422283ms)
✔ building activity matches native geometry, clocks, speed, facing and animation requests (56.681649ms)
✔ live builders reach work poses, animate, pause, cancel and finish without stale sprites (366.057725ms)
✔ crews leave finished huts in all four orientations before the plan releases them (2768.223745ms)
✔ player construction orders approach natively and deposit carried logs before fetching (1640.119547ms)
✔ builder admission and stale-slot pruning match complete native calls (9.608224ms)
✔ construction dispatch, repair clocks and departure gates match native plan calls (17.284183ms)
✔ scheduled burning plans panic only unlocked builders on building cells (132.808964ms)
✔ repair smoke footprint and terrain refresh match native cell traversal (2.697649ms)
✔ two live builders dispatch one hauler on the original sixteen-turn phase (369.35586ms)
✔ later construction haulers skip timber reserved by an earlier search (123.244485ms)
✔ timber reservations reopen, drain and release on native transitions (0.324621ms)
✔ live plan capacities, duplicate orders and replacement workers share registration (144.069577ms)
✔ zoom retains native preset bounds and the existing 18-step timer (1.451081ms)
✔ render previews do not mutate native state and meet every committed step across all resolution tables (59.52946ms)
✔ 30/60/120/144 Hz and irregular preview schedules retain duration and every owned native configuration (12.599338ms)
✔ conversion observation requires the native victim-owner and replacement flags without world mutation (1.923442ms)
✔ death, ordinary births, startup conversion flags and enemy preacher ownership are not credited (0.403518ms)
✔ observation resets at mission boundaries and does not infer events across unobserved turns (0.134319ms)
{"label":"fixture","ready":true,"turn":1,"status":"playing"}
{"checkpoint":"mission-2-start","level":3,"status":"won","turn":1,"population":{}}
{"checkpoint":"mission-2-won","level":3,"status":"won","turn":1,"population":{}}
{"checkpoint":"mission-2-result","level":3,"status":"won","turn":1,"population":{}}
{"checkpoint":"mission-3-continued","level":3,"status":"won","turn":1,"population":{}}
{"checkpoint":"mission-3-won","level":3,"status":"won","turn":1,"population":{}}
{"checkpoint":"mission-3-result","level":3,"status":"won","turn":1,"population":{}}
PASS: fixed-turn diagnostic wins Mission 2, continues, and wins Mission 3; not real-clock gameplay
✔ sandbox adapter retains every existing assertion, turn bound and campaign action (4.299128ms)
✔ changed or duplicated maintained checker scaffold fails closed before browser execution (2.547407ms)
✔ late final screenshot completion cannot mark an aborted campaign scenario passed (12.767738ms)
✔ actual native triangles supplement the historical fixed anchor scan (10.090639ms)
✔ geometry candidates cannot bypass foreign object or DOM overlay ownership (4.632167ms)
✔ normal zero-dt frame refresh resolves stale panels while retaining simulation slots and clock (1.629866ms)
✔ presentation refresh cannot conceal a simulation change (2.294933ms)
✔ presentation reservation exception cannot conceal secondary slot allocation (1.314269ms)
✔ stale pre-refresh reservations fail instead of being normalized by the checker (1.466825ms)
✔ presentation refresh cannot conceal changed world Map entries (6.573755ms)
✔ occluded shrine fallback uses bounded ordinary camera drags and strict target re-probes (0.232705ms)
✔ the shipped right-drag mapping rotates 512 native angle units without panning (74.021174ms)
✔ Mission 3 trains a bounded Preacher group and retains identified HUD-reachable Braves (0.237242ms)
✔ additive native Ctrl-five requires the ordinary cancel/deselect before reserving workers (1435.56516ms)
✔ missing checkpoint does not suppress independent campaign progress (79.90086ms)
✔ malformed checkpoint does not suppress independent campaign progress (63.569287ms)
✔ partially migratable checkpoint does not suppress independent campaign progress (38.890852ms)
✔ incompatible checkpoint does not suppress independent campaign progress (38.277669ms)
✔ current valid checkpoint still restores and loads (78.538498ms)
✔ legacy valid checkpoint still restores and loads (90.346424ms)
✔ malformed stored checkpoint preserves usable session checkpoint and merges completion (63.901257ms)
✔ storage read failure retains in-session progress and checkpoint (72.515398ms)
✔ camera release alone does not make the startup Shaman selectable; observation is read-only (433.79272ms)
✔ readiness still rejects absent actors, global input locks and paused play (223.784813ms)
✔ Continue readiness waits on real RAF before suspension with the existing timeout (1.232707ms)
✔ the production wait polls synchronous false until native selection readiness (3.699586ms)
✔ Mission 3 Swarm target observation is read-only and chooses an actually castable enemy (1179.239421ms)
✔ Mission 3 Swarm eligibility does not depend on distance to the vault or unit array order (943.155363ms)
✔ Mission 3 Swarm diagnostic refuses missing stock, blocked input, cooldown and invalid enemies (795.263621ms)
✔ checkpoint readback awaits false reads before the actual true result (9.454206ms)
✔ checkpoint readback fails closed after bounded asynchronous false results (0.800076ms)
✔ attack approach points and search pool state match complete native queries (111.570614ms)
✔ fight/person pursuit, housed entry, waiting and retries match native visits (18.547886ms)
✔ attack search, march records and automatic retargeting match native dispatch boundaries (18.668635ms)
✔ arrival voices and reservation release replay native thresholds and compacted-list visits (2.209536ms)
✔ original automatic commands preserve normal queues, share one reference-counted record and handle allocation exhaustion (62.435277ms)
✔ native scan dispatch preserves pending bits, suppression, specialist selection and consumer call counts (0.87044ms)
✔ ordinary combat entry reveals a completed Spy disguise (252.181333ms)
✔ live campaign scan suppression consumes pending alerts without changing person counters or sprites (110.576388ms)
✔ dead building attackers release queued shaman-guard duty (118.557479ms)
✔ fight motion initializes its retained sermon without a native owner (203.630329ms)
✔ coastal response targets come from the corrected native cell, including its newly exposed edge (94.653468ms)
✔ tower counterattacks ignore hostile people in water (160.405452ms)
✔ coastal area/dismantling order preparation matches full native calls and retains flags on identical commands (0.966052ms)
✔ live same-cell followers share one automatic command 21 and resume their queued destination (165.09209ms)
✔ an on-foot Firewarrior owns one automatic response per cooldown and yields to player movement (543.814012ms)
✔ an on-foot Firewarrior repeatedly launches at and damages a completed enemy building (98.791883ms)
✔ automatic combat restarts a retained direct tree harvest instead of harvesting during battle (158.517603ms)
✔ live automatic combat consumes a pending worship scan without replacing command 27 (128.769773ms)
✔ live automatic allocation failure preserves its source and queued order (62.438437ms)
✔ live automatic sharing leaves a nonmatching same-cell peer untouched (99.943401ms)
✔ live preacher response retains its sermon queue and resumes conversion (86.612406ms)
✔ preacher response allocation failure consumes the scan without changing its queue (96.423131ms)
✔ complete pursuit, target setup and attack-area gates match native fields, RNG and consumer ordering (15.922835ms)
✔ full-fight waiting positions and fallback RNG match original terrain and collision execution (39.64371ms)
✔ mixed target collection, native distance bands, fight admission and reservations replay executable captures (13.719888ms)
✔ live followers choose closer enemies, distribute reservations, then fall back to a saturated target (242.425011ms)
✔ live mixed scans detect enemy footprints and prefer an eligible person in the same distance band (173.428598ms)
✔ automatic squads share native area orders and target capacity independently of render frequency (658.001299ms)
✔ live target priority joins a fight ahead of a solitary enemy in its distance band (121.55637ms)
✔ nearby automatic building attacks keep their command-21 target between detection visits (133.7929ms)
✔ automatic contextual priority matches original single and mixed-class captures (1.979154ms)
✔ live ground context follows native registered cells through rotations and world seams (106.215167ms)
✔ ground beside a hut moves the group, while its occupied cell enters it (140.899726ms)
✔ an exact tree click harvests, seeks a timber plan and otherwise returns to rest (202.403837ms)
✔ a queued ordinary-tree harvest keeps its cargo and advances the existing waypoint (452.384549ms)
✔ input feedback matches native ground-cell centers and suppresses flashes over pointed objects (0.354926ms)
✔ object commands retain the chosen identity through overlaps and array reordering (185.636954ms)
✔ live target choice follows captured native ownership for both tribes (2408.992905ms)
✔ construction command matches native registration, fallback ownership and task handoffs (96.070057ms)
✔ construction panel matches native submissions and corrects the unlinked second-row height (32.770152ms)
✔ construction workers can be selected, reassigned to dismantle, cancelled and restarted (703.603469ms)
✔ construction icons select the active worker record and respect its native eligibility (39.647329ms)
✔ original priming consumes no elapsed progress; each frame stops before batch overshoot (1.661634ms)
✔ separate calls continue from the original previous timestamp without re-priming (0.232224ms)
✔ a promise is never accepted as a truthy readiness predicate (0.689051ms)
✔ frame and object-turn exhaustion fail without extending a goal (0.313014ms)
✔ an explicitly bounded coastal position attempt can return unmet without hiding its limit (0.161049ms)
✔ abort and Scene/World replacement are detected across browser-task yields (0.496346ms)
✔ normal speed, unpaused commands, positive finite deltas and wall bound stay mandatory (0.468264ms)
✔ original-frame failures propagate without another step (0.217112ms)
✔ unexpected automatic elapsed frames during a yield are rejected (0.267766ms)
✔ Convert Wild scans, converts, animates, and casts through player and computer paths (158.180869ms)
✔ deselection matches native command flags for every selection byte (1.948639ms)
✔ cancel targeting first; deselection preserves shared marching orders, routes, RNG and pause (378.724473ms)
✔ deselection reaches retained work representations once, leaves enemy ownership alone (98.100948ms)
✔ deselected groups retain identical mechanics and poses at 5–240 Hz and irregular frames (636.106893ms)
✔ training selection eligibility reads command flags, independently of motion turning flags (287.454969ms)
✔ dismantling reassigns residents and queued braves, recovers all timber and removes the building in four orientations (679.07277ms)
✔ cancelling dismantling stops existing workers; new orders can staff an empty dismantling building (158.556466ms)
✔ dismantling outcomes and timber remain independent of render frequency (714.848359ms)
✔ mixed groups queue movement, dismantling and movement without redirecting ineligible warriors (478.101488ms)
✔ queued building entry can become dismantling; cancellation skips work while retaining the destination (243.857652ms)
✔ dismantling queue replacement and death release references while non-braves keep their current orders (274.181785ms)
✔ automatic combat pauses shared dismantling and resumes its retained order (54.977245ms)
✔ automatic combat completion follows the native circular dismantling queue (83.77475ms)
✔ automatic combat allocation failure keeps dismantling state intact (73.068347ms)
✔ queued dismantling, timber and following movement agree at 5–240 Hz and irregular frames (793.548534ms)
✔ drag borders match original screen extrusion, texture coordinates and terrain crossings (28.980469ms)
✔ native area commands retain tower/training exclusions, current-order lookup and actual land membership (5072.161739ms)
✔ a real trainee remains drag-selectable on entry and becomes excluded only in the native interior phase (170.929549ms)
✔ fetching builders are selected at their active task-7 position (43.993562ms)
✔ world drag geometry matches captured native seams, camera bearings, clamps and degenerate drags (5.259648ms)
✔ live drag selection matches native flags and group voices without changing simulation ownership (649.577082ms)
✔ Mission 3 periodic raid preserves native mask, strict thresholds and arguments (2.163798ms)
✔ Mission 3 naturally grows both tribes and recruits the authored three-Brave raid (11246.5105ms)
✔ Earthquake matches the native initializer and central deformation phase (3.93906ms)
✔ Earthquake building scans preserve protected models, RNG and ejection-before-damage (0.403578ms)
✔ live Earthquake casts, damages and deforms independently of refresh rate (212.604764ms)
✔ Mission 1 counts authored primary effects before the opening (253.111332ms)
✔ Mission 1 keeps the allocation phase across pause, checkpoint and restart (445.541812ms)
✔ Mission 2 counts authored primary effects before the opening (40.540783ms)
✔ Mission 2 keeps the allocation phase across pause, checkpoint and restart (348.482814ms)
✔ Mission 3 counts authored primary effects before the opening (40.179357ms)
✔ Mission 3 keeps the allocation phase across pause, checkpoint and restart (411.279307ms)
✔ early-level effect phase remains fixed-turn owned across frame schedules (715.111685ms)
✔ prospective declaration binds the exact constructor return before immediate first processing (3.063491ms)
✔ wrong first target and second creation fail permanently without replacing or mutating controllers (2.725941ms)
✔ duplicate declarations invalidate the original instead of overwriting or rearming it (0.550977ms)
✔ late declarations cannot bind a preexisting controller; close is idempotent and never auto-rearms (0.158304ms)
✔ a constructor exception retains its identity and cannot bind a partial object (0.200347ms)
✔ constructor diagnostic binding failures never change the returned object or its immediate step (0.821989ms)
(node:529) ExperimentalWarning: stripTypeScriptTypes is an experimental feature and might change at any time
(Use `node --trace-warnings ...` to show where the warning was created)
✔ constructor output and wrapping match pinned original source with declaration disabled and enabled (4.780737ms)
✔ all 64 visits match pinned uninstrumented source with observation disabled and enabled (126.42498ms)
✔ actual application errors keep their identity, partial state, receiver and call count (8.254448ms)
✔ read copies and later game writes cannot change each other or historical capture (1.714532ms)
✔ active callback wrappers preserve their original return values (1.71339ms)
✔ copy failure and overflow invalidate evidence without skipping the original body (53.951135ms)
✔ after-copy diagnostic failure cannot replace an application exception (1.879346ms)
✔ a thrown empty string permanently invalidates capture while all original calls continue (1.672149ms)
✔ a thrown empty stringifier permanently invalidates capture while all original calls continue (6.370504ms)
✔ a thrown zero permanently invalidates capture while all original calls continue (1.527235ms)
✔ a thrown false permanently invalidates capture while all original calls continue (9.636276ms)
✔ a thrown null permanently invalidates capture while all original calls continue (1.31503ms)
✔ a thrown undefined permanently invalidates capture while all original calls continue (1.256453ms)
✔ an empty diagnostic throw cannot replace an application exception (8.120759ms)
✔ diagnostic append failure disables capture and still invokes the body once (12.098626ms)
✔ no observer or detached capture makes no diagnostic copy and invokes the body once (1.928248ms)
✔ capturing a live controller does not change any World field or completed turn (source fixture) (630.971608ms)
✔ scenario cleanup preserves the original thrown undefined value (2.97468ms)
✔ scenario cleanup preserves the original thrown null value (0.922207ms)
✔ scenario cleanup preserves the original thrown false value (0.268058ms)
✔ scenario cleanup preserves the original thrown 0 value (0.160318ms)
✔ scenario cleanup preserves the original thrown  value (0.31659ms)
✔ scenario cleanup preserves the original thrown Error: synthetic primary value (0.163963ms)
✔ startup-smoke uses the ordinary prefix and cleanup without capture or worship (2.757519ms)
✔ startup binding retries only real TimeoutError and retains diagnostics without repeating physical inputs (2.062979ms)
✔ startup binding propagates non-timeout and lookalike errors immediately with exact identity (1.163936ms)
✔ a binding success after the startup deadline is rejected before readiness or later work (0.702932ms)
✔ a preserving stop arriving during a successful bind rejects before later work (0.627861ms)
✔ Skip dispatches once without a navigation barrier and still waits for original-actor readiness (0.817182ms)
✔ Skip action errors retain identity and never cause a second physical click or readiness continuation (0.462786ms)
✔ real named-scenario CLI import reaches the missing-plan guard before browser/server setup (560.71148ms)
✔ combined corrected producer has identical full World state with capture disabled and enabled for all64 visits (1593.135701ms)
✔ lifecycle wrapper preserves original exception identity and exactly one callback (127.927639ms)
✔ the actual harness Vite launcher must resolve inside the pinned package closure (2370.241762ms)
✔ immutable compiler identity includes nested executable chunks and declared dependencies (2.602578ms)
✔ polling rejects stop or timeout arriving during an awaited ready predicate (0.429016ms)
✔ external launch plan rejects wrong source, compiler, dirty source, bounds and reused path shape (2.215565ms)
✔ all 64 captured calls with worst-case signed heights fit the 32MiB replay input bound (141.359712ms)
✔ original Mission 3 Shaman can plan to the unused Erosion head on a clone (172.499529ms)
✔ source correspondence accepts exact bytes or inline maps containing the pinned source (2.402888ms)
✔ module read covers all eight prescribed scripts using only observational CDP calls (6.076178ms)
✔ missing required module is rejected before a source read (3.321504ms)
✔ a required module parsed under another origin does not satisfy admission (5.557649ms)
✔ two script identities for one required module are rejected (3.238722ms)
✔ required modules from different execution contexts are rejected (1.763755ms)
✔ a stop arriving during an awaited source read prevents any result or next read (1.584439ms)
✔ dispose removes its parsed-event listener and detaches without removing other listeners (1.324463ms)
✔ authored Mission 3 activation runs the first native Erosion call immediately and only once (645.287692ms)
✔ multiple authored targets process in link order at activation and newest-first on later visits (69.925627ms)
✔ activation queues radius6 texture updates and notifies before allocating the next target (267.426833ms)
✔ repeated rewards get one initial visit each and exhausted rewards never allocate again (223.667623ms)
✔ live Erosion casting deforms terrain independently of refresh rate (616.787678ms)
✔ a newer Lightning consumes simulation RNG before Erosion (29.266223ms)
✔ original cleanup, center, terminal release/counters and recovery match native captures (11.069241ms)
✔ last opponent death ends the fight, credits its winner once and returns a survivor to commands (186.474507ms)
✔ live separation uses the squared eight-unit boundary (216.333916ms)
✔ a native interruption detaches its slot and protected survivors defer state recovery (55.491039ms)
✔ fight completion, recovery and RNG agree at 5–240 Hz and irregular frame schedules (363.217637ms)
✔ Firestorm emits its complete native 220-turn rain sequence (7.070143ms)
✔ live Firestorm composes fire, panic Blast and building ignition independently of refresh rate (648.973975ms)
✔ native Firewarrior resting source720 resolves its actual original frames (1.793259ms)
✔ Flatten follows the native 15-turn terrain and orbit lifecycle (3.989084ms)
✔ live Flatten casting is refresh-rate independent (1650.824665ms)
✔ persistent follower controls retain native descriptor order and class HFX ownership (1.482709ms)
✔ live own class totals enable controls independently of training knowledge or occupancy (79.958913ms)
✔ reading the follower strip does not mutate simulation or selection state (268.789414ms)
✔ shipped G task classification follows deferred native adoption without mutating HUD reads (318.662553ms)
✔ specific legacy work overrides dormant idle while real native disruption remains authoritative (89.398158ms)
✔ construction, pre-entry, actual entry and native idle routes use their own categories (78.935127ms)
✔ task selection preserves orders and RNG during a real movement command and propagates occupied groups (50.382746ms)
✔ live task count reads nearby camera coordinates without creating or registering people (46.83741ms)
✔ real boarding through a route owner overrides a dormant native person for Selected task propagation (59.560151ms)
✔ task classifier preserves every recovered native state and command category (3.188638ms)
✔ inside classification follows building category and the Preacher command exception (0.266716ms)
✔ global existence and nearby task counts are independent; selected overlays preserve native addition (1.118458ms)
✔ task selection ignores persistent-strip assignment priority and uses category nearest (0.501163ms)
✔ Selected row click/Shift deselect, Ctrl reselects nearest without changing its work or the group (0.512099ms)
✔ Total single/five can select the Shaman while Shift excludes it (0.35074ms)
✔ task focus filters category and cycles with the Shaman nearby exemption without mutation (0.326204ms)
✔ vehicle creation and frame cache use apparent tribe, including checkpoints and legacy fallback (258.832358ms)
✔ vehicle damage immunity follows apparent tribe while real-owner counts stay unchanged (72.080774ms)
✔ live Blast projects class4 apparent tribe without changing the real owner (114.333558ms)
✔ ordinary live boarding exposes class vehicle counts, all passengers and independent owner fields (214.657259ms)
✔ Spy boarding uses immediate target bits, later boarding rewrites owner and exit preserves apparent owner (36.404092ms)
✔ split owner and occupied selection survive checkpoint, legacy vehicles use real team fallback (45.09037ms)
✔ destroyed last vehicle keeps presence during its visible wreck and cannot select or focus (50.302167ms)
✔ shipped disguise command aboard publishes apparent ownership through completion and countdown (83.231617ms)
✔ legacy occupied checkpoint retains apparent fallback across voluntary unload (127.291689ms)
✔ first and later boarding, either exit and reuse preserve the native two-owner contract (595.669629ms)
✔ occupied class reads rebuild from current passengers rather than stale row totals (52.147483ms)
✔ transport presence uses real ownership and survives an empty count (1.920538ms)
✔ class filter acquires a vehicle and selects all eligible passengers; Ctrl counts vehicles (0.552909ms)
✔ driver command priority, matching-passenger distance and vehicle nearby boundary remain distinct (0.176792ms)
✔ native reverse vehicle-list focus cycles, variants reacquire, and selected/blocked occupants can focus (2.357324ms)
✔ footprint history matches native ring replacement and its per-cell pixel counts (726.806504ms)
✔ partial footprint shading equals a complete native-palette atlas rebuild (1591.990647ms)
✔ live walking footprints use the elapsed animation clock, including pause and disabled trails (355.102936ms)
✔ live turn preserves native tribe order, inactive skipping and next-turn formation admission (1711.82364ms)
✔ actual recruited groups wait a turn and then steer before member physics (93.682231ms)
✔ render cadence and idle production worship hooks cannot change gameplay, RNG or owned animation state (12945.040979ms)
✔ paused time stays paused; long active frames retain elapsed time (145.584917ms)
✔ campaign messages use the presentation clock and freeze while paused (289.222186ms)
✔ campaign pending auto-open waits for settled motion and consumes one oldest record per presentation visit (60.905425ms)
✔ scenery shade follows cell occupants through overlap, depletion and regrowth (133.716255ms)
✔ rotated building plans keep their anchor, entrance routes and orientation through construction (893.536144ms)
✔ Lightning ignites only its building footprint, then evacuates, damages and permits repair (594.500764ms)
✔ Lightning burns original scenery through smoke and cleanup without leaking fire state (156.839697ms)
✔ native impacts expire on exact turns and debris preserves the sprite allocation counter (123.194997ms)
✔ terrain rebuilds preserve queue precedence and initialize the original mission before sampling (28.46519ms)
✔ territory preserves native footprint asymmetry, overlap clearing and staggered recovery (2.03718ms)
✔ opening tooltips resolve mission cells and have an independent lifetime (44.177245ms)
✔ original level layout, native foundations, and the complete mission (4512.233557ms)
✔ housing, mana allocation, pause, drowning, and reincarnation (626.258328ms)
✔ ordinary land deaths keep the native corpse lifecycle (172.565732ms)
✔ native transformed compound bases stay on their ground pads (27.742119ms)
✔ native animation identity, casting interruption, gradual terrain and blast survival (347.742245ms)
✔ native economy uses fixed turns, population bands and real hut upgrades (1000.767169ms)
✔ lightning hits a native map cell and Blast leaves allied health intact (36.775221ms)
✔ native integer movement and combat exchanges preserve timing, retaliation and replay (499.692654ms)
✔ native fight slots form four-person groups and release on interruption (94.879164ms)
✔ native sound cues preserve sample identity, cast phases and simulation randomness (173.690439ms)
✔ native Lightning delays the upper flash and regenerates eight segments for three turns (42.748747ms)
✔ native spell allocation, discrete flight, RNG trails and delayed impact (555.854583ms)
✔ native terrain ridges, reflected diagonals, surface planes and boundary vertices (1.688033ms)
✔ original campaign setup disables only enemy reincarnation and retains deferred commands (288.30414ms)
✔ mission-one AI applies its native spell interval profile on the original phase (139.354079ms)
✔ mission-one closes its construction latch after the first Red hut (32.359976ms)
✔ campaign marker setup snapshots native entry state before live execution (76.994768ms)
✔ mission marker task sends one reserved brave to marker one (81.167775ms)
✔ mission-one ordinary marker guard patrols and answers nearby enemies (79.401907ms)
✔ campaign markers remove the bridge head on the native phase, independently of routing (118.228815ms)
✔ campaign counters track allocation and remaining head gifts through gameplay (135.591812ms)
✔ worship decays without followers and continues at full spell stock (149.680478ms)
✔ vault discovery follows worship, door, entry and exit tasks (232.00271ms)
✔ vault allocation preserves the current order when the shared pool is full (157.288998ms)
✔ original discovery messages follow script phases, persist and reset (94.673598ms)
✔ partial building queries consume their mode once and marker triggers bypass worship (29.301451ms)
✔ original opening runs before object turn 72 and its independent flyby clock can be interrupted (107.298209ms)
✔ native outcome phases honor campaign opponents, forced results and defeat recovery (366.655544ms)
✔ tribe gates suppress scripts and AI while object turns and eligible cooldowns keep their native phases (338.780261ms)
✔ emergency casting preserves queued work and preacher responses keep their own payment rules (79.250793ms)
✔ mission-one AI casting uses the live shaman state and cast-block flags (453.293629ms)
✔ live spell scans use population thresholds and building territory with delayed overlap recovery (44.023777ms)
✔ original campaign stops Dakini Blast casting after its second allocation (211.796528ms)
✔ campaign attack commitment follows living warrior counts on its original turn (253.965915ms)
✔ mission-one Dakini launches its native attack route when Blue enters marker three (154.818004ms)
✔ mission-one Dakini launches its later building attack when Blue overwhelms it (140.315954ms)
✔ mission-one Dakini pursues a fallback shaman by exact command target (31.97236ms)
✔ computer attack exhausts native scans and retreats below its surviving-member threshold (0.687289ms)
✔ computer attack pool exhaustion skips hostile dispatch and retires through native empty scans (66.2444ms)
✔ queued training keeps its selection lock until issuing the order and frees its slot after arrival (0.637425ms)
✔ mission-one red AI queues exact task 6 below one warrior and executes live training (109.281855ms)
✔ mission-one red AI does not reserve a second brave already committed to warrior training (31.7696ms)
✔ external game store publishes edits and restarts without sharing worlds between sessions (263.550354ms)
✔ mission-one victory continuation creates and restarts the recovered mission-two world (340.359574ms)
✔ mission-two Totem route reaches the Tornado guidance and use instruction (1628.922666ms)
✔ mission-two enemy marker orders nearby Matak defenders to counterattack (256.657246ms)
✔ game store checkpoints restore an isolated exact world snapshot (96.443642ms)
✔ computer recruitment preserves wrapped-distance ties and native command eligibility (0.794978ms)
✔ group orders share references and release their object only after the final follower leaves (0.821979ms)
✔ AI reservation enters native selection state and releases through the normal person initializer (1.026041ms)
✔ training order startup uses configured speed and preserves only a compatible building occupant (1.176975ms)
✔ native training queue yields to an untrained follower and releases its new head (0.940565ms)
✔ live followers reach rotated native doors before entering buildings (698.94943ms)
✔ building admission preserves native slot order, training activity and shared commands (1.891464ms)
✔ training replaces a whole batch, inherits the first occupant order tail and rolls back partial allocation (1.554054ms)
✔ live mana refunds wait for a pulse and computer training receives only the original first pass (34.273652ms)
✔ follower mana uses native preacher orders, registration and ghost flags before tribe scaling (56.901529ms)
✔ live spell reach follows terrain height and enemy casts require and spend native mana (87.062254ms)
✔ native casting lockout survives animation and computer usage recovers one charge at a time (107.236753ms)
✔ spell targeting preserves native cell allowances and wrapped coordinate seams (123.727321ms)
✔ native spell scans retain slots and Blast scoring avoids friendly concentrations (68.239698ms)
✔ defeat seeds native building collapse and staged damage ejects occupants before removal (68.918935ms)
✔ building display stages follow remaining work and retain separate complete meshes (30.246963ms)
✔ results preserve pending turns, collapse defeated settlements and reject new orders (394.589146ms)
✔ result camera crosses the world seam, releases input and retains native sky timing (4.457448ms)
✔ victory owns persistent native followers, drops cargo and pauses logical animation (105.065975ms)
✔ live blocked followers retain native detour steering and recovery timers (30.369083ms)
✔ live celebrants obey native walk masks and survive the legacy ground-height cutoff (37.817515ms)
✔ live completed-building footprints relocate and clear on removal (34.80517ms)
✔ live native cell order follows arrivals and removes dead records (58.492867ms)
✔ live cell insertion repairs a stale head left by a removed person (0.311902ms)
✔ dead vehicle passengers release their slots and driver position (39.939737ms)
✔ live native preparation consumes reroutes and completes slow turns and reactions (33.839479ms)
✔ interrupted victory followers resume through native orders and rejoin celebration (32.291473ms)
✔ native idle approach composes with shared state and original resting animation (24.731275ms)
✔ native resting ownership allocates distinct slots and compacts after a follower leaves (25.293028ms)
✔ native route reuse shares ownership and live celebration releases each follower (52.267899ms)
✔ native route construction retries expired failures and stores the original bounded path (28.401316ms)
✔ native path search packs a trimmed route and preserves distinct vehicle retry flags (51.487692ms)
✔ native wrapped route smoothing respects blocked steps and measures retained segments (59.594542ms)
✔ native obstacle solving builds a world-seam detour and rejects a blocked destination (108.34113ms)
✔ native planned routes use the recovered solver and advance shared followers to their goal (34.663225ms)
✔ native boarding checks the first boat and landing requests reserve distinct original search cells (1.192458ms)
✔ live native routes release query ownership, expire failures and walk low shoreline (108.300849ms)
✔ live followers share routes, advance before exact arrival and release every owner (84.8976ms)
✔ hut families are selected once, shared with shapes and retained through upgrades (41.105851ms)
✔ mission-one low population response assigns and releases persistent shaman escorts (109.543283ms)
✔ shaman escort uses native pursuit cadence and strict boundaries (0.742691ms)
✔ Mission 5 Boat worship emits its original one-shot tutorial (286.679482ms)
✔ Mission 5 grants, boards, sails, lands and checkpoints its original Boat (319.961422ms)
✔ Ghost Army casts, spawns native ghosts, accepts orders, vanishes in combat, and follows AI (285.040695ms)
✔ world-view terrain matches captured native mesh order, projection and lighting (218.206992ms)
✔ overview drag/release matches native snapshots and every star-parallax step (2.907681ms)
✔ overview morph timing matches the original complete lifetime snapshots (1.038399ms)
✔ Ctrl starts followers immediately, appends shared waypoints and ordinary click ends the sequence (427.365753ms)
✔ eighth Ctrl click and Alt final click deselect without cancelling issued orders; right-click ends staging (192.267625ms)
✔ queued ground movement preserves every turn, RNG, poses and footprints at 5–240 Hz and irregular frames (1421.482407ms)
✔ continued queue allocation failure retains issued orders, and an ordinary replacement releases them (107.075715ms)
✔ an enemy-person order waits behind a waypoint and advances when its target becomes unavailable (469.713557ms)
✔ ground waypoint handoff uses each playable class default initializer (449.792391ms)
✔ ordinary person turns apply native follower and Shaman healing without reviving excluded units (124.850927ms)
✔ live health adapter preserves airborne/state exclusions and combat status flags (46.190249ms)
✔ each original healing model receives exactly one recovered increment on the eighth turn (118.7886ms)
✔ a follower injured by the shipped missing-building release path later heals on an ordinary turn (31.187247ms)
✔ healing follows simulation turns across speed, refresh cadence, irregular frames and pause (860.338504ms)
✔ checkpoint migration preserves the next native healing turn (46.00115ms)
✔ building admission clocks match captured native blocks (4.504458ms)
✔ followers visibly cross the native interior threshold before housing consumes their command (1323.176214ms)
✔ simultaneous arrivals respect hut capacity and cancellation releases the scoped animation and route (229.60097ms)
✔ hut slots remain authoritative through a departure, replacement and birth turn (85.539372ms)
✔ fire interrupts entry without retaining its walking sprites or command record (76.446315ms)
✔ staged entry positions, RNG, admission and sprite clocks are independent of rendered frame rate (447.658336ms)
✔ entry re-plans interrupted steering and releases its source when the hut becomes unavailable (96.534388ms)
✔ scaled native panel and bottom-row digits remain above the modern footer (1.466354ms)
✔ HUD keeps preferred manual sizes and the original nominal auto steps when they fit (0.217322ms)
✔ HUD extraction retains the page client-component directive (1.078479ms)
✔ HUD selection and focus match captured original commands without changing other person fields (14.201344ms)
✔ HUD controls add followers without stealing simulation ownership or replacing marching orders (176.438001ms)
✔ building menu waits through delayed false images before continuing (11.780434ms)
✔ building menu exhausts its existing 30000 ms scope without continuing (160.406861ms)
✔ building menu propagates failed texture acquisition without retrying (2.024151ms)
✔ building hover Mission 1 waits through delayed false images before continuing (3.670061ms)
✔ building hover Mission 1 exhausts its existing 30000 ms scope without continuing (175.387229ms)
✔ building hover Mission 1 propagates failed texture acquisition without retrying (1.90219ms)
✔ building hover Mission 2 waits through delayed false images before continuing (2.950544ms)
✔ building hover Mission 2 exhausts its existing 30000 ms scope without continuing (199.53294ms)
✔ building hover Mission 2 propagates failed texture acquisition without retrying (1.9832ms)
✔ worship Tutorial waits through delayed false images before continuing (3.654237ms)
✔ worship Tutorial exhausts its existing 30000 ms scope without continuing (346.078504ms)
✔ worship Tutorial propagates failed texture acquisition without retrying (1.955909ms)
✔ worship Mission 1 waits through delayed false images before continuing (3.533218ms)
✔ worship Mission 1 exhausts its existing 20000 ms scope without continuing (112.292248ms)
✔ worship Mission 1 propagates failed texture acquisition without retrying (2.129106ms)
✔ repeated helper calls acquire the replacement document image (3.177821ms)
✔ only literal true permits readiness, never a truthy observation value (0.607872ms)
✔ late true is rejected after the awaited read settles, without another observation (2.142246ms)
✔ the last pause fits the deadline and no read starts after it (3.220745ms)
✔ invalid wait bounds fail before reading (0.567462ms)
✔ shaman health fill follows native integer bounds and absent/overfull cases (3.032456ms)
✔ HUD atlas metadata matches the PNG and contains every imported sprite (2.568759ms)
✔ portrait backgrounds and shadow-free directional layers match native captures (2.824988ms)
✔ tooltip bitmap placement and wrapping match the original desktop controller (66.536043ms)
✔ mana production stripes follow native rates, warning bands and controller modes (8.169161ms)
✔ live mana estimation uses the simulation clock and follows charging toggles (183.474739ms)
✔ follower counts, icon placement and housing fill match native HUD controllers (6.459727ms)
✔ population readouts exclude dead followers and reserve the shaman allowance (44.249612ms)
✔ hut birth clocks and destinations match captured original calls (2.463422ms)
✔ live newborns leave the hut and keep native birth feedback and gates (123.36859ms)
✔ hut smoke uses descriptor attachment slots, independently of resident capacity (6.622128ms)
✔ hut occupancy producer samples real occupancy every 32 building turns (0.43878ms)
✔ partial root uses the native 16-visit visible lifetime and restart draw (0.309639ms)
✔ full root is persistent and does not invent the unresolved child-puff phase (0.400194ms)
✔ all supported residential hut capacities switch partial to full at their native capacity (0.295809ms)
✔ visual frames stay on the recovered 16-frame sequences (0.196742ms)
✔ immediate occupancy events preserve capacity, phase and same-mode root identity (1.180941ms)
✔ drain elapsed old-root visits before an off-phase event without backdating the new root (1.202543ms)
✔ listeners are transient, identity-scoped and released through material disposal (0.58623ms)
✔ multiple presentation consumers unsubscribe independently without resetting each other (0.186867ms)
✔ live command8 owner publishes authoritative entry/removal for Hut level 1 (268.295415ms)
✔ live command8 owner publishes authoritative entry/removal for Hut level 2 (209.015409ms)
✔ live command8 owner publishes authoritative entry/removal for Hut level 3 (109.332831ms)
✔ ordinary Mission2 admission includes the new smoke root in that turn’s effect visit (5677.365748ms)
✔ pre-building occupancy removal receives one first visit, including counter wrap (230.959421ms)
✔ out-of-turn allocation survives pause; commands while paused remain rejected (348.55348ms)
✔ new-root completion is identity-scoped and one-shot for same-turn transitions (0.224422ms)
✔ batched turns and repeated rendering preserve the native first lifetime (178.934213ms)
✔ turn completion callbacks are clock-specific and are discarded on a failed turn (28.302298ms)
✔ hut maturity and cell timber match captured original calls (2.596199ms)
✔ residents fetch and stage timber before their hut upgrades (663.882257ms)
✔ Hypnotise uses the native footprint, temporary ownership, expiry, and AI target path (446.663368ms)
✔ Invisibility marks the native six, does not refresh, and reveals on time or combat (214.416525ms)
✔ player and computer casts share Invisibility application and old saves migrate (211.446854ms)
✔ complete Land Bridge lifetimes match native terrain, ordered trails and notifications (627.262987ms)
✔ live bridge terrain and particle cleanup are identical across refresh rates and stalls (3387.444514ms)
✔ ordinary Mission1–3 startup uses native terrain, authored gates and real conversion (741.596329ms)
✔ native opening excludes Shaman selection, without inventing a casting restriction (120.682697ms)
✔ checkpoint restore resumes every opening stage without replaying terrain/conversion (2390.75516ms)
✔ restart gets one fresh sequence; repeated flyby skip does not replay it (679.748517ms)
✔ only carrier-created stones are obstacles, while legacy sites keep their reservations (148.186103ms)
✔ opening wave, conversion and stone cues preload their existing original samples (21.327558ms)
✔ permitted opening casts enter native state22 and resume command18 without a stuck controller (1832.726122ms)
✔ fresh-load camera follows native cell-edge/center snapping and angle retention (0.481895ms)
✔ the command18 completion turn owns exactly one native person visit (460.004962ms)
✔ permitted state22 interruption and completion retain one counter increment per turn (381.88128ms)
✔ replacement player orders cancel startup before its counter write (158.87425ms)
✔ only the linked neutral startup conversion flash follows its replacement Brave (167.872669ms)
✔ a missing converted Brave does not retarget its flash or shorten the native expiry (118.333716ms)
✔ an invalidated command18 is consumed by the ordinary queue without completing the site (73.24566ms)
✔ original Lightning target gates, inclusive cap, attacker and electrocution phases (4.719197ms)
✔ live Lightning retains victims, displays native shock sprites, scatters survivors and cleans up (211.51758ms)
✔ Lightning outcomes and turn-by-turn poses are independent of rendering cadence (397.720618ms)
✔ live marching uses shared commands, original poses, separate slots and releases interruption/death/arrival ownership (539.456699ms)
✔ marching and resting preserve mechanics, footprints and sprite frames at 5–240 Hz and irregular frames (1059.420874ms)
✔ exhausted command pool preserves the previous movement and group ownership (166.867815ms)
✔ panic retains the real movement command and resumes its route after recovery (100.109857ms)
✔ obstacle recovery replans the owned group order and settles identically at 5–240 Hz (1815.242982ms)
✔ shared ground motion advances a retained route once before any state controller (126.000542ms)
✔ native432260 empty current slot returns before building live order context (34.297729ms)
✔ live worship shares an order, occupies exact slots, prays, earns gifts and releases interrupted/dead members (381.551042ms)
✔ live head rewards, displayed standing roster and group selection retain their distinct native rules (262.564955ms)
✔ worship motion, prayer frames, pose RNG and rewards are identical at 5–240 Hz and irregular frames (1002.534083ms)
✔ an unreachable head preserves the existing command without entering an unported retry state (79.253127ms)
✔ Ctrl waypoints finish at a stone head without replacing the current route or person (132.970996ms)
✔ training replacements inherit a queued stone-head order and perform the original prayer (135.873929ms)
✔ queued worship preserves turns, poses, RNG and rewards at 5–240 Hz and irregular frames (869.974126ms)
✔ local launch preserves sandbox and removes all unsafe Playwright defaults (2.039444ms)
✔ CLI accepts separate game root, owned output, browser and bounded settings (0.385331ms)
✔ CLI rejects unknown flags, missing values and unbounded inputs (0.196682ms)
✔ harness preserves the exact side-effect-free source fingerprint export (0.159126ms)
✔ source fingerprint catches dirty tracked and untracked byte drift with unchanged porcelain (162.784445ms)
✔ active scenario completing during timeout diagnostics cannot turn failure into pass (105.637803ms)
✔ active scenario completing during interrupt diagnostics cannot turn failure into pass (5.523309ms)
✔ ordinary native constructors restore the logical gate without adding interpolation behavior (120.019194ms)
✔ native person and Splash frames wait for logical visits while clear-bit effects keep 24 Hz (86.004951ms)
✔ each catch-up turn observes the prior frame before one post-observer logical advance (67.970549ms)
✔ ordinary owner aliases and a post-turn handoff never advance twice (191.093354ms)
✔ state0 and removed gated sources do not fall through to presentation advancement (80.505663ms)
✔ pause, land pause and speed changes preserve owned logical animation visits (39.955746ms)
✔ legacy save aliases gain the gate without resetting frames or replaying on a new Scene clock (74.661339ms)
✔ a Splash allocated after processing gets one animation visit but no invented lifetime visit (199.343431ms)
✔ morph transitions keep one presentation owner even on coincident logical boundaries (100.829173ms)
✔ Firewarrior descriptor holds are measured in eligible logical visits (46.703455ms)
✔ post-turn source replacement visits only the active record, including at turn wrap (40.261339ms)
✔ direct simulation ticks and presentation calls do not manufacture logical visits (67.681891ms)
✔ marching geometry, recruitment, cleanup, speed and poses replay complete original calls (36.489828ms)
✔ native movement completion preserves payload, seam and vehicle boundaries and four-turn cadence (3.84461ms)
✔ marching cleanup tolerates a member whose native record was already released (1.453044ms)
✔ outdoor and building encounter calls match captured original fields, timing, RNG and sound (19.27728ms)
✔ all playable encounter pairs show the opening strike, physical stagger and defender-centered fight (831.715235ms)
✔ encounters and their animations stay deterministic across render schedules (392.933482ms)
✔ the native skip-intro flag and player cancellation do not leave stuck encounters (75.166867ms)
✔ an encounter releases cleanly when an airborne participant returns to ordinary motion (37.496751ms)
✔ live fights refresh the first native player alert each object turn (138.433193ms)
✔ simulation owns quiet, attack and battle music activity across pause and cancellation (41.730497ms)
✔ native fight admission, replacement and splitting retain original slots, flags and RNG (121.052375ms)
✔ stronger reinforcements replace the first weaker ally and preserve a three-person tribe limit (190.230776ms)
✔ two-sided reinforcements split the last fighter of each tribe into a new live fight (119.052489ms)
✔ reinforced group motion and combat remain identical at every render cadence (450.851959ms)
✔ center changes preserve original membership slots for subsequent splits (33.9486ms)
✔ pursuit refresh uses the original inclusive axis threshold and signed coordinates (1.123847ms)
✔ live pursuit updates before reaching the old destination and reuses unchanged routes (462.282721ms)
✔ automatic engagement uses equal tribe ranges, whole cells and original scan cadence (61.974276ms)
✔ native inhibition and pending scans apply without giving idle shamans automatic attacks (34.037983ms)
✔ live move orders cross nearby enemies without the old distance interruption (43.97176ms)
✔ idle followers of either tribe pursue detected enemies at every render cadence (774.742772ms)
✔ group attacks hit busy opponents without restarting their action or facing (7433.912406ms)
✔ Magical Shield does not block native mode-one melee damage (62.787275ms)
✔ opportunistic reach is measured from the opponent slot with an exclusive 360-unit boundary (391.323625ms)
✔ group combat stays deterministic across render schedules and yields to player orders (402.455148ms)
✔ knockback waits for terrain physics to settle and preserves cell ownership (107.341719ms)
✔ hits during knockback survive physics and player orders do not teleport the person (50.107017ms)
✔ sliding recoil, native animation and recovery are independent of render cadence (378.391814ms)
✔ shamans and the native game flag suppress ordinary attack knockback (276.975299ms)
✔ fight sites use the native 32-turn search and retain groups when no site is available (32.462908ms)
✔ fight sites leave original building footprints even between periodic search visits (68.70622ms)
✔ sequential fight searches avoid other fight centers and release exhausted searches (0.892664ms)
✔ live groups relocate sequentially without sharing another fight center (34.213814ms)
✔ native approach reaches its slot from every direction and waits one turn to chase a moved slot (315.7915ms)
✔ approach uses native cell collision and preserves the person across attack, recoil and new orders (42.671242ms)
✔ approach, native animation and subsequent combat stay identical across frame rates (278.433525ms)
✔ native descriptor threshold chooses exact small and large corner dimensions (1.581945ms)
✔ 1x frame overlaps native corners in a 100x96 rectangle, bottom corners last (4.551027ms)
✔ 2x and partial tiles retain exact 1:1 corner/edge pixels and a transparent center (31.015582ms)
✔ frame is a separate overlay and does not change terrain, markers or click ownership (2.400839ms)
✔ minimap pixels, camera wrapping, rotated UVs and markers match native captures (143.035718ms)
✔ Mission 10 runs its first Totem deadline and second Totem Erosion sequence (15570.562959ms)
✔ Mission 11 opens with both enemy tribes and four original knowledge sites (203.105554ms)
✔ Mission 11 opponents build their first settlement and scripted BUILD_AT tower on native cadence (8114.805872ms)
✔ Mission 12 opens with all three enemy tribes and original knowledge (84.734173ms)
✔ Mission 12 starts its original turn-7 flyby once (122.879144ms)
✔ Mission 12 opponents request their first Guard Towers on native cadence (324.126783ms)
✔ Mission 12 opening remains deterministic through checkpoint migration (924.00476ms)
✔ Mission 13 opens with both enemy tribes and original knowledge (101.674037ms)
✔ Mission 13 starts its original Yellow turn-6 flyby once (116.408627ms)
✔ Mission 13 Balloon Hut knowledge is visible before construction (178.186402ms)
✔ Mission 13 Land Bridge uses native surface categories at low shore (27.980076ms)
✔ Mission 13 Balloon Hut repeatedly produces occupied airborne transport (510.565151ms)
✔ Mission 13 opening remains deterministic through checkpoint migration (841.420972ms)
✔ Mission 14 delivers both linked gifts and a castable Angel through shipped paths (832.431485ms)
✔ Mission 15 ordinary Prison attack frees the captive and cancels the timer (334.885166ms)
✔ Mission 15 timer expiry locks input and kills the captive with enemy Lightning (153.149913ms)
✔ Mission 15 expiry stays latched if the Prison falls before Lightning lands (152.175869ms)
✔ Mission 15 captive Lightning branch requires an enemy caster, not the Prison cell (215.96837ms)
✔ Mission 16 worship grants Bloodlust and live combat consumes its status (732.899794ms)
✔ old checkpoints default Bloodlust stock without disturbing their world (85.203389ms)
✔ Mission 17 grants Armageddon and stages the native arena through the live cast path (1350.96947ms)
✔ Armageddon uses generic victory and defeat outcomes and restores control (1188.494332ms)
✔ Mission 18 loads its authored tribes and grants Armageddon and both Volcano rewards (4134.957024ms)
✔ Mission 18 starts its authored Red marker patrol through normal AI orders (163.62424ms)
✔ Mission 18 Armageddon restores its arena checkpoint and reaches both result directions (3837.236764ms)
✔ Mission 19 loads its authored objective and grants all three worship rewards (1318.673697ms)
✔ Mission 19 Teleport spends only accepted stock and resumes identically from a checkpoint (347.653422ms)
✔ Mission 19 warns once and gives Chumara loss priority over Dakini defeat (770.558498ms)
✔ Mission 2 naturally earns Matak kills and launches the organized raid (3683.371536ms)
✔ Mission 2 checkpoints retain kill ownership from the old red slot (61.749336ms)
✔ Mission 2 camp targeting takes the first model match without RNG (34.153695ms)
✔ Mission 2 producer matches native base, loss, capacity and resource boundary cases (511.614036ms)
✔ Mission 2 naturally establishes a new home Tower base and preserves phase3 checkpoint continuation (1656.357877ms)
✔ Mission 2 rebuilds after a real player army destroys both Towers, retaining its first construction base (10856.635704ms)
✔ Mission 2 explicitly trains replacement Warriors after natural combat despite zero producer preferences (8128.699875ms)
✔ Mission 20 loads its authored opening and four-stage linked chain (160.562822ms)
✔ Mission 20 worship consumes each head once and restores the live chain (3243.06423ms)
✔ Mission 21 loads its authored opening and first fault state (124.294983ms)
✔ Mission 21 converts worshippers and seals the first fault across a checkpoint (5841.778701ms)
✔ Mission 21 checkpoints one unsealed first-fault eruption without replay (4134.95524ms)
✔ Mission 22 opens with its solo Shaman, native heads, tribes and transport (92.645922ms)
✔ Mission 22 mode-3 head rejects an injected Brave supporting fixture (205.639529ms)
✔ Mission 22 nearby head is a one-shot presentation with no gameplay reward (335.25358ms)
✔ Mission 22 southern head delivers its delayed 600,000 mana gift after real worship (9919.524968ms)
✔ Mission 22 Shaman can steal, checkpoint and sail the authored enemy Boat (2435.117036ms)
✔ Mission 22 Shaman can claim the authored Balloon and complete the northern mana route (10867.010341ms)
✔ Mission 23 loads its authored tribes, Wildmen and worship chain (95.196444ms)
✔ Mission 23 enemy tribes grow their native settlements and populations (17925.853808ms)
✔ Mission 23 unlocks and repeats the native zero-mana gift through ordinary worship (1301.691884ms)
✔ Convert Wild allocation gates state and duplicates without cancelling existing work (2.009219ms)
✔ Convert Wild target retains density, wrap, tie, inclusive radius and list-centroid rules (0.638426ms)
✔ Convert Wild standability preserves initial target and tries only the first24 spiral positions (0.831122ms)
✔ Mission3 active type2 advances after allocation state is switched off (79.988722ms)
✔ type2 timeout clears motion before a blocked state transition and then frees the task (71.094501ms)
✔ type2 reads the active fight person even when its attack animation has no presentation source (42.893512ms)
✔ Convert Wild region lookup normalizes signed browser-native positions to unsigned words (0.172166ms)
✔ type2 casting preserves the real person flags2 readiness gate (29.060263ms)
✔ explicit flight person receives the allocation-safe return order without restarting its state (21.924223ms)
✔ explicit flight return preserves the complete world on order allocation exhaustion (29.92804ms)
✔ cast-ready flight-owned Shaman receives the type2 post-cast return on the same person (23.340243ms)
✔ type2 range reads actual signed person height rather than terrain beneath it (22.992147ms)
ℹ {"terrainHeight":146,"personHeight":896,"terrainRange":14,"personRange":24}
✔ Mission3 Chumara moves, spends its original shot and mana, then stops allocating at the population cutoff (1604.541148ms)
✔ Mission3 keeps idle follow-ups and area-summary automatic training unreachable (103.524809ms)
✔ ordinary Mission3 allocates a real pre-table response before ordinary production (387.162067ms)
✔ defense allocation preserves native caps, immediate empty-area cleanup and recycled scratch (0.627561ms)
✔ active defense suppression uses strict squared26 and wrapped cell distance (0.165766ms)
✔ native defense no-force fallback is a finite seven-visit lifecycle (4.697414ms)
✔ defense cleanup clears only matching assignment and native flag bits while preserving another lock (108.979925ms)
✔ lost early defense targets are invalidated before a different task dispatch (75.763772ms)
✔ defense Blast uses signed active-person height for native and flight-owned Shamans (204.217448ms)
✔ defense Blast reads active native, flight and non-presented fight positions in both range directions (179.317172ms)
✔ defense target collection preserves category caps, rejection rules and the omitted last spiral cell (0.874697ms)
✔ ordinary Mission3 intrusion produces a real type8 fallback, cleanup, repeat and checkpoint continuation (1273.444518ms)
✔ ordinary Temple acquisition and Preacher intrusion recruit a real Chumara defender with orders and movement (2851.394847ms)
✔ Mission 3 naturally trains a Blue Preacher, converts an authored Brave and resumes its mid-conversion checkpoint (4082.722628ms)
✔ a real movement command cancels the naturally acquired Blue sermon without converting its listener (2529.861339ms)
✔ natural Mission 3 conversion follows elapsed game time across display schedules (5204.340505ms)
✔ Mission 3 opens through original Chumara, Swarm, Temple and Erosion paths (2615.078393ms)
✔ single Preacher selector preserves native first-near/band order and strict distance boundaries (2.833329ms)
✔ single-person strict19 boundary, wrap, mode0 and invalid mode match native cases (0.530356ms)
✔ type11 waits for selection ownership and cancellation safely releases state14 and slot (113.090537ms)
✔ duplicate raw payload and failed allocator preserve native selection side effects (68.565384ms)
✔ Preacher allocator preserves native five-slot/state/signed-count boundaries (0.546831ms)
✔ 1103 replacement preserves all person/order state on allocation exhaustion (39.549528ms)
✔ natural Chumara training reaches marker3 Preacher task, checkpoint phases and movement (2929.824572ms)
✔ complete128-turn block preserves strict gates, command ordering and message lifetime (1.796404ms)
✔ 1103 retargets only active order30 in native state10/33 without restarting state (284.30859ms)
✔ cancelled blocked-state Preacher resets motion before the native state gate (37.787411ms)
✔ Mission 3 warns once when a naturally trained Chumara Preacher starts converting a Blue Brave (6139.469482ms)
✔ Mission 3 starts its original recurring-script flyby through ordinary turns (1883.492553ms)
✔ Mission 3 Chumara builds its settlement and trains its first Preacher (2486.891629ms)
✔ Mission 4 starts its original opening flyby once through ordinary turns (850.678304ms)
✔ Mission 4 teaches training and attack from its original live conditions once (197.946364ms)
✔ Mission 4 converts Wildmen, discovers the Guard Tower, and defeats the Matak (8248.745269ms)
✔ Mission 5 Angel head delivers its linked hostile summon through live worship (352.721155ms)
✔ Mission 5 checkpoint migration upgrades an explicit mode-5 legacy Angel without changing gameplay state (86.805333ms)
✔ Mission 5 checkpoint migration recovers an absent authored mode before upgrading the Angel model (36.574013ms)
✔ Mission 5 checkpoint migration adds only the previously omitted Angel head (59.654922ms)
✔ Mission 5 imports its linked Boat template from the verified native coordinates (3.778549ms)
✔ Mission 5 runs its imported opening flyby once through ordinary turns (2363.10138ms)
✔ Mission 5 launches its original ordinary raid when the player reaches the Angel head (830.391631ms)
✔ Mission 5 launches its surviving Dakini at the player Shaman (152.64491ms)
✔ Mission 5 staffs its original Dakini tower with a Preacher (219.558444ms)
✔ Mission 6 keeps both original opponents distinct through outcome and checkpoints (472.337096ms)
✔ Mission 6 credits each opponent attack task independently (92.749535ms)
✔ Mission 6 low-population survivors counterattack the player Shaman (319.955651ms)
✔ Mission 6 Chumara trains Preachers and launches its first mixed raid (20435.791662ms)
✔ Mission 6 opponents expand and Matak launches its first Warrior raid (22515.380806ms)
✔ Mission 6 ATTACK snapshots the native three-spell payload and keeps old tasks compatible (1.045379ms)
✔ type-20 sixth ATTACK quota selects exactly the tribe Shaman outside the generic selector (0.421254ms)
✔ Mission 6 first Matak ATTACK retains source-derived Land Bridge, Lightning, Blast order (20915.600174ms)
✔ Mission 6 phase-6 task Shaman uses native payment, eligibility, usage and range gates (136.540081ms)
✔ Mission 6 phase-6 task spell uses task target outside Shaman states 25/29 (88.751344ms)
✔ Mission 7 converts Wildmen and grants Invisibility through its original head (1282.539314ms)
✔ Mission8 natural acceptance starts from the shipped seven-person Blue and eleven-person Red roster (94.250229ms)
✔ Mission8 attack staging is a land order for the original party, not a transport or worship prerequisite (83.123163ms)
✔ shared ground → training → destination queues retain identities until conversion and inherit the original tail (784.626011ms)
✔ shared ground → construction → destination queues retain identity and resume after the crew leaves (98.123324ms)
✔ cancelled, invalid, removed and dead queued builders release command-6 ownership exactly once (574.024444ms)
✔ a waypoint added while trainees are inside preserves occupancy; ordinary hut admission consumes the complete queue (392.360983ms)
✔ unavailable or cancelled buildings advance to the next order; replacement and death release shared references (353.758405ms)
✔ mixed movement, training, inherited orders, RNG and footprints match from 5 to 240 Hz and irregular frames (1125.581957ms)
✔ building order preparation matches complete original CPU calls (1.222202ms)
✔ reinforcements and new encounters retain the same person and resume ground, building and worship orders (1231.236285ms)
✔ replacing or killing a reinforcement releases every retained command reference (240.207686ms)
✔ a displaced fighter retains its queue and a split keeps both followers’ original records (367.204415ms)
✔ combat interruption and resumed orders preserve simulation and poses across render rates (1221.035835ms)
✔ combat removes a waiting trainee from its physical line while retaining its training order (151.008077ms)
✔ native model wave uses half, quarter, eighth strength then resets (3.599645ms)
✔ live waves retain first-hit deformation on resource scenery (88.929277ms)
✔ move input eligibility matches native category, strict-land and quarter-mask captures (6.099741ms)
✔ blocked move clicks preserve the whole selected group, shared orders, markers and RNG (230.412428ms)
✔ Markdown sections retain ancestry, repetitions, CRLF boundaries, and ignore fenced headings (2.562638ms)
✔ manifest validation accepts reviewed data and rejects duplicate IDs, missing paths, invalid parity references, and unsafe paths (72.477027ms)
✔ index is deterministic, clean without a cache, ignored when written, and regenerates after source changes (69.011872ms)
✔ index and context reject an indexed source symlink that escapes the repository (42.359744ms)
✔ repository validation requires one current top-level execution-order heading (31.522142ms)
✔ context returns bounded provenance, limitations, checks, and visible source truncation (68.645954ms)
✔ context output saves current JSON and rejects silent option mistakes (108.626853ms)
✔ preparation is independent of retired local status state (118.654926ms)
✔ native research packets grant only a contract-allowed ignored scratch directory (242.779418ms)
✔ role context carries a validated bounded assignment and explicit overflow (227.769971ms)
✔ reviewer context fingerprints the actual dirty, renamed, deleted, and untracked inputs (111.124788ms)
✔ real mapped evidence excerpts retain their material performance boundaries (3502.16631ms)
✔ Shaman appearance context keeps its complete checks and evidence within the default budget (1068.228551ms)
✔ Followers task context retains complete checks without bloating selection context (520.94236ms)
✔ plan handles cross-cutting edits, renames, deletions, untracked and unsafe inputs without executing checks (131.798714ms)
✔ audit distinguishes baseline edits and reports out-of-scope, generated, input, untracked, and stale verification changes (204.561488ms)
✔ audit reports a pre-existing baseline change that disappears (139.27203ms)
✔ audit requires exactly one result for every required check (120.375337ms)
✔ blocked verification cannot masquerade as passing and passed results require evidence (255.068728ms)
✔ game server rejects an invalid isolated port (0.875978ms)
✔ preparation captures real baseline and hashes, validates intent, and refuses overwrite (281.607632ms)
✔ verification persists completed checks across interruption and replaces old passes at startup (143.24309ms)
✔ verification replaces a required receipt invalidated by a changed check definition (154.313228ms)
✔ reviewed aggregate coverage executes once, fingerprints covered inputs, and fails closed on script drift (511.062915ms)
✔ orchestration-tests receipts become stale when worker configuration changes (291.838915ms)
✔ repository-check receipts become stale when worker configuration changes (353.062941ms)
✔ verification runs only safe contract checks, records blocking, and detects mutations (748.362546ms)
✔ ephemeral default stays opt-in; persistent launch keeps sandbox and explicit data-dir (1.867828ms)
✔ unknown personal, noncanonical, existing unmarked and symlink directories fail before adoption (23.740046ms)
✔ symlink ancestor and evidence overlap are rejected (13.08202ms)
✔ an output symlink cannot alias profile data before preflight creates logs (21.699612ms)
✔ exclusive live and unknown locks are never recovered, and failed cleanup keeps ownership (37.579499ms)
✔ normal terminal cleanup retains checkpoint identity across a new exclusive run (32.645075ms)
✔ source/runtime/origin drift cannot silently adopt a game save (46.125886ms)
✔ symlinked source bytes and external or ignored scenarios cannot bypass input binding (28.324265ms)
✔ checker-only correspondence must bind prior run and both exact source identities (33.254303ms)
✔ unverified source and changed terminal ownership remain blocked (14.6003ms)
✔ lease refuses a replaced lock and leaves that owner untouched (28.567476ms)
✔ leftover Chromium ownership and replaced data directory block reuse (23.746135ms)
✔ committed readback is readonly, awaits completion, and hashes typed arrays/Map/Set contents (107.07337ms)
THREE.InterleavedBufferAttribute.clone(): Cloning an interleaved buffer attribute will de-interleave buffer data.
✔ painter centers retain precision and follow position replacement and updates (18.455695ms)
✔ construction caps replace face modes and hidden picking faces emit no material (1.708081ms)
✔ cell render order matches native mixed passes and retained arrival order (94.962279ms)
✔ cell traversal preserves live ordering when a stale chain entry is encountered (0.528974ms)
✔ mixed polygon buckets, reverse insertion ties and raster depths match native captures (2.338486ms)
✔ completed models reject native rear faces and shared side/bottom outcodes (0.76264ms)
THREE.InterleavedBufferAttribute.clone(): Cloning an interleaved buffer attribute will de-interleave buffer data.
✔ shared painter vertices follow attribute edits, splits and replacement (3.419639ms)
✔ native grid mapping matches exact XYZ mapping and rejects split heights or irregular coordinates (0.443868ms)
Unrecorded ledger change: run parity:record with a note
✔ parity credits verified scope only and rejects misleading or untraceable assessments (56.009805ms)
✔ report-only rendering refuses unrecorded parity progress (185.439972ms)
✔ verified requirements advance a fixed checkpoint share without hiding unknown scope (16.676056ms)
✔ assessments expose small gains and regressions without crediting scope revisions (35.460819ms)
✔ browser supervisor verifies cleanup after a missing checker dependency (419.728154ms)
✔ browser supervisor does not start the checker while the server port refuses connections (1196.06462ms)
✔ browser supervisor verifies cleanup after a checker exception (355.79043ms)
✔ browser supervisor classifies server spawn failure and verifies empty cleanup (15.703004ms)
✔ browser supervisor stops the checker when the ready server exits (700.536096ms)
✔ browser supervisor SIGTERM includes a detached checker descendant (984.220016ms)
✔ concurrent submitters and controllers preserve FIFO without overlap (1720.381478ms)
✔ failed and timed-out jobs release before automatic next job (1827.853831ms)
✔ cancel running and queued jobs without running queued command (1267.568259ms)
✔ missing cleanup blocks handoff, recovery requires a fresh matching receipt (1215.044963ms)
✔ live detached child prevents next test and is never killed by the queue (1166.647694ms)
✔ controller crash retains lock; recovery refuses live owner or job (1489.249116ms)
✔ foreign or missing execution scope cannot prove a controller stopped or authorize recovery (815.744757ms)
✔ legacy active jobs remain unknown even with no controller lock (681.608579ms)
✔ paused submissions start no transient controller before recovery (819.361296ms)
✔ source drift and busy ports block commands without touching existing server (805.761075ms)
✔ all linked worktrees resolve the same queue; invalid specs never launch (420.749424ms)
✔ submission preserves PATH under an ESM temp parent and returns one compact result (1528.461481ms)
✔ concurrent identical retries share one unfinished job; completed work can run again (1655.829523ms)
✔ run exposes a recovery ID before caller interruption; retry keeps the running job (1058.84476ms)
✔ person panels preserve native command traversal, health and original draw submissions (4.127795ms)
✔ person-panel lifetime matches native refresh and remains independent of render rate (1.260267ms)
✔ order focus matches native targets and follows the displayed queue record (0.507702ms)
✔ destination marker preserves native attachment, frames and lifetime at every render rate (334.228729ms)
✔ panic and personal fire trails retain original timer, sound, anchor and allocation decisions (9.45667ms)
✔ burning huts eject running followers with distinct panic and trail lifetimes in all orientations (791.652016ms)
✔ panic motion, animation and fire trails are independent of presentation frame rate (289.733492ms)
✔ native building flames traverse matching cells in order, including repeated sockets and failed allocations (37.86655ms)
✔ live flame-cell adapter preserves protected followers, immunity, tribe and hidden occupants (39.673389ms)
✔ real Lightning ignition reaches nearby surviving followers before occupant evacuation (44.045811ms)
✔ ordinary clicks replace only new selections; Ctrl toggles and blocked clicks preserve the group (1.849322ms)
✔ selection never creates a simulation owner or interrupts existing group orders (220.194886ms)
✔ all native single/group selection voices and pointer acknowledgements are ready before audio activation (11.947853ms)
✔ worship placement preserves native two-pass search, occupancy, route order and failure flags (15.824311ms)
✔ worship command preserves native approach, prayer, retry and presentation RNG decisions (8.932292ms)
✔ ordinary stone-head visits expire the standing-slot cursor at the native byte timer (6.149878ms)
✔ construction-plan entrances, approach and timed attack sequences match native execution (15.380874ms)
✔ player append matches native shared references, cursor wrap, full queues, eligibility and pool exhaustion (19.632387ms)
✔ ground, building and forced-final worship modifiers and eighth-order deselection match complete native player packets (0.453041ms)
✔ replacement preserves prior orders when the shared pool is full (0.577997ms)
✔ sprite pointer brackets match native palette, two/four-layer geometry and unsigned animation wrap (3.298159ms)
✔ native conversion delay uses the recovered 200/3 timing basis (1.597066ms)
✔ a full order pool does not stop a moving Preacher without attaching its sermon (59.437351ms)
✔ inside command 31 binds its building and uses the native five-cell sermon radius (74.003643ms)
✔ conversion moves a newborn outside a building footprint before centering it (63.199035ms)
✔ sermon poses preserve native multi-turn RNG timing (30.869506ms)
✔ an idle preacher sermons, converts by replacement, and releases listeners on a new order (283.227905ms)
✔ preacher conversion is independent of display refresh rate (351.70906ms)
✔ queued command 31 rewrites to friendly building entry or ground movement (50.851641ms)
✔ live active preaching reaches emergency Blast priority (92.590691ms)
✔ live active preaching reaches emergency Swarm fallback (52.151476ms)
✔ live active preaching reaches emergency Lightning fallback (31.268367ms)
✔ emergency preaching response excludes no active assignment (29.228304ms)
✔ emergency preaching response excludes no live person record (32.472601ms)
✔ emergency preaching response excludes same tribe (37.68252ms)
✔ emergency preaching response excludes allied tribe (38.967504ms)
✔ emergency preaching response excludes invisible preacher (29.644295ms)
✔ emergency preaching response excludes caster cooldown (27.529868ms)
✔ emergency preaching response excludes no ready spell entry (27.822792ms)
✔ emergency preaching response excludes paused target scan (34.061841ms)
✔ emergency preaching response excludes no spell payment (37.102765ms)
✔ emergency preaching response excludes stored Lightning below its mana cost (34.912175ms)
✔ the independent enemy-Shaman response still spends stored Lightning without mana (31.565531ms)
✔ failed allocation consumes the sole producer opportunity before a later spawn (101.937418ms)
✔ busy rejection consumes allocation identity but preserves the active wave and saved site (38.645549ms)
✔ site height follows native ground-then-quantize arithmetic (258.239916ms)
✔ mode2 uses native eligibility, panic, descriptor damage and RNG without Swarm filters (706.549198ms)
✔ protected transitions retain repeated native cell hits and consume no panic RNG (36.165127ms)
✔ a wave removes an older in-cell Swamp before it can process in the same turn (43.980958ms)
✔ mode2 cleanup keeps an outside Swamp and the next enemy receives panic (65.961942ms)
✔ ordinary death produces a next-turn wave that outlives successful respawn (425.598974ms)
✔ checkpoints preserve mode2 identity, sites, orbits, terrain and RNG without replay (317.450337ms)
✔ mode2 interrupts the real encounter owner while retaining its person and order queue (45.59572ms)
✔ ordinary Boat and Balloon boarding retain seats and deselect passengers under mode2 panic (150.622368ms)
✔ panic transfers a live building-entry queue and resumes it after expiry (93.240394ms)
✔ ordinary groups settle into native rings, compact on departure and retain status through new orders (965.078575ms)
✔ group resting positions, facing, gestures and footprints agree at 5–240 Hz and irregular frames (1085.720937ms)
✔ exhausted resting search waits and retries its original anchor through state 10 (98.596249ms)
✔ route probes preserve native building, coast and vehicle endpoint correction (27.662119ms)
✔ failed-route initialization and retries match native fields, timing and ordered consumers (12.055363ms)
✔ disconnected groups stop, retain shared attack/waypoint orders, retry and resume after land connects (451.073633ms)
✔ route-failure notice keeps the original text and retriggers without tutorial history (68.054132ms)
✔ new orders and death release blocked commands; shaman failures use their own original voice (218.422795ms)
✔ blocked groups retry on simulation counters, with identical recovery and combat at 5–240 Hz (1494.547288ms)
✔ blocked building-entry owners resume the same person and finish ordinary admission (137.710512ms)
✔ real command8 full occupancy emits an original-frame child without scene-owned RNG (1036.227956ms)
✔ equal elapsed turns preserve secondary state across frame schedules with no bolt draws (401.849777ms)
✔ legacy missing-history roots bootstrap on first render without inventing past visits (149.12759ms)
✔ full roots copy the allocation byte and defer newly prepended children (2.82131ms)
✔ all byte phases and low-five-bit outcomes use the proved root gate (140.545447ms)
✔ actual UI reservations participate in inclusive gates after the root RNG draw (0.584146ms)
✔ marker expiry and child allocation share the same newest-first traversal (0.50551ms)
✔ children keep their own sixteen visits after the root is removed (0.541393ms)
✔ native free-list reuse and checkpoint reconstruction preserve physical slot ownership (0.683494ms)
✔ panel and preview reservations are derived from live adapter owners (1.447398ms)
✔ legacy marker overflow cannot leave ownerless immortal effects after restore (1.805088ms)
✔ browser capture retains the same live puff across ordinary Pause latency (3.966456ms)
✔ selection terrain mesh matches the executable with documented seven-point fan repairs (943.875312ms)
✔ selection fill/edges/corners retain native visibility, depth, UV and shared-corner ownership (19.890312ms)
✖ Shaman import preserves every prior frame, piece and animation entry (25.517272ms)
✔ actual tribe selects every native Shaman source and eight original directions (3.095533ms)
✔ Shaman idle artwork uses all four distinct original body pieces (2.103952ms)
✔ reincarnation distinguishes tribe bodies from shared spirit sources and layer owners (0.268178ms)
✔ shipped live and effect renderers consume the Shaman selector without changing generic mechanics (0.912013ms)
✔ all 3276 previous occupied sprite rectangles retain their reviewed RGBA (165.884929ms)
✔ real Mission 23 Shaman identity and death heading survive checkpoint reconstruction (985.576536ms)
✔ first and second actual presentation visits display 0 then 1, not 1 then 2 (1120.136805ms)
✔ normal processed phases reset, loop independently of simulation, then freeze and hide (308.498546ms)
✔ new checkpoints retain shown/next frames; legacy checkpoints start at a bounded deterministic frame (113.995049ms)
✔ pause and native land-pause freeze the latch as well as the counter (10.766937ms)
✔ render schedules and effect-only animation cannot change gameplay, either RNG or respawn (4746.261881ms)
✔ ordinary combat death finishes existing wait and respawn without a duplicate effect (351.125882ms)
✔ ordinary Shaman phase1 follows both rising and lowering death-site ground (900.31037ms)
✔ the last processed phase1 sample survives checkpoint, transition and rise (242.136614ms)
✔ phase0 retains the death height until the first processed phase1 visit (24.766625ms)
✔ a direct drowning-entry fixture rises from its initial height without phase1 resampling (24.712206ms)
✔ model-12 rise freezes the last original spirit frame for all tribes and bearings (5.320496ms)
✔ death-site visibility follows the existing land and drowning lifecycles without changing them (96.363528ms)
✔ earlier body/transition poses retain their existing renderer behavior (0.480071ms)
✔ the live caller applies the bounded presentation only to model-12 reincarnation effects (1.076476ms)
✔ G queues one shared native guard and repeat replaces it without early preparation (321.821141ms)
✔ G empty selection cancels adopted guards through the next native visit (194.778536ms)
✔ G Shaman-only selection cancels adopted guards through the next native visit (112.789207ms)
✔ native G retains the ordinary move owner and route until its deferred turn (108.844395ms)
✔ same-turn move replacement discards G before the legacy resting initializer (181.301472ms)
✔ same-turn attack replacement discards G before the legacy resting initializer (142.474828ms)
✔ same-turn worship replacement discards G before the legacy resting initializer (177.185862ms)
✔ same-turn entry replacement discards G before the legacy resting initializer (152.227594ms)
✔ pending G replacement survives pause and checkpoint (193.411872ms)
✔ pending G cancellation survives pause and checkpoint (173.495584ms)
✔ G exhaustion still clears and attaches slot zero then retries after cleanup frees a slot (153.437947ms)
✔ target entering a vehicle with inside still null completes the saved guard order (202.160734ms)
✔ ordinary Shaman Tower entry retains Guard and resolves its building outside point (139.720367ms)
✔ actual deferred G setters match native phase vector G-retain-deselect-1-3 (139.010694ms)
✔ actual deferred G setters match native phase vector G-retain-deselect-7-5 (124.647558ms)
✔ actual deferred G setters match native phase vector G-retain-deselect-0-2 (107.318495ms)
✔ protected preparation and passenger early-return retain pending ownership until actual adoption (103.396176ms)
✔ protected cancelled state10 retains ownership until its empty-queue transition really occurs (139.646968ms)
✔ death anchors to the saved Shaman in another cell before cleanup (84.813726ms)
✔ class0 anchors to the saved Shaman in another cell before cleanup (104.068062ms)
✔ vehicle anchors to the saved Shaman in another cell before cleanup (121.824429ms)
✔ cancel anchors to the saved Shaman in another cell before cleanup (103.844532ms)
✔ saved Shaman identity does not retarget when the current Shaman is replaced (118.056619ms)
✔ legacy boolean checkpoints retain their old targetless history until supported fresh input (165.189154ms)
✔ flight single selection retains the entire legacy G operation (141.637428ms)
✔ flight mixed selection retains the entire legacy G operation (125.076794ms)
✔ fight single selection retains the entire legacy G operation (128.642484ms)
✔ fight mixed selection retains the entire legacy G operation (118.789466ms)
✔ entry single selection retains the entire legacy G operation (120.267165ms)
✔ entry mixed selection retains the entire legacy G operation (215.217681ms)
✔ builder single selection retains the entire legacy G operation (99.770818ms)
✔ builder mixed selection retains the entire legacy G operation (111.258915ms)
✔ passenger single selection retains the entire legacy G operation (108.483371ms)
✔ passenger mixed selection retains the entire legacy G operation (93.115775ms)
✔ work single selection retains the entire legacy G operation (84.270601ms)
✔ work mixed selection retains the entire legacy G operation (85.895143ms)
✔ gather single selection retains the entire legacy G operation (87.277122ms)
✔ gather mixed selection retains the entire legacy G operation (130.108492ms)
✔ delivery single selection retains the entire legacy G operation (110.575236ms)
✔ delivery mixed selection retains the entire legacy G operation (106.314902ms)
✔ casting single selection retains the entire legacy G operation (112.940092ms)
✔ casting mixed selection retains the entire legacy G operation (108.092342ms)
✔ legacy single selection retains the entire legacy G operation (84.701805ms)
✔ legacy mixed selection retains the entire legacy G operation (69.47312ms)
✔ legacy path single selection retains the entire legacy G operation (94.333329ms)
✔ legacy path mixed selection retains the entire legacy G operation (95.831781ms)
✔ different route owner single selection retains the entire legacy G operation (95.492057ms)
✔ different route owner mixed selection retains the entire legacy G operation (96.092447ms)
✔ native Brave guards do not fall into legacy automatic housing while near the Shaman (121.396309ms)
✔ G replacement/cancellation have identical turn ownership at ordinary and irregular refresh schedules (232.419615ms)
✔ native G producer: shared-two-followers-repeat-and-partial-replacement / G allocates one shared command30 (9.7432ms)
✔ native G producer: shared-two-followers-repeat-and-partial-replacement / G repeats while both selected (7.46166ms)
✔ native G producer: shared-two-followers-repeat-and-partial-replacement / G replaces only selected first follower (2.244376ms)
✔ native G producer: shared-order-no-follower-selection-cancellation / G creates (10.375838ms)
✔ native G producer: shared-order-no-follower-selection-cancellation / Shaman-only G cancels both adopted guards (2.481478ms)
✔ native G producer: queued-not-adopted-no-selection / G queues (2.13263ms)
✔ native G producer: queued-not-adopted-no-selection / G without non-Shaman selection before adoption (2.110928ms)
✔ native G producer: exhausted-pool-no-old-order / G allocation fails separately for both followers (8.964006ms)
✔ native G producer: exhausted-pool-clear-frees-slot-for-later-person / first failure clears old1, later retry succeeds and third shares (2.177758ms)
✔ native G producer: last-free-slot-wrap-is-shared / G uses last free slot once (5.10089ms)
✔ native G producer: producer-selected-dead-flag / raw selected non-Shaman-pointer still receives command30 (3.982282ms)
✔ native G producer: producer-selected-protected / raw selected non-Shaman-pointer still receives command30 (1.457611ms)
✔ native G producer: producer-selected-airborne / raw selected non-Shaman-pointer still receives command30 (4.555597ms)
✔ native G producer: producer-selected-ghost / raw selected non-Shaman-pointer still receives command30 (1.12008ms)
✔ native G producer: producer-selected-removed-class / raw selected non-Shaman-pointer still receives command30 (1.579796ms)
✔ native G producer: producer-selected-other-model7 / raw selected non-Shaman-pointer still receives command30 (7.30693ms)
✔ native G producer: producer-selected-training-state21 / raw selected non-Shaman-pointer still receives command30 (0.426953ms)
✔ native G producer: vehicle-passenger-selection-retain1 / G selected passengers (0.730012ms)
✔ native G producer: absent-current-shaman-does-not-issue-or-cancel / no Shaman pointer with selected followers (0.465359ms)
✔ native G producer: absent-current-shaman-does-not-issue-or-cancel / restore Shaman and issue (0.589854ms)
✔ native G producer: absent-current-shaman-does-not-issue-or-cancel / no Shaman pointer with existing guards (0.658946ms)
✔ native G producer: stale-shaman-pointer-dead / producer still emits target73 (0.629663ms)
✔ native G producer: stale-shaman-pointer-class0 / producer still emits target73 (0.700909ms)
✔ native G producer: stale-shaman-pointer-vehicle / producer still emits target73 (0.688511ms)
✔ native G producer: saved-target-is-not-rebound-by-tribe-shaman-replacement / G targets original73 (0.480082ms)
✔ native G producer: saved-target-is-not-rebound-by-tribe-shaman-replacement / new explicit G targets replacement74 (0.394545ms)
✔ native Guard distance: near-axis0-delta-824 (0.288297ms)
✔ native Guard distance: near-axis0-delta-823 (0.096393ms)
✔ native Guard distance: near-axis0-delta823 (0.045017ms)
✔ native Guard distance: near-axis0-delta824 (4.196089ms)
✔ native Guard distance: near-axis1-delta-824 (0.127098ms)
✔ native Guard distance: near-axis1-delta-823 (0.107319ms)
✔ native Guard distance: near-axis1-delta823 (0.106998ms)
✔ native Guard distance: near-axis1-delta824 (0.068632ms)
✔ native Guard distance: signed-edge-person32767-target32768 (0.097475ms)
✔ native Guard distance: signed-edge-person32768-target32767 (0.132276ms)
✔ native Guard distance: signed-edge-person0-target32768 (0.082753ms)
✔ native Guard distance: signed-edge-person32768-target0 (0.051216ms)
✔ native Guard distance: signed-edge-person65535-target0 (0.052638ms)
✔ native Guard distance: signed-edge-person0-target65535 (0.047521ms)
✔ native Guard distance: signed-edge-person32768-target33591 (0.056964ms)
✔ native Guard distance: signed-edge-person32768-target33592 (0.066068ms)
✔ native Guard distance: signed-edge-person32768-target31945 (0.086869ms)
✔ native Guard distance: signed-edge-person32768-target31944 (0.17539ms)
✔ native Guard distance: replan-axis0-delta-440 (0.115972ms)
✔ native Guard distance: replan-axis0-delta-439 (0.076874ms)
✔ native Guard distance: replan-axis0-delta439 (0.059268ms)
✔ native Guard distance: replan-axis0-delta440 (0.06019ms)
✔ native Guard distance: replan-axis1-delta-440 (0.041792ms)
✔ native Guard distance: replan-axis1-delta-439 (0.044916ms)
✔ native Guard distance: replan-axis1-delta439 (0.043114ms)
✔ native Guard distance: replan-axis1-delta440 (0.038367ms)
✔ native Guard distance: replan-signed-edge-goal32767-target32768 (0.039339ms)
✔ native Guard distance: replan-signed-edge-goal32768-target32767 (0.04075ms)
✔ Magical Shield protects six nearby followers for the native lifetime (166.689677ms)
✔ old checkpoints default new Shield stock without disturbing their world (72.240045ms)
✔ normal early mission data selects each original backdrop and both cloud layers (2.05806ms)
✔ same-bank Mission 10 uses the same p sky set without mission-number overrides (0.225224ms)
✔ previous bank d and g sky modes and unhandled banks remain unchanged (4.298671ms)
✔ early mission sky PNGs preserve exact original bytes (6.659831ms)
✔ camera horizons preserve original sky dispatch coordinates and fade (6.378073ms)
✔ continuous sky retains native wind rates and is invariant to segment subdivision (12.564171ms)
✔ spell button artwork, positions and charging fills match native draws (12.189756ms)
✔ all six original Shield/Bloodlust descriptor frames have real atlas rectangles (2.023429ms)
✔ ready, inactive, hover and selected states use the original descriptors, not Unicode or guessed frames (1.426014ms)
✔ authored Mission16 already exposes both sprites without forced availability or stock (131.768372ms)
✔ the original undiscovered spell question mark follows the accepted six-frame append (0.374415ms)
✔ all shipped spell descriptor icons remain available after the append (0.323519ms)
✔ HudSprite no longer substitutes a text glyph and still rejects unknown resources (0.479591ms)
✔ fresh and later missions use the native owned/reward-source/cast-permission precedence (190.221884ms)
✔ restart and checkpoint restore reproduce fresh Mission 1 HUD visibility (119.374782ms)
✔ owned stock wins over the mission-load discovery mask (22.52235ms)
✔ undiscovered art is the native HFX1056 branch and visible-disabled keeps normal art (0.449516ms)
✔ unit atlas retains reviewed tribe/state/direction layers when new models append (13.873422ms)
✔ brave carry animations retain the baked timber body layer (0.434855ms)
✔ base149 retains 51 original faces and existing atlas coverage without key model slots (3.73757ms)
✔ authored default149 roots and linked Mission10 Totem select the base mesh (515.912895ms)
✔ spell45, Obelisk8, Angel157 and Vault154 remain outside static149 (115.113403ms)
✔ source qualification rejects ambiguous identity, reward flags, missing links and scenery (40.976846ms)
✔ old null/absent presentation and new checkpoints derive149 without mutating saved state (119.64216ms)
✔ static presentation never replaces a different model or an active morph family (47.20356ms)
✔ only reward-derived model45 sources are initialized; unrelated head families and Vault remain separate (174.701858ms)
✔ enabled idle cycles18native animation visits without followers; hold/refill retain the original counter rules (0.642121ms)
✔ raw keypoints use base45indices/scale rather than endpoint face layout; all18cached outputs are distinct (12.215048ms)
✔ presentation pauses with world and native land pause without touching simulation or RNG (103.251895ms)
✔ normal authored worship earns Bridge stock while presentation leaves the entire gameplay state unchanged (208.689989ms)
✔ exhausted trigger does not remove its independent enabled decorative model45 animation (79.914269ms)
✔ mid-animation new checkpoint keeps phase and old optional-field checkpoint restores safely without rewards (63.151715ms)
✔ multiple heads keep separate state while30/60/120/144Hz and irregular schedules share one animation timeline (416.88002ms)
✔ shipped scene updates ordinary head positions byphase and leaves Vault on the existing path (1.010116ms)
✔ disable and refill within one presentation interval reset once without advancing the clock (0.362206ms)
✔ authored45 constructors retain the original logical animation gate (93.380886ms)
✔ ordinary body frames wait for logical turns without changing the24Hz presentation clock (86.142407ms)
✔ each catch-up controller and observer sees the prior body frame before one logical advance (50.79724ms)
✔ mode4 transition remains exclusively presentation-owned despite the gate bit (38.100089ms)
✔ lazy, post-turn allocated and removed bodies obey the completed-turn boundary (95.712955ms)
✔ legacy body checkpoints gain only the gate and a new Scene clock does not replay a turn (28.620694ms)
✔ disable and refill notifications retain raw phase then reset before their owned visit (34.718067ms)
✔ trigger exhaustion, pause, land pause and turn wrap preserve the separate decorative owner (27.885224ms)
✔ heading comes from the decorative scenery word, never trigger settings or model selection (1.977009ms)
✔ all16bits reach the angle-table mask and a missing producer is not treated as north (0.284691ms)
✔ linking uses the native512-unit cell, first scenery match and toroidal coordinate identity (0.37804ms)
✔ existing negative-Y scene rotation agrees with native heading basis; no camera or global offset is required (1.483088ms)
✔ Vault and unknown scenery keep their original angle; orientation lookup does not mutate saved gameplay (92.797477ms)
✔ both ordinary scene orientation consumers use the same helper; no other angle consumer changes (0.785444ms)
✔ real authored zero and high-byte headings survive the producer while saved trigger fields stay unchanged (206.363083ms)
✔ Swamp scans its native 3x3 footprint and honors victim and terrain gates (1.524008ms)
✔ Swamp uses one RNG draw, scans every fourth visit, and expires at ten kills (0.290541ms)
✔ the thirtieth same-tribe Swamp discards the oldest remaining controller (0.185655ms)
✔ live Swamp casting kills through the ordinary corpse path independently of refresh rate (244.767662ms)
✔ Swarm uses the supplied standalone original insect texture (1.889529ms)
✔ Swarm creation and first controller visit preserve original gameplay RNG and child fields (1.904331ms)
✔ Swarm first live visit allocates children before wandering begins on the second visit (82.696757ms)
✔ Swarm final fifteen controller visits progressively remove children before expiry (0.522905ms)
✔ Swarm reveals disguised Spies on panic and panic-protected non-removal paths (109.420199ms)
✔ confirmed invented generic and Angel success strings are not emitted (355.662976ms)
✔ Swarm follows player and computer cast paths with native insects, victim cadence, and lifetime (255.56578ms)
✔ Mission 2 naturally funds the Matak Shaman and casts Swarm through player orders (3348.464478ms)
✔ terrain ambience matches complete native ground queues, including empty views and depth ties (7.713347ms)
✔ tree ambience camera offset and wrapped radius match complete native cell visits (5.113195ms)
✔ local lights match complete native allocation, movement and cleanup captures (125.128427ms)
✔ Blast owns immediate terrain light until its ninth turn, preserving occupancy and pause (129.372555ms)
✔ native height notifications retain object order, duplicate visits and touching building flags (8.477781ms)
✔ terrain edits notify nearby plans, revalidate original slope rules and release an invalid plan (150.00598ms)
✔ a large terrain edit indexes live people once while retaining dirty notifications (177.352511ms)
✔ terrain dirtiness resets live steering without replacing its route (59.194801ms)
✔ terrain texture endpoints match original Direct3D triangle submissions (5.895327ms)
✔ model atlas UVs match native texel centers and retain fractional/outside coordinates (1.872334ms)
✔ terrain submission covers the native cell gate across headings and seams (389.756306ms)
✔ terrain copies omit only tiles with no native-visible cell, including seams and expanded bounds (293.313847ms)
✔ timber search matches native cell order, fog, protected stock and two-pass queries (51.718299ms)
✔ shared timber caches match native allocation, expansion, routing, ownership and expiry (120.35644ms)
✔ an exhausted indexed-search pool postpones expansion without corrupting the cache (5.130534ms)
✔ terrain changes recheck nearby timber routes and live Land Bridge reaches the cache (1033.395643ms)
✔ live timber cost probes report routes and foreign territory without taking route ownership (71.781936ms)
✔ harvest clocks, transfer, scale and animation match original executable captures (1.362068ms)
✔ delivery waits, timber and construction stages match complete native calls (1.759508ms)
✔ Tornado replays native initialization, lifetime, carry and throw (5.432564ms)
✔ Tornado uses the native building protection and one-draw damage gate (0.814416ms)
✔ live Tornado casts, captures and throws independently of refresh rate (439.095355ms)
✔ tower admission uses rotated tribe sockets, ground membership and original one-shot occupant pose (3281.954246ms)
✔ a tower admits one follower and movement orders preserve elevation until physics resumes (241.821884ms)
✔ tower entry and held animation are deterministic at 5–240 Hz (423.384028ms)
✔ destroying an occupied tower releases its native record and display height (71.348265ms)
✔ a tower Firewarrior autonomously attacks an eligible hostile on the tower cadence (101.699443ms)
✔ tower preachers hand occupancy to command 31 and cleanly leave or die (281.031919ms)
✔ tower panel matches every original one-slot draw trace (6.775592ms)
✔ tower panel selection preserves occupancy; ordinary orders leave without teleporting (594.356624ms)
✔ tower dismantling releases its occupant and only braves perform the work (474.04879ms)
✔ training exit orders match original coastal correction and building precedence (13.692987ms)
✔ training admits five visible residents and places overflow on native rotated queue sockets (984.282598ms)
✔ queue cancellation retains successors and occupant departure reuses the first empty slot (122.572298ms)
✔ checkpoint reload preserves a full training hut and its waiting queue without loss (196.994753ms)
✔ funded training replaces a complete batch, releases references and walks warriors out (428.64738ms)
✔ a funded Temple trains a native model-4 preacher and sends it outside (162.69166ms)
✔ a funded Spy Training Hut trains an original model-5 Spy and sends it outside (218.943943ms)
✔ queue movement, admission, conversion and shared references are independent of render rate (930.63789ms)
✔ already-trained warriors accept training orders and yield queue priority to new braves (120.355481ms)
✔ training append preserves all70 pre-existing original models, including vehicles (17.535031ms)
✔ all original training types and owners resolve to actual meshes, not Blue substitutes (1.578798ms)
✔ the five recovered training variants retain original geometry, color tiles and all stages (3.960709ms)
✔ authored Mission16/17/22 training assets and identities survive checkpoint reconstruction (392.56841ms)
✔ the live building factory opts into original training selection without tint or gameplay changes (2.160932ms)
✔ camp human group command retains visible admission interpolation (586.233606ms)
✔ camp shared command-8 retains visible admission interpolation (858.463827ms)
✔ temple human group command retains visible admission interpolation (506.628174ms)
✔ temple shared command-8 retains visible admission interpolation (400.317329ms)
✔ spyHut human group command retains visible admission interpolation (377.600439ms)
✔ spyHut shared command-8 retains visible admission interpolation (474.520303ms)
✔ firewarriorHut human group command retains visible admission interpolation (461.299281ms)
✔ firewarriorHut shared command-8 retains visible admission interpolation (483.720917ms)
✔ hidden admission, exit, replacement and explicit placement remain discrete (70.612267ms)
✔ native training panels preserve slots, selection, palette, frames and turn-driven feedback (14.29251ms)
✔ wide charge arithmetic never runs backwards or exceeds its frame at maximum training mana (15.64894ms)
✔ shipped disguise completes aboard Boat, holds and accepts another command (523.809072ms)
✔ Balloon passenger idle entry holds without advancing or consuming orders (94.56862ms)
✔ shipped Balloon disguise configures its command position and completes aboard (132.892004ms)
✔ Balloon raw-coordinate startup wraps payload words and retains unported encodings (59.474177ms)
✔ pending Balloon disguise checkpoint retains command position and resumes once (70.433278ms)
✔ occupied state30 checkpoint resumes countdown without reinitializing motion or RNG (68.394958ms)
✔ ordinary disembark clears vehicle and state30 returns to orders for one visit (57.346565ms)
✔ replacement disguise interrupts pending and partially completed aboard commands (60.859581ms)
✔ fractional reference uses exact rectangle coverage at edges and corners (3.741134ms)
✔ adjacent glyph elements composite their shared fractional edge sequentially (0.410358ms)
✔ disabled opacity combines with coverage while transparent source pixels preserve background (0.308527ms)
✔ source crop and nearest sampling retain native pixels without atlas bleed (0.321577ms)
✔ pinned fixed8 coverage and integer interpolation explain the opaque edge without fitting (0.283079ms)
✔ single-pixel fixed8 rectangles and straight-alpha output retain their separate contracts (0.172555ms)

Interrupted while running:

⚠ tests/tree-growth.test.mjs (tests/tree-growth.test.mjs:1:1)
⚠ tests/tutorial.test.mjs (tests/tutorial.test.mjs:1:1)
⚠ tests/unit-health.test.mjs (tests/unit-health.test.mjs:1:1)
⚠ tests/unit-motion.test.mjs (tests/unit-motion.test.mjs:1:1)
⚠ tests/vault-appearance.test.mjs (tests/vault-appearance.test.mjs:1:1)
✖ tests/tree-growth.test.mjs (4301.535437ms)
✔ Tutorial advances through Shaman selection into the authored Obelisk flyby (1544.373918ms)
✔ Tutorial restart recreates fresh script and view state (244.296317ms)
✔ overhead health gauges match native visibility, scaled-pose anchors and 24-pixel fills (2.157557ms)
✖ tests/unit-motion.test.mjs (242.41856ms)
✖ tests/vault-appearance.test.mjs (205.042755ms)
✖ tests/vault-knowledge.test.mjs
✖ tests/vehicle-appearance.test.mjs
✖ tests/vehicle-cell-membership.test.mjs
✖ tests/vehicle-destruction.test.mjs
✖ tests/vehicle-panel-runtime.test.mjs
✖ tests/vehicle-panel.test.mjs
✖ tests/viewport-bounds.test.mjs
✖ tests/visible-cells.test.mjs
✖ tests/volcano.test.mjs
✖ tests/workflow-handoff.test.mjs
✖ tests/workflow-policy.test.mjs
✖ tests/workshop-panel.test.mjs
✖ tests/world-movement.test.mjs
✖ tests/world-picking.test.mjs
✖ tests/world-selector.test.mjs
✖ tests/worship-acquisition-controller.test.mjs
✖ tests/worship-acquisition-runtime.test.mjs
✖ tests/worship-acquisition-source.test.mjs
✖ tests/worship-acquisition-vfx.test.mjs
✖ tests/worship-admission.test.mjs
✖ tests/worship-appearance.test.mjs
✖ tests/worship-approach.test.mjs
✖ tests/worship-checkpoint-migration.test.mjs
✖ tests/worship-panel-activity.test.mjs
✖ tests/worship-panel.test.mjs
ℹ tests 1196
ℹ suites 0
ℹ pass 1167
ℹ fail 1
ℹ cancelled 28
ℹ skipped 0
ℹ todo 0
ℹ duration_ms 224208.614301

✖ failing tests:

test at tests/shaman-appearance.test.mjs:14:1
✖ Shaman import preserves every prior frame, piece and animation entry (25.517272ms)
  AssertionError [ERR_ASSERTION]: Expected values to be strictly equal:
  + actual - expected
  
  + '33e4ce6c31f8e43b419c5c8c80f7cb798e4ae6b83766bc58a28f8d2739d9331a'
  - 'a80bf4033d5ae38e84207bc6bfcb2615a5897861eaf2c931533940ce49f93575'
  
      at TestContext.<anonymous> (file:///workspace/scratch/69fd8163d94e/cloud-dev-20261004/firewarrior-resting-artwork-fix-20261006/tests/shaman-appearance.test.mjs:17:10)
      at Test.runInAsyncScope (node:async_hooks:227:14)
      at Test.run (node:internal/test_runner/test:1382:25)
      at Test.start (node:internal/test_runner/test:1242:17)
      at startSubtestAfterBootstrap (node:internal/test_runner/harness:387:17) {
    generatedMessage: true,
    code: 'ERR_ASSERTION',
    actual: '33e4ce6c31f8e43b419c5c8c80f7cb798e4ae6b83766bc58a28f8d2739d9331a',
    expected: 'a80bf4033d5ae38e84207bc6bfcb2615a5897861eaf2c931533940ce49f93575',
    operator: 'strictEqual',
    diff: 'simple'
  }

test at tests/tree-growth.test.mjs:1:1
✖ tests/tree-growth.test.mjs (4301.535437ms)
  'Promise resolution is still pending but the event loop has already resolved'

test at tests/unit-motion.test.mjs:1:1
✖ tests/unit-motion.test.mjs (242.41856ms)
  'Promise resolution is still pending but the event loop has already resolved'

test at tests/vault-appearance.test.mjs:1:1
✖ tests/vault-appearance.test.mjs (205.042755ms)
  'Promise resolution is still pending but the event loop has already resolved'

test at tests/vault-knowledge.test.mjs:1:1
✖ tests/vault-knowledge.test.mjs
  'Promise resolution is still pending but the event loop has already resolved'

test at tests/vehicle-appearance.test.mjs:1:1
✖ tests/vehicle-appearance.test.mjs
  'Promise resolution is still pending but the event loop has already resolved'

test at tests/vehicle-cell-membership.test.mjs:1:1
✖ tests/vehicle-cell-membership.test.mjs
  'Promise resolution is still pending but the event loop has already resolved'

test at tests/vehicle-destruction.test.mjs:1:1
✖ tests/vehicle-destruction.test.mjs
  'Promise resolution is still pending but the event loop has already resolved'

test at tests/vehicle-panel-runtime.test.mjs:1:1
✖ tests/vehicle-panel-runtime.test.mjs
  'Promise resolution is still pending but the event loop has already resolved'

test at tests/vehicle-panel.test.mjs:1:1
✖ tests/vehicle-panel.test.mjs
  'Promise resolution is still pending but the event loop has already resolved'

test at tests/viewport-bounds.test.mjs:1:1
✖ tests/viewport-bounds.test.mjs
  'Promise resolution is still pending but the event loop has already resolved'

test at tests/visible-cells.test.mjs:1:1
✖ tests/visible-cells.test.mjs
  'Promise resolution is still pending but the event loop has already resolved'

test at tests/volcano.test.mjs:1:1
✖ tests/volcano.test.mjs
  'Promise resolution is still pending but the event loop has already resolved'

test at tests/workflow-handoff.test.mjs:1:1
✖ tests/workflow-handoff.test.mjs
  'Promise resolution is still pending but the event loop has already resolved'

test at tests/workflow-policy.test.mjs:1:1
✖ tests/workflow-policy.test.mjs
  'Promise resolution is still pending but the event loop has already resolved'

test at tests/workshop-panel.test.mjs:1:1
✖ tests/workshop-panel.test.mjs
  'Promise resolution is still pending but the event loop has already resolved'

test at tests/world-movement.test.mjs:1:1
✖ tests/world-movement.test.mjs
  'Promise resolution is still pending but the event loop has already resolved'

test at tests/world-picking.test.mjs:1:1
✖ tests/world-picking.test.mjs
  'Promise resolution is still pending but the event loop has already resolved'

test at tests/world-selector.test.mjs:1:1
✖ tests/world-selector.test.mjs
  'Promise resolution is still pending but the event loop has already resolved'

test at tests/worship-acquisition-controller.test.mjs:1:1
✖ tests/worship-acquisition-controller.test.mjs
  'Promise resolution is still pending but the event loop has already resolved'

test at tests/worship-acquisition-runtime.test.mjs:1:1
✖ tests/worship-acquisition-runtime.test.mjs
  'Promise resolution is still pending but the event loop has already resolved'

test at tests/worship-acquisition-source.test.mjs:1:1
✖ tests/worship-acquisition-source.test.mjs
  'Promise resolution is still pending but the event loop has already resolved'

test at tests/worship-acquisition-vfx.test.mjs:1:1
✖ tests/worship-acquisition-vfx.test.mjs
  'Promise resolution is still pending but the event loop has already resolved'

test at tests/worship-admission.test.mjs:1:1
✖ tests/worship-admission.test.mjs
  'Promise resolution is still pending but the event loop has already resolved'

test at tests/worship-appearance.test.mjs:1:1
✖ tests/worship-appearance.test.mjs
  'Promise resolution is still pending but the event loop has already resolved'

test at tests/worship-approach.test.mjs:1:1
✖ tests/worship-approach.test.mjs
  'Promise resolution is still pending but the event loop has already resolved'

test at tests/worship-checkpoint-migration.test.mjs:1:1
✖ tests/worship-checkpoint-migration.test.mjs
  'Promise resolution is still pending but the event loop has already resolved'

test at tests/worship-panel-activity.test.mjs:1:1
✖ tests/worship-panel-activity.test.mjs
  'Promise resolution is still pending but the event loop has already resolved'

test at tests/worship-panel.test.mjs:1:1
✖ tests/worship-panel.test.mjs
  'Promise resolution is still pending but the event loop has already resolved'
