
> populous-first-dawn@0.1.0 check
> npm run typecheck && npm test && npm run parity:check && npm run orchestration:check


> populous-first-dawn@0.1.0 typecheck
> tsc --noEmit


> populous-first-dawn@0.1.0 test
> node --test tests/*.test.mjs

✔ live Mission3 adapters rotate an eligible Convert Wild producer behind training (87.255856ms)
✔ producer table preserves singleton priority, one stable pass, and signed counts (0.798985ms)
✔ producer capacity is checked before callbacks and after pre-table allocation (0.64046ms)
✔ checkpoint migration retains producer history and initializes each legacy AI independently (129.926376ms)
✔ authored early producer opportunities record native table attempts without changing later missions (1123.580362ms)
✔ Missions1/2 never enable type8 or idle type11/15 response follow-ups (238.514095ms)
✔ ordinary Missions1/2 allocate a real pre-table scan at their first producer opportunity (378.433571ms)
✔ normal first scans finish and repeat without a placeholder reservation (745.081988ms)
✔ ordinary Mission2 movement reaches a real response and resumes the scan checkpoint (415.868122ms)
✔ response allocation preserves native duplicate, disabled, cancellation and exhaustion gates (1.284104ms)
✔ early automatic training requires at least the native school capacity (304.32487ms)
✔ training capacity compares the native signed32-bit available total (0.95101ms)
✔ six followers share ground → area attack → ground orders, destroy the hut and regroup (539.456049ms)
✔ losing an acquired building rescans the area, fights a new person and retains the waypoint tail (217.574452ms)
✔ cancelling a reserved fight releases its reservation and the entire staged tail (164.430217ms)
✔ area targeting distinguishes an unbuilt plan from a partially constructed building (359.570011ms)
✔ arrival voices count approaching followers and fire once when they near the ordered area (763.094371ms)
✔ area approach, combat, arrival voices and queued destinations agree at 5–240 Hz and irregular rendering (1237.59073ms)
✔ pausing an unfinished music play preserves enabled sound and later resume (7.934468ms)
✔ late rejection from an older resume cannot cancel the newest playing request (2.462993ms)
✔ a superseded context resume does not submit an extra music play (2.23208ms)
✔ mute cancels pending playback without recreating the background timer (1.174292ms)
✔ dispose cancels pending playback without recreating the background timer (1.484251ms)
✔ the current playback failure still rejects rather than hiding a real media error (1.452244ms)
✔ current context errors propagate, while a disposed request cannot report a stale failure (0.733288ms)
✔ initial enable can finish while paused without turning the sound setting off (1.991964ms)
✔ enable reports cancellation when muted during its pending playback (2.466408ms)
✔ first visit and non-browser rendering keep the existing defaults without writing (2.546958ms)
✔ versioned zero/full volume restores without truthiness fallback or autoplay data (0.514032ms)
✔ malformed, unsupported and unsafe values fall back without overwriting the record (0.666539ms)
✔ only an explicit valid change writes the known preference fields and leaves other storage alone (0.414584ms)
✔ invalid programmatic values never persist or replace the last valid choice (0.418901ms)
✔ denied storage getter, reads and writes are safe session-only fallbacks (0.530507ms)
✔ restoring volumes does not create audio, enable playback, or change audio RNG/reset semantics (0.395056ms)
✔ authored origins survive initialization for all five currently live campaign bridge heads (1113.39865ms)
✔ ordinary Mission 2 worship creates the authored crossing and every live terrain turn matches it (1458.447559ms)
✔ legacy migration recovers only missing immutable origins without replaying active terrain (1222.397504ms)
✔ component checkpoint preserves authored birth caches when sampled terrain changes before the next visit (580.384721ms)
✔ pre-activation legacy save and mid-bridge checkpoint continue once at the authored origin (1663.515004ms)
✔ automatic Boat search filters native-ineligible vehicles and boarding shares the driver route (120.395897ms)
✔ music sections and ordinary ambient decisions match captured original execution (8.068487ms)
✔ percussion uses audio timestamps at low/high/irregular frame rates and skips stale starts (8.61641ms)
✔ Blast head reaches impact and native first/last wave visits launch enemies/allies (156.691996ms)
✔ Blast and follower presentation share elapsed time at low/high/irregular refresh rates (605.995159ms)
✔ projectile snapshots preserve pause, wrap and explicit placement without touching unrelated effects (43.690217ms)
✔ original Blast indexed visits, alliances, repeated impulses and damage gates (25.176779ms)
✔ live Blast delays allied launch, retains native flight height and restores commands after landing (183.274173ms)
✔ Blast and landing damage share original shields, protection, attacker and life wrapping (0.682242ms)
✔ wild followers land into their original state 8 without losing the unit (84.543844ms)
✔ a burning airborne follower keeps one panic clock and releases its native pose after landing (59.145576ms)
✔ Boat House launch matches native type-1 computer full ejection (123.912057ms)
✔ Boat House launch matches native type-2 human driver removal with retained occupants (61.81198ms)
✔ maintained checkpoint callsite waits for delayed false reads before reloading (7.466552ms)
✔ maintained checkpoint callsite rejects exhausted false reads without reloading (21.491109ms)
✔ maintained checkpoint callsite closes rejected reads without reloading (2.366519ms)
✔ rendered transport checker independently counts whole mixed-class craft (3.423387ms)
✔ rendered transport checker rejects partial, unrelated, duplicate and wrong-class groups (2.321773ms)
✔ transport pixel oracle retains real device scale and outward clip padding (0.5731ms)
✔ transport oracle preserves fractional scales and detects the old footer/hit failure (1.722114ms)
✔ readiness reads rebind after fresh page reload and on repeated calls (7.295338ms)
✔ readiness wait sequentially awaits false samples before accepting literal true (7.218695ms)
✔ a truthy non-boolean readiness field does not pass the wait (2.749317ms)
✔ read errors propagate and repeated unready samples time out without mutation (22.056473ms)
✔ maintained Mission 4 callsite awaits valid profile completion before continuing and reloading (9.487409ms)
✔ maintained Mission 4 callsite exhausts false reads without starting continuation (36.716196ms)
✔ maintained Mission 4 callsite accepts completion on the last read without a final pause (31.198213ms)
✔ maintained Mission 4 callsite rejects failed opens without starting continuation (1.682706ms)
✔ maintained Mission 4 callsite closes rejected reads without starting continuation (1.341119ms)
✔ maintained Mission 4 callsite closes a database when starting its read throws (1.566012ms)
✔ maintained Mission 4 callsite closes databases with a missing store and fails closed (10.242068ms)
✔ maintained Mission 4 callsite requires literal true before starting continuation (5.713462ms)
✔ building attack phases, entrances, damage and shake match native execution (46.387872ms)
✔ an entirely occupied world cancels special positioning instead of hanging (0.971831ms)
✔ live building assault enters, strikes, shakes and destroys via native damage accumulation (1215.133443ms)
✔ occupied building ejects a defender and the same native command resumes after winning (187.239073ms)
✔ building attack mechanics and poses are independent of rendering cadence (1250.022565ms)
✔ attacker death releases immediately; target loss rescans the area before completing (240.616056ms)
✔ native defence gate and shaking retain counter cadence, signed lifetime and collapse RNG (3.132095ms)
✔ cancelling or killing an attacker during its defender encounter releases the retained order (302.779299ms)
✔ complete native scenery clearing, shared waits and ownership requests (293.15298ms)
✔ complete native people clearing, shared waits and ownership requests (121.599608ms)
✔ live clearers harvest on-site trees, carry and deposit logs, then move bystanders before allocation (908.485801ms)
✔ clearing pauses without advancing and cancellation releases its native animation and route (144.221112ms)
✔ clearing bushes starts the original fire and retreats before the site is allocated (354.211651ms)
✔ occupant restoration and facing match native captures, including seams and backwards facing (6.339731ms)
✔ live exits retain position and sprite ownership for every building orientation (2141.022589ms)
✔ command cancellation uses shared exit restoration without changing the route start (40.228627ms)
✔ timber hauling matches native phases, movement, reservations, transfers, poses and clocks (31.089601ms)
✔ native building origins, exact ground writes and plan height initialization (249.335373ms)
✔ live rotated foundations use native vertices and preserve surrounding terrain (1103.044807ms)
✔ buildings retain distinct terrain handles after long effect-heavy games (44.389511ms)
✔ native descriptor data routes completed huts through kind 7 with resident capacities (1.040162ms)
✔ kind-7 hut rows place occupant and dismantle hit targets from native capacity (1.306057ms)
✔ training charge row keeps existing controls aligned after shared geometry extraction (0.228549ms)
✔ unbuilt plan priorities, validation, allocation and abandonment match native decisions (9.330573ms)
✔ leveling movement, animation, timers, terrain and sound match complete native task 8 (52.878772ms)
✔ live plans retain uneven ground, level visibly and wait for timber and crew clearance (2816.342649ms)
✔ a full shared order pool leaves a new plan unstaffed without leaking ownership (124.269072ms)
✔ simultaneous fetch deposits cap preparation work and preserve surplus timber (121.833213ms)
✔ unattended plans expire and redirected leveling workers release their sprite and route (176.734108ms)
✔ native preparation clears on-site timber before allocation without deleting its resource (380.474677ms)
✔ foundation settling, flooding and dock edges match original executable captures (72.107997ms)
✔ original wet-side tipping, drift, spin and sinking expiry retain complete native trajectories (94.972074ms)
✔ terrain collapse ejects before destruction, retaining its two-turn delay (0.270532ms)
✔ healthy buildings settle without entering repair; deformed and flooded buildings use distinct destruction (1219.353737ms)
✔ complete native cell validity and exact placement feedback (50.705886ms)
✔ placement protects reincarnation stones without a living Shaman and reserves buildings (1345.450891ms)
✔ building activity matches native geometry, clocks, speed, facing and animation requests (51.055692ms)
✔ live builders reach work poses, animate, pause, cancel and finish without stale sprites (586.119128ms)
✔ crews leave finished huts in all four orientations before the plan releases them (2465.253659ms)
✔ player construction orders approach natively and deposit carried logs before fetching (2103.947107ms)
✔ builder admission and stale-slot pruning match complete native calls (9.740926ms)
✔ construction dispatch, repair clocks and departure gates match native plan calls (14.291277ms)
✔ scheduled burning plans panic only unlocked builders on building cells (104.011072ms)
✔ repair smoke footprint and terrain refresh match native cell traversal (3.157873ms)
✔ two live builders dispatch one hauler on the original sixteen-turn phase (480.652518ms)
✔ later construction haulers skip timber reserved by an earlier search (167.936481ms)
✔ timber reservations reopen, drain and release on native transitions (0.336219ms)
✔ live plan capacities, duplicate orders and replacement workers share registration (123.559975ms)
✔ zoom retains native preset bounds and the existing 18-step timer (2.418487ms)
✔ render previews do not mutate native state and meet every committed step across all resolution tables (112.044817ms)
✔ 30/60/120/144 Hz and irregular preview schedules retain duration and every owned native configuration (14.990653ms)
✔ conversion observation requires the native victim-owner and replacement flags without world mutation (2.354452ms)
✔ death, ordinary births, startup conversion flags and enemy preacher ownership are not credited (0.510617ms)
✔ observation resets at mission boundaries and does not infer events across unobserved turns (0.214048ms)
{"label":"fixture","ready":true,"turn":1,"status":"playing"}
{"checkpoint":"mission-2-start","level":3,"status":"won","turn":1,"population":{}}
{"checkpoint":"mission-2-won","level":3,"status":"won","turn":1,"population":{}}
{"checkpoint":"mission-2-result","level":3,"status":"won","turn":1,"population":{}}
{"checkpoint":"mission-3-continued","level":3,"status":"won","turn":1,"population":{}}
{"checkpoint":"mission-3-won","level":3,"status":"won","turn":1,"population":{}}
{"checkpoint":"mission-3-result","level":3,"status":"won","turn":1,"population":{}}
PASS: fixed-turn diagnostic wins Mission 2, continues, and wins Mission 3; not real-clock gameplay
✔ sandbox adapter retains every existing assertion, turn bound and campaign action (4.423381ms)
✔ changed or duplicated maintained checker scaffold fails closed before browser execution (2.168276ms)
✔ late final screenshot completion cannot mark an aborted campaign scenario passed (10.931032ms)
✔ actual native triangles supplement the historical fixed anchor scan (4.808391ms)
✔ geometry candidates cannot bypass foreign object or DOM overlay ownership (3.194708ms)
✔ normal zero-dt frame refresh resolves stale panels while retaining simulation slots and clock (2.396023ms)
✔ presentation refresh cannot conceal a simulation change (2.774435ms)
✔ presentation reservation exception cannot conceal secondary slot allocation (1.917885ms)
✔ stale pre-refresh reservations fail instead of being normalized by the checker (1.688505ms)
✔ presentation refresh cannot conceal changed world Map entries (2.645564ms)
✔ occluded shrine fallback uses bounded ordinary camera drags and strict target re-probes (0.304862ms)
✔ the shipped right-drag mapping rotates 512 native angle units without panning (64.407585ms)
✔ Mission 3 trains a bounded Preacher group and retains identified HUD-reachable Braves (0.192886ms)
✔ additive native Ctrl-five requires the ordinary cancel/deselect before reserving workers (1304.8191ms)
✔ missing checkpoint does not suppress independent campaign progress (116.905607ms)
✔ malformed checkpoint does not suppress independent campaign progress (56.613255ms)
✔ partially migratable checkpoint does not suppress independent campaign progress (71.644278ms)
✔ incompatible checkpoint does not suppress independent campaign progress (36.412775ms)
✔ current valid checkpoint still restores and loads (107.006614ms)
✔ legacy valid checkpoint still restores and loads (185.85128ms)
✔ malformed stored checkpoint preserves usable session checkpoint and merges completion (76.684433ms)
✔ storage read failure retains in-session progress and checkpoint (103.772066ms)
✔ camera release alone does not make the startup Shaman selectable; observation is read-only (383.334009ms)
✔ readiness still rejects absent actors, global input locks and paused play (392.259859ms)
✔ Continue readiness waits on real RAF before suspension with the existing timeout (1.278877ms)
✔ the production wait polls synchronous false until native selection readiness (4.090566ms)
✔ Mission 3 Swarm target observation is read-only and chooses an actually castable enemy (1509.245809ms)
✔ Mission 3 Swarm eligibility does not depend on distance to the vault or unit array order (809.509919ms)
✔ Mission 3 Swarm diagnostic refuses missing stock, blocked input, cooldown and invalid enemies (972.103061ms)
✔ checkpoint readback awaits false reads before the actual true result (6.477736ms)
✔ checkpoint readback fails closed after bounded asynchronous false results (1.54115ms)
✔ attack approach points and search pool state match complete native queries (93.073658ms)
✔ fight/person pursuit, housed entry, waiting and retries match native visits (43.251427ms)
✔ attack search, march records and automatic retargeting match native dispatch boundaries (25.523889ms)
✔ arrival voices and reservation release replay native thresholds and compacted-list visits (2.653295ms)
✔ original automatic commands preserve normal queues, share one reference-counted record and handle allocation exhaustion (60.652566ms)
✔ native scan dispatch preserves pending bits, suppression, specialist selection and consumer call counts (0.932653ms)
✔ ordinary combat entry reveals a completed Spy disguise (279.49412ms)
✔ live campaign scan suppression consumes pending alerts without changing person counters or sprites (169.773256ms)
✔ dead building attackers release queued shaman-guard duty (120.684183ms)
✔ fight motion initializes its retained sermon without a native owner (106.462642ms)
✔ coastal response targets come from the corrected native cell, including its newly exposed edge (99.947682ms)
✔ tower counterattacks ignore hostile people in water (159.945232ms)
✔ coastal area/dismantling order preparation matches full native calls and retains flags on identical commands (1.109716ms)
✔ live same-cell followers share one automatic command 21 and resume their queued destination (187.013201ms)
✔ an on-foot Firewarrior owns one automatic response per cooldown and yields to player movement (739.297721ms)
✔ an on-foot Firewarrior repeatedly launches at and damages a completed enemy building (130.266832ms)
✔ automatic combat restarts a retained direct tree harvest instead of harvesting during battle (159.028943ms)
✔ live automatic combat consumes a pending worship scan without replacing command 27 (100.124143ms)
✔ live automatic allocation failure preserves its source and queued order (88.946799ms)
✔ live automatic sharing leaves a nonmatching same-cell peer untouched (113.701077ms)
✔ live preacher response retains its sermon queue and resumes conversion (74.395741ms)
✔ preacher response allocation failure consumes the scan without changing its queue (100.588632ms)
✔ complete pursuit, target setup and attack-area gates match native fields, RNG and consumer ordering (24.439652ms)
✔ full-fight waiting positions and fallback RNG match original terrain and collision execution (107.058817ms)
✔ mixed target collection, native distance bands, fight admission and reservations replay executable captures (11.063686ms)
✔ live followers choose closer enemies, distribute reservations, then fall back to a saturated target (216.757273ms)
✔ live mixed scans detect enemy footprints and prefer an eligible person in the same distance band (190.530787ms)
✔ automatic squads share native area orders and target capacity independently of render frequency (872.166888ms)
✔ live target priority joins a fight ahead of a solitary enemy in its distance band (88.501444ms)
✔ nearby automatic building attacks keep their command-21 target between detection visits (124.87779ms)
✔ automatic contextual priority matches original single and mixed-class captures (2.045524ms)
✔ live ground context follows native registered cells through rotations and world seams (119.837287ms)
✔ ground beside a hut moves the group, while its occupied cell enters it (136.864496ms)
✔ an exact tree click harvests, seeks a timber plan and otherwise returns to rest (213.635154ms)
✔ a queued ordinary-tree harvest keeps its cargo and advances the existing waypoint (559.287345ms)
✔ input feedback matches native ground-cell centers and suppresses flashes over pointed objects (0.458209ms)
✔ object commands retain the chosen identity through overlaps and array reordering (147.069729ms)
✔ live target choice follows captured native ownership for both tribes (2405.203663ms)
✔ construction command matches native registration, fallback ownership and task handoffs (78.084301ms)
✔ construction panel matches native submissions and corrects the unlinked second-row height (21.481097ms)
✔ construction workers can be selected, reassigned to dismantle, cancelled and restarted (791.743345ms)
✔ construction icons select the active worker record and respect its native eligibility (35.433078ms)
✔ original priming consumes no elapsed progress; each frame stops before batch overshoot (2.446578ms)
✔ separate calls continue from the original previous timestamp without re-priming (0.29029ms)
✔ a promise is never accepted as a truthy readiness predicate (0.771875ms)
✔ frame and object-turn exhaustion fail without extending a goal (0.351932ms)
✔ an explicitly bounded coastal position attempt can return unmet without hiding its limit (0.210573ms)
✔ abort and Scene/World replacement are detected across browser-task yields (0.581863ms)
✔ normal speed, unpaused commands, positive finite deltas and wall bound stay mandatory (0.559339ms)
✔ original-frame failures propagate without another step (0.242089ms)
✔ unexpected automatic elapsed frames during a yield are rejected (17.034571ms)
✔ Convert Wild scans, converts, animates, and casts through player and computer paths (139.757951ms)
✔ deselection matches native command flags for every selection byte (2.620145ms)
✔ cancel targeting first; deselection preserves shared marching orders, routes, RNG and pause (314.478948ms)
✔ deselection reaches retained work representations once, leaves enemy ownership alone (111.97924ms)
✔ deselected groups retain identical mechanics and poses at 5–240 Hz and irregular frames (926.374923ms)
✔ training selection eligibility reads command flags, independently of motion turning flags (297.443449ms)
✔ dismantling reassigns residents and queued braves, recovers all timber and removes the building in four orientations (798.818092ms)
✔ cancelling dismantling stops existing workers; new orders can staff an empty dismantling building (158.554061ms)
✔ dismantling outcomes and timber remain independent of render frequency (706.827165ms)
✔ mixed groups queue movement, dismantling and movement without redirecting ineligible warriors (456.995951ms)
✔ queued building entry can become dismantling; cancellation skips work while retaining the destination (391.515592ms)
✔ dismantling queue replacement and death release references while non-braves keep their current orders (250.79669ms)
✔ automatic combat pauses shared dismantling and resumes its retained order (83.695298ms)
✔ automatic combat completion follows the native circular dismantling queue (151.421905ms)
✔ automatic combat allocation failure keeps dismantling state intact (102.571566ms)
✔ queued dismantling, timber and following movement agree at 5–240 Hz and irregular frames (851.650509ms)
✔ drag borders match original screen extrusion, texture coordinates and terrain crossings (39.00126ms)
✔ native area commands retain tower/training exclusions, current-order lookup and actual land membership (5573.732249ms)
✔ a real trainee remains drag-selectable on entry and becomes excluded only in the native interior phase (228.821058ms)
✔ fetching builders are selected at their active task-7 position (24.092587ms)
✔ world drag geometry matches captured native seams, camera bearings, clamps and degenerate drags (4.180129ms)
✔ live drag selection matches native flags and group voices without changing simulation ownership (928.152913ms)
✔ Mission 3 periodic raid preserves native mask, strict thresholds and arguments (2.560126ms)
✔ Mission 3 naturally grows both tribes and recruits the authored three-Brave raid (13319.38039ms)
✔ Earthquake matches the native initializer and central deformation phase (5.119223ms)
✔ Earthquake building scans preserve protected models, RNG and ejection-before-damage (0.495565ms)
✔ live Earthquake casts, damages and deforms independently of refresh rate (298.83622ms)
✔ Mission 1 counts authored primary effects before the opening (295.303789ms)
✔ Mission 1 keeps the allocation phase across pause, checkpoint and restart (397.334649ms)
✔ Mission 2 counts authored primary effects before the opening (106.697067ms)
✔ Mission 2 keeps the allocation phase across pause, checkpoint and restart (319.013358ms)
✔ Mission 3 counts authored primary effects before the opening (50.906446ms)
✔ Mission 3 keeps the allocation phase across pause, checkpoint and restart (300.083619ms)
✔ early-level effect phase remains fixed-turn owned across frame schedules (1001.667506ms)
✔ prospective declaration binds the exact constructor return before immediate first processing (5.586816ms)
✔ wrong first target and second creation fail permanently without replacing or mutating controllers (1.913808ms)
✔ duplicate declarations invalidate the original instead of overwriting or rearming it (2.122418ms)
✔ late declarations cannot bind a preexisting controller; close is idempotent and never auto-rearms (0.176682ms)
✔ a constructor exception retains its identity and cannot bind a partial object (0.278613ms)
✔ constructor diagnostic binding failures never change the returned object or its immediate step (0.81573ms)
(node:807) ExperimentalWarning: stripTypeScriptTypes is an experimental feature and might change at any time
(Use `node --trace-warnings ...` to show where the warning was created)
✔ constructor output and wrapping match pinned original source with declaration disabled and enabled (2.757881ms)
✔ all 64 visits match pinned uninstrumented source with observation disabled and enabled (77.652093ms)
✔ actual application errors keep their identity, partial state, receiver and call count (6.691906ms)
✔ read copies and later game writes cannot change each other or historical capture (1.029096ms)
✔ active callback wrappers preserve their original return values (0.941808ms)
✔ copy failure and overflow invalidate evidence without skipping the original body (17.212932ms)
✔ after-copy diagnostic failure cannot replace an application exception (1.28072ms)
✔ a thrown empty string permanently invalidates capture while all original calls continue (1.119691ms)
✔ a thrown empty stringifier permanently invalidates capture while all original calls continue (1.0111ms)
✔ a thrown zero permanently invalidates capture while all original calls continue (0.950149ms)
✔ a thrown false permanently invalidates capture while all original calls continue (0.828649ms)
✔ a thrown null permanently invalidates capture while all original calls continue (1.322542ms)
✔ a thrown undefined permanently invalidates capture while all original calls continue (0.763893ms)
✔ an empty diagnostic throw cannot replace an application exception (0.989868ms)
✔ diagnostic append failure disables capture and still invokes the body once (0.814678ms)
✔ no observer or detached capture makes no diagnostic copy and invokes the body once (0.982808ms)
✔ capturing a live controller does not change any World field or completed turn (source fixture) (623.647106ms)
✔ scenario cleanup preserves the original thrown undefined value (3.993514ms)
✔ scenario cleanup preserves the original thrown null value (1.173921ms)
✔ scenario cleanup preserves the original thrown false value (0.149342ms)
✔ scenario cleanup preserves the original thrown 0 value (0.122101ms)
✔ scenario cleanup preserves the original thrown  value (0.165335ms)
✔ scenario cleanup preserves the original thrown Error: synthetic primary value (0.223171ms)
✔ startup-smoke uses the ordinary prefix and cleanup without capture or worship (2.647447ms)
✔ startup binding retries only real TimeoutError and retains diagnostics without repeating physical inputs (2.474ms)
✔ startup binding propagates non-timeout and lookalike errors immediately with exact identity (1.155875ms)
✔ a binding success after the startup deadline is rejected before readiness or later work (0.427795ms)
✔ a preserving stop arriving during a successful bind rejects before later work (0.59345ms)
✔ Skip dispatches once without a navigation barrier and still waits for original-actor readiness (0.649083ms)
✔ Skip action errors retain identity and never cause a second physical click or readiness continuation (0.394795ms)
✔ real named-scenario CLI import reaches the missing-plan guard before browser/server setup (521.427125ms)
✔ combined corrected producer has identical full World state with capture disabled and enabled for all64 visits (1615.441932ms)
✔ lifecycle wrapper preserves original exception identity and exactly one callback (238.537601ms)
✔ the actual harness Vite launcher must resolve inside the pinned package closure (1255.312407ms)
✔ immutable compiler identity includes nested executable chunks and declared dependencies (3.965942ms)
✔ polling rejects stop or timeout arriving during an awaited ready predicate (0.783091ms)
✔ external launch plan rejects wrong source, compiler, dirty source, bounds and reused path shape (5.071393ms)
✔ all 64 captured calls with worst-case signed heights fit the 32MiB replay input bound (122.509142ms)
✔ original Mission 3 Shaman can plan to the unused Erosion head on a clone (91.551181ms)
✔ source correspondence accepts exact bytes or inline maps containing the pinned source (2.761205ms)
✔ module read covers all eight prescribed scripts using only observational CDP calls (9.751895ms)
✔ missing required module is rejected before a source read (2.223308ms)
✔ a required module parsed under another origin does not satisfy admission (2.807634ms)
✔ two script identities for one required module are rejected (2.708167ms)
✔ required modules from different execution contexts are rejected (2.729559ms)
✔ a stop arriving during an awaited source read prevents any result or next read (2.021278ms)
✔ dispose removes its parsed-event listener and detaches without removing other listeners (1.126761ms)
✔ authored Mission 3 activation runs the first native Erosion call immediately and only once (389.002668ms)
✔ multiple authored targets process in link order at activation and newest-first on later visits (60.432726ms)
✔ activation queues radius6 texture updates and notifies before allocating the next target (189.651229ms)
✔ repeated rewards get one initial visit each and exhausted rewards never allocate again (160.072627ms)
✔ live Erosion casting deforms terrain independently of refresh rate (754.040499ms)
✔ a newer Lightning consumes simulation RNG before Erosion (31.114346ms)
✔ original cleanup, center, terminal release/counters and recovery match native captures (9.933257ms)
✔ last opponent death ends the fight, credits its winner once and returns a survivor to commands (245.738683ms)
✔ live separation uses the squared eight-unit boundary (269.068327ms)
✔ a native interruption detaches its slot and protected survivors defer state recovery (74.391484ms)
✔ fight completion, recovery and RNG agree at 5–240 Hz and irregular frame schedules (356.827062ms)
✔ Firestorm emits its complete native 220-turn rain sequence (13.369102ms)
✔ live Firestorm composes fire, panic Blast and building ignition independently of refresh rate (598.753833ms)
✔ Firewarrior row15 has its own eight-direction five-frame firing family (1.43597ms)
✔ firing pieces use disjoint 32px subslots while every old atlas origin stays fixed (30.913825ms)
✔ actual ranged body matches owned native visits: person-entry-walk-frame3 (1.901119ms)
✔ actual ranged body matches owned native visits: person-entry-idle-frame4 (0.257872ms)
✔ actual ranged body matches owned native visits: person-recovery-boundary-present (0.293235ms)
✔ actual ranged body matches owned native visits: person-wait-entry-present (0.241047ms)
✔ actual ranged body matches owned native visits: person-wait-entry-gone (0.105567ms)
✔ actual ranged body matches owned native visits: person-cooldown-entry (0.08828ms)
✔ actual ranged body matches owned native visits: person-cooldown-expiry (0.200207ms)
✔ actual ranged body matches owned native visits: person-cooldown-cleared (0.167889ms)
✔ actual ranged body matches owned native visits: building-entry-walk-frame3 (0.285544ms)
✔ actual ranged body matches owned native visits: building-entry-idle-frame4 (0.443928ms)
✔ actual ranged body matches owned native visits: building-recovery-boundary-present (0.132096ms)
✔ actual ranged body matches owned native visits: building-wait-entry-present (0.09431ms)
✔ actual ranged body matches owned native visits: building-wait-entry-gone (0.095812ms)
✔ actual ranged body matches owned native visits: building-cooldown-entry (0.066418ms)
✔ actual ranged body matches owned native visits: building-cooldown-expiry (0.16893ms)
✔ actual ranged body matches owned native visits: building-cooldown-cleared (0.172296ms)
✔ native Firewarrior resting source720 resolves its actual original frames (1.760632ms)
✔ Flatten follows the native 15-turn terrain and orbit lifecycle (11.141104ms)
✔ live Flatten casting is refresh-rate independent (1910.91822ms)
✔ persistent follower controls retain native descriptor order and class HFX ownership (3.77502ms)
✔ live own class totals enable controls independently of training knowledge or occupancy (86.181252ms)
✔ reading the follower strip does not mutate simulation or selection state (180.064492ms)
✔ shipped G task classification follows deferred native adoption without mutating HUD reads (148.564577ms)
✔ specific legacy work overrides dormant idle while real native disruption remains authoritative (123.634221ms)
✔ construction, pre-entry, actual entry and native idle routes use their own categories (42.967869ms)
✔ task selection preserves orders and RNG during a real movement command and propagates occupied groups (58.412551ms)
✔ live task count reads nearby camera coordinates without creating or registering people (63.186992ms)
✔ real boarding through a route owner overrides a dormant native person for Selected task propagation (54.884323ms)
✔ task classifier preserves every recovered native state and command category (2.78427ms)
✔ inside classification follows building category and the Preacher command exception (0.277612ms)
✔ global existence and nearby task counts are independent; selected overlays preserve native addition (1.724588ms)
✔ task selection ignores persistent-strip assignment priority and uses category nearest (0.466943ms)
✔ Selected row click/Shift deselect, Ctrl reselects nearest without changing its work or the group (0.590646ms)
✔ Total single/five can select the Shaman while Shift excludes it (1.182234ms)
✔ task focus filters category and cycles with the Shaman nearby exemption without mutation (0.487953ms)
✔ vehicle creation and frame cache use apparent tribe, including checkpoints and legacy fallback (723.857735ms)
✔ vehicle damage immunity follows apparent tribe while real-owner counts stay unchanged (81.424967ms)
✔ live Blast projects class4 apparent tribe without changing the real owner (125.548139ms)
✔ ordinary live boarding exposes class vehicle counts, all passengers and independent owner fields (646.516975ms)
✔ Spy boarding uses immediate target bits, later boarding rewrites owner and exit preserves apparent owner (43.183739ms)
✔ split owner and occupied selection survive checkpoint, legacy vehicles use real team fallback (56.980352ms)
✔ destroyed last vehicle keeps presence during its visible wreck and cannot select or focus (50.963277ms)
✔ shipped disguise command aboard publishes apparent ownership through completion and countdown (108.784666ms)
✔ legacy occupied checkpoint retains apparent fallback across voluntary unload (144.32575ms)
✔ first and later boarding, either exit and reuse preserve the native two-owner contract (578.318466ms)
✔ occupied class reads rebuild from current passengers rather than stale row totals (49.514318ms)
✔ transport presence uses real ownership and survives an empty count (2.348974ms)
✔ class filter acquires a vehicle and selects all eligible passengers; Ctrl counts vehicles (1.040543ms)
✔ driver command priority, matching-passenger distance and vehicle nearby boundary remain distinct (0.279345ms)
✔ native reverse vehicle-list focus cycles, variants reacquire, and selected/blocked occupants can focus (0.751425ms)
✔ footprint history matches native ring replacement and its per-cell pixel counts (649.045265ms)
✔ partial footprint shading equals a complete native-palette atlas rebuild (1625.337857ms)
✔ live walking footprints use the elapsed animation clock, including pause and disabled trails (344.350532ms)
✔ live turn preserves native tribe order, inactive skipping and next-turn formation admission (1748.374368ms)
✔ actual recruited groups wait a turn and then steer before member physics (141.548616ms)
✔ render cadence and idle production worship hooks cannot change gameplay, RNG or owned animation state (13997.342409ms)
✔ paused time stays paused; long active frames retain elapsed time (141.608828ms)
✔ campaign messages use the presentation clock and freeze while paused (252.349308ms)
✔ campaign pending auto-open waits for settled motion and consumes one oldest record per presentation visit (68.172949ms)
✔ scenery shade follows cell occupants through overlap, depletion and regrowth (80.496123ms)
✔ rotated building plans keep their anchor, entrance routes and orientation through construction (855.07907ms)
✔ Lightning ignites only its building footprint, then evacuates, damages and permits repair (531.881475ms)
✔ Lightning burns original scenery through smoke and cleanup without leaking fire state (77.941298ms)
✔ native impacts expire on exact turns and debris preserves the sprite allocation counter (89.685951ms)
✔ terrain rebuilds preserve queue precedence and initialize the original mission before sampling (19.761213ms)
✔ territory preserves native footprint asymmetry, overlap clearing and staggered recovery (3.480493ms)
✔ opening tooltips resolve mission cells and have an independent lifetime (38.956526ms)
✔ original level layout, native foundations, and the complete mission (4544.915386ms)
✔ housing, mana allocation, pause, drowning, and reincarnation (741.71456ms)
✔ ordinary land deaths keep the native corpse lifecycle (193.689969ms)
✔ native transformed compound bases stay on their ground pads (39.840464ms)
✔ native animation identity, casting interruption, gradual terrain and blast survival (450.866107ms)
✔ native economy uses fixed turns, population bands and real hut upgrades (1005.543556ms)
✔ lightning hits a native map cell and Blast leaves allied health intact (55.491871ms)
✔ native integer movement and combat exchanges preserve timing, retaliation and replay (386.513258ms)
✔ native fight slots form four-person groups and release on interruption (115.390108ms)
✔ native sound cues preserve sample identity, cast phases and simulation randomness (155.765976ms)
✔ native Lightning delays the upper flash and regenerates eight segments for three turns (62.4757ms)
✔ native spell allocation, discrete flight, RNG trails and delayed impact (644.39336ms)
✔ native terrain ridges, reflected diagonals, surface planes and boundary vertices (2.074918ms)
✔ original campaign setup disables only enemy reincarnation and retains deferred commands (266.763479ms)
✔ mission-one AI applies its native spell interval profile on the original phase (105.818895ms)
✔ mission-one closes its construction latch after the first Red hut (33.52287ms)
✔ campaign marker setup snapshots native entry state before live execution (68.416471ms)
✔ mission marker task sends one reserved brave to marker one (79.245464ms)
✔ mission-one ordinary marker guard patrols and answers nearby enemies (89.472014ms)
✔ campaign markers remove the bridge head on the native phase, independently of routing (101.322761ms)
✔ campaign counters track allocation and remaining head gifts through gameplay (114.526336ms)
✔ worship decays without followers and continues at full spell stock (168.687753ms)
✔ vault discovery follows worship, door, entry and exit tasks (235.553175ms)
✔ vault allocation preserves the current order when the shared pool is full (126.208405ms)
✔ original discovery messages follow script phases, persist and reset (113.314714ms)
✔ partial building queries consume their mode once and marker triggers bypass worship (34.933542ms)
✔ original opening runs before object turn 72 and its independent flyby clock can be interrupted (128.610606ms)
✔ native outcome phases honor campaign opponents, forced results and defeat recovery (321.649316ms)
✔ tribe gates suppress scripts and AI while object turns and eligible cooldowns keep their native phases (295.647969ms)
✔ emergency casting preserves queued work and preacher responses keep their own payment rules (75.653882ms)
✔ mission-one AI casting uses the live shaman state and cast-block flags (341.61262ms)
✔ live spell scans use population thresholds and building territory with delayed overlap recovery (199.43657ms)
✔ original campaign stops Dakini Blast casting after its second allocation (333.273671ms)
✔ campaign attack commitment follows living warrior counts on its original turn (321.003727ms)
✔ mission-one Dakini launches its native attack route when Blue enters marker three (190.51976ms)
✔ mission-one Dakini launches its later building attack when Blue overwhelms it (185.665111ms)
✔ mission-one Dakini pursues a fallback shaman by exact command target (46.515151ms)
✔ computer attack exhausts native scans and retreats below its surviving-member threshold (0.478039ms)
✔ computer attack pool exhaustion skips hostile dispatch and retires through native empty scans (92.990425ms)
✔ queued training keeps its selection lock until issuing the order and frees its slot after arrival (0.743963ms)
✔ mission-one red AI queues exact task 6 below one warrior and executes live training (127.787906ms)
✔ mission-one red AI does not reserve a second brave already committed to warrior training (40.371064ms)
✔ external game store publishes edits and restarts without sharing worlds between sessions (351.528855ms)
✔ mission-one victory continuation creates and restarts the recovered mission-two world (298.518445ms)
✔ mission-two Totem route reaches the Tornado guidance and use instruction (1458.136281ms)
✔ mission-two enemy marker orders nearby Matak defenders to counterattack (365.122262ms)
✔ game store checkpoints restore an isolated exact world snapshot (143.313835ms)
✔ computer recruitment preserves wrapped-distance ties and native command eligibility (1.053353ms)
✔ group orders share references and release their object only after the final follower leaves (1.056467ms)
✔ AI reservation enters native selection state and releases through the normal person initializer (1.28097ms)
✔ training order startup uses configured speed and preserves only a compatible building occupant (1.417763ms)
✔ native training queue yields to an untrained follower and releases its new head (1.165528ms)
✔ live followers reach rotated native doors before entering buildings (948.222488ms)
✔ building admission preserves native slot order, training activity and shared commands (1.855823ms)
✔ training replaces a whole batch, inherits the first occupant order tail and rolls back partial allocation (1.637679ms)
✔ live mana refunds wait for a pulse and computer training receives only the original first pass (46.51347ms)
✔ follower mana uses native preacher orders, registration and ghost flags before tribe scaling (84.710083ms)
✔ live spell reach follows terrain height and enemy casts require and spend native mana (129.365867ms)
✔ native casting lockout survives animation and computer usage recovers one charge at a time (100.742312ms)
✔ spell targeting preserves native cell allowances and wrapped coordinate seams (109.201057ms)
✔ native spell scans retain slots and Blast scoring avoids friendly concentrations (59.217582ms)
✔ defeat seeds native building collapse and staged damage ejects occupants before removal (105.748492ms)
✔ building display stages follow remaining work and retain separate complete meshes (40.825923ms)
✔ results preserve pending turns, collapse defeated settlements and reject new orders (394.978005ms)
✔ result camera crosses the world seam, releases input and retains native sky timing (7.776484ms)
✔ victory owns persistent native followers, drops cargo and pauses logical animation (85.248702ms)
✔ live blocked followers retain native detour steering and recovery timers (29.115074ms)
✔ live celebrants obey native walk masks and survive the legacy ground-height cutoff (30.335554ms)
✔ live completed-building footprints relocate and clear on removal (35.623587ms)
✔ live native cell order follows arrivals and removes dead records (62.79607ms)
✔ live cell insertion repairs a stale head left by a removed person (1.063378ms)
✔ dead vehicle passengers release their slots and driver position (40.629072ms)
✔ live native preparation consumes reroutes and completes slow turns and reactions (28.252184ms)
✔ interrupted victory followers resume through native orders and rejoin celebration (27.362885ms)
✔ native idle approach composes with shared state and original resting animation (28.385942ms)
✔ native resting ownership allocates distinct slots and compacts after a follower leaves (33.098051ms)
✔ native route reuse shares ownership and live celebration releases each follower (84.990008ms)
✔ native route construction retries expired failures and stores the original bounded path (41.695734ms)
✔ native path search packs a trimmed route and preserves distinct vehicle retry flags (64.817427ms)
✔ native wrapped route smoothing respects blocked steps and measures retained segments (62.015919ms)
✔ native obstacle solving builds a world-seam detour and rejects a blocked destination (67.317496ms)
✔ native planned routes use the recovered solver and advance shared followers to their goal (27.153645ms)
✔ native boarding checks the first boat and landing requests reserve distinct original search cells (0.742261ms)
✔ live native routes release query ownership, expire failures and walk low shoreline (130.76006ms)
✔ live followers share routes, advance before exact arrival and release every owner (127.314954ms)
✔ hut families are selected once, shared with shapes and retained through upgrades (68.795218ms)
✔ mission-one low population response assigns and releases persistent shaman escorts (127.954784ms)
✔ shaman escort uses native pursuit cadence and strict boundaries (0.80867ms)
✔ Mission 5 Boat worship emits its original one-shot tutorial (370.982254ms)
✔ Mission 5 grants, boards, sails, lands and checkpoints its original Boat (396.605609ms)
✔ Ghost Army casts, spawns native ghosts, accepts orders, vanishes in combat, and follows AI (367.399762ms)
✔ world-view terrain matches captured native mesh order, projection and lighting (186.301575ms)
✔ overview drag/release matches native snapshots and every star-parallax step (2.533368ms)
✔ overview morph timing matches the original complete lifetime snapshots (0.989668ms)
✔ Ctrl starts followers immediately, appends shared waypoints and ordinary click ends the sequence (341.839286ms)
✔ eighth Ctrl click and Alt final click deselect without cancelling issued orders; right-click ends staging (213.960748ms)
✔ queued ground movement preserves every turn, RNG, poses and footprints at 5–240 Hz and irregular frames (1319.226866ms)
✔ continued queue allocation failure retains issued orders, and an ordinary replacement releases them (100.396609ms)
✔ an enemy-person order waits behind a waypoint and advances when its target becomes unavailable (410.2568ms)
✔ ground waypoint handoff uses each playable class default initializer (337.371261ms)
✔ ordinary person turns apply native follower and Shaman healing without reviving excluded units (128.55129ms)
✔ live health adapter preserves airborne/state exclusions and combat status flags (57.148097ms)
✔ each original healing model receives exactly one recovered increment on the eighth turn (81.237038ms)
✔ a follower injured by the shipped missing-building release path later heals on an ordinary turn (31.750135ms)
✔ healing follows simulation turns across speed, refresh cadence, irregular frames and pause (868.864636ms)
✔ checkpoint migration preserves the next native healing turn (55.611909ms)
✔ building admission clocks match captured native blocks (7.046232ms)
✔ followers visibly cross the native interior threshold before housing consumes their command (1694.918152ms)
✔ simultaneous arrivals respect hut capacity and cancellation releases the scoped animation and route (233.539939ms)
✔ hut slots remain authoritative through a departure, replacement and birth turn (93.711612ms)
✔ fire interrupts entry without retaining its walking sprites or command record (64.818285ms)
✔ staged entry positions, RNG, admission and sprite clocks are independent of rendered frame rate (489.428321ms)
✔ entry re-plans interrupted steering and releases its source when the hut becomes unavailable (96.810654ms)
✔ scaled native panel and bottom-row digits remain above the modern footer (2.262475ms)
✔ HUD keeps preferred manual sizes and the original nominal auto steps when they fit (0.24908ms)
✔ HUD extraction retains the page client-component directive (0.864402ms)
✔ HUD selection and focus match captured original commands without changing other person fields (9.338212ms)
✔ HUD controls add followers without stealing simulation ownership or replacing marching orders (205.882014ms)
✔ building menu waits through delayed false images before continuing (13.971713ms)
✔ building menu exhausts its existing 30000 ms scope without continuing (243.665301ms)
✔ building menu propagates failed texture acquisition without retrying (2.340001ms)
✔ building hover Mission 1 waits through delayed false images before continuing (3.367395ms)
✔ building hover Mission 1 exhausts its existing 30000 ms scope without continuing (250.812963ms)
✔ building hover Mission 1 propagates failed texture acquisition without retrying (1.868491ms)
✔ building hover Mission 2 waits through delayed false images before continuing (3.450308ms)
✔ building hover Mission 2 exhausts its existing 30000 ms scope without continuing (184.210867ms)
✔ building hover Mission 2 propagates failed texture acquisition without retrying (1.59771ms)
✔ worship Tutorial waits through delayed false images before continuing (7.114812ms)
✔ worship Tutorial exhausts its existing 30000 ms scope without continuing (446.412612ms)
✔ worship Tutorial propagates failed texture acquisition without retrying (2.314593ms)
✔ worship Mission 1 waits through delayed false images before continuing (3.19631ms)
✔ worship Mission 1 exhausts its existing 20000 ms scope without continuing (159.299798ms)
✔ worship Mission 1 propagates failed texture acquisition without retrying (4.266027ms)
✔ repeated helper calls acquire the replacement document image (3.67496ms)
✔ only literal true permits readiness, never a truthy observation value (0.53271ms)
✔ late true is rejected after the awaited read settles, without another observation (2.350587ms)
✔ the last pause fits the deadline and no read starts after it (3.383368ms)
✔ invalid wait bounds fail before reading (0.586479ms)
✔ shaman health fill follows native integer bounds and absent/overfull cases (3.27697ms)
✔ HUD atlas metadata matches the PNG and contains every imported sprite (7.059731ms)
✔ portrait backgrounds and shadow-free directional layers match native captures (2.591034ms)
✔ tooltip bitmap placement and wrapping match the original desktop controller (80.384619ms)
✔ mana production stripes follow native rates, warning bands and controller modes (16.884694ms)
✔ live mana estimation uses the simulation clock and follows charging toggles (193.473734ms)
✔ follower counts, icon placement and housing fill match native HUD controllers (6.495725ms)
✔ population readouts exclude dead followers and reserve the shaman allowance (46.535942ms)
✔ hut birth clocks and destinations match captured original calls (4.370463ms)
✔ live newborns leave the hut and keep native birth feedback and gates (160.280869ms)
✔ hut smoke uses descriptor attachment slots, independently of resident capacity (11.884447ms)
✔ hut occupancy producer samples real occupancy every 32 building turns (3.233797ms)
✔ partial root uses the native 16-visit visible lifetime and restart draw (0.413133ms)
✔ full root is persistent and does not invent the unresolved child-puff phase (1.873168ms)
✔ all supported residential hut capacities switch partial to full at their native capacity (0.277041ms)
✔ visual frames stay on the recovered 16-frame sequences (0.196822ms)
✔ immediate occupancy events preserve capacity, phase and same-mode root identity (1.24038ms)
✔ drain elapsed old-root visits before an off-phase event without backdating the new root (0.801049ms)
✔ listeners are transient, identity-scoped and released through material disposal (1.017028ms)
✔ multiple presentation consumers unsubscribe independently without resetting each other (0.152046ms)
✔ live command8 owner publishes authoritative entry/removal for Hut level 1 (270.994122ms)
✔ live command8 owner publishes authoritative entry/removal for Hut level 2 (333.973533ms)
✔ live command8 owner publishes authoritative entry/removal for Hut level 3 (169.550369ms)
✔ ordinary Mission2 admission includes the new smoke root in that turn’s effect visit (6602.516442ms)
✔ pre-building occupancy removal receives one first visit, including counter wrap (226.398646ms)
✔ out-of-turn allocation survives pause; commands while paused remain rejected (275.197359ms)
✔ new-root completion is identity-scoped and one-shot for same-turn transitions (0.317782ms)
✔ batched turns and repeated rendering preserve the native first lifetime (271.338976ms)
✔ turn completion callbacks are clock-specific and are discarded on a failed turn (49.255454ms)
✔ observer forwards each original render receiver, arguments and exact result without a synthetic call (4.115674ms)
✔ observer propagates the exact original render exception and never takes a successful-frame sample (0.491359ms)
✔ diagnostic identity and readback errors remain bounded without changing original render results (0.768099ms)
✔ observer refuses to overwrite a later renderer owner during close (0.20232ms)
✔ Lightning retires a 3-resident hut root after fire initialization (6684.034005ms)
✔ Lightning retires a 1-resident hut root after fire initialization (228.509216ms)
✔ Lightning retires a 0-resident hut root after fire initialization (144.957904ms)
✔ blocked ignition preserves the completed root and its real residents (98.480259ms)
✔ repeat ignition does not reset fire or mutate surviving children (97.545893ms)
✔ paused restore retires historically saved burning roots while preserving children and legacy completed huts (130.295447ms)
✔ Spy command15 ignition retires the same occupied-hut root (90.567158ms)
✔ hut maturity and cell timber match captured original calls (2.658963ms)
✔ residents fetch and stage timber before their hut upgrades (622.649025ms)
✔ Hypnotise uses the native footprint, temporary ownership, expiry, and AI target path (920.744595ms)
✔ Invisibility marks the native six, does not refresh, and reveals on time or combat (612.835071ms)
✔ player and computer casts share Invisibility application and old saves migrate (175.619026ms)
✔ complete Land Bridge lifetimes match native terrain, ordered trails and notifications (1278.2825ms)
✔ live bridge terrain and particle cleanup are identical across refresh rates and stalls (3221.828535ms)
✔ ordinary Mission1–3 startup uses native terrain, authored gates and real conversion (690.274703ms)
✔ native opening excludes Shaman selection, without inventing a casting restriction (136.115804ms)
✔ checkpoint restore resumes every opening stage without replaying terrain/conversion (2678.886689ms)
✔ restart gets one fresh sequence; repeated flyby skip does not replay it (561.688516ms)
✔ only carrier-created stones are obstacles, while legacy sites keep their reservations (90.255898ms)
✔ opening wave, conversion and stone cues preload their existing original samples (14.002866ms)
✔ permitted opening casts enter native state22 and resume command18 without a stuck controller (1193.550133ms)
✔ fresh-load camera follows native cell-edge/center snapping and angle retention (0.395327ms)
✔ the command18 completion turn owns exactly one native person visit (406.71179ms)
✔ permitted state22 interruption and completion retain one counter increment per turn (343.95368ms)
✔ replacement player orders cancel startup before its counter write (165.052324ms)
✔ only the linked neutral startup conversion flash follows its replacement Brave (132.557287ms)
✔ a missing converted Brave does not retarget its flash or shorten the native expiry (106.101719ms)
✔ an invalidated command18 is consumed by the ordinary queue without completing the site (47.82277ms)
✔ original Lightning target gates, inclusive cap, attacker and electrocution phases (2.752932ms)
✔ live Lightning retains victims, displays native shock sprites, scatters survivors and cleans up (165.600257ms)
✔ Lightning outcomes and turn-by-turn poses are independent of rendering cadence (537.619054ms)
✔ live marching uses shared commands, original poses, separate slots and releases interruption/death/arrival ownership (625.685654ms)
✔ marching and resting preserve mechanics, footprints and sprite frames at 5–240 Hz and irregular frames (1199.834183ms)
✔ exhausted command pool preserves the previous movement and group ownership (101.289571ms)
✔ panic retains the real movement command and resumes its route after recovery (105.772304ms)
✔ obstacle recovery replans the owned group order and settles identically at 5–240 Hz (1835.114608ms)
✔ shared ground motion advances a retained route once before any state controller (178.174691ms)
✔ native432260 empty current slot returns before building live order context (110.294382ms)
✔ live worship shares an order, occupies exact slots, prays, earns gifts and releases interrupted/dead members (379.873822ms)
✔ live head rewards, displayed standing roster and group selection retain their distinct native rules (196.278269ms)
✔ worship motion, prayer frames, pose RNG and rewards are identical at 5–240 Hz and irregular frames (1062.870467ms)
✔ an unreachable head preserves the existing command without entering an unported retry state (162.163432ms)
✔ Ctrl waypoints finish at a stone head without replacing the current route or person (145.599733ms)
✔ training replacements inherit a queued stone-head order and perform the original prayer (124.461625ms)
✔ queued worship preserves turns, poses, RNG and rewards at 5–240 Hz and irregular frames (843.004412ms)
✔ local launch preserves sandbox and removes all unsafe Playwright defaults (1.729806ms)
✔ CLI accepts separate game root, owned output, browser and bounded settings (0.212055ms)
✔ CLI rejects unknown flags, missing values and unbounded inputs (0.213327ms)
✔ harness preserves the exact side-effect-free source fingerprint export (0.179366ms)
✔ source fingerprint catches dirty tracked and untracked byte drift with unchanged porcelain (117.575723ms)
✔ active scenario completing during timeout diagnostics cannot turn failure into pass (107.106694ms)
✔ active scenario completing during interrupt diagnostics cannot turn failure into pass (10.770004ms)
✔ ordinary native constructors restore the logical gate without adding interpolation behavior (317.259216ms)
✔ native person and Splash frames wait for logical visits while clear-bit effects keep 24 Hz (313.528296ms)
✔ each catch-up turn observes the prior frame before one post-observer logical advance (55.042078ms)
✔ ordinary owner aliases and a post-turn handoff never advance twice (235.039453ms)
✔ state0 and removed gated sources do not fall through to presentation advancement (74.866792ms)
✔ pause, land pause and speed changes preserve owned logical animation visits (32.070927ms)
✔ legacy save aliases gain the gate without resetting frames or replaying on a new Scene clock (34.437757ms)
✔ a Splash allocated after processing gets one animation visit but no invented lifetime visit (32.029435ms)
✔ morph transitions keep one presentation owner even on coincident logical boundaries (101.100361ms)
✔ Firewarrior descriptor holds are measured in eligible logical visits (31.944219ms)
✔ post-turn source replacement visits only the active record, including at turn wrap (39.636659ms)
✔ direct simulation ticks and presentation calls do not manufacture logical visits (41.213768ms)
✔ marching geometry, recruitment, cleanup, speed and poses replay complete original calls (36.151129ms)
✔ native movement completion preserves payload, seam and vehicle boundaries and four-turn cadence (3.851302ms)
✔ marching cleanup tolerates a member whose native record was already released (0.647881ms)
✔ outdoor and building encounter calls match captured original fields, timing, RNG and sound (90.133515ms)
✔ all playable encounter pairs show the opening strike, physical stagger and defender-centered fight (904.409509ms)
✔ encounters and their animations stay deterministic across render schedules (344.692714ms)
✔ the native skip-intro flag and player cancellation do not leave stuck encounters (66.407264ms)
✔ an encounter releases cleanly when an airborne participant returns to ordinary motion (33.251759ms)
✔ live fights refresh the first native player alert each object turn (113.095547ms)
✔ simulation owns quiet, attack and battle music activity across pause and cancellation (45.636653ms)
✔ native fight admission, replacement and splitting retain original slots, flags and RNG (5.585124ms)
✔ stronger reinforcements replace the first weaker ally and preserve a three-person tribe limit (188.746672ms)
✔ two-sided reinforcements split the last fighter of each tribe into a new live fight (89.513495ms)
✔ reinforced group motion and combat remain identical at every render cadence (390.113477ms)
✔ center changes preserve original membership slots for subsequent splits (45.130303ms)
✔ pursuit refresh uses the original inclusive axis threshold and signed coordinates (1.352636ms)
✔ live pursuit updates before reaching the old destination and reuses unchanged routes (828.171581ms)
✔ automatic engagement uses equal tribe ranges, whole cells and original scan cadence (58.348221ms)
✔ native inhibition and pending scans apply without giving idle shamans automatic attacks (42.443497ms)
✔ live move orders cross nearby enemies without the old distance interruption (61.049888ms)
✔ idle followers of either tribe pursue detected enemies at every render cadence (707.006785ms)
✔ group attacks hit busy opponents without restarting their action or facing (7054.302411ms)
✔ Magical Shield does not block native mode-one melee damage (56.545978ms)
✔ opportunistic reach is measured from the opponent slot with an exclusive 360-unit boundary (338.666336ms)
✔ group combat stays deterministic across render schedules and yields to player orders (322.112679ms)
✔ knockback waits for terrain physics to settle and preserves cell ownership (88.655222ms)
✔ hits during knockback survive physics and player orders do not teleport the person (40.139935ms)
✔ sliding recoil, native animation and recovery are independent of render cadence (377.336456ms)
✔ shamans and the native game flag suppress ordinary attack knockback (257.831302ms)
✔ fight sites use the native 32-turn search and retain groups when no site is available (44.638302ms)
✔ fight sites leave original building footprints even between periodic search visits (68.722403ms)
✔ sequential fight searches avoid other fight centers and release exhausted searches (1.008797ms)
✔ live groups relocate sequentially without sharing another fight center (54.258295ms)
✔ native approach reaches its slot from every direction and waits one turn to chase a moved slot (395.912823ms)
✔ approach uses native cell collision and preserves the person across attack, recoil and new orders (37.02815ms)
✔ approach, native animation and subsequent combat stay identical across frame rates (252.695926ms)
✔ native descriptor threshold chooses exact small and large corner dimensions (1.464892ms)
✔ 1x frame overlaps native corners in a 100x96 rectangle, bottom corners last (5.464284ms)
✔ 2x and partial tiles retain exact 1:1 corner/edge pixels and a transparent center (53.702601ms)
✔ frame is a separate overlay and does not change terrain, markers or click ownership (0.875959ms)
✔ minimap pixels, camera wrapping, rotated UVs and markers match native captures (103.516615ms)
✔ Mission 10 runs its first Totem deadline and second Totem Erosion sequence (16713.787419ms)
✔ Mission 11 opens with both enemy tribes and four original knowledge sites (160.271262ms)
✔ Mission 11 opponents build their first settlement and scripted BUILD_AT tower on native cadence (7646.703229ms)
✔ Mission 12 opens with all three enemy tribes and original knowledge (99.433869ms)
✔ Mission 12 starts its original turn-7 flyby once (155.04446ms)
✔ Mission 12 opponents request their first Guard Towers on native cadence (304.35123ms)
✔ Mission 12 opening remains deterministic through checkpoint migration (938.892785ms)
✔ Mission 13 opens with both enemy tribes and original knowledge (108.630279ms)
✔ Mission 13 starts its original Yellow turn-6 flyby once (133.780823ms)
✔ Mission 13 Balloon Hut knowledge is visible before construction (235.110238ms)
✔ Mission 13 Land Bridge uses native surface categories at low shore (34.789799ms)
✔ Mission 13 Balloon Hut repeatedly produces occupied airborne transport (727.676713ms)
✔ Mission 13 opening remains deterministic through checkpoint migration (623.492326ms)
✔ Mission 14 delivers both linked gifts and a castable Angel through shipped paths (1147.95824ms)
✔ Mission 15 ordinary Prison attack frees the captive and cancels the timer (347.606035ms)
✔ Mission 15 timer expiry locks input and kills the captive with enemy Lightning (196.976363ms)
✔ Mission 15 expiry stays latched if the Prison falls before Lightning lands (139.815533ms)
✔ Mission 15 captive Lightning branch requires an enemy caster, not the Prison cell (86.691836ms)
✔ Mission 16 worship grants Bloodlust and live combat consumes its status (768.765664ms)
✔ old checkpoints default Bloodlust stock without disturbing their world (60.078298ms)
✔ Mission 17 grants Armageddon and stages the native arena through the live cast path (1538.537301ms)
✔ Armageddon uses generic victory and defeat outcomes and restores control (1355.095042ms)
✔ Mission 18 loads its authored tribes and grants Armageddon and both Volcano rewards (4552.198019ms)
✔ Mission 18 starts its authored Red marker patrol through normal AI orders (223.332219ms)
✔ Mission 18 Armageddon restores its arena checkpoint and reaches both result directions (3799.718518ms)
✔ Mission 19 loads its authored objective and grants all three worship rewards (1939.281417ms)
✔ Mission 19 Teleport spends only accepted stock and resumes identically from a checkpoint (344.649311ms)
✔ Mission 19 warns once and gives Chumara loss priority over Dakini defeat (863.679576ms)
✔ Mission 2 naturally earns Matak kills and launches the organized raid (3896.751988ms)
✔ Mission 2 checkpoints retain kill ownership from the old red slot (69.981276ms)
✔ Mission 2 camp targeting takes the first model match without RNG (40.73015ms)
✔ Mission 2 producer matches native base, loss, capacity and resource boundary cases (502.150966ms)
✔ Mission 2 naturally establishes a new home Tower base and preserves phase3 checkpoint continuation (1624.161918ms)
✔ Mission 2 rebuilds after a real player army destroys both Towers, retaining its first construction base (12918.765188ms)
✔ Mission 2 explicitly trains replacement Warriors after natural combat despite zero producer preferences (8955.281158ms)
✔ Mission 20 loads its authored opening and four-stage linked chain (135.246487ms)
✔ Mission 20 worship consumes each head once and restores the live chain (3857.844649ms)
✔ Mission 21 loads its authored opening and first fault state (98.476735ms)
✔ Mission 21 converts worshippers and seals the first fault across a checkpoint (6193.496734ms)
✔ Mission 21 checkpoints one unsealed first-fault eruption without replay (5070.146455ms)
✔ Mission 22 opens with its solo Shaman, native heads, tribes and transport (127.147311ms)
✔ Mission 22 mode-3 head rejects an injected Brave supporting fixture (176.538288ms)
✔ Mission 22 nearby head is a one-shot presentation with no gameplay reward (358.82335ms)
✔ Mission 22 southern head delivers its delayed 600,000 mana gift after real worship (9682.017568ms)
✔ Mission 22 Shaman can steal, checkpoint and sail the authored enemy Boat (2373.031936ms)
✔ Mission 22 Shaman can claim the authored Balloon and complete the northern mana route (11324.825333ms)
✔ Mission 23 loads its authored tribes, Wildmen and worship chain (110.301713ms)
✔ Mission 23 enemy tribes grow their native settlements and populations (21388.881149ms)
✔ Mission 23 unlocks and repeats the native zero-mana gift through ordinary worship (1742.366845ms)
✔ Convert Wild allocation gates state and duplicates without cancelling existing work (2.036295ms)
✔ Convert Wild target retains density, wrap, tie, inclusive radius and list-centroid rules (0.575094ms)
✔ Convert Wild standability preserves initial target and tries only the first24 spiral positions (0.477239ms)
✔ Mission3 active type2 advances after allocation state is switched off (69.061242ms)
✔ type2 timeout clears motion before a blocked state transition and then frees the task (51.505776ms)
✔ type2 reads the active fight person even when its attack animation has no presentation source (49.920336ms)
✔ Convert Wild region lookup normalizes signed browser-native positions to unsigned words (0.347186ms)
✔ type2 casting preserves the real person flags2 readiness gate (42.060566ms)
✔ explicit flight person receives the allocation-safe return order without restarting its state (39.88247ms)
✔ explicit flight return preserves the complete world on order allocation exhaustion (71.334088ms)
✔ cast-ready flight-owned Shaman receives the type2 post-cast return on the same person (41.412744ms)
✔ type2 range reads actual signed person height rather than terrain beneath it (26.981192ms)
ℹ {"terrainHeight":146,"personHeight":896,"terrainRange":14,"personRange":24}
✔ Mission3 Chumara moves, spends its original shot and mana, then stops allocating at the population cutoff (1953.123209ms)
✔ Mission3 keeps idle follow-ups and area-summary automatic training unreachable (129.922625ms)
✔ ordinary Mission3 allocates a real pre-table response before ordinary production (306.473108ms)
✔ defense allocation preserves native caps, immediate empty-area cleanup and recycled scratch (0.731324ms)
✔ active defense suppression uses strict squared26 and wrapped cell distance (0.267657ms)
✔ native defense no-force fallback is a finite seven-visit lifecycle (0.548233ms)
✔ defense cleanup clears only matching assignment and native flag bits while preserving another lock (46.251971ms)
✔ lost early defense targets are invalidated before a different task dispatch (51.845757ms)
✔ defense Blast uses signed active-person height for native and flight-owned Shamans (200.724974ms)
✔ defense Blast reads active native, flight and non-presented fight positions in both range directions (245.741762ms)
✔ defense target collection preserves category caps, rejection rules and the omitted last spiral cell (1.430171ms)
✔ ordinary Mission3 intrusion produces a real type8 fallback, cleanup, repeat and checkpoint continuation (1360.063199ms)
✔ ordinary Temple acquisition and Preacher intrusion recruit a real Chumara defender with orders and movement (3324.704939ms)
✔ Mission 3 naturally trains a Blue Preacher, converts an authored Brave and resumes its mid-conversion checkpoint (4323.535061ms)
✔ a real movement command cancels the naturally acquired Blue sermon without converting its listener (2760.542729ms)
✔ natural Mission 3 conversion follows elapsed game time across display schedules (5552.052169ms)
✔ Mission 3 opens through original Chumara, Swarm, Temple and Erosion paths (2834.675456ms)
✔ single Preacher selector preserves native first-near/band order and strict distance boundaries (3.042682ms)
✔ single-person strict19 boundary, wrap, mode0 and invalid mode match native cases (3.509885ms)
✔ type11 waits for selection ownership and cancellation safely releases state14 and slot (142.722375ms)
✔ duplicate raw payload and failed allocator preserve native selection side effects (85.403921ms)
✔ Preacher allocator preserves native five-slot/state/signed-count boundaries (0.347355ms)
✔ 1103 replacement preserves all person/order state on allocation exhaustion (50.231243ms)
✔ natural Chumara training reaches marker3 Preacher task, checkpoint phases and movement (3422.351118ms)
✔ complete128-turn block preserves strict gates, command ordering and message lifetime (1.01865ms)
✔ 1103 retargets only active order30 in native state10/33 without restarting state (378.079094ms)
✔ cancelled blocked-state Preacher resets motion before the native state gate (41.158071ms)
✔ Mission 3 warns once when a naturally trained Chumara Preacher starts converting a Blue Brave (7659.118774ms)
✔ Mission3 authored raid allocation matches original: nominal accepted fixture (2.105211ms)
✔ Mission3 authored raid allocation matches original: state20 disabled (0.176351ms)
✔ Mission3 authored raid allocation matches original: one active raid reaches authored cap1 (0.103253ms)
✔ Mission3 authored raid allocation matches original: all ten slots occupied by other tasks (0.110254ms)
✔ Mission3 authored raid allocation matches original: only final slot free (0.130834ms)
✔ Mission3 retains loaded Shaman origin for loaded-cell-shaman-moved (2.255755ms)
✔ Mission3 retains loaded Shaman origin for loaded-cell-shaman-absent (0.705686ms)
✔ Mission3 retains loaded Shaman origin for loaded-cell-shaman-moved after checkpoint (0.543676ms)
✔ Mission3 retains loaded Shaman origin for loaded-cell-shaman-absent after checkpoint (0.36435ms)
✔ Mission3 recruitment preserves original common-origin-control (1.316353ms)
✔ Mission3 recruitment preserves original no-base-authored-coordinates (0.336109ms)
✔ Mission3 recruitment preserves original established-base-distinct (0.136822ms)
✔ Mission3 recruitment retains a valid established base at cell zero (0.181158ms)
✔ Mission 3 starts its original recurring-script flyby through ordinary turns (2974.55109ms)
✔ Mission 3 Chumara builds its settlement and trains its first Preacher (2681.253531ms)
✔ Mission 4 starts its original opening flyby once through ordinary turns (1079.441944ms)
✔ Mission 4 teaches training and attack from its original live conditions once (69.483955ms)
✔ Mission 4 converts Wildmen, discovers the Guard Tower, and defeats the Matak (10702.712744ms)
✔ Mission 5 Angel head delivers its linked hostile summon through live worship (1199.549587ms)
✔ Mission 5 checkpoint migration upgrades an explicit mode-5 legacy Angel without changing gameplay state (185.889833ms)
✔ Mission 5 checkpoint migration recovers an absent authored mode before upgrading the Angel model (127.978651ms)
✔ Mission 5 checkpoint migration adds only the previously omitted Angel head (125.857026ms)
✔ Mission 5 imports its linked Boat template from the verified native coordinates (2.114745ms)
✔ Mission 5 runs its imported opening flyby once through ordinary turns (1996.299281ms)
✔ Mission 5 launches its original ordinary raid when the player reaches the Angel head (541.155989ms)
✔ Mission 5 launches its surviving Dakini at the player Shaman (98.606215ms)
✔ Mission 5 staffs its original Dakini tower with a Preacher (482.560561ms)
✔ Mission 6 keeps both original opponents distinct through outcome and checkpoints (558.997567ms)
✔ Mission 6 credits each opponent attack task independently (105.135802ms)
✔ Mission 6 low-population survivors counterattack the player Shaman (276.524574ms)
✔ Mission 6 Chumara trains Preachers and launches its first mixed raid (23926.042652ms)
✔ Mission 6 opponents expand and Matak launches its first Warrior raid (28629.46185ms)
✔ Mission 6 ATTACK snapshots the native three-spell payload and keeps old tasks compatible (1.046452ms)
✔ type-20 sixth ATTACK quota selects exactly the tribe Shaman outside the generic selector (0.426943ms)
✔ Mission 6 first Matak ATTACK retains source-derived Land Bridge, Lightning, Blast order (23672.765864ms)
✔ Mission 6 phase-6 task Shaman uses native payment, eligibility, usage and range gates (157.436945ms)
✔ Mission 6 phase-6 task spell uses task target outside Shaman states 25/29 (104.940926ms)
✔ Mission 7 converts Wildmen and grants Invisibility through its original head (1762.703318ms)
✔ Mission8 natural acceptance starts from the shipped seven-person Blue and eleven-person Red roster (153.448898ms)
✔ Mission8 attack staging is a land order for the original party, not a transport or worship prerequisite (122.23531ms)
✔ shared ground → training → destination queues retain identities until conversion and inherit the original tail (1255.757292ms)
✔ shared ground → construction → destination queues retain identity and resume after the crew leaves (254.37013ms)
✔ cancelled, invalid, removed and dead queued builders release command-6 ownership exactly once (473.535093ms)
✔ a waypoint added while trainees are inside preserves occupancy; ordinary hut admission consumes the complete queue (642.073327ms)
✔ unavailable or cancelled buildings advance to the next order; replacement and death release shared references (456.124129ms)
✔ mixed movement, training, inherited orders, RNG and footprints match from 5 to 240 Hz and irregular frames (1088.543694ms)
✔ building order preparation matches complete original CPU calls (1.468847ms)
✔ reinforcements and new encounters retain the same person and resume ground, building and worship orders (1257.894579ms)
✔ replacing or killing a reinforcement releases every retained command reference (160.516707ms)
✔ a displaced fighter retains its queue and a split keeps both followers’ original records (479.377203ms)
✔ combat interruption and resumed orders preserve simulation and poses across render rates (1203.763587ms)
✔ combat removes a waiting trainee from its physical line while retaining its training order (131.860875ms)
✔ native model wave uses half, quarter, eighth strength then resets (2.042326ms)
✔ live waves retain first-hit deformation on resource scenery (111.186281ms)
✔ move input eligibility matches native category, strict-land and quarter-mask captures (5.563905ms)
✔ blocked move clicks preserve the whole selected group, shared orders, markers and RNG (191.860639ms)
✔ Markdown sections retain ancestry, repetitions, CRLF boundaries, and ignore fenced headings (3.473346ms)
✔ manifest validation accepts reviewed data and rejects duplicate IDs, missing paths, invalid parity references, and unsafe paths (83.001011ms)
✔ index is deterministic, clean without a cache, ignored when written, and regenerates after source changes (119.528834ms)
✔ index and context reject an indexed source symlink that escapes the repository (78.323109ms)
✔ repository validation requires one current top-level execution-order heading (64.867104ms)
✔ context returns bounded provenance, limitations, checks, and visible source truncation (132.171448ms)
✔ context output saves current JSON and rejects silent option mistakes (110.886258ms)
✔ preparation is independent of retired local status state (72.348991ms)
✔ native research packets grant only a contract-allowed ignored scratch directory (131.718588ms)
✔ role context carries a validated bounded assignment and explicit overflow (227.627791ms)
✔ reviewer context fingerprints the actual dirty, renamed, deleted, and untracked inputs (121.71934ms)
✔ real mapped evidence excerpts retain their material performance boundaries (4088.469501ms)
✔ Shaman appearance context keeps its complete checks and evidence within the default budget (1356.922962ms)
✔ Followers task context retains complete checks without bloating selection context (517.264462ms)
✔ plan handles cross-cutting edits, renames, deletions, untracked and unsafe inputs without executing checks (143.667827ms)
✔ audit distinguishes baseline edits and reports out-of-scope, generated, input, untracked, and stale verification changes (149.583392ms)
✔ audit reports a pre-existing baseline change that disappears (107.39878ms)
✔ audit requires exactly one result for every required check (109.828783ms)
✔ blocked verification cannot masquerade as passing and passed results require evidence (103.460883ms)
✔ game server rejects an invalid isolated port (0.795369ms)
✔ preparation captures real baseline and hashes, validates intent, and refuses overwrite (343.659636ms)
✔ verification persists completed checks across interruption and replaces old passes at startup (116.999544ms)
✔ verification replaces a required receipt invalidated by a changed check definition (101.887256ms)
✔ reviewed aggregate coverage executes once, fingerprints covered inputs, and fails closed on script drift (622.469606ms)
✔ orchestration-tests receipts become stale when worker configuration changes (235.849761ms)
✔ repository-check receipts become stale when worker configuration changes (289.302194ms)
✔ verification runs only safe contract checks, records blocking, and detects mutations (684.190092ms)
✔ ephemeral default stays opt-in; persistent launch keeps sandbox and explicit data-dir (2.735053ms)
✔ unknown personal, noncanonical, existing unmarked and symlink directories fail before adoption (23.388027ms)
✔ symlink ancestor and evidence overlap are rejected (16.717373ms)
✔ an output symlink cannot alias profile data before preflight creates logs (21.104033ms)
✔ exclusive live and unknown locks are never recovered, and failed cleanup keeps ownership (32.938941ms)
✔ normal terminal cleanup retains checkpoint identity across a new exclusive run (36.663776ms)
✔ source/runtime/origin drift cannot silently adopt a game save (59.911595ms)
✔ symlinked source bytes and external or ignored scenarios cannot bypass input binding (23.526152ms)
✔ checker-only correspondence must bind prior run and both exact source identities (28.212047ms)
✔ unverified source and changed terminal ownership remain blocked (23.672529ms)
✔ lease refuses a replaced lock and leaves that owner untouched (14.507138ms)
✔ leftover Chromium ownership and replaced data directory block reuse (17.030848ms)
✔ committed readback is readonly, awaits completion, and hashes typed arrays/Map/Set contents (107.859081ms)
THREE.InterleavedBufferAttribute.clone(): Cloning an interleaved buffer attribute will de-interleave buffer data.
✔ painter centers retain precision and follow position replacement and updates (15.739329ms)
✔ construction caps replace face modes and hidden picking faces emit no material (1.758316ms)
✔ cell render order matches native mixed passes and retained arrival order (72.75371ms)
✔ cell traversal preserves live ordering when a stale chain entry is encountered (0.45942ms)
✔ mixed polygon buckets, reverse insertion ties and raster depths match native captures (6.483848ms)
✔ completed models reject native rear faces and shared side/bottom outcodes (0.586269ms)
THREE.InterleavedBufferAttribute.clone(): Cloning an interleaved buffer attribute will de-interleave buffer data.
✔ shared painter vertices follow attribute edits, splits and replacement (4.839632ms)
✔ native grid mapping matches exact XYZ mapping and rejects split heights or irregular coordinates (0.5473ms)
Unrecorded ledger change: run parity:record with a note
✔ parity credits verified scope only and rejects misleading or untraceable assessments (66.570858ms)
✔ report-only rendering refuses unrecorded parity progress (222.190523ms)
✔ verified requirements advance a fixed checkpoint share without hiding unknown scope (27.914325ms)
✔ assessments expose small gains and regressions without crediting scope revisions (62.756145ms)
✔ browser supervisor verifies cleanup after a missing checker dependency (260.009976ms)
✔ browser supervisor does not start the checker while the server port refuses connections (1257.257802ms)
✔ browser supervisor verifies cleanup after a checker exception (494.209232ms)
✔ browser supervisor classifies server spawn failure and verifies empty cleanup (9.325451ms)
✔ browser supervisor stops the checker when the ready server exits (679.033997ms)
✔ browser supervisor SIGTERM includes a detached checker descendant (1016.927924ms)
✔ concurrent submitters and controllers preserve FIFO without overlap (1441.17681ms)
✔ failed and timed-out jobs release before automatic next job (1657.457305ms)
✔ cancel running and queued jobs without running queued command (1163.675531ms)
✔ missing cleanup blocks handoff, recovery requires a fresh matching receipt (1352.653686ms)
✔ live detached child prevents next test and is never killed by the queue (1131.286762ms)
✔ controller crash retains lock; recovery refuses live owner or job (1324.495555ms)
✔ foreign or missing execution scope cannot prove a controller stopped or authorize recovery (761.074688ms)
✔ legacy active jobs remain unknown even with no controller lock (665.801908ms)
✔ paused submissions start no transient controller before recovery (746.174126ms)
✔ source drift and busy ports block commands without touching existing server (837.009739ms)
✔ all linked worktrees resolve the same queue; invalid specs never launch (430.852782ms)
✔ submission preserves PATH under an ESM temp parent and returns one compact result (1536.514354ms)
✔ concurrent identical retries share one unfinished job; completed work can run again (1495.277149ms)
✔ run exposes a recovery ID before caller interruption; retry keeps the running job (884.309052ms)
✔ person panels preserve native command traversal, health and original draw submissions (5.702093ms)
✔ person-panel lifetime matches native refresh and remains independent of render rate (2.038932ms)
✔ order focus matches native targets and follows the displayed queue record (0.655531ms)
✔ destination marker preserves native attachment, frames and lifetime at every render rate (444.803969ms)
✔ panic and personal fire trails retain original timer, sound, anchor and allocation decisions (7.795466ms)
✔ burning huts eject running followers with distinct panic and trail lifetimes in all orientations (810.151948ms)
✔ panic motion, animation and fire trails are independent of presentation frame rate (292.733003ms)
✔ native building flames traverse matching cells in order, including repeated sockets and failed allocations (35.416347ms)
✔ live flame-cell adapter preserves protected followers, immunity, tribe and hidden occupants (49.36118ms)
✔ real Lightning ignition reaches nearby surviving followers before occupant evacuation (97.414719ms)
✔ ordinary clicks replace only new selections; Ctrl toggles and blocked clicks preserve the group (1.955419ms)
✔ selection never creates a simulation owner or interrupts existing group orders (400.586936ms)
✔ all native single/group selection voices and pointer acknowledgements are ready before audio activation (17.291681ms)
✔ worship placement preserves native two-pass search, occupancy, route order and failure flags (15.616387ms)
✔ worship command preserves native approach, prayer, retry and presentation RNG decisions (9.320411ms)
✔ ordinary stone-head visits expire the standing-slot cursor at the native byte timer (1.501928ms)
✔ construction-plan entrances, approach and timed attack sequences match native execution (20.731452ms)
✔ player append matches native shared references, cursor wrap, full queues, eligibility and pool exhaustion (38.069283ms)
✔ ground, building and forced-final worship modifiers and eighth-order deselection match complete native player packets (0.673558ms)
✔ replacement preserves prior orders when the shared pool is full (0.617356ms)
✔ sprite pointer brackets match native palette, two/four-layer geometry and unsigned animation wrap (3.174357ms)
✔ native conversion delay uses the recovered 200/3 timing basis (1.811867ms)
✔ a full order pool does not stop a moving Preacher without attaching its sermon (66.69526ms)
✔ inside command 31 binds its building and uses the native five-cell sermon radius (57.19293ms)
✔ conversion moves a newborn outside a building footprint before centering it (51.42621ms)
✔ sermon poses preserve native multi-turn RNG timing (35.179456ms)
✔ an idle preacher sermons, converts by replacement, and releases listeners on a new order (366.163155ms)
✔ preacher conversion is independent of display refresh rate (422.121651ms)
✔ queued command 31 rewrites to friendly building entry or ground movement (54.771619ms)
✔ live sermon selects original source176 with the shared cosmetic RNG and returns on its logical boundary (208.474111ms)
✔ source176 checkpoints preserve active ownership, phase and RNG without a second birth (153.214048ms)
✔ live sermon selects original source184 with the shared cosmetic RNG and returns on its logical boundary (129.14369ms)
✔ source184 checkpoints preserve active ownership, phase and RNG without a second birth (112.438252ms)
✔ live entry and loop setters restore first-frame delay and loop assignment without clearing other bits (94.232655ms)
✔ unsuccessful gesture decisions advance the shared cosmetic stream once without taking simulation randomness (178.977922ms)
✔ a paused logical clock preserves an active gesture and presentation visits do not advance it (82.212281ms)
✔ flight and encounter owners suppress the detached sermon animation; ordinary movement supersedes it (54.399397ms)
✔ live blue sermon for player tribe0 requests cue51 with its actual owner (70.143534ms)
✔ live red sermon for player tribe0 requests cue189 with its actual owner (75.57632ms)
✔ live red sermon for player tribe1 requests cue51 with its actual owner (79.024669ms)
✔ newly acquired listeners do not retroactively request a sermon cue (66.448841ms)
✔ both sermon cue families have actual sample preload coverage (1.046102ms)
✔ the live order dispatcher shares gesture ownership across commands17/31/32 (235.317997ms)
✔ live active preaching reaches emergency Blast priority (129.297863ms)
✔ live active preaching reaches emergency Swarm fallback (55.902486ms)
✔ live active preaching reaches emergency Lightning fallback (67.604099ms)
✔ emergency preaching response excludes no active assignment (38.218564ms)
✔ emergency preaching response excludes no live person record (51.534319ms)
✔ emergency preaching response excludes same tribe (62.210671ms)
✔ emergency preaching response excludes allied tribe (47.653294ms)
✔ emergency preaching response excludes invisible preacher (49.356279ms)
✔ emergency preaching response excludes caster cooldown (44.596934ms)
✔ emergency preaching response excludes no ready spell entry (39.372397ms)
✔ emergency preaching response excludes paused target scan (27.919513ms)
✔ emergency preaching response excludes no spell payment (39.580666ms)
✔ emergency preaching response excludes stored Lightning below its mana cost (40.279893ms)
✔ the independent enemy-Shaman response still spends stored Lightning without mana (46.183277ms)
✔ terminal command17 entry flag and all three composed phases match the frozen native record (5.044941ms)
✔ phase4 restart selects the native standing family without using route-cleaning stop (0.54659ms)
✔ phase4 pure stop preserves route ownership and cached-path state (0.371711ms)
✔ shared phase4 stop retains queue/building fields and the known command32 expiry behavior (0.617756ms)
✔ a following command still releases and returns before the new restart stop (0.419953ms)
✔ terminal mode0 turning now preserves the retained native RNG outcome (0.322308ms)
✔ shared sermon timer boundary: mode0 before cutoff (0.74136ms)
✔ shared sermon timer boundary: mode0 at cutoff (0.365773ms)
✔ shared sermon timer boundary: mode1 entry before cutoff (2.357856ms)
✔ shared sermon timer boundary: mode1 entry at cutoff (0.439171ms)
✔ shared sermon timer boundary: mode1 expiry before cutoff (1.420587ms)
✔ shared sermon timer boundary: mode1 expiry at cutoff (0.361546ms)
✔ shared sermon timer boundary: mode2 before cutoff off the decision counter (3.095921ms)
✔ shared sermon timer boundary: mode2 at cutoff off the decision counter (0.335147ms)
✔ shared sermon timer boundary: mode2 above cutoff (3.458979ms)
✔ shared sermon timer boundary: bit2 suppresses mode0 below cutoff (0.408376ms)
✔ shared sermon timer boundary: bit2 suppresses mode1 below cutoff (0.244692ms)
✔ shared sermon timer boundary: bit2 suppresses mode2 below cutoff (0.292483ms)
✔ shared sermon timer boundary: speed interruption remains outside the timer guard (0.254697ms)
✔ shared sermon timer boundary: flag4 interruption remains outside the timer guard (0.241098ms)
✔ shared sermon timer boundary: flag2000 interruption remains outside the timer guard (0.272313ms)
✔ real five-listener preaching caller preserves the original terminal turning cutoff (138.620977ms)
✔ failed allocation consumes the sole producer opportunity before a later spawn (154.799199ms)
✔ busy rejection consumes allocation identity but preserves the active wave and saved site (79.923802ms)
✔ site height follows native ground-then-quantize arithmetic (184.963912ms)
✔ mode2 uses native eligibility, panic, descriptor damage and RNG without Swarm filters (721.84284ms)
✔ protected transitions retain repeated native cell hits and consume no panic RNG (39.987224ms)
✔ a wave removes an older in-cell Swamp before it can process in the same turn (62.630318ms)
✔ mode2 cleanup keeps an outside Swamp and the next enemy receives panic (38.078378ms)
✔ ordinary death produces a next-turn wave that outlives successful respawn (409.762206ms)
✔ checkpoints preserve mode2 identity, sites, orbits, terrain and RNG without replay (512.439837ms)
✔ mode2 interrupts the real encounter owner while retaining its person and order queue (47.469484ms)
✔ ordinary Boat and Balloon boarding retain seats and deselect passengers under mode2 panic (202.331888ms)
✔ panic transfers a live building-entry queue and resumes it after expiry (133.030943ms)
✔ ordinary groups settle into native rings, compact on departure and retain status through new orders (1447.667811ms)
✔ group resting positions, facing, gestures and footprints agree at 5–240 Hz and irregular frames (1323.041206ms)
✔ exhausted resting search waits and retries its original anchor through state 10 (92.738096ms)
✔ route probes preserve native building, coast and vehicle endpoint correction (24.42452ms)
✔ failed-route initialization and retries match native fields, timing and ordered consumers (10.293775ms)
✔ disconnected groups stop, retain shared attack/waypoint orders, retry and resume after land connects (399.972794ms)
✔ route-failure notice keeps the original text and retriggers without tutorial history (112.013841ms)
✔ new orders and death release blocked commands; shaman failures use their own original voice (521.637992ms)
✔ blocked groups retry on simulation counters, with identical recovery and combat at 5–240 Hz (2129.575335ms)
✔ blocked building-entry owners resume the same person and finish ordinary admission (303.138954ms)
✔ real command8 full occupancy emits an original-frame child without scene-owned RNG (954.386121ms)
✔ equal elapsed turns preserve secondary state across frame schedules with no bolt draws (298.438985ms)
✔ legacy missing-history roots bootstrap on first render without inventing past visits (242.528232ms)
✔ full roots copy the allocation byte and defer newly prepended children (3.099817ms)
✔ all byte phases and low-five-bit outcomes use the proved root gate (368.371631ms)
✔ actual UI reservations participate in inclusive gates after the root RNG draw (1.315316ms)
✔ marker expiry and child allocation share the same newest-first traversal (0.906198ms)
✔ children keep their own sixteen visits after the root is removed (0.896924ms)
✔ native free-list reuse and checkpoint reconstruction preserve physical slot ownership (1.249988ms)
✔ panel and preview reservations are derived from live adapter owners (4.105434ms)
✔ legacy marker overflow cannot leave ownerless immortal effects after restore (6.683167ms)
✔ browser capture retains the same live puff across ordinary Pause latency (3.896223ms)
✔ selection terrain mesh matches the executable with documented seven-point fan repairs (890.404212ms)
✔ selection fill/edges/corners retain native visibility, depth, UV and shared-corner ownership (16.862442ms)
✔ Shaman import preserves every prior frame, piece and animation entry (75.186294ms)
✔ actual tribe selects every native Shaman source and eight original directions (3.043655ms)
✔ Shaman idle artwork uses all four distinct original body pieces (0.262461ms)
✔ reincarnation distinguishes tribe bodies from shared spirit sources and layer owners (0.313426ms)
✔ shipped live and effect renderers consume the Shaman selector without changing generic mechanics (0.660752ms)
✔ all 3276 previous occupied sprite rectangles retain their reviewed RGBA (136.903916ms)
✔ real Mission 23 Shaman identity and death heading survive checkpoint reconstruction (811.803227ms)
✔ first and second actual presentation visits display 0 then 1, not 1 then 2 (1181.379197ms)
✔ normal processed phases reset, loop independently of simulation, then freeze and hide (256.116731ms)
✔ new checkpoints retain shown/next frames; legacy checkpoints start at a bounded deterministic frame (103.600285ms)
✔ pause and native land-pause freeze the latch as well as the counter (12.544726ms)
✔ render schedules and effect-only animation cannot change gameplay, either RNG or respawn (6025.928462ms)
✔ ordinary combat death finishes existing wait and respawn without a duplicate effect (260.808962ms)
✔ ordinary Shaman phase1 follows both rising and lowering death-site ground (844.895382ms)
✔ the last processed phase1 sample survives checkpoint, transition and rise (259.493471ms)
✔ phase0 retains the death height until the first processed phase1 visit (15.147536ms)
✔ a direct drowning-entry fixture rises from its initial height without phase1 resampling (10.827809ms)
✔ model-12 rise freezes the last original spirit frame for all tribes and bearings (3.432881ms)
✔ death-site visibility follows the existing land and drowning lifecycles without changing them (449.094298ms)
✔ earlier body/transition poses retain their existing renderer behavior (0.302438ms)
✔ the live caller applies the bounded presentation only to model-12 reincarnation effects (2.598113ms)
✔ G queues one shared native guard and repeat replaces it without early preparation (319.098378ms)
✔ G empty selection cancels adopted guards through the next native visit (270.731472ms)
✔ G Shaman-only selection cancels adopted guards through the next native visit (125.019503ms)
✔ native G retains the ordinary move owner and route until its deferred turn (109.125026ms)
✔ same-turn move replacement discards G before the legacy resting initializer (179.92656ms)
✔ same-turn attack replacement discards G before the legacy resting initializer (491.566906ms)
✔ same-turn worship replacement discards G before the legacy resting initializer (148.25764ms)
✔ same-turn entry replacement discards G before the legacy resting initializer (100.199483ms)
✔ pending G replacement survives pause and checkpoint (124.251288ms)
✔ pending G cancellation survives pause and checkpoint (149.780299ms)
✔ G exhaustion still clears and attaches slot zero then retries after cleanup frees a slot (138.78595ms)
✔ target entering a vehicle with inside still null completes the saved guard order (153.758099ms)
✔ ordinary Shaman Tower entry retains Guard and resolves its building outside point (117.850123ms)
✔ actual deferred G setters match native phase vector G-retain-deselect-1-3 (137.044396ms)
✔ actual deferred G setters match native phase vector G-retain-deselect-7-5 (134.741555ms)
✔ actual deferred G setters match native phase vector G-retain-deselect-0-2 (138.888087ms)
✔ protected preparation and passenger early-return retain pending ownership until actual adoption (100.373662ms)
✔ protected cancelled state10 retains ownership until its empty-queue transition really occurs (106.249223ms)
✔ death anchors to the saved Shaman in another cell before cleanup (178.896972ms)
✔ class0 anchors to the saved Shaman in another cell before cleanup (454.675025ms)
✔ vehicle anchors to the saved Shaman in another cell before cleanup (98.025048ms)
✔ cancel anchors to the saved Shaman in another cell before cleanup (100.955966ms)
✔ saved Shaman identity does not retarget when the current Shaman is replaced (109.615247ms)
✔ legacy boolean checkpoints retain their old targetless history until supported fresh input (221.662181ms)
✔ flight single selection retains the entire legacy G operation (158.634593ms)
✔ flight mixed selection retains the entire legacy G operation (108.106553ms)
✔ fight single selection retains the entire legacy G operation (88.920618ms)
✔ fight mixed selection retains the entire legacy G operation (80.972207ms)
✔ entry single selection retains the entire legacy G operation (76.395448ms)
✔ entry mixed selection retains the entire legacy G operation (102.045457ms)
✔ builder single selection retains the entire legacy G operation (85.781481ms)
✔ builder mixed selection retains the entire legacy G operation (81.652616ms)
✔ passenger single selection retains the entire legacy G operation (91.41949ms)
✔ passenger mixed selection retains the entire legacy G operation (91.235822ms)
✔ work single selection retains the entire legacy G operation (63.511435ms)
✔ work mixed selection retains the entire legacy G operation (69.675618ms)
✔ gather single selection retains the entire legacy G operation (96.908717ms)
✔ gather mixed selection retains the entire legacy G operation (92.229747ms)
✔ delivery single selection retains the entire legacy G operation (216.55229ms)
✔ delivery mixed selection retains the entire legacy G operation (377.333173ms)
✔ casting single selection retains the entire legacy G operation (94.520275ms)
✔ casting mixed selection retains the entire legacy G operation (91.858926ms)
✔ legacy single selection retains the entire legacy G operation (88.313197ms)
✔ legacy mixed selection retains the entire legacy G operation (111.192717ms)
✔ legacy path single selection retains the entire legacy G operation (110.27124ms)
✔ legacy path mixed selection retains the entire legacy G operation (102.73472ms)
✔ different route owner single selection retains the entire legacy G operation (137.137158ms)
✔ different route owner mixed selection retains the entire legacy G operation (99.756376ms)
✔ native Brave guards do not fall into legacy automatic housing while near the Shaman (136.648269ms)
✔ G replacement/cancellation have identical turn ownership at ordinary and irregular refresh schedules (147.946969ms)
✔ native G producer: shared-two-followers-repeat-and-partial-replacement / G allocates one shared command30 (14.731303ms)
✔ native G producer: shared-two-followers-repeat-and-partial-replacement / G repeats while both selected (5.104302ms)
✔ native G producer: shared-two-followers-repeat-and-partial-replacement / G replaces only selected first follower (6.202371ms)
✔ native G producer: shared-order-no-follower-selection-cancellation / G creates (0.971201ms)
✔ native G producer: shared-order-no-follower-selection-cancellation / Shaman-only G cancels both adopted guards (1.070528ms)
✔ native G producer: queued-not-adopted-no-selection / G queues (6.531229ms)
✔ native G producer: queued-not-adopted-no-selection / G without non-Shaman selection before adoption (1.503671ms)
✔ native G producer: exhausted-pool-no-old-order / G allocation fails separately for both followers (3.74121ms)
✔ native G producer: exhausted-pool-clear-frees-slot-for-later-person / first failure clears old1, later retry succeeds and third shares (1.697889ms)
✔ native G producer: last-free-slot-wrap-is-shared / G uses last free slot once (6.205605ms)
✔ native G producer: producer-selected-dead-flag / raw selected non-Shaman-pointer still receives command30 (0.882009ms)
✔ native G producer: producer-selected-protected / raw selected non-Shaman-pointer still receives command30 (1.120012ms)
✔ native G producer: producer-selected-airborne / raw selected non-Shaman-pointer still receives command30 (6.061111ms)
✔ native G producer: producer-selected-ghost / raw selected non-Shaman-pointer still receives command30 (2.330437ms)
✔ native G producer: producer-selected-removed-class / raw selected non-Shaman-pointer still receives command30 (0.772526ms)
✔ native G producer: producer-selected-other-model7 / raw selected non-Shaman-pointer still receives command30 (1.154182ms)
✔ native G producer: producer-selected-training-state21 / raw selected non-Shaman-pointer still receives command30 (0.725536ms)
✔ native G producer: vehicle-passenger-selection-retain1 / G selected passengers (1.076407ms)
✔ native G producer: absent-current-shaman-does-not-issue-or-cancel / no Shaman pointer with selected followers (1.199379ms)
✔ native G producer: absent-current-shaman-does-not-issue-or-cancel / restore Shaman and issue (1.047554ms)
✔ native G producer: absent-current-shaman-does-not-issue-or-cancel / no Shaman pointer with existing guards (3.534794ms)
✔ native G producer: stale-shaman-pointer-dead / producer still emits target73 (1.059151ms)
✔ native G producer: stale-shaman-pointer-class0 / producer still emits target73 (1.030028ms)
✔ native G producer: stale-shaman-pointer-vehicle / producer still emits target73 (0.800888ms)
✔ native G producer: saved-target-is-not-rebound-by-tribe-shaman-replacement / G targets original73 (0.897551ms)
✔ native G producer: saved-target-is-not-rebound-by-tribe-shaman-replacement / new explicit G targets replacement74 (1.810396ms)
✔ native Guard distance: near-axis0-delta-824 (0.732807ms)
✔ native Guard distance: near-axis0-delta-823 (0.104686ms)
✔ native Guard distance: near-axis0-delta823 (0.081671ms)
✔ native Guard distance: near-axis0-delta824 (0.330189ms)
✔ native Guard distance: near-axis1-delta-824 (0.093979ms)
✔ native Guard distance: near-axis1-delta-823 (0.120949ms)
✔ native Guard distance: near-axis1-delta823 (0.126828ms)
✔ native Guard distance: near-axis1-delta824 (0.194849ms)
✔ native Guard distance: signed-edge-person32767-target32768 (0.209782ms)
✔ native Guard distance: signed-edge-person32768-target32767 (0.152115ms)
✔ native Guard distance: signed-edge-person0-target32768 (0.187378ms)
✔ native Guard distance: signed-edge-person32768-target0 (0.062893ms)
✔ native Guard distance: signed-edge-person65535-target0 (0.055052ms)
✔ native Guard distance: signed-edge-person0-target65535 (0.055142ms)
✔ native Guard distance: signed-edge-person32768-target33591 (0.076113ms)
✔ native Guard distance: signed-edge-person32768-target33592 (0.081742ms)
✔ native Guard distance: signed-edge-person32768-target31945 (0.247907ms)
✔ native Guard distance: signed-edge-person32768-target31944 (0.428195ms)
✔ native Guard distance: replan-axis0-delta-440 (0.130904ms)
✔ native Guard distance: replan-axis0-delta-439 (0.208269ms)
✔ native Guard distance: replan-axis0-delta439 (0.059037ms)
✔ native Guard distance: replan-axis0-delta440 (0.047331ms)
✔ native Guard distance: replan-axis1-delta-440 (0.129482ms)
✔ native Guard distance: replan-axis1-delta-439 (0.072708ms)
✔ native Guard distance: replan-axis1-delta439 (0.062172ms)
✔ native Guard distance: replan-axis1-delta440 (0.217733ms)
✔ native Guard distance: replan-signed-edge-goal32767-target32768 (0.065006ms)
✔ native Guard distance: replan-signed-edge-goal32768-target32767 (0.197503ms)
✔ Magical Shield protects six nearby followers for the native lifetime (106.820766ms)
✔ old checkpoints default new Shield stock without disturbing their world (51.130608ms)
✔ normal early mission data selects each original backdrop and both cloud layers (1.369172ms)
✔ same-bank Mission 10 uses the same p sky set without mission-number overrides (0.175631ms)
✔ previous bank d and g sky modes and unhandled banks remain unchanged (0.247307ms)
✔ early mission sky PNGs preserve exact original bytes (4.63777ms)
✔ camera horizons preserve original sky dispatch coordinates and fade (4.679871ms)
✔ continuous sky retains native wind rates and is invariant to segment subdivision (13.359949ms)
✔ spell button artwork, positions and charging fills match native draws (15.536292ms)
✔ all six original Shield/Bloodlust descriptor frames have real atlas rectangles (1.953748ms)
✔ ready, inactive, hover and selected states use the original descriptors, not Unicode or guessed frames (0.685917ms)
✔ authored Mission16 already exposes both sprites without forced availability or stock (154.058686ms)
✔ the original undiscovered spell question mark follows the accepted six-frame append (0.301257ms)
✔ all shipped spell descriptor icons remain available after the append (0.320956ms)
✔ HudSprite no longer substitutes a text glyph and still rejects unknown resources (0.794208ms)
✔ fresh and later missions use the native owned/reward-source/cast-permission precedence (204.645737ms)
✔ restart and checkpoint restore reproduce fresh Mission 1 HUD visibility (210.658493ms)
✔ owned stock wins over the mission-load discovery mask (30.78664ms)
✔ undiscovered art is the native HFX1056 branch and visible-disabled keeps normal art (0.445992ms)
✔ unit atlas retains reviewed tribe/state/direction layers when new models append (155.146409ms)
✔ brave carry animations retain the baked timber body layer (0.314937ms)
✔ default burst draws match all 32 retained original birth records (1.939417ms)
✔ burst initializer composes with SpellTrail through all 139 retained native visits (3.585737ms)
✔ ordinary Mission 1–3 startup assigns each observed draw to the native angle owner (1071.078236ms)
✔ observer forwards each original render receiver, arguments and exact result without a synthetic call (2.515631ms)
✔ observer propagates the exact original render exception and never takes a successful-frame sample (2.048199ms)
✔ diagnostic identity and readback errors remain bounded without changing original render results (1.22709ms)
✔ observer refuses to overwrite a later renderer owner during close (0.226786ms)
✔ three captures use the actual same-call state and wait for a moved burst particle (0.968908ms)
✔ pre-Mission discovery binds the owned loading scene without starting or drawing it (1.094603ms)
✔ pre-Mission discovery retains failed guard facts without installing or changing the world (0.410439ms)
✔ closing an unbound pre-Mission observer disconnects discovery and prevents later capture (0.253836ms)
✔ pre-Mission discovery waits for matching refs after the first canvas mutation (1.143386ms)
✔ base149 retains 51 original faces and existing atlas coverage without key model slots (3.688235ms)
✔ authored default149 roots and linked Mission10 Totem select the base mesh (803.084145ms)
✔ spell45, Obelisk8, Angel157 and Vault154 remain outside static149 (115.996004ms)
✔ source qualification rejects ambiguous identity, reward flags, missing links and scenery (52.036076ms)
✔ old null/absent presentation and new checkpoints derive149 without mutating saved state (128.159664ms)
✔ static presentation never replaces a different model or an active morph family (48.795672ms)
✔ only reward-derived model45 sources are initialized; unrelated head families and Vault remain separate (131.066342ms)
✔ enabled idle cycles18native animation visits without followers; hold/refill retain the original counter rules (0.386295ms)
✔ raw keypoints use base45indices/scale rather than endpoint face layout; all18cached outputs are distinct (6.392444ms)
✔ presentation pauses with world and native land pause without touching simulation or RNG (40.157864ms)
✔ normal authored worship earns Bridge stock while presentation leaves the entire gameplay state unchanged (211.953471ms)
✔ exhausted trigger does not remove its independent enabled decorative model45 animation (100.333886ms)
✔ mid-animation new checkpoint keeps phase and old optional-field checkpoint restores safely without rewards (62.619028ms)
✔ multiple heads keep separate state while30/60/120/144Hz and irregular schedules share one animation timeline (707.616448ms)
✔ shipped scene updates ordinary head positions byphase and leaves Vault on the existing path (8.27732ms)
✔ disable and refill within one presentation interval reset once without advancing the clock (0.557697ms)
✔ authored45 constructors retain the original logical animation gate (118.825411ms)
✔ ordinary body frames wait for logical turns without changing the24Hz presentation clock (113.948101ms)
✔ each catch-up controller and observer sees the prior body frame before one logical advance (64.139511ms)
✔ mode4 transition remains exclusively presentation-owned despite the gate bit (45.81113ms)
✔ lazy, post-turn allocated and removed bodies obey the completed-turn boundary (137.110588ms)
✔ legacy body checkpoints gain only the gate and a new Scene clock does not replay a turn (47.02739ms)
✔ disable and refill notifications retain raw phase then reset before their owned visit (292.941499ms)
✔ trigger exhaustion, pause, land pause and turn wrap preserve the separate decorative owner (279.69405ms)
✔ heading comes from the decorative scenery word, never trigger settings or model selection (1.943113ms)
✔ all16bits reach the angle-table mask and a missing producer is not treated as north (0.245484ms)
✔ linking uses the native512-unit cell, first scenery match and toroidal coordinate identity (0.183532ms)
✔ existing negative-Y scene rotation agrees with native heading basis; no camera or global offset is required (2.068539ms)
✔ Vault and unknown scenery keep their original angle; orientation lookup does not mutate saved gameplay (77.000634ms)
✔ both ordinary scene orientation consumers use the same helper; no other angle consumer changes (0.493321ms)
✔ real authored zero and high-byte headings survive the producer while saved trigger fields stay unchanged (150.05177ms)
✔ Swamp scans its native 3x3 footprint and honors victim and terrain gates (2.044984ms)
✔ Swamp uses one RNG draw, scans every fourth visit, and expires at ten kills (0.376759ms)
✔ the thirtieth same-tribe Swamp discards the oldest remaining controller (0.206777ms)
✔ live Swamp casting kills through the ordinary corpse path independently of refresh rate (267.292433ms)
✔ Swarm uses the supplied standalone original insect texture (2.942986ms)
✔ Swarm creation and first controller visit preserve original gameplay RNG and child fields (2.606216ms)
✔ Swarm first live visit allocates children before wandering begins on the second visit (572.321068ms)
✔ Swarm final fifteen controller visits progressively remove children before expiry (0.97732ms)
✔ Swarm reveals disguised Spies on panic and panic-protected non-removal paths (146.820947ms)
✔ confirmed invented generic and Angel success strings are not emitted (349.601803ms)
✔ Swarm follows player and computer cast paths with native insects, victim cadence, and lifetime (282.581419ms)
✔ Mission 2 naturally funds the Matak Shaman and casts Swarm through player orders (3268.801322ms)
✔ terrain ambience matches complete native ground queues, including empty views and depth ties (13.210689ms)
✔ tree ambience camera offset and wrapped radius match complete native cell visits (1.451724ms)
✔ local lights match complete native allocation, movement and cleanup captures (120.471836ms)
✔ Blast owns immediate terrain light until its ninth turn, preserving occupancy and pause (134.611243ms)
✔ native height notifications retain object order, duplicate visits and touching building flags (11.28322ms)
✔ terrain edits notify nearby plans, revalidate original slope rules and release an invalid plan (215.216128ms)
✔ a large terrain edit indexes live people once while retaining dirty notifications (197.028121ms)
✔ terrain dirtiness resets live steering without replacing its route (62.851765ms)
✔ terrain texture endpoints match original Direct3D triangle submissions (2.589799ms)
✔ model atlas UVs match native texel centers and retain fractional/outside coordinates (1.650994ms)
✔ terrain submission covers the native cell gate across headings and seams (425.864798ms)
✔ terrain copies omit only tiles with no native-visible cell, including seams and expanded bounds (273.06904ms)
✔ timber search matches native cell order, fog, protected stock and two-pass queries (46.328568ms)
✔ shared timber caches match native allocation, expansion, routing, ownership and expiry (139.247958ms)
✔ an exhausted indexed-search pool postpones expansion without corrupting the cache (1.190489ms)
✔ terrain changes recheck nearby timber routes and live Land Bridge reaches the cache (1344.418926ms)
✔ live timber cost probes report routes and foreign territory without taking route ownership (94.383536ms)
✔ harvest clocks, transfer, scale and animation match original executable captures (1.852764ms)
✔ delivery waits, timber and construction stages match complete native calls (4.585345ms)
✔ Tornado replays native initialization, lifetime, carry and throw (3.819138ms)
✔ Tornado uses the native building protection and one-draw damage gate (0.591548ms)
✔ live Tornado casts, captures and throws independently of refresh rate (446.167431ms)
✔ tower admission uses rotated tribe sockets, ground membership and original one-shot occupant pose (4100.042844ms)
✔ a tower admits one follower and movement orders preserve elevation until physics resumes (102.375433ms)
✔ tower entry and held animation are deterministic at 5–240 Hz (425.549971ms)
✔ destroying an occupied tower releases its native record and display height (65.820128ms)
✔ a tower Firewarrior autonomously attacks an eligible hostile on the tower cadence (72.541485ms)
✔ tower preachers hand occupancy to command 31 and cleanly leave or die (272.132423ms)
✔ tower panel matches every original one-slot draw trace (7.903609ms)
✔ tower panel selection preserves occupancy; ordinary orders leave without teleporting (923.753373ms)
✔ tower dismantling releases its occupant and only braves perform the work (492.738534ms)
✔ training exit orders match original coastal correction and building precedence (13.871467ms)
✔ training admits five visible residents and places overflow on native rotated queue sockets (1135.735514ms)
✔ queue cancellation retains successors and occupant departure reuses the first empty slot (129.262575ms)
✔ checkpoint reload preserves a full training hut and its waiting queue without loss (252.09588ms)
✔ funded training replaces a complete batch, releases references and walks warriors out (216.63183ms)
✔ a funded Temple trains a native model-4 preacher and sends it outside (138.990127ms)
✔ a funded Spy Training Hut trains an original model-5 Spy and sends it outside (637.446018ms)
✔ queue movement, admission, conversion and shared references are independent of render rate (1311.868122ms)
✔ already-trained warriors accept training orders and yield queue priority to new braves (136.921656ms)
✔ training append preserves all70 pre-existing original models, including vehicles (15.209504ms)
✔ all original training types and owners resolve to actual meshes, not Blue substitutes (2.044714ms)
✔ the five recovered training variants retain original geometry, color tiles and all stages (6.649769ms)
✔ authored Mission16/17/22 training assets and identities survive checkpoint reconstruction (318.269861ms)
✔ the live building factory opts into original training selection without tint or gameplay changes (1.038481ms)
✔ camp human group command retains visible admission interpolation (1506.423582ms)
✔ camp shared command-8 retains visible admission interpolation (507.563776ms)
✔ temple human group command retains visible admission interpolation (501.635202ms)
✔ temple shared command-8 retains visible admission interpolation (445.346959ms)
✔ spyHut human group command retains visible admission interpolation (387.423916ms)
✔ spyHut shared command-8 retains visible admission interpolation (923.719999ms)
✔ firewarriorHut human group command retains visible admission interpolation (565.121672ms)
✔ firewarriorHut shared command-8 retains visible admission interpolation (511.30214ms)
✔ hidden admission, exit, replacement and explicit placement remain discrete (93.618226ms)
✔ native training panels preserve slots, selection, palette, frames and turn-driven feedback (13.647354ms)
✔ wide charge arithmetic never runs backwards or exceeds its frame at maximum training mana (19.323315ms)
✔ shipped disguise completes aboard Boat, holds and accepts another command (886.019892ms)
✔ Balloon passenger idle entry holds without advancing or consuming orders (85.370305ms)
✔ shipped Balloon disguise configures its command position and completes aboard (103.461385ms)
✔ Balloon raw-coordinate startup wraps payload words and retains unported encodings (129.690203ms)
✔ pending Balloon disguise checkpoint retains command position and resumes once (148.462805ms)
✔ occupied state30 checkpoint resumes countdown without reinitializing motion or RNG (73.050621ms)
✔ ordinary disembark clears vehicle and state30 returns to orders for one visit (61.807733ms)
✔ replacement disguise interrupts pending and partially completed aboard commands (49.086593ms)
✔ fractional reference uses exact rectangle coverage at edges and corners (2.144172ms)
✔ adjacent glyph elements composite their shared fractional edge sequentially (0.282209ms)
✔ disabled opacity combines with coverage while transparent source pixels preserve background (0.307636ms)
✔ source crop and nearest sampling retain native pixels without atlas bleed (1.570782ms)
✔ pinned fixed8 coverage and integer interpolation explain the opaque edge without fitting (0.276581ms)
✔ single-pixel fixed8 rectangles and straight-alpha output retain their separate contracts (0.245865ms)
✔ tree growth and complete replant searches match native captures (19.428505ms)
✔ depleted timber replants after its full delay and grows on its own phase (3743.330458ms)
✔ burning depletion also queues one replant without reviving the old tree (91.383199ms)
✔ Tutorial advances through Shaman selection into the authored Obelisk flyby (1413.609711ms)
✔ Tutorial restart recreates fresh script and view state (312.306426ms)
✔ overhead health gauges match native visibility, scaled-pose anchors and 24-pixel fills (1.670349ms)
✔ continuous positions follow captured native body/shadow interpolation (1.343694ms)
✔ every elapsed-time schedule reaches the same displayed position without changing simulation (864.662392ms)
✔ pause, endpoints, placement, entry, conversion and new people never replay stale movement (46.443316ms)
✔ Vault knowledge uses the original class-6/model-2 reward frames and socket (2.11563ms)
✔ Vault knowledge is present only while its authored reward source is active (0.941277ms)
✔ Mission 7 Vault knowledge uses occupied model-18 socket 1 placement (2.619848ms)
✔ Mission 3 Temple descriptor selects the native HFX identity (105.508653ms)
✔ Mission 3 marker glow owns a saved fourteen-frame cursor on the existing animation boundary (82.976563ms)
✔ ordinary Mission 3 Vault collection preserves payout while changing only world presentation (2019.26618ms)
✔ unrelated Vault and ordinary spell families retain their existing presentation owners (168.976077ms)
✔ a glow born on an animation boundary first displays frame zero before its next cursor (927.074933ms)
✔ original class4 mesh selection distinguishes geometry from tooltip IDs (2.344619ms)
✔ vehicle-only import preserves all68 existing model records (15.415739ms)
✔ authored campaign vehicles retain mesh identity across checkpoint reconstruction (316.140501ms)
✔ normal boarding, exit and destruction retain original mesh rather than changing gameplay state (35.023116ms)
✔ the normal Balloon Hut producer creates the original144 appearance (50.42902ms)
✔ the shipped vehicle factory consumes original models, with no custom hull/envelope (0.933835ms)
✔ original vehicle owner textures use adjacent source tiles and retain local UVs (6.419958ms)
✔ Boat travel and exit keep registered passenger object-cell membership current (122.732774ms)
✔ Balloon travel and exit keep registered passenger object-cell membership current (78.16266ms)
✔ same-cell passenger sync preserves one linked membership and never allocates an unregistered person (35.774111ms)
✔ checkpoint clone retains passenger cell identity and wrapped exit reindexes without duplicates (64.155381ms)
✔ live vehicle damage keeps the native owner, special, signed and reset rules (80.490985ms)
✔ Blast reaches live vehicles and native destruction ejects passengers alive (58.615901ms)
✔ vehicle life and destruction survive checkpoint migration and reload (142.475945ms)
✔ success-bearing exit preserves existing public point API and real failure (114.592539ms)
✔ live panel selection only changes native selection flags and preserves unrelated selections/orders/RNG (68.272611ms)
✔ Boat and Balloon unload launch without teleporting, clear orders, and survive occupied/airborne checkpoints (124.811194ms)
✔ unload click rechecks speed, occupancy and terrain after rendered enabled state (131.305528ms)
✔ authored Mission22 Boat and Balloon unload retain launch until a living landing (674.983823ms)
✔ vehicle panel uses native kind9 geometry, disabled raw art and selection overlays (2.756711ms)
✔ raw disabled vehicle sprite alpha is85 while tail remains170 and normal art opaque (0.55909ms)
✔ vehicle selection keeps work on single, expands deselection, and Shift selects blocked mates (0.460915ms)
✔ passenger right-click has inspection semantics, while unload right-click is inert (0.174629ms)
✔ unload readiness refresh clears cached success at speed12 or failed terrain (0.177023ms)
✔ stale unload failure repeatedly clears only current driver orders, without teleporting anyone (0.373124ms)
✔ hover adds a native fill, never a false selected marker; pressed overlays palette130 (0.272404ms)
✔ horizontal viewport expansion preserves native depth and safe projection arithmetic (547.896348ms)
✔ intermediate display footprint fills the observed bird-view cut without changing native camera state (5.999043ms)
✔ added display cells cover safe front-branch projected samples across zoom, rotation and torus fractions (59.24928ms)
✔ display bounds texture and CPU visibility share the same derived rows without feeding camera state (15.136554ms)
✔ visible cells match original traversal at boundaries and wrapped camera centers (1413.723897ms)
✔ Volcano replays its native terrain, emission and disruption lifecycle (8.861319ms)
✔ player and computer Volcano casts share the live controller and old saves migrate (211.212319ms)
✔ review bundle is independently readable from a non-overlapping local fixture (177.783015ms)
✔ review bundle rejects quoted secret fields and environment-secret files atomically (215.537596ms)
✔ decoded command-receipt stdout and stderr reject escaped secret JSON without exposing values (151.325776ms)
✔ double JSON-string wrappers in stdout and stderr reject secrets without echoing values (168.008537ms)
✔ benign nested JSON strings pass within depth and decoded-byte bounds (146.168909ms)
✔ decoded JSON recursion fails closed beyond depth or total decoded-byte bounds (188.874631ms)
✔ decoded JSON byte boundary accepts exactly the configured budget (93.631318ms)
✔ tracked deletion has an explicit expected deletion identity and rejects tamper or omission (216.969085ms)
✔ real-path canonicalization rejects source aliases and bundle outputs through source symlinks (175.379487ms)
✔ bundle verification is bound to caller-supplied identities and rejects traversal (90.101139ms)
✔ raw command receipts retain source head and complete stdout/stderr (733.834057ms)
✔ command receipts bind dirty source and explicit ignored inputs and invalidate drift (131.691167ms)
✔ receipt CLI preserves repeated input flags and rejects zero-exit input drift (467.239993ms)
✔ a killed foreground wrapper retains unknown state and raw output, never a pass (697.112283ms)
✔ retired status and binding commands are not exposed or coupled to verification (2.222525ms)
✔ live aggregate coverage includes every maintained workflow integrity suite (248.965648ms)
✔ native models 13 and 15 route only completed vehicle workshops into kind 6 (3.116381ms)
✔ Boat House kind-6 panel uses native 136x82 rows and hit targets (0.884862ms)
✔ Boat House work cells fill only at each complete native 100-work boundary (0.493031ms)
✔ Boat House reuses original dismantle and cancel control phases (0.271182ms)
✔ Balloon Hut kind-6 geometry derives 208x82 from native capacity and ten work cells (0.407144ms)
✔ Balloon Hut work cells fill only at each complete native 100-work boundary (0.326384ms)
✔ Balloon Hut reuses the original dismantle and cancel control phases (0.253336ms)
✔ followers cross the former crop and both world seams, then settle at every frame rate (7864.648495ms)
✔ direct attacks take the short route and engage across both world seams (148.867941ms)
✔ live heights and sprite grounding read native terrain outside the compatibility grid (77.620602ms)
✔ mixed picking follows captured native painter ownership and pixel edges (5.256375ms)
✔ live pointer eligibility uses the active record and recorded cell building (1282.496743ms)
✔ ScenePicking re-resolves injected overlapping terrain candidates against the current painter command (303.04452ms)
✔ native selector body hierarchy retains all 25 worlds and first-three moons (1.677389ms)
✔ opening campaign availability reflects completion without hiding replay access (0.215149ms)
✔ native controller, particles, palette and ordered draw arguments: companion-seed1 (31.536909ms)
✔ native controller, particles, palette and ordered draw arguments: companion-seed12345678 (10.052817ms)
✔ native controller, particles, palette and ordered draw arguments: companion-initial-pause (7.773096ms)
✔ native controller, particles, palette and ordered draw arguments: companion-mid-pause (9.504665ms)
✔ native controller, particles, palette and ordered draw arguments: spell-3-visible (13.046059ms)
✔ native controller, particles, palette and ordered draw arguments: spell-3-offscreen (9.187553ms)
✔ native controller, particles, palette and ordered draw arguments: spell-4-visible (6.965886ms)
✔ native controller, particles, palette and ordered draw arguments: spell-4-offscreen (7.475233ms)
✔ native controller, particles, palette and ordered draw arguments: spell-12-visible (11.034154ms)
✔ native controller, particles, palette and ordered draw arguments: spell-12-offscreen (9.902204ms)
✔ native spell kinematics and pending transitions: model-3-visible (3.246087ms)
✔ native spell kinematics and pending transitions: model-4-visible (2.30422ms)
✔ native spell kinematics and pending transitions: model-12-visible (2.882177ms)
✔ native spell kinematics and pending transitions: offscreen-bit (2.389496ms)
✔ native singleton replacement and independent pulse: bridge-replaced-at-10 (20.099176ms)
✔ native singleton replacement and independent pulse: bridge-replaced-at-26 (15.671816ms)
✔ native singleton replacement and independent pulse: bridge-replaced-at-30 (14.120975ms)
✔ handoff geometry is an owned snapshot; rendering is read-only and draws the last pulse once (5.55314ms)
✔ structured-clone restores all particles, trails, pending phases, draws and independent pulse (284.713668ms)
✔ spell motion, arrival and retirement do not depend on intervening shared cosmetic consumers (17.940163ms)
✔ native before/after limiter selection owns activation, active and tail deadlines (1.034094ms)
✔ ordinary phase handoff, arrival and next-object payout keep elapsed deadlines across refresh schedules (699.300752ms)
✔ simultaneous authored M1 handoffs use native clone priority without reversing payouts (29.459416ms)
✔ missing geometry consumes one request while world countdown continues without replay (94.549045ms)
✔ arrival suppression and capped stock preserve ordinary payout ownership (188.737856ms)
✔ visible acquisition pause preserves original order without broadening land-bit pause (106.68854ms)
✔ checkpoint continuation retains controller, queue, clock and cosmetic state without initialization replay (180.769982ms)
✔ layout transforms move only draw output and retain raised-body/fallback anchors (0.618578ms)
✔ authored ordinary sources exclude the spell-valued Vault and other missions (2.645676ms)
✔ ordinary shrine completion persists provenance, recipient and creation order (203.883055ms)
✔ generic spell, mana and knowledge gifts do not inherit ordinary eligibility (36.161212ms)
✔ legacy head identity may recover eligibility but an existing gift cannot (59.493645ms)
✔ ordinary Stone Head completion creates the original six-visit acquisition VFX before stock delivery (418.478038ms)
✔ spell-head reward admission preserves native oriented cell ranges and active command eligibility (7.032907ms)
✔ head-group selection shares native occupant flag rules and imported panel heights match the original consumer (1.268993ms)
✔ proved worship modes use their original static models without changing other head families (1.352597ms)
✔ original worship model 8 is the reviewed bank-2 geometry (1.948191ms)
✔ original worship model 157 is the reviewed static Angel-head geometry (0.546111ms)
✔ legacy appearance migration recovers recursive authored modes and preserves existing families (316.988471ms)
✔ linked tutorial mode-3 Obelisk retains its authored mode and model (27.410144ms)
✔ Temple training uses the canonical shape doorway rather than crossing its footprint (81.033346ms)
✔ normal worship approach follows the same canonical stone-head heading as the rendered head (88.461213ms)
✔ legacy Mission22 worship appearance is derived from authored source identity without changing checkpoint state (146.751636ms)
✔ legacy linked mode3 head migrates recursively while root trigger and unrelated state stay byte-for-byte equivalent (43.979721ms)
✔ legacy non-mode3 and Vault heads recover mode without changing their presentation families (52.592067ms)
✔ authored worship lookup uses immutable source fields and agrees for Mission22 and linked tutorial head (327.118788ms)
✔ shipped store load migrates legacy Mission22 before real command-27 Brave admission (139.51034ms)
✔ automatic worship-panel activity is written only by a supported completed mode-0 sample (5.826987ms)
✔ automatic producer keeps unproven families out of the first shipped slice (0.367405ms)
✔ automatic retention reads the last player-specific sample rather than generic follower state (0.174609ms)
✔ automatic retention releases an inactive completed head even after a positive last sample (0.192916ms)
✔ worship panels preserve native progress, recharge, slots and artwork without clipping the second row (12.959781ms)
ℹ tests 1388
ℹ suites 0
ℹ pass 1388
ℹ fail 0
ℹ cancelled 0
ℹ skipped 0
ℹ todo 0
ℹ duration_ms 271690.163005

> populous-first-dawn@0.1.0 parity:check
> node scripts/parity.mjs check

Parity ledger, evidence paths, revision and generated report are consistent.

> populous-first-dawn@0.1.0 orchestration:check
> node scripts/orchestration/cli.mjs check

{
  "status": "passed",
  "checks": 130,
  "subsystems": 11,
  "generatedOwners": 6,
  "unmappedSourceCount": 152,
  "unmappedSources": [
    "app/ambient-sound.ts",
    "app/animation.ts",
    "app/audio-preferences.ts",
    "app/audio.ts",
    "app/blast-wave.ts",
    "app/building-clearing.ts",
    "app/building-damage.ts",
    "app/building-debris.ts",
    "app/building-dismantle.ts",
    "app/building-occupants.ts",
    "app/building-sinking.ts",
    "app/building-smoke.ts",
    "app/building-terrain.ts",
    "app/celebration.ts",
    "app/chatgpt-auth.ts",
    "app/combat-approach.ts",
    "app/combat-building.ts",
    "app/combat-order-search.ts",
    "app/combat-orders.ts",
    "app/combat-pursuit.ts",
    "app/combat-targets.ts",
    "app/command-context.ts",
    "app/construction-panel.ts",
    "app/convert-wild.ts",
    "app/drag-border.ts",
    "app/drag-overlay.ts",
    "app/earthquake.ts",
    "app/effect-motion.ts",
    "app/erosion-observation.ts",
    "app/erosion.ts",
    "app/firestorm.ts",
    "app/flatten.ts",
    "app/footprints.ts",
    "app/fps-graph.ts",
    "app/globe-renderer.ts",
    "app/globe.ts",
    "app/ground-overlay.ts",
    "app/hud-charge.ts",
    "app/hud-font.ts",
    "app/hud-health.ts",
    "app/hud-mana.ts",
    "app/hud-population.ts",
    "app/hud-portrait.ts",
    "app/hud-selection.ts",
    "app/hut-birth.ts",
    "app/hut-occupancy-smoke.ts",
    "app/hut-smoke-runtime.ts",
    "app/hut-upgrade.ts",
    "app/indexed-search.ts",
    "app/land-bridge.ts",
    "app/layout.tsx",
    "app/level-one.ts",
    "app/level-three.ts",
    "app/level-two.ts",
    "app/live-resting.ts",
    "app/mana.ts",
    "app/melee-encounter.ts",
    "app/melee-engagement.ts",
    "app/melee-groups.ts",
    "app/melee-placement.ts",
    "app/melee.ts",
    "app/minimap-frame-view.tsx",
    "app/minimap-frame.ts",
    "app/minimap-renderer.ts",
    "app/minimap.ts",
    "app/model-faces.ts",
    "app/model-lighting.ts",
    "app/morph.ts",
    "app/music.ts",
    "app/native-math.ts",
    "app/original-bloodlust.json",
    "app/original-camera.json",
    "app/original-constants.json",
    "app/original-effects.json",
    "app/original-fire.json",
    "app/original-minimap-frame.json",
    "app/original-music.json",
    "app/original-pointer.json",
    "app/original-script-three.json",
    "app/original-script-two.json",
    "app/original-script.json",
    "app/original-search.json",
    "app/original-shapes.json",
    "app/original-sky.json",
    "app/original-skylens.json",
    "app/original-sound.json",
    "app/original-stone-heads.json",
    "app/original-tooltips.json",
    "app/original-vault-knowledge.json",
    "app/painter-vertices.ts",
    "app/painter.ts",
    "app/path-geometry.ts",
    "app/path-search.ts",
    "app/path-solver.ts",
    "app/person-collision.ts",
    "app/person-idle.ts",
    "app/person-motion.ts",
    "app/person-panel.ts",
    "app/person-physics.ts",
    "app/person-route-recovery.ts",
    "app/person-state.ts",
    "app/preacher-conversion.ts",
    "app/projectile-motion.ts",
    "app/projection.ts",
    "app/resting-slots.ts",
    "app/scene-hud-runtime.ts",
    "app/scene-secondary-effects.ts",
    "app/scene-vault-knowledge.ts",
    "app/scenery-fire.ts",
    "app/secondary-effects.ts",
    "app/selection-raster.ts",
    "app/shaman-death-vfx.ts",
    "app/sky-motion.ts",
    "app/sky.ts",
    "app/special-battle.ts",
    "app/spell-button.ts",
    "app/spell-halo.ts",
    "app/spell-trails.ts",
    "app/spell-visibility.ts",
    "app/sprite-layers.ts",
    "app/stone-head-149.ts",
    "app/stone-head-animation.ts",
    "app/stone-head-orientation.ts",
    "app/swamp.ts",
    "app/swarm.ts",
    "app/terrain-ambience.ts",
    "app/terrain-light.ts",
    "app/territory.ts",
    "app/tooltip-layout.ts",
    "app/tornado-runtime.ts",
    "app/tornado.ts",
    "app/training-conversion.ts",
    "app/training-hut-appearance.ts",
    "app/training.ts",
    "app/tree-growth.ts",
    "app/unit-health.ts",
    "app/vault-appearance.ts",
    "app/vehicle-appearance.ts",
    "app/vehicle-routing.ts",
    "app/volcano.ts",
    "app/water.ts",
    "app/workshop-panel.ts",
    "app/world-coordinates.ts",
    "app/world-initialization.ts",
    "app/world-selector-data.ts",
    "app/world-selector.module.css",
    "app/world-selector.tsx",
    "app/world-state.ts",
    "app/world-tasks.ts",
    "app/worship-appearance.ts",
    "app/worship-panel-activity.ts",
    "app/worship-panel.ts"
  ],
  "cacheRequired": false
}
