
> populous-first-dawn@0.1.0 check
> npm run typecheck && npm test && npm run parity:check && npm run orchestration:check


> populous-first-dawn@0.1.0 typecheck
> tsc --noEmit


> populous-first-dawn@0.1.0 test
> node --test tests/*.test.mjs

✔ live Mission3 adapters rotate an eligible Convert Wild producer behind training (127.611704ms)
✔ producer table preserves singleton priority, one stable pass, and signed counts (0.852454ms)
✔ producer capacity is checked before callbacks and after pre-table allocation (0.893345ms)
✔ checkpoint migration retains producer history and initializes each legacy AI independently (158.545375ms)
✔ authored early producer opportunities record native table attempts without changing later missions (1154.644246ms)
✔ Missions1/2 never enable type8 or idle type11/15 response follow-ups (317.025194ms)
✔ ordinary Missions1/2 allocate a real pre-table scan at their first producer opportunity (505.791795ms)
✔ normal first scans finish and repeat without a placeholder reservation (551.435798ms)
✔ ordinary Mission2 movement reaches a real response and resumes the scan checkpoint (401.712451ms)
✔ response allocation preserves native duplicate, disabled, cancellation and exhaustion gates (0.811333ms)
✔ early automatic training requires at least the native school capacity (482.028749ms)
✔ training capacity compares the native signed32-bit available total (0.81651ms)
✔ six followers share ground → area attack → ground orders, destroy the hut and regroup (394.789083ms)
✔ losing an acquired building rescans the area, fights a new person and retains the waypoint tail (186.769496ms)
✔ cancelling a reserved fight releases its reservation and the entire staged tail (107.311406ms)
✔ area targeting distinguishes an unbuilt plan from a partially constructed building (279.276775ms)
✔ arrival voices count approaching followers and fire once when they near the ordered area (587.625317ms)
✔ area approach, combat, arrival voices and queued destinations agree at 5–240 Hz and irregular rendering (1208.150806ms)
✔ pausing an unfinished music play preserves enabled sound and later resume (6.963152ms)
✔ late rejection from an older resume cannot cancel the newest playing request (1.791336ms)
✔ a superseded context resume does not submit an extra music play (3.473244ms)
✔ mute cancels pending playback without recreating the background timer (0.894917ms)
✔ dispose cancels pending playback without recreating the background timer (1.230024ms)
✔ the current playback failure still rejects rather than hiding a real media error (2.224217ms)
✔ current context errors propagate, while a disposed request cannot report a stale failure (0.668701ms)
✔ initial enable can finish while paused without turning the sound setting off (1.712759ms)
✔ enable reports cancellation when muted during its pending playback (0.550917ms)
✔ first visit and non-browser rendering keep the existing defaults without writing (2.160833ms)
✔ versioned zero/full volume restores without truthiness fallback or autoplay data (0.335638ms)
✔ malformed, unsupported and unsafe values fall back without overwriting the record (0.539921ms)
✔ only an explicit valid change writes the known preference fields and leaves other storage alone (0.359313ms)
✔ invalid programmatic values never persist or replace the last valid choice (0.408426ms)
✔ denied storage getter, reads and writes are safe session-only fallbacks (0.470187ms)
✔ restoring volumes does not create audio, enable playback, or change audio RNG/reset semantics (0.366984ms)
✔ authored origins survive initialization for all five currently live campaign bridge heads (595.140557ms)
✔ ordinary Mission 2 worship creates the authored crossing and every live terrain turn matches it (1422.940146ms)
✔ legacy migration recovers only missing immutable origins without replaying active terrain (642.10298ms)
✔ component checkpoint preserves authored birth caches when sampled terrain changes before the next visit (417.577164ms)
✔ pre-activation legacy save and mid-bridge checkpoint continue once at the authored origin (1154.618331ms)
✔ automatic Boat search filters native-ineligible vehicles and boarding shares the driver route (114.38384ms)
✔ music sections and ordinary ambient decisions match captured original execution (10.901475ms)
✔ percussion uses audio timestamps at low/high/irregular frame rates and skips stale starts (6.645056ms)
✔ Blast head reaches impact and native first/last wave visits launch enemies/allies (268.985927ms)
✔ Blast and follower presentation share elapsed time at low/high/irregular refresh rates (563.940818ms)
✔ projectile snapshots preserve pause, wrap and explicit placement without touching unrelated effects (43.86136ms)
✔ original Blast indexed visits, alliances, repeated impulses and damage gates (46.247993ms)
✔ live Blast delays allied launch, retains native flight height and restores commands after landing (182.651859ms)
✔ Blast and landing damage share original shields, protection, attacker and life wrapping (0.560861ms)
✔ wild followers land into their original state 8 without losing the unit (77.757688ms)
✔ a burning airborne follower keeps one panic clock and releases its native pose after landing (48.085902ms)
✔ Boat House launch matches native type-1 computer full ejection (138.016857ms)
✔ Boat House launch matches native type-2 human driver removal with retained occupants (73.230117ms)
✔ maintained checkpoint callsite waits for delayed false reads before reloading (5.325845ms)
✔ maintained checkpoint callsite rejects exhausted false reads without reloading (21.961185ms)
✔ maintained checkpoint callsite closes rejected reads without reloading (2.426277ms)
✔ rendered transport checker independently counts whole mixed-class craft (1.960526ms)
✔ rendered transport checker rejects partial, unrelated, duplicate and wrong-class groups (4.039508ms)
✔ transport pixel oracle retains real device scale and outward clip padding (0.584456ms)
✔ transport oracle preserves fractional scales and detects the old footer/hit failure (1.222913ms)
✔ readiness reads rebind after fresh page reload and on repeated calls (14.839458ms)
✔ readiness wait sequentially awaits false samples before accepting literal true (4.554782ms)
✔ a truthy non-boolean readiness field does not pass the wait (4.999962ms)
✔ read errors propagate and repeated unready samples time out without mutation (21.920195ms)
✔ maintained Mission 4 callsite awaits valid profile completion before continuing and reloading (31.236004ms)
✔ maintained Mission 4 callsite exhausts false reads without starting continuation (15.6639ms)
✔ maintained Mission 4 callsite accepts completion on the last read without a final pause (11.95316ms)
✔ maintained Mission 4 callsite rejects failed opens without starting continuation (1.698017ms)
✔ maintained Mission 4 callsite closes rejected reads without starting continuation (1.276071ms)
✔ maintained Mission 4 callsite closes a database when starting its read throws (1.631659ms)
✔ maintained Mission 4 callsite closes databases with a missing store and fails closed (14.270605ms)
✔ maintained Mission 4 callsite requires literal true before starting continuation (3.855606ms)
✔ building attack phases, entrances, damage and shake match native execution (40.61641ms)
✔ an entirely occupied world cancels special positioning instead of hanging (0.600861ms)
✔ live building assault enters, strikes, shakes and destroys via native damage accumulation (663.833099ms)
✔ occupied building ejects a defender and the same native command resumes after winning (122.159199ms)
✔ building attack mechanics and poses are independent of rendering cadence (976.764631ms)
✔ attacker death releases immediately; target loss rescans the area before completing (181.24946ms)
✔ native defence gate and shaking retain counter cadence, signed lifetime and collapse RNG (2.174944ms)
✔ cancelling or killing an attacker during its defender encounter releases the retained order (197.53078ms)
✔ complete native scenery clearing, shared waits and ownership requests (216.789399ms)
✔ complete native people clearing, shared waits and ownership requests (132.808876ms)
✔ live clearers harvest on-site trees, carry and deposit logs, then move bystanders before allocation (849.94349ms)
✔ clearing pauses without advancing and cancellation releases its native animation and route (108.303109ms)
✔ clearing bushes starts the original fire and retreats before the site is allocated (136.410876ms)
✔ occupant restoration and facing match native captures, including seams and backwards facing (6.775735ms)
✔ live exits retain position and sprite ownership for every building orientation (1798.256558ms)
✔ command cancellation uses shared exit restoration without changing the route start (35.547986ms)
✔ timber hauling matches native phases, movement, reservations, transfers, poses and clocks (29.46487ms)
✔ native building origins, exact ground writes and plan height initialization (140.169367ms)
✔ live rotated foundations use native vertices and preserve surrounding terrain (723.800675ms)
✔ buildings retain distinct terrain handles after long effect-heavy games (26.421887ms)
✔ native descriptor data routes completed huts through kind 7 with resident capacities (1.082975ms)
✔ kind-7 hut rows place occupant and dismantle hit targets from native capacity (1.160651ms)
✔ training charge row keeps existing controls aligned after shared geometry extraction (0.157433ms)
✔ unbuilt plan priorities, validation, allocation and abandonment match native decisions (11.079865ms)
✔ leveling movement, animation, timers, terrain and sound match complete native task 8 (62.481984ms)
✔ live plans retain uneven ground, level visibly and wait for timber and crew clearance (2509.338695ms)
✔ a full shared order pool leaves a new plan unstaffed without leaking ownership (78.942345ms)
✔ simultaneous fetch deposits cap preparation work and preserve surplus timber (78.323398ms)
✔ unattended plans expire and redirected leveling workers release their sprite and route (268.262756ms)
✔ native preparation clears on-site timber before allocation without deleting its resource (157.906172ms)
✔ foundation settling, flooding and dock edges match original executable captures (47.512182ms)
✔ original wet-side tipping, drift, spin and sinking expiry retain complete native trajectories (124.076862ms)
✔ terrain collapse ejects before destruction, retaining its two-turn delay (0.405782ms)
✔ healthy buildings settle without entering repair; deformed and flooded buildings use distinct destruction (758.99656ms)
✔ complete native cell validity and exact placement feedback (53.385519ms)
✔ placement protects reincarnation stones without a living Shaman and reserves buildings (1023.27645ms)
✔ building activity matches native geometry, clocks, speed, facing and animation requests (50.928758ms)
✔ live builders reach work poses, animate, pause, cancel and finish without stale sprites (467.467059ms)
✔ crews leave finished huts in all four orientations before the plan releases them (2563.630727ms)
✔ player construction orders approach natively and deposit carried logs before fetching (1473.732309ms)
✔ builder admission and stale-slot pruning match complete native calls (11.976124ms)
✔ construction dispatch, repair clocks and departure gates match native plan calls (11.954151ms)
✔ scheduled burning plans panic only unlocked builders on building cells (77.125322ms)
✔ repair smoke footprint and terrain refresh match native cell traversal (2.324486ms)
✔ two live builders dispatch one hauler on the original sixteen-turn phase (480.256467ms)
✔ later construction haulers skip timber reserved by an earlier search (194.999034ms)
✔ timber reservations reopen, drain and release on native transitions (0.293946ms)
✔ live plan capacities, duplicate orders and replacement workers share registration (119.972644ms)
✔ zoom retains native preset bounds and the existing 18-step timer (1.916622ms)
✔ render previews do not mutate native state and meet every committed step across all resolution tables (137.819195ms)
✔ 30/60/120/144 Hz and irregular preview schedules retain duration and every owned native configuration (17.044217ms)
✔ conversion observation requires the native victim-owner and replacement flags without world mutation (1.540794ms)
✔ death, ordinary births, startup conversion flags and enemy preacher ownership are not credited (0.277371ms)
✔ observation resets at mission boundaries and does not infer events across unobserved turns (0.130183ms)
{"label":"fixture","ready":true,"turn":1,"status":"playing"}
{"checkpoint":"mission-2-start","level":3,"status":"won","turn":1,"population":{}}
{"checkpoint":"mission-2-won","level":3,"status":"won","turn":1,"population":{}}
{"checkpoint":"mission-2-result","level":3,"status":"won","turn":1,"population":{}}
{"checkpoint":"mission-3-continued","level":3,"status":"won","turn":1,"population":{}}
{"checkpoint":"mission-3-won","level":3,"status":"won","turn":1,"population":{}}
{"checkpoint":"mission-3-result","level":3,"status":"won","turn":1,"population":{}}
PASS: fixed-turn diagnostic wins Mission 2, continues, and wins Mission 3; not real-clock gameplay
✔ sandbox adapter retains every existing assertion, turn bound and campaign action (4.706046ms)
✔ changed or duplicated maintained checker scaffold fails closed before browser execution (2.245669ms)
✔ late final screenshot completion cannot mark an aborted campaign scenario passed (9.45066ms)
✔ actual native triangles supplement the historical fixed anchor scan (6.540715ms)
✔ geometry candidates cannot bypass foreign object or DOM overlay ownership (4.312724ms)
✔ normal zero-dt frame refresh resolves stale panels while retaining simulation slots and clock (2.507277ms)
✔ presentation refresh cannot conceal a simulation change (2.762215ms)
✔ presentation reservation exception cannot conceal secondary slot allocation (2.087534ms)
✔ stale pre-refresh reservations fail instead of being normalized by the checker (2.261792ms)
✔ presentation refresh cannot conceal changed world Map entries (3.152434ms)
✔ occluded shrine fallback uses bounded ordinary camera drags and strict target re-probes (0.431219ms)
✔ the shipped right-drag mapping rotates 512 native angle units without panning (74.293809ms)
✔ Mission 3 trains a bounded Preacher group and retains identified HUD-reachable Braves (0.290951ms)
✔ additive native Ctrl-five requires the ordinary cancel/deselect before reserving workers (1073.790564ms)
✔ missing checkpoint does not suppress independent campaign progress (83.056364ms)
✔ malformed checkpoint does not suppress independent campaign progress (70.009042ms)
✔ partially migratable checkpoint does not suppress independent campaign progress (38.480694ms)
✔ incompatible checkpoint does not suppress independent campaign progress (46.398281ms)
✔ current valid checkpoint still restores and loads (127.17799ms)
✔ legacy valid checkpoint still restores and loads (72.073221ms)
✔ malformed stored checkpoint preserves usable session checkpoint and merges completion (42.109454ms)
✔ storage read failure retains in-session progress and checkpoint (65.67052ms)
✔ camera release alone does not make the startup Shaman selectable; observation is read-only (431.100384ms)
✔ readiness still rejects absent actors, global input locks and paused play (223.725974ms)
✔ Continue readiness waits on real RAF before suspension with the existing timeout (1.09287ms)
✔ the production wait polls synchronous false until native selection readiness (3.405839ms)
✔ Mission 3 Swarm target observation is read-only and chooses an actually castable enemy (1507.227367ms)
✔ Mission 3 Swarm eligibility does not depend on distance to the vault or unit array order (651.646529ms)
✔ Mission 3 Swarm diagnostic refuses missing stock, blocked input, cooldown and invalid enemies (817.177428ms)
✔ checkpoint readback awaits false reads before the actual true result (3.686775ms)
✔ checkpoint readback fails closed after bounded asynchronous false results (4.590555ms)
✔ attack approach points and search pool state match complete native queries (69.139875ms)
✔ fight/person pursuit, housed entry, waiting and retries match native visits (22.149013ms)
✔ attack search, march records and automatic retargeting match native dispatch boundaries (18.624189ms)
✔ arrival voices and reservation release replay native thresholds and compacted-list visits (3.135969ms)
✔ original automatic commands preserve normal queues, share one reference-counted record and handle allocation exhaustion (51.231546ms)
✔ native scan dispatch preserves pending bits, suppression, specialist selection and consumer call counts (0.791343ms)
✔ ordinary combat entry reveals a completed Spy disguise (282.814527ms)
✔ live campaign scan suppression consumes pending alerts without changing person counters or sprites (150.157462ms)
✔ dead building attackers release queued shaman-guard duty (153.358577ms)
✔ fight motion initializes its retained sermon without a native owner (139.435926ms)
✔ coastal response targets come from the corrected native cell, including its newly exposed edge (101.340883ms)
✔ tower counterattacks ignore hostile people in water (310.657978ms)
✔ coastal area/dismantling order preparation matches full native calls and retains flags on identical commands (1.168613ms)
✔ live same-cell followers share one automatic command 21 and resume their queued destination (246.380103ms)
✔ an on-foot Firewarrior owns one automatic response per cooldown and yields to player movement (694.264165ms)
✔ an on-foot Firewarrior repeatedly launches at and damages a completed enemy building (97.988874ms)
✔ automatic combat restarts a retained direct tree harvest instead of harvesting during battle (112.75021ms)
✔ live automatic combat consumes a pending worship scan without replacing command 27 (90.669892ms)
✔ live automatic allocation failure preserves its source and queued order (59.315184ms)
✔ live automatic sharing leaves a nonmatching same-cell peer untouched (88.559504ms)
✔ live preacher response retains its sermon queue and resumes conversion (71.968675ms)
✔ preacher response allocation failure consumes the scan without changing its queue (181.827698ms)
✔ complete pursuit, target setup and attack-area gates match native fields, RNG and consumer ordering (40.754154ms)
✔ full-fight waiting positions and fallback RNG match original terrain and collision execution (72.473122ms)
✔ mixed target collection, native distance bands, fight admission and reservations replay executable captures (17.071942ms)
✔ live followers choose closer enemies, distribute reservations, then fall back to a saturated target (317.14031ms)
✔ live mixed scans detect enemy footprints and prefer an eligible person in the same distance band (118.316282ms)
✔ automatic squads share native area orders and target capacity independently of render frequency (690.2136ms)
✔ live target priority joins a fight ahead of a solitary enemy in its distance band (85.453417ms)
✔ nearby automatic building attacks keep their command-21 target between detection visits (105.751283ms)
✔ automatic contextual priority matches original single and mixed-class captures (2.085712ms)
✔ live ground context follows native registered cells through rotations and world seams (124.549074ms)
✔ ground beside a hut moves the group, while its occupied cell enters it (94.2197ms)
✔ an exact tree click harvests, seeks a timber plan and otherwise returns to rest (174.124562ms)
✔ a queued ordinary-tree harvest keeps its cargo and advances the existing waypoint (449.913287ms)
✔ input feedback matches native ground-cell centers and suppresses flashes over pointed objects (0.479802ms)
✔ object commands retain the chosen identity through overlaps and array reordering (205.947123ms)
✔ live target choice follows captured native ownership for both tribes (2552.773857ms)
✔ construction command matches native registration, fallback ownership and task handoffs (234.080401ms)
✔ construction panel matches native submissions and corrects the unlinked second-row height (30.596374ms)
✔ construction workers can be selected, reassigned to dismantle, cancelled and restarted (620.674242ms)
✔ construction icons select the active worker record and respect its native eligibility (48.927302ms)
✔ original priming consumes no elapsed progress; each frame stops before batch overshoot (9.010139ms)
✔ separate calls continue from the original previous timestamp without re-priming (0.421886ms)
✔ a promise is never accepted as a truthy readiness predicate (0.681691ms)
✔ frame and object-turn exhaustion fail without extending a goal (0.487142ms)
✔ an explicitly bounded coastal position attempt can return unmet without hiding its limit (0.26288ms)
✔ abort and Scene/World replacement are detected across browser-task yields (8.446953ms)
✔ normal speed, unpaused commands, positive finite deltas and wall bound stay mandatory (1.021425ms)
✔ original-frame failures propagate without another step (0.318102ms)
✔ unexpected automatic elapsed frames during a yield are rejected (0.452251ms)
✔ Convert Wild scans, converts, animates, and casts through player and computer paths (178.877233ms)
✔ deselection matches native command flags for every selection byte (2.634396ms)
✔ cancel targeting first; deselection preserves shared marching orders, routes, RNG and pause (275.418401ms)
✔ deselection reaches retained work representations once, leaves enemy ownership alone (102.497959ms)
✔ deselected groups retain identical mechanics and poses at 5–240 Hz and irregular frames (631.024762ms)
✔ training selection eligibility reads command flags, independently of motion turning flags (269.021341ms)
✔ dismantling reassigns residents and queued braves, recovers all timber and removes the building in four orientations (592.782627ms)
✔ cancelling dismantling stops existing workers; new orders can staff an empty dismantling building (107.47584ms)
✔ dismantling outcomes and timber remain independent of render frequency (739.017344ms)
✔ mixed groups queue movement, dismantling and movement without redirecting ineligible warriors (622.175873ms)
✔ queued building entry can become dismantling; cancellation skips work while retaining the destination (330.249115ms)
✔ dismantling queue replacement and death release references while non-braves keep their current orders (298.015462ms)
✔ automatic combat pauses shared dismantling and resumes its retained order (89.521865ms)
✔ automatic combat completion follows the native circular dismantling queue (80.053117ms)
✔ automatic combat allocation failure keeps dismantling state intact (82.76557ms)
✔ queued dismantling, timber and following movement agree at 5–240 Hz and irregular frames (862.91334ms)
✔ drag borders match original screen extrusion, texture coordinates and terrain crossings (33.794666ms)
✔ native area commands retain tower/training exclusions, current-order lookup and actual land membership (4984.562345ms)
✔ a real trainee remains drag-selectable on entry and becomes excluded only in the native interior phase (129.94703ms)
✔ fetching builders are selected at their active task-7 position (25.54122ms)
✔ world drag geometry matches captured native seams, camera bearings, clamps and degenerate drags (5.290704ms)
✔ live drag selection matches native flags and group voices without changing simulation ownership (756.635376ms)
✔ Mission 3 periodic raid preserves native mask, strict thresholds and arguments (2.236887ms)
✔ Mission 3 naturally grows both tribes and recruits the authored three-Brave raid (12119.148318ms)
✔ Earthquake matches the native initializer and central deformation phase (10.738868ms)
✔ Earthquake building scans preserve protected models, RNG and ejection-before-damage (0.715161ms)
✔ live Earthquake casts, damages and deforms independently of refresh rate (400.828825ms)
✔ Mission 1 counts authored primary effects before the opening (147.45096ms)
✔ Mission 1 keeps the allocation phase across pause, checkpoint and restart (282.621507ms)
✔ Mission 2 counts authored primary effects before the opening (44.954963ms)
✔ Mission 2 keeps the allocation phase across pause, checkpoint and restart (325.280589ms)
✔ Mission 3 counts authored primary effects before the opening (48.399952ms)
✔ Mission 3 keeps the allocation phase across pause, checkpoint and restart (232.242314ms)
✔ early-level effect phase remains fixed-turn owned across frame schedules (622.924032ms)
✔ prospective declaration binds the exact constructor return before immediate first processing (3.355747ms)
✔ wrong first target and second creation fail permanently without replacing or mutating controllers (2.62311ms)
✔ duplicate declarations invalidate the original instead of overwriting or rearming it (0.821739ms)
✔ late declarations cannot bind a preexisting controller; close is idempotent and never auto-rearms (0.16832ms)
✔ a constructor exception retains its identity and cannot bind a partial object (0.288668ms)
✔ constructor diagnostic binding failures never change the returned object or its immediate step (0.672488ms)
(node:530) ExperimentalWarning: stripTypeScriptTypes is an experimental feature and might change at any time
(Use `node --trace-warnings ...` to show where the warning was created)
✔ constructor output and wrapping match pinned original source with declaration disabled and enabled (2.659783ms)
✔ all 64 visits match pinned uninstrumented source with observation disabled and enabled (88.694002ms)
✔ actual application errors keep their identity, partial state, receiver and call count (5.575125ms)
✔ read copies and later game writes cannot change each other or historical capture (1.22814ms)
✔ active callback wrappers preserve their original return values (1.169935ms)
✔ copy failure and overflow invalidate evidence without skipping the original body (50.238685ms)
✔ after-copy diagnostic failure cannot replace an application exception (1.054563ms)
✔ a thrown empty string permanently invalidates capture while all original calls continue (1.030518ms)
✔ a thrown empty stringifier permanently invalidates capture while all original calls continue (0.931651ms)
✔ a thrown zero permanently invalidates capture while all original calls continue (1.019391ms)
✔ a thrown false permanently invalidates capture while all original calls continue (1.056026ms)
✔ a thrown null permanently invalidates capture while all original calls continue (0.709472ms)
✔ a thrown undefined permanently invalidates capture while all original calls continue (0.673298ms)
✔ an empty diagnostic throw cannot replace an application exception (1.017518ms)
✔ diagnostic append failure disables capture and still invokes the body once (0.92428ms)
✔ no observer or detached capture makes no diagnostic copy and invokes the body once (0.955096ms)
✔ capturing a live controller does not change any World field or completed turn (source fixture) (603.076534ms)
✔ scenario cleanup preserves the original thrown undefined value (2.608987ms)
✔ scenario cleanup preserves the original thrown null value (1.26839ms)
✔ scenario cleanup preserves the original thrown false value (0.53261ms)
✔ scenario cleanup preserves the original thrown 0 value (0.233567ms)
✔ scenario cleanup preserves the original thrown  value (0.191584ms)
✔ scenario cleanup preserves the original thrown Error: synthetic primary value (0.158895ms)
✔ startup-smoke uses the ordinary prefix and cleanup without capture or worship (3.167906ms)
✔ startup binding retries only real TimeoutError and retains diagnostics without repeating physical inputs (2.675927ms)
✔ startup binding propagates non-timeout and lookalike errors immediately with exact identity (1.263223ms)
✔ a binding success after the startup deadline is rejected before readiness or later work (0.718085ms)
✔ a preserving stop arriving during a successful bind rejects before later work (0.837702ms)
✔ Skip dispatches once without a navigation barrier and still waits for original-actor readiness (0.946243ms)
✔ Skip action errors retain identity and never cause a second physical click or readiness continuation (0.894426ms)
✔ real named-scenario CLI import reaches the missing-plan guard before browser/server setup (553.713473ms)
✔ combined corrected producer has identical full World state with capture disabled and enabled for all64 visits (1647.395025ms)
✔ lifecycle wrapper preserves original exception identity and exactly one callback (233.185533ms)
✔ the actual harness Vite launcher must resolve inside the pinned package closure (1651.47532ms)
✔ immutable compiler identity includes nested executable chunks and declared dependencies (5.943785ms)
✔ polling rejects stop or timeout arriving during an awaited ready predicate (0.645908ms)
✔ external launch plan rejects wrong source, compiler, dirty source, bounds and reused path shape (2.914122ms)
✔ all 64 captured calls with worst-case signed heights fit the 32MiB replay input bound (123.522294ms)
✔ original Mission 3 Shaman can plan to the unused Erosion head on a clone (88.11751ms)
✔ source correspondence accepts exact bytes or inline maps containing the pinned source (3.681621ms)
✔ module read covers all eight prescribed scripts using only observational CDP calls (5.865069ms)
✔ missing required module is rejected before a source read (3.206607ms)
✔ a required module parsed under another origin does not satisfy admission (2.652274ms)
✔ two script identities for one required module are rejected (6.952161ms)
✔ required modules from different execution contexts are rejected (2.633437ms)
✔ a stop arriving during an awaited source read prevents any result or next read (1.690347ms)
✔ dispose removes its parsed-event listener and detaches without removing other listeners (1.24019ms)
✔ authored Mission 3 activation runs the first native Erosion call immediately and only once (376.425664ms)
✔ multiple authored targets process in link order at activation and newest-first on later visits (50.954803ms)
✔ activation queues radius6 texture updates and notifies before allocating the next target (137.250176ms)
✔ repeated rewards get one initial visit each and exhausted rewards never allocate again (253.086131ms)
✔ live Erosion casting deforms terrain independently of refresh rate (800.167399ms)
✔ a newer Lightning consumes simulation RNG before Erosion (39.996695ms)
✔ original cleanup, center, terminal release/counters and recovery match native captures (7.951348ms)
✔ last opponent death ends the fight, credits its winner once and returns a survivor to commands (138.759255ms)
✔ live separation uses the squared eight-unit boundary (139.658634ms)
✔ a native interruption detaches its slot and protected survivors defer state recovery (37.864654ms)
✔ fight completion, recovery and RNG agree at 5–240 Hz and irregular frame schedules (297.262862ms)
✔ Firestorm emits its complete native 220-turn rain sequence (9.511591ms)
✔ live Firestorm composes fire, panic Blast and building ignition independently of refresh rate (765.969249ms)
✔ native Firewarrior resting source720 resolves its actual original frames (2.107935ms)
✔ Flatten follows the native 15-turn terrain and orbit lifecycle (5.62585ms)
✔ live Flatten casting is refresh-rate independent (1866.638281ms)
✔ persistent follower controls retain native descriptor order and class HFX ownership (2.263997ms)
✔ live own class totals enable controls independently of training knowledge or occupancy (114.206351ms)
✔ reading the follower strip does not mutate simulation or selection state (199.66259ms)
✔ shipped G task classification follows deferred native adoption without mutating HUD reads (184.649819ms)
✔ specific legacy work overrides dormant idle while real native disruption remains authoritative (180.606559ms)
✔ construction, pre-entry, actual entry and native idle routes use their own categories (90.90082ms)
✔ task selection preserves orders and RNG during a real movement command and propagates occupied groups (57.145072ms)
✔ live task count reads nearby camera coordinates without creating or registering people (48.76192ms)
✔ real boarding through a route owner overrides a dormant native person for Selected task propagation (50.442832ms)
✔ task classifier preserves every recovered native state and command category (3.075259ms)
✔ inside classification follows building category and the Preacher command exception (0.298683ms)
✔ global existence and nearby task counts are independent; selected overlays preserve native addition (1.249743ms)
✔ task selection ignores persistent-strip assignment priority and uses category nearest (0.453302ms)
✔ Selected row click/Shift deselect, Ctrl reselects nearest without changing its work or the group (0.567091ms)
✔ Total single/five can select the Shaman while Shift excludes it (0.332933ms)
✔ task focus filters category and cycles with the Shaman nearby exemption without mutation (0.398471ms)
✔ vehicle creation and frame cache use apparent tribe, including checkpoints and legacy fallback (355.173655ms)
✔ vehicle damage immunity follows apparent tribe while real-owner counts stay unchanged (119.832616ms)
✔ live Blast projects class4 apparent tribe without changing the real owner (238.029887ms)
✔ ordinary live boarding exposes class vehicle counts, all passengers and independent owner fields (306.447826ms)
✔ Spy boarding uses immediate target bits, later boarding rewrites owner and exit preserves apparent owner (45.865409ms)
✔ split owner and occupied selection survive checkpoint, legacy vehicles use real team fallback (47.50479ms)
✔ destroyed last vehicle keeps presence during its visible wreck and cannot select or focus (59.355536ms)
✔ shipped disguise command aboard publishes apparent ownership through completion and countdown (86.154138ms)
✔ legacy occupied checkpoint retains apparent fallback across voluntary unload (135.664571ms)
✔ first and later boarding, either exit and reuse preserve the native two-owner contract (633.72038ms)
✔ occupied class reads rebuild from current passengers rather than stale row totals (58.519532ms)
✔ transport presence uses real ownership and survives an empty count (1.791827ms)
✔ class filter acquires a vehicle and selects all eligible passengers; Ctrl counts vehicles (0.897701ms)
✔ driver command priority, matching-passenger distance and vehicle nearby boundary remain distinct (0.316709ms)
✔ native reverse vehicle-list focus cycles, variants reacquire, and selected/blocked occupants can focus (5.892387ms)
✔ footprint history matches native ring replacement and its per-cell pixel counts (708.305088ms)
✔ partial footprint shading equals a complete native-palette atlas rebuild (1754.76424ms)
✔ live walking footprints use the elapsed animation clock, including pause and disabled trails (303.072075ms)
✔ live turn preserves native tribe order, inactive skipping and next-turn formation admission (1697.6619ms)
✔ actual recruited groups wait a turn and then steer before member physics (82.071904ms)
✔ render cadence and idle production worship hooks cannot change gameplay, RNG or owned animation state (13252.156825ms)
✔ paused time stays paused; long active frames retain elapsed time (113.971122ms)
✔ campaign messages use the presentation clock and freeze while paused (222.246381ms)
✔ campaign pending auto-open waits for settled motion and consumes one oldest record per presentation visit (46.271538ms)
✔ scenery shade follows cell occupants through overlap, depletion and regrowth (81.049869ms)
✔ rotated building plans keep their anchor, entrance routes and orientation through construction (815.936327ms)
✔ Lightning ignites only its building footprint, then evacuates, damages and permits repair (489.770474ms)
✔ Lightning burns original scenery through smoke and cleanup without leaking fire state (104.08152ms)
✔ native impacts expire on exact turns and debris preserves the sprite allocation counter (57.170872ms)
✔ terrain rebuilds preserve queue precedence and initialize the original mission before sampling (17.101528ms)
✔ territory preserves native footprint asymmetry, overlap clearing and staggered recovery (1.447586ms)
✔ opening tooltips resolve mission cells and have an independent lifetime (26.191906ms)
✔ original level layout, native foundations, and the complete mission (3548.810157ms)
✔ housing, mana allocation, pause, drowning, and reincarnation (664.687599ms)
✔ ordinary land deaths keep the native corpse lifecycle (218.2704ms)
✔ native transformed compound bases stay on their ground pads (40.206678ms)
✔ native animation identity, casting interruption, gradual terrain and blast survival (380.497945ms)
✔ native economy uses fixed turns, population bands and real hut upgrades (1038.366369ms)
✔ lightning hits a native map cell and Blast leaves allied health intact (40.247689ms)
✔ native integer movement and combat exchanges preserve timing, retaliation and replay (491.245263ms)
✔ native fight slots form four-person groups and release on interruption (141.001491ms)
✔ native sound cues preserve sample identity, cast phases and simulation randomness (214.282373ms)
✔ native Lightning delays the upper flash and regenerates eight segments for three turns (57.587877ms)
✔ native spell allocation, discrete flight, RNG trails and delayed impact (703.431788ms)
✔ native terrain ridges, reflected diagonals, surface planes and boundary vertices (1.597248ms)
✔ original campaign setup disables only enemy reincarnation and retains deferred commands (275.665557ms)
✔ mission-one AI applies its native spell interval profile on the original phase (165.972251ms)
✔ mission-one closes its construction latch after the first Red hut (42.508561ms)
✔ campaign marker setup snapshots native entry state before live execution (79.697956ms)
✔ mission marker task sends one reserved brave to marker one (82.938489ms)
✔ mission-one ordinary marker guard patrols and answers nearby enemies (99.797234ms)
✔ campaign markers remove the bridge head on the native phase, independently of routing (172.052435ms)
✔ campaign counters track allocation and remaining head gifts through gameplay (154.570467ms)
✔ worship decays without followers and continues at full spell stock (311.147615ms)
✔ vault discovery follows worship, door, entry and exit tasks (191.3262ms)
✔ vault allocation preserves the current order when the shared pool is full (169.132953ms)
✔ original discovery messages follow script phases, persist and reset (96.382474ms)
✔ partial building queries consume their mode once and marker triggers bypass worship (40.353956ms)
✔ original opening runs before object turn 72 and its independent flyby clock can be interrupted (139.68134ms)
✔ native outcome phases honor campaign opponents, forced results and defeat recovery (367.474043ms)
✔ tribe gates suppress scripts and AI while object turns and eligible cooldowns keep their native phases (390.567892ms)
✔ emergency casting preserves queued work and preacher responses keep their own payment rules (84.669466ms)
✔ mission-one AI casting uses the live shaman state and cast-block flags (320.867086ms)
✔ live spell scans use population thresholds and building territory with delayed overlap recovery (65.043572ms)
✔ original campaign stops Dakini Blast casting after its second allocation (224.781499ms)
✔ campaign attack commitment follows living warrior counts on its original turn (300.971514ms)
✔ mission-one Dakini launches its native attack route when Blue enters marker three (141.43862ms)
✔ mission-one Dakini launches its later building attack when Blue overwhelms it (282.180227ms)
✔ mission-one Dakini pursues a fallback shaman by exact command target (33.302168ms)
✔ computer attack exhausts native scans and retreats below its surviving-member threshold (0.407123ms)
✔ computer attack pool exhaustion skips hostile dispatch and retires through native empty scans (93.687323ms)
✔ queued training keeps its selection lock until issuing the order and frees its slot after arrival (0.812665ms)
✔ mission-one red AI queues exact task 6 below one warrior and executes live training (168.870555ms)
✔ mission-one red AI does not reserve a second brave already committed to warrior training (48.919529ms)
✔ external game store publishes edits and restarts without sharing worlds between sessions (301.922965ms)
✔ mission-one victory continuation creates and restarts the recovered mission-two world (270.597456ms)
✔ mission-two Totem route reaches the Tornado guidance and use instruction (1416.138651ms)
✔ mission-two enemy marker orders nearby Matak defenders to counterattack (414.602181ms)
✔ game store checkpoints restore an isolated exact world snapshot (127.361372ms)
✔ computer recruitment preserves wrapped-distance ties and native command eligibility (0.849018ms)
✔ group orders share references and release their object only after the final follower leaves (5.075264ms)
✔ AI reservation enters native selection state and releases through the normal person initializer (0.904891ms)
✔ training order startup uses configured speed and preserves only a compatible building occupant (0.882308ms)
✔ native training queue yields to an untrained follower and releases its new head (0.763662ms)
✔ live followers reach rotated native doors before entering buildings (671.432159ms)
✔ building admission preserves native slot order, training activity and shared commands (1.495456ms)
✔ training replaces a whole batch, inherits the first occupant order tail and rolls back partial allocation (1.211616ms)
✔ live mana refunds wait for a pulse and computer training receives only the original first pass (46.096313ms)
✔ follower mana uses native preacher orders, registration and ghost flags before tribe scaling (75.562575ms)
✔ live spell reach follows terrain height and enemy casts require and spend native mana (117.584037ms)
✔ native casting lockout survives animation and computer usage recovers one charge at a time (64.531068ms)
✔ spell targeting preserves native cell allowances and wrapped coordinate seams (91.940353ms)
✔ native spell scans retain slots and Blast scoring avoids friendly concentrations (56.071902ms)
✔ defeat seeds native building collapse and staged damage ejects occupants before removal (237.878558ms)
✔ building display stages follow remaining work and retain separate complete meshes (48.721822ms)
✔ results preserve pending turns, collapse defeated settlements and reject new orders (423.505426ms)
✔ result camera crosses the world seam, releases input and retains native sky timing (5.248961ms)
✔ victory owns persistent native followers, drops cargo and pauses logical animation (92.067161ms)
✔ live blocked followers retain native detour steering and recovery timers (40.134621ms)
✔ live celebrants obey native walk masks and survive the legacy ground-height cutoff (41.732509ms)
✔ live completed-building footprints relocate and clear on removal (42.956644ms)
✔ live native cell order follows arrivals and removes dead records (77.776355ms)
✔ live cell insertion repairs a stale head left by a removed person (0.463267ms)
✔ dead vehicle passengers release their slots and driver position (39.401504ms)
✔ live native preparation consumes reroutes and completes slow turns and reactions (31.222217ms)
✔ interrupted victory followers resume through native orders and rejoin celebration (33.538747ms)
✔ native idle approach composes with shared state and original resting animation (35.075706ms)
✔ native resting ownership allocates distinct slots and compacts after a follower leaves (26.344316ms)
✔ native route reuse shares ownership and live celebration releases each follower (70.180835ms)
✔ native route construction retries expired failures and stores the original bounded path (31.687737ms)
✔ native path search packs a trimmed route and preserves distinct vehicle retry flags (53.597669ms)
✔ native wrapped route smoothing respects blocked steps and measures retained segments (71.677503ms)
✔ native obstacle solving builds a world-seam detour and rejects a blocked destination (55.482844ms)
✔ native planned routes use the recovered solver and advance shared followers to their goal (28.381202ms)
✔ native boarding checks the first boat and landing requests reserve distinct original search cells (1.103235ms)
✔ live native routes release query ownership, expire failures and walk low shoreline (141.568129ms)
✔ live followers share routes, advance before exact arrival and release every owner (178.540105ms)
✔ hut families are selected once, shared with shapes and retained through upgrades (48.046971ms)
✔ mission-one low population response assigns and releases persistent shaman escorts (129.655063ms)
✔ shaman escort uses native pursuit cadence and strict boundaries (0.598227ms)
✔ Mission 5 Boat worship emits its original one-shot tutorial (250.516082ms)
✔ Mission 5 grants, boards, sails, lands and checkpoints its original Boat (444.027217ms)
✔ Ghost Army casts, spawns native ghosts, accepts orders, vanishes in combat, and follows AI (389.161347ms)
✔ world-view terrain matches captured native mesh order, projection and lighting (177.452914ms)
✔ overview drag/release matches native snapshots and every star-parallax step (3.293233ms)
✔ overview morph timing matches the original complete lifetime snapshots (0.765965ms)
✔ Ctrl starts followers immediately, appends shared waypoints and ordinary click ends the sequence (425.098026ms)
✔ eighth Ctrl click and Alt final click deselect without cancelling issued orders; right-click ends staging (167.492287ms)
✔ queued ground movement preserves every turn, RNG, poses and footprints at 5–240 Hz and irregular frames (995.026128ms)
✔ continued queue allocation failure retains issued orders, and an ordinary replacement releases them (75.549031ms)
✔ an enemy-person order waits behind a waypoint and advances when its target becomes unavailable (785.87523ms)
✔ ground waypoint handoff uses each playable class default initializer (343.806073ms)
✔ ordinary person turns apply native follower and Shaman healing without reviving excluded units (101.176458ms)
✔ live health adapter preserves airborne/state exclusions and combat status flags (63.996177ms)
✔ each original healing model receives exactly one recovered increment on the eighth turn (58.194556ms)
✔ a follower injured by the shipped missing-building release path later heals on an ordinary turn (33.786179ms)
✔ healing follows simulation turns across speed, refresh cadence, irregular frames and pause (626.866441ms)
✔ checkpoint migration preserves the next native healing turn (44.194781ms)
✔ building admission clocks match captured native blocks (7.249498ms)
✔ followers visibly cross the native interior threshold before housing consumes their command (1844.615689ms)
✔ simultaneous arrivals respect hut capacity and cancellation releases the scoped animation and route (205.553953ms)
✔ hut slots remain authoritative through a departure, replacement and birth turn (111.107341ms)
✔ fire interrupts entry without retaining its walking sprites or command record (115.7438ms)
✔ staged entry positions, RNG, admission and sprite clocks are independent of rendered frame rate (624.601704ms)
✔ entry re-plans interrupted steering and releases its source when the hut becomes unavailable (105.761462ms)
✔ scaled native panel and bottom-row digits remain above the modern footer (1.130906ms)
✔ HUD keeps preferred manual sizes and the original nominal auto steps when they fit (0.184474ms)
✔ HUD extraction retains the page client-component directive (0.666999ms)
✔ HUD selection and focus match captured original commands without changing other person fields (12.279944ms)
✔ HUD controls add followers without stealing simulation ownership or replacing marching orders (195.136567ms)
✔ building menu waits through delayed false images before continuing (21.164204ms)
✔ building menu exhausts its existing 30000 ms scope without continuing (289.982123ms)
✔ building menu propagates failed texture acquisition without retrying (2.657749ms)
✔ building hover Mission 1 waits through delayed false images before continuing (4.344841ms)
✔ building hover Mission 1 exhausts its existing 30000 ms scope without continuing (240.630934ms)
✔ building hover Mission 1 propagates failed texture acquisition without retrying (2.197758ms)
✔ building hover Mission 2 waits through delayed false images before continuing (3.778151ms)
✔ building hover Mission 2 exhausts its existing 30000 ms scope without continuing (228.325263ms)
✔ building hover Mission 2 propagates failed texture acquisition without retrying (2.993678ms)
✔ worship Tutorial waits through delayed false images before continuing (4.126217ms)
✔ worship Tutorial exhausts its existing 30000 ms scope without continuing (222.388851ms)
✔ worship Tutorial propagates failed texture acquisition without retrying (1.850454ms)
✔ worship Mission 1 waits through delayed false images before continuing (3.54147ms)
✔ worship Mission 1 exhausts its existing 20000 ms scope without continuing (123.265109ms)
✔ worship Mission 1 propagates failed texture acquisition without retrying (3.493469ms)
✔ repeated helper calls acquire the replacement document image (5.844243ms)
✔ only literal true permits readiness, never a truthy observation value (0.449566ms)
✔ late true is rejected after the awaited read settles, without another observation (3.721727ms)
✔ the last pause fits the deadline and no read starts after it (8.360554ms)
✔ invalid wait bounds fail before reading (5.714792ms)
✔ shaman health fill follows native integer bounds and absent/overfull cases (2.501568ms)
✔ HUD atlas metadata matches the PNG and contains every imported sprite (2.225519ms)
✔ portrait backgrounds and shadow-free directional layers match native captures (2.370654ms)
✔ tooltip bitmap placement and wrapping match the original desktop controller (57.411848ms)
✔ mana production stripes follow native rates, warning bands and controller modes (15.565415ms)
✔ live mana estimation uses the simulation clock and follows charging toggles (196.376842ms)
✔ follower counts, icon placement and housing fill match native HUD controllers (9.021463ms)
✔ population readouts exclude dead followers and reserve the shaman allowance (68.434488ms)
✔ hut birth clocks and destinations match captured original calls (2.65788ms)
✔ live newborns leave the hut and keep native birth feedback and gates (194.333512ms)
✔ hut smoke uses descriptor attachment slots, independently of resident capacity (2.510862ms)
✔ hut occupancy producer samples real occupancy every 32 building turns (0.474193ms)
✔ partial root uses the native 16-visit visible lifetime and restart draw (0.232355ms)
✔ full root is persistent and does not invent the unresolved child-puff phase (0.201268ms)
✔ all supported residential hut capacities switch partial to full at their native capacity (0.271893ms)
✔ visual frames stay on the recovered 16-frame sequences (0.230151ms)
✔ immediate occupancy events preserve capacity, phase and same-mode root identity (1.462618ms)
✔ drain elapsed old-root visits before an off-phase event without backdating the new root (1.107492ms)
✔ listeners are transient, identity-scoped and released through material disposal (0.670874ms)
✔ multiple presentation consumers unsubscribe independently without resetting each other (0.253916ms)
✔ live command8 owner publishes authoritative entry/removal for Hut level 1 (378.66264ms)
✔ live command8 owner publishes authoritative entry/removal for Hut level 2 (148.148321ms)
✔ live command8 owner publishes authoritative entry/removal for Hut level 3 (150.191416ms)
✔ ordinary Mission2 admission includes the new smoke root in that turn’s effect visit (5654.105321ms)
✔ pre-building occupancy removal receives one first visit, including counter wrap (220.279558ms)
✔ out-of-turn allocation survives pause; commands while paused remain rejected (314.228346ms)
✔ new-root completion is identity-scoped and one-shot for same-turn transitions (0.388757ms)
✔ batched turns and repeated rendering preserve the native first lifetime (285.881823ms)
✔ turn completion callbacks are clock-specific and are discarded on a failed turn (42.701404ms)
✔ hut maturity and cell timber match captured original calls (2.311046ms)
✔ residents fetch and stage timber before their hut upgrades (501.27115ms)
✔ Hypnotise uses the native footprint, temporary ownership, expiry, and AI target path (402.788583ms)
✔ Invisibility marks the native six, does not refresh, and reveals on time or combat (151.787881ms)
✔ player and computer casts share Invisibility application and old saves migrate (199.520837ms)
✔ complete Land Bridge lifetimes match native terrain, ordered trails and notifications (610.627201ms)
✔ live bridge terrain and particle cleanup are identical across refresh rates and stalls (3471.171902ms)
✔ ordinary Mission1–3 startup uses native terrain, authored gates and real conversion (1149.449053ms)
✔ native opening excludes Shaman selection, without inventing a casting restriction (98.481953ms)
✔ checkpoint restore resumes every opening stage without replaying terrain/conversion (2098.777642ms)
✔ restart gets one fresh sequence; repeated flyby skip does not replay it (450.351848ms)
✔ only carrier-created stones are obstacles, while legacy sites keep their reservations (82.912256ms)
✔ opening wave, conversion and stone cues preload their existing original samples (22.804927ms)
✔ permitted opening casts enter native state22 and resume command18 without a stuck controller (1417.173572ms)
✔ fresh-load camera follows native cell-edge/center snapping and angle retention (0.485399ms)
✔ the command18 completion turn owns exactly one native person visit (369.68534ms)
✔ permitted state22 interruption and completion retain one counter increment per turn (416.538795ms)
✔ replacement player orders cancel startup before its counter write (163.446715ms)
✔ only the linked neutral startup conversion flash follows its replacement Brave (114.282375ms)
✔ a missing converted Brave does not retarget its flash or shorten the native expiry (97.541256ms)
✔ an invalidated command18 is consumed by the ordinary queue without completing the site (69.117845ms)
✔ original Lightning target gates, inclusive cap, attacker and electrocution phases (6.051852ms)
✔ live Lightning retains victims, displays native shock sprites, scatters survivors and cleans up (253.667106ms)
✔ Lightning outcomes and turn-by-turn poses are independent of rendering cadence (398.308599ms)
✔ live marching uses shared commands, original poses, separate slots and releases interruption/death/arrival ownership (542.543566ms)
✔ marching and resting preserve mechanics, footprints and sprite frames at 5–240 Hz and irregular frames (1244.770787ms)
✔ exhausted command pool preserves the previous movement and group ownership (119.284488ms)
✔ panic retains the real movement command and resumes its route after recovery (193.019826ms)
✔ obstacle recovery replans the owned group order and settles identically at 5–240 Hz (2528.388021ms)
✔ shared ground motion advances a retained route once before any state controller (93.569294ms)
✔ native432260 empty current slot returns before building live order context (44.928721ms)
✔ live worship shares an order, occupies exact slots, prays, earns gifts and releases interrupted/dead members (455.14953ms)
✔ live head rewards, displayed standing roster and group selection retain their distinct native rules (181.131875ms)
✔ worship motion, prayer frames, pose RNG and rewards are identical at 5–240 Hz and irregular frames (1301.295589ms)
✔ an unreachable head preserves the existing command without entering an unported retry state (105.17548ms)
✔ Ctrl waypoints finish at a stone head without replacing the current route or person (174.409227ms)
✔ training replacements inherit a queued stone-head order and perform the original prayer (151.356802ms)
✔ queued worship preserves turns, poses, RNG and rewards at 5–240 Hz and irregular frames (1381.148195ms)
✔ local launch preserves sandbox and removes all unsafe Playwright defaults (2.032763ms)
✔ CLI accepts separate game root, owned output, browser and bounded settings (0.260045ms)
✔ CLI rejects unknown flags, missing values and unbounded inputs (0.273275ms)
✔ harness preserves the exact side-effect-free source fingerprint export (0.149782ms)
✔ source fingerprint catches dirty tracked and untracked byte drift with unchanged porcelain (198.76917ms)
✔ active scenario completing during timeout diagnostics cannot turn failure into pass (124.841764ms)
✔ active scenario completing during interrupt diagnostics cannot turn failure into pass (18.863264ms)
✔ ordinary native constructors restore the logical gate without adding interpolation behavior (121.977768ms)
✔ native person and Splash frames wait for logical visits while clear-bit effects keep 24 Hz (107.453946ms)
✔ each catch-up turn observes the prior frame before one post-observer logical advance (50.406085ms)
✔ ordinary owner aliases and a post-turn handoff never advance twice (182.79653ms)
✔ state0 and removed gated sources do not fall through to presentation advancement (83.088015ms)
✔ pause, land pause and speed changes preserve owned logical animation visits (43.927721ms)
✔ legacy save aliases gain the gate without resetting frames or replaying on a new Scene clock (69.918572ms)
✔ a Splash allocated after processing gets one animation visit but no invented lifetime visit (54.437502ms)
✔ morph transitions keep one presentation owner even on coincident logical boundaries (158.955826ms)
✔ Firewarrior descriptor holds are measured in eligible logical visits (44.325846ms)
✔ post-turn source replacement visits only the active record, including at turn wrap (305.085174ms)
✔ direct simulation ticks and presentation calls do not manufacture logical visits (82.785928ms)
✔ marching geometry, recruitment, cleanup, speed and poses replay complete original calls (49.052053ms)
✔ native movement completion preserves payload, seam and vehicle boundaries and four-turn cadence (5.610668ms)
✔ marching cleanup tolerates a member whose native record was already released (5.053912ms)
✔ outdoor and building encounter calls match captured original fields, timing, RNG and sound (31.713059ms)
✔ all playable encounter pairs show the opening strike, physical stagger and defender-centered fight (1040.680748ms)
✔ encounters and their animations stay deterministic across render schedules (359.517939ms)
✔ the native skip-intro flag and player cancellation do not leave stuck encounters (108.360711ms)
✔ an encounter releases cleanly when an airborne participant returns to ordinary motion (54.892016ms)
✔ live fights refresh the first native player alert each object turn (171.235437ms)
✔ simulation owns quiet, attack and battle music activity across pause and cancellation (58.55734ms)
✔ native fight admission, replacement and splitting retain original slots, flags and RNG (8.393182ms)
✔ stronger reinforcements replace the first weaker ally and preserve a three-person tribe limit (478.846159ms)
✔ two-sided reinforcements split the last fighter of each tribe into a new live fight (81.851352ms)
✔ reinforced group motion and combat remain identical at every render cadence (473.512092ms)
✔ center changes preserve original membership slots for subsequent splits (56.354504ms)
✔ pursuit refresh uses the original inclusive axis threshold and signed coordinates (1.757386ms)
✔ live pursuit updates before reaching the old destination and reuses unchanged routes (504.659026ms)
✔ automatic engagement uses equal tribe ranges, whole cells and original scan cadence (75.665803ms)
✔ native inhibition and pending scans apply without giving idle shamans automatic attacks (25.684977ms)
✔ live move orders cross nearby enemies without the old distance interruption (52.644874ms)
✔ idle followers of either tribe pursue detected enemies at every render cadence (796.425967ms)
✔ group attacks hit busy opponents without restarting their action or facing (7316.662989ms)
✔ Magical Shield does not block native mode-one melee damage (48.938933ms)
✔ opportunistic reach is measured from the opponent slot with an exclusive 360-unit boundary (385.631911ms)
✔ group combat stays deterministic across render schedules and yields to player orders (418.016703ms)
✔ knockback waits for terrain physics to settle and preserves cell ownership (123.583278ms)
✔ hits during knockback survive physics and player orders do not teleport the person (57.476134ms)
✔ sliding recoil, native animation and recovery are independent of render cadence (373.335782ms)
✔ shamans and the native game flag suppress ordinary attack knockback (301.14515ms)
✔ fight sites use the native 32-turn search and retain groups when no site is available (62.089108ms)
✔ fight sites leave original building footprints even between periodic search visits (83.658287ms)
✔ sequential fight searches avoid other fight centers and release exhausted searches (1.231345ms)
✔ live groups relocate sequentially without sharing another fight center (42.628164ms)
✔ native approach reaches its slot from every direction and waits one turn to chase a moved slot (422.379797ms)
✔ approach uses native cell collision and preserves the person across attack, recoil and new orders (61.141408ms)
✔ approach, native animation and subsequent combat stay identical across frame rates (338.129197ms)
✔ native descriptor threshold chooses exact small and large corner dimensions (2.048076ms)
✔ 1x frame overlaps native corners in a 100x96 rectangle, bottom corners last (5.749503ms)
✔ 2x and partial tiles retain exact 1:1 corner/edge pixels and a transparent center (46.32815ms)
✔ frame is a separate overlay and does not change terrain, markers or click ownership (0.841117ms)
✔ minimap pixels, camera wrapping, rotated UVs and markers match native captures (148.752326ms)
✔ Mission 10 runs its first Totem deadline and second Totem Erosion sequence (17551.270325ms)
✔ Mission 11 opens with both enemy tribes and four original knowledge sites (213.682363ms)
✔ Mission 11 opponents build their first settlement and scripted BUILD_AT tower on native cadence (8850.674531ms)
✔ Mission 12 opens with all three enemy tribes and original knowledge (105.159122ms)
✔ Mission 12 starts its original turn-7 flyby once (185.36931ms)
✔ Mission 12 opponents request their first Guard Towers on native cadence (332.349839ms)
✔ Mission 12 opening remains deterministic through checkpoint migration (1150.664802ms)
✔ Mission 13 opens with both enemy tribes and original knowledge (91.461005ms)
✔ Mission 13 starts its original Yellow turn-6 flyby once (274.784743ms)
✔ Mission 13 Balloon Hut knowledge is visible before construction (189.611608ms)
✔ Mission 13 Land Bridge uses native surface categories at low shore (34.546964ms)
✔ Mission 13 Balloon Hut repeatedly produces occupied airborne transport (549.407994ms)
✔ Mission 13 opening remains deterministic through checkpoint migration (526.210497ms)
✔ Mission 14 delivers both linked gifts and a castable Angel through shipped paths (902.096324ms)
✔ Mission 15 ordinary Prison attack frees the captive and cancels the timer (490.284974ms)
✔ Mission 15 timer expiry locks input and kills the captive with enemy Lightning (265.435934ms)
✔ Mission 15 expiry stays latched if the Prison falls before Lightning lands (144.844429ms)
✔ Mission 15 captive Lightning branch requires an enemy caster, not the Prison cell (73.971729ms)
✔ Mission 16 worship grants Bloodlust and live combat consumes its status (519.433991ms)
✔ old checkpoints default Bloodlust stock without disturbing their world (161.786685ms)
✔ Mission 17 grants Armageddon and stages the native arena through the live cast path (1440.448687ms)
✔ Armageddon uses generic victory and defeat outcomes and restores control (1253.060221ms)
✔ Mission 18 loads its authored tribes and grants Armageddon and both Volcano rewards (4417.131111ms)
✔ Mission 18 starts its authored Red marker patrol through normal AI orders (215.440925ms)
✔ Mission 18 Armageddon restores its arena checkpoint and reaches both result directions (3761.083088ms)
✔ Mission 19 loads its authored objective and grants all three worship rewards (1291.804217ms)
✔ Mission 19 Teleport spends only accepted stock and resumes identically from a checkpoint (362.652819ms)
✔ Mission 19 warns once and gives Chumara loss priority over Dakini defeat (714.520263ms)
✔ Mission 2 naturally earns Matak kills and launches the organized raid (3975.541746ms)
✔ Mission 2 checkpoints retain kill ownership from the old red slot (54.144627ms)
✔ Mission 2 camp targeting takes the first model match without RNG (37.524889ms)
✔ Mission 2 producer matches native base, loss, capacity and resource boundary cases (456.671948ms)
✔ Mission 2 naturally establishes a new home Tower base and preserves phase3 checkpoint continuation (1346.557866ms)
✔ Mission 2 rebuilds after a real player army destroys both Towers, retaining its first construction base (11521.116025ms)
✔ Mission 2 explicitly trains replacement Warriors after natural combat despite zero producer preferences (9657.821454ms)
✔ Mission 20 loads its authored opening and four-stage linked chain (89.473758ms)
✔ Mission 20 worship consumes each head once and restores the live chain (3735.631364ms)
✔ Mission 21 loads its authored opening and first fault state (120.85231ms)
✔ Mission 21 converts worshippers and seals the first fault across a checkpoint (5722.825915ms)
✔ Mission 21 checkpoints one unsealed first-fault eruption without replay (4504.796559ms)
✔ Mission 22 opens with its solo Shaman, native heads, tribes and transport (116.708554ms)
✔ Mission 22 mode-3 head rejects an injected Brave supporting fixture (171.337693ms)
✔ Mission 22 nearby head is a one-shot presentation with no gameplay reward (373.868716ms)
✔ Mission 22 southern head delivers its delayed 600,000 mana gift after real worship (10299.13716ms)
✔ Mission 22 Shaman can steal, checkpoint and sail the authored enemy Boat (2757.873949ms)
✔ Mission 22 Shaman can claim the authored Balloon and complete the northern mana route (12148.052513ms)
✔ Mission 23 loads its authored tribes, Wildmen and worship chain (134.247985ms)
✔ Mission 23 enemy tribes grow their native settlements and populations (18616.927362ms)
✔ Mission 23 unlocks and repeats the native zero-mana gift through ordinary worship (1190.818397ms)
✔ Convert Wild allocation gates state and duplicates without cancelling existing work (2.049989ms)
✔ Convert Wild target retains density, wrap, tie, inclusive radius and list-centroid rules (0.569755ms)
✔ Convert Wild standability preserves initial target and tries only the first24 spiral positions (0.921626ms)
✔ Mission3 active type2 advances after allocation state is switched off (114.086047ms)
✔ type2 timeout clears motion before a blocked state transition and then frees the task (56.600348ms)
✔ type2 reads the active fight person even when its attack animation has no presentation source (42.943031ms)
✔ Convert Wild region lookup normalizes signed browser-native positions to unsigned words (0.228319ms)
✔ type2 casting preserves the real person flags2 readiness gate (40.671984ms)
✔ explicit flight person receives the allocation-safe return order without restarting its state (40.773144ms)
✔ explicit flight return preserves the complete world on order allocation exhaustion (51.046935ms)
✔ cast-ready flight-owned Shaman receives the type2 post-cast return on the same person (46.509564ms)
✔ type2 range reads actual signed person height rather than terrain beneath it (35.276566ms)
ℹ {"terrainHeight":146,"personHeight":896,"terrainRange":14,"personRange":24}
✔ Mission3 Chumara moves, spends its original shot and mana, then stops allocating at the population cutoff (1551.349748ms)
✔ Mission3 keeps idle follow-ups and area-summary automatic training unreachable (136.786165ms)
✔ ordinary Mission3 allocates a real pre-table response before ordinary production (266.116245ms)
✔ defense allocation preserves native caps, immediate empty-area cleanup and recycled scratch (0.487462ms)
✔ active defense suppression uses strict squared26 and wrapped cell distance (0.305333ms)
✔ native defense no-force fallback is a finite seven-visit lifecycle (0.585668ms)
✔ defense cleanup clears only matching assignment and native flag bits while preserving another lock (27.403595ms)
✔ lost early defense targets are invalidated before a different task dispatch (40.760771ms)
✔ defense Blast uses signed active-person height for native and flight-owned Shamans (111.732108ms)
✔ defense Blast reads active native, flight and non-presented fight positions in both range directions (205.072216ms)
✔ defense target collection preserves category caps, rejection rules and the omitted last spiral cell (1.165928ms)
✔ ordinary Mission3 intrusion produces a real type8 fallback, cleanup, repeat and checkpoint continuation (1211.556179ms)
✔ ordinary Temple acquisition and Preacher intrusion recruit a real Chumara defender with orders and movement (3497.825689ms)
✔ Mission 3 naturally trains a Blue Preacher, converts an authored Brave and resumes its mid-conversion checkpoint (3958.048111ms)
✔ a real movement command cancels the naturally acquired Blue sermon without converting its listener (2541.332906ms)
✔ natural Mission 3 conversion follows elapsed game time across display schedules (4192.725954ms)
✔ Mission 3 opens through original Chumara, Swarm, Temple and Erosion paths (2864.101353ms)
✔ single Preacher selector preserves native first-near/band order and strict distance boundaries (3.422423ms)
✔ single-person strict19 boundary, wrap, mode0 and invalid mode match native cases (0.519571ms)
✔ type11 waits for selection ownership and cancellation safely releases state14 and slot (120.08679ms)
✔ duplicate raw payload and failed allocator preserve native selection side effects (56.925935ms)
✔ Preacher allocator preserves native five-slot/state/signed-count boundaries (0.329999ms)
✔ 1103 replacement preserves all person/order state on allocation exhaustion (111.158558ms)
✔ natural Chumara training reaches marker3 Preacher task, checkpoint phases and movement (3207.011386ms)
✔ complete128-turn block preserves strict gates, command ordering and message lifetime (0.884101ms)
✔ 1103 retargets only active order30 in native state10/33 without restarting state (201.973817ms)
✔ cancelled blocked-state Preacher resets motion before the native state gate (25.553412ms)
✔ Mission 3 warns once when a naturally trained Chumara Preacher starts converting a Blue Brave (6328.923469ms)
✔ Mission 3 starts its original recurring-script flyby through ordinary turns (2250.893931ms)
✔ Mission 3 Chumara builds its settlement and trains its first Preacher (1714.251964ms)
✔ Mission 4 starts its original opening flyby once through ordinary turns (755.045227ms)
✔ Mission 4 teaches training and attack from its original live conditions once (106.253853ms)
✔ Mission 4 converts Wildmen, discovers the Guard Tower, and defeats the Matak (8575.446395ms)
✔ Mission 5 Angel head delivers its linked hostile summon through live worship (447.105924ms)
✔ Mission 5 checkpoint migration upgrades an explicit mode-5 legacy Angel without changing gameplay state (57.474656ms)
✔ Mission 5 checkpoint migration recovers an absent authored mode before upgrading the Angel model (41.623847ms)
✔ Mission 5 checkpoint migration adds only the previously omitted Angel head (85.271836ms)
✔ Mission 5 imports its linked Boat template from the verified native coordinates (1.958103ms)
✔ Mission 5 runs its imported opening flyby once through ordinary turns (1970.835803ms)
✔ Mission 5 launches its original ordinary raid when the player reaches the Angel head (574.809393ms)
✔ Mission 5 launches its surviving Dakini at the player Shaman (109.695305ms)
✔ Mission 5 staffs its original Dakini tower with a Preacher (136.626368ms)
✔ Mission 6 keeps both original opponents distinct through outcome and checkpoints (608.848017ms)
✔ Mission 6 credits each opponent attack task independently (68.671661ms)
✔ Mission 6 low-population survivors counterattack the player Shaman (312.901532ms)
✔ Mission 6 Chumara trains Preachers and launches its first mixed raid (22817.278794ms)
✔ Mission 6 opponents expand and Matak launches its first Warrior raid (23266.57434ms)
✔ Mission 6 ATTACK snapshots the native three-spell payload and keeps old tasks compatible (0.611948ms)
✔ type-20 sixth ATTACK quota selects exactly the tribe Shaman outside the generic selector (0.534282ms)
✔ Mission 6 first Matak ATTACK retains source-derived Land Bridge, Lightning, Blast order (20555.317692ms)
✔ Mission 6 phase-6 task Shaman uses native payment, eligibility, usage and range gates (220.202496ms)
✔ Mission 6 phase-6 task spell uses task target outside Shaman states 25/29 (96.15957ms)
✔ Mission 7 converts Wildmen and grants Invisibility through its original head (1397.721068ms)
✔ Mission8 natural acceptance starts from the shipped seven-person Blue and eleven-person Red roster (213.608333ms)
✔ Mission8 attack staging is a land order for the original party, not a transport or worship prerequisite (71.245725ms)
✔ shared ground → training → destination queues retain identities until conversion and inherit the original tail (1038.053568ms)
✔ shared ground → construction → destination queues retain identity and resume after the crew leaves (182.239978ms)
✔ cancelled, invalid, removed and dead queued builders release command-6 ownership exactly once (613.781001ms)
✔ a waypoint added while trainees are inside preserves occupancy; ordinary hut admission consumes the complete queue (407.006118ms)
✔ unavailable or cancelled buildings advance to the next order; replacement and death release shared references (435.112487ms)
✔ mixed movement, training, inherited orders, RNG and footprints match from 5 to 240 Hz and irregular frames (1477.191747ms)
✔ building order preparation matches complete original CPU calls (1.269271ms)
✔ reinforcements and new encounters retain the same person and resume ground, building and worship orders (1091.700563ms)
✔ replacing or killing a reinforcement releases every retained command reference (212.256029ms)
✔ a displaced fighter retains its queue and a split keeps both followers’ original records (249.149039ms)
✔ combat interruption and resumed orders preserve simulation and poses across render rates (850.452897ms)
✔ combat removes a waiting trainee from its physical line while retaining its training order (122.211093ms)
✔ native model wave uses half, quarter, eighth strength then resets (1.968339ms)
✔ live waves retain first-hit deformation on resource scenery (108.055483ms)
✔ move input eligibility matches native category, strict-land and quarter-mask captures (7.65554ms)
✔ blocked move clicks preserve the whole selected group, shared orders, markers and RNG (148.480496ms)
✔ Markdown sections retain ancestry, repetitions, CRLF boundaries, and ignore fenced headings (3.658454ms)
✔ manifest validation accepts reviewed data and rejects duplicate IDs, missing paths, invalid parity references, and unsafe paths (76.398763ms)
✔ index is deterministic, clean without a cache, ignored when written, and regenerates after source changes (78.894198ms)
✔ index and context reject an indexed source symlink that escapes the repository (47.230914ms)
✔ repository validation requires one current top-level execution-order heading (40.352336ms)
✔ context returns bounded provenance, limitations, checks, and visible source truncation (79.232945ms)
✔ context output saves current JSON and rejects silent option mistakes (155.570538ms)
✔ preparation is independent of retired local status state (91.652869ms)
✔ native research packets grant only a contract-allowed ignored scratch directory (341.360486ms)
✔ role context carries a validated bounded assignment and explicit overflow (284.46384ms)
✔ reviewer context fingerprints the actual dirty, renamed, deleted, and untracked inputs (114.563021ms)
✔ real mapped evidence excerpts retain their material performance boundaries (4135.396949ms)
✔ Shaman appearance context keeps its complete checks and evidence within the default budget (1001.268638ms)
✔ Followers task context retains complete checks without bloating selection context (692.474802ms)
✔ plan handles cross-cutting edits, renames, deletions, untracked and unsafe inputs without executing checks (122.534847ms)
✔ audit distinguishes baseline edits and reports out-of-scope, generated, input, untracked, and stale verification changes (194.498557ms)
✔ audit reports a pre-existing baseline change that disappears (136.221005ms)
✔ audit requires exactly one result for every required check (112.187232ms)
✔ blocked verification cannot masquerade as passing and passed results require evidence (158.559824ms)
✔ game server rejects an invalid isolated port (0.732857ms)
✔ preparation captures real baseline and hashes, validates intent, and refuses overwrite (338.499402ms)
✔ verification persists completed checks across interruption and replaces old passes at startup (149.161562ms)
✔ verification replaces a required receipt invalidated by a changed check definition (150.541118ms)
✔ reviewed aggregate coverage executes once, fingerprints covered inputs, and fails closed on script drift (479.495086ms)
✔ orchestration-tests receipts become stale when worker configuration changes (296.612331ms)
✔ repository-check receipts become stale when worker configuration changes (300.943591ms)
✔ verification runs only safe contract checks, records blocking, and detects mutations (586.016463ms)
✔ ephemeral default stays opt-in; persistent launch keeps sandbox and explicit data-dir (3.646206ms)
✔ unknown personal, noncanonical, existing unmarked and symlink directories fail before adoption (161.157842ms)
✔ symlink ancestor and evidence overlap are rejected (12.182472ms)
✔ an output symlink cannot alias profile data before preflight creates logs (27.535244ms)
✔ exclusive live and unknown locks are never recovered, and failed cleanup keeps ownership (39.230843ms)
✔ normal terminal cleanup retains checkpoint identity across a new exclusive run (34.282297ms)
✔ source/runtime/origin drift cannot silently adopt a game save (65.359391ms)
✔ symlinked source bytes and external or ignored scenarios cannot bypass input binding (34.443997ms)
✔ checker-only correspondence must bind prior run and both exact source identities (39.467544ms)
✔ unverified source and changed terminal ownership remain blocked (30.882175ms)
✔ lease refuses a replaced lock and leaves that owner untouched (30.73331ms)
✔ leftover Chromium ownership and replaced data directory block reuse (64.453198ms)
✔ committed readback is readonly, awaits completion, and hashes typed arrays/Map/Set contents (109.783199ms)
THREE.InterleavedBufferAttribute.clone(): Cloning an interleaved buffer attribute will de-interleave buffer data.
✔ painter centers retain precision and follow position replacement and updates (3.963276ms)
✔ construction caps replace face modes and hidden picking faces emit no material (1.942851ms)
✔ cell render order matches native mixed passes and retained arrival order (79.879179ms)
✔ cell traversal preserves live ordering when a stale chain entry is encountered (0.41843ms)
✔ mixed polygon buckets, reverse insertion ties and raster depths match native captures (2.199151ms)
✔ completed models reject native rear faces and shared side/bottom outcodes (0.55335ms)
THREE.InterleavedBufferAttribute.clone(): Cloning an interleaved buffer attribute will de-interleave buffer data.
✔ shared painter vertices follow attribute edits, splits and replacement (3.084904ms)
✔ native grid mapping matches exact XYZ mapping and rejects split heights or irregular coordinates (0.387024ms)
Unrecorded ledger change: run parity:record with a note
✔ parity credits verified scope only and rejects misleading or untraceable assessments (58.202902ms)
✔ report-only rendering refuses unrecorded parity progress (227.255188ms)
✔ verified requirements advance a fixed checkpoint share without hiding unknown scope (29.542238ms)
✔ assessments expose small gains and regressions without crediting scope revisions (65.856799ms)
✔ browser supervisor verifies cleanup after a missing checker dependency (579.181733ms)
✔ browser supervisor does not start the checker while the server port refuses connections (1117.24886ms)
✔ browser supervisor verifies cleanup after a checker exception (354.073399ms)
✔ browser supervisor classifies server spawn failure and verifies empty cleanup (16.313336ms)
✔ browser supervisor stops the checker when the ready server exits (686.544003ms)
✔ browser supervisor SIGTERM includes a detached checker descendant (951.768705ms)
✔ concurrent submitters and controllers preserve FIFO without overlap (1972.388727ms)
✔ failed and timed-out jobs release before automatic next job (1867.765512ms)
✔ cancel running and queued jobs without running queued command (1178.593147ms)
✔ missing cleanup blocks handoff, recovery requires a fresh matching receipt (1117.322949ms)
✔ live detached child prevents next test and is never killed by the queue (1245.700267ms)
✔ controller crash retains lock; recovery refuses live owner or job (1454.14098ms)
✔ foreign or missing execution scope cannot prove a controller stopped or authorize recovery (876.969055ms)
✔ legacy active jobs remain unknown even with no controller lock (717.91427ms)
✔ paused submissions start no transient controller before recovery (825.846453ms)
✔ source drift and busy ports block commands without touching existing server (805.705044ms)
✔ all linked worktrees resolve the same queue; invalid specs never launch (401.496666ms)
✔ submission preserves PATH under an ESM temp parent and returns one compact result (1535.367168ms)
✔ concurrent identical retries share one unfinished job; completed work can run again (1519.289726ms)
✔ run exposes a recovery ID before caller interruption; retry keeps the running job (889.483873ms)
✔ person panels preserve native command traversal, health and original draw submissions (4.594411ms)
✔ person-panel lifetime matches native refresh and remains independent of render rate (1.450059ms)
✔ order focus matches native targets and follows the displayed queue record (0.56644ms)
✔ destination marker preserves native attachment, frames and lifetime at every render rate (329.31268ms)
✔ panic and personal fire trails retain original timer, sound, anchor and allocation decisions (13.983221ms)
✔ burning huts eject running followers with distinct panic and trail lifetimes in all orientations (824.388682ms)
✔ panic motion, animation and fire trails are independent of presentation frame rate (403.379499ms)
✔ native building flames traverse matching cells in order, including repeated sockets and failed allocations (43.621462ms)
✔ live flame-cell adapter preserves protected followers, immunity, tribe and hidden occupants (41.529301ms)
✔ real Lightning ignition reaches nearby surviving followers before occupant evacuation (55.981677ms)
✔ ordinary clicks replace only new selections; Ctrl toggles and blocked clicks preserve the group (1.630867ms)
✔ selection never creates a simulation owner or interrupts existing group orders (188.213282ms)
✔ all native single/group selection voices and pointer acknowledgements are ready before audio activation (11.172514ms)
✔ worship placement preserves native two-pass search, occupancy, route order and failure flags (23.498384ms)
✔ worship command preserves native approach, prayer, retry and presentation RNG decisions (10.161552ms)
✔ ordinary stone-head visits expire the standing-slot cursor at the native byte timer (1.807651ms)
✔ construction-plan entrances, approach and timed attack sequences match native execution (28.4716ms)
✔ player append matches native shared references, cursor wrap, full queues, eligibility and pool exhaustion (28.844643ms)
✔ ground, building and forced-final worship modifiers and eighth-order deselection match complete native player packets (0.805255ms)
✔ replacement preserves prior orders when the shared pool is full (0.659178ms)
✔ sprite pointer brackets match native palette, two/four-layer geometry and unsigned animation wrap (16.399364ms)
✔ native conversion delay uses the recovered 200/3 timing basis (1.959667ms)
✔ a full order pool does not stop a moving Preacher without attaching its sermon (85.396537ms)
✔ inside command 31 binds its building and uses the native five-cell sermon radius (82.133102ms)
✔ conversion moves a newborn outside a building footprint before centering it (63.446355ms)
✔ sermon poses preserve native multi-turn RNG timing (45.981962ms)
✔ an idle preacher sermons, converts by replacement, and releases listeners on a new order (500.713427ms)
✔ preacher conversion is independent of display refresh rate (487.518681ms)
✔ queued command 31 rewrites to friendly building entry or ground movement (88.402932ms)
✔ live active preaching reaches emergency Blast priority (111.330748ms)
✔ live active preaching reaches emergency Swarm fallback (176.85798ms)
✔ live active preaching reaches emergency Lightning fallback (48.8982ms)
✔ emergency preaching response excludes no active assignment (39.409302ms)
✔ emergency preaching response excludes no live person record (34.099263ms)
✔ emergency preaching response excludes same tribe (32.776517ms)
✔ emergency preaching response excludes allied tribe (36.472658ms)
✔ emergency preaching response excludes invisible preacher (40.359741ms)
✔ emergency preaching response excludes caster cooldown (33.883348ms)
✔ emergency preaching response excludes no ready spell entry (30.00604ms)
✔ emergency preaching response excludes paused target scan (31.117007ms)
✔ emergency preaching response excludes no spell payment (29.003723ms)
✔ emergency preaching response excludes stored Lightning below its mana cost (34.843913ms)
✔ the independent enemy-Shaman response still spends stored Lightning without mana (41.283691ms)
✔ failed allocation consumes the sole producer opportunity before a later spawn (117.180411ms)
✔ busy rejection consumes allocation identity but preserves the active wave and saved site (56.232225ms)
✔ site height follows native ground-then-quantize arithmetic (186.5467ms)
✔ mode2 uses native eligibility, panic, descriptor damage and RNG without Swarm filters (760.104725ms)
✔ protected transitions retain repeated native cell hits and consume no panic RNG (35.740001ms)
✔ a wave removes an older in-cell Swamp before it can process in the same turn (44.844279ms)
✔ mode2 cleanup keeps an outside Swamp and the next enemy receives panic (48.595542ms)
✔ ordinary death produces a next-turn wave that outlives successful respawn (330.895234ms)
✔ checkpoints preserve mode2 identity, sites, orbits, terrain and RNG without replay (377.809029ms)
✔ mode2 interrupts the real encounter owner while retaining its person and order queue (46.941115ms)
✔ ordinary Boat and Balloon boarding retain seats and deselect passengers under mode2 panic (169.789119ms)
✔ panic transfers a live building-entry queue and resumes it after expiry (127.269189ms)
✔ ordinary groups settle into native rings, compact on departure and retain status through new orders (1212.575804ms)
✔ group resting positions, facing, gestures and footprints agree at 5–240 Hz and irregular frames (1169.023869ms)
✔ exhausted resting search waits and retries its original anchor through state 10 (80.672379ms)
✔ route probes preserve native building, coast and vehicle endpoint correction (17.419338ms)
✔ failed-route initialization and retries match native fields, timing and ordered consumers (11.429756ms)
✔ disconnected groups stop, retain shared attack/waypoint orders, retry and resume after land connects (536.249546ms)
✔ route-failure notice keeps the original text and retriggers without tutorial history (176.621309ms)
✔ new orders and death release blocked commands; shaman failures use their own original voice (167.128905ms)
✔ blocked groups retry on simulation counters, with identical recovery and combat at 5–240 Hz (1095.994602ms)
✔ blocked building-entry owners resume the same person and finish ordinary admission (72.451114ms)
✔ real command8 full occupancy emits an original-frame child without scene-owned RNG (822.623972ms)
✔ equal elapsed turns preserve secondary state across frame schedules with no bolt draws (230.578582ms)
✔ legacy missing-history roots bootstrap on first render without inventing past visits (163.953697ms)
✔ full roots copy the allocation byte and defer newly prepended children (2.936874ms)
✔ all byte phases and low-five-bit outcomes use the proved root gate (95.381944ms)
✔ actual UI reservations participate in inclusive gates after the root RNG draw (0.723743ms)
✔ marker expiry and child allocation share the same newest-first traversal (0.356008ms)
✔ children keep their own sixteen visits after the root is removed (0.545869ms)
✔ native free-list reuse and checkpoint reconstruction preserve physical slot ownership (0.590826ms)
✔ panel and preview reservations are derived from live adapter owners (1.247369ms)
✔ legacy marker overflow cannot leave ownerless immortal effects after restore (1.650437ms)
✔ browser capture retains the same live puff across ordinary Pause latency (2.896766ms)
✔ selection terrain mesh matches the executable with documented seven-point fan repairs (770.820923ms)
✔ selection fill/edges/corners retain native visibility, depth, UV and shared-corner ownership (16.793109ms)
✔ Shaman import preserves every prior frame, piece and animation entry (53.533135ms)
✔ actual tribe selects every native Shaman source and eight original directions (4.352003ms)
✔ Shaman idle artwork uses all four distinct original body pieces (0.247567ms)
✔ reincarnation distinguishes tribe bodies from shared spirit sources and layer owners (0.44485ms)
✔ shipped live and effect renderers consume the Shaman selector without changing generic mechanics (0.791233ms)
✔ all 3276 previous occupied sprite rectangles retain their reviewed RGBA (204.74313ms)
✔ real Mission 23 Shaman identity and death heading survive checkpoint reconstruction (873.05015ms)
✔ first and second actual presentation visits display 0 then 1, not 1 then 2 (1042.842229ms)
✔ normal processed phases reset, loop independently of simulation, then freeze and hide (276.230145ms)
✔ new checkpoints retain shown/next frames; legacy checkpoints start at a bounded deterministic frame (112.97526ms)
✔ pause and native land-pause freeze the latch as well as the counter (12.234797ms)
✔ render schedules and effect-only animation cannot change gameplay, either RNG or respawn (4321.731628ms)
✔ ordinary combat death finishes existing wait and respawn without a duplicate effect (318.238249ms)
✔ ordinary Shaman phase1 follows both rising and lowering death-site ground (748.028743ms)
✔ the last processed phase1 sample survives checkpoint, transition and rise (205.63786ms)
✔ phase0 retains the death height until the first processed phase1 visit (11.874092ms)
✔ a direct drowning-entry fixture rises from its initial height without phase1 resampling (52.00277ms)
✔ model-12 rise freezes the last original spirit frame for all tribes and bearings (2.344876ms)
✔ death-site visibility follows the existing land and drowning lifecycles without changing them (97.292427ms)
✔ earlier body/transition poses retain their existing renderer behavior (0.446822ms)
✔ the live caller applies the bounded presentation only to model-12 reincarnation effects (0.913604ms)
✔ G queues one shared native guard and repeat replaces it without early preparation (599.422014ms)
✔ G empty selection cancels adopted guards through the next native visit (295.875152ms)
✔ G Shaman-only selection cancels adopted guards through the next native visit (146.73405ms)
✔ native G retains the ordinary move owner and route until its deferred turn (115.625875ms)
✔ same-turn move replacement discards G before the legacy resting initializer (194.185057ms)
✔ same-turn attack replacement discards G before the legacy resting initializer (158.674781ms)
✔ same-turn worship replacement discards G before the legacy resting initializer (195.219465ms)
✔ same-turn entry replacement discards G before the legacy resting initializer (186.954853ms)
✔ pending G replacement survives pause and checkpoint (137.125606ms)
✔ pending G cancellation survives pause and checkpoint (178.684494ms)
✔ G exhaustion still clears and attaches slot zero then retries after cleanup frees a slot (127.18919ms)
✔ target entering a vehicle with inside still null completes the saved guard order (174.092005ms)
✔ ordinary Shaman Tower entry retains Guard and resolves its building outside point (152.23843ms)
✔ actual deferred G setters match native phase vector G-retain-deselect-1-3 (413.95181ms)
✔ actual deferred G setters match native phase vector G-retain-deselect-7-5 (150.72779ms)
✔ actual deferred G setters match native phase vector G-retain-deselect-0-2 (107.767481ms)
✔ protected preparation and passenger early-return retain pending ownership until actual adoption (97.944814ms)
✔ protected cancelled state10 retains ownership until its empty-queue transition really occurs (88.067527ms)
✔ death anchors to the saved Shaman in another cell before cleanup (121.715215ms)
✔ class0 anchors to the saved Shaman in another cell before cleanup (109.780661ms)
✔ vehicle anchors to the saved Shaman in another cell before cleanup (95.329785ms)
✔ cancel anchors to the saved Shaman in another cell before cleanup (122.980142ms)
✔ saved Shaman identity does not retarget when the current Shaman is replaced (121.345799ms)
✔ legacy boolean checkpoints retain their old targetless history until supported fresh input (248.764761ms)
✔ flight single selection retains the entire legacy G operation (147.781445ms)
✔ flight mixed selection retains the entire legacy G operation (133.849998ms)
✔ fight single selection retains the entire legacy G operation (95.992131ms)
✔ fight mixed selection retains the entire legacy G operation (102.457491ms)
✔ entry single selection retains the entire legacy G operation (98.922267ms)
✔ entry mixed selection retains the entire legacy G operation (271.289993ms)
✔ builder single selection retains the entire legacy G operation (91.145564ms)
✔ builder mixed selection retains the entire legacy G operation (85.65345ms)
✔ passenger single selection retains the entire legacy G operation (103.701049ms)
✔ passenger mixed selection retains the entire legacy G operation (98.923239ms)
✔ work single selection retains the entire legacy G operation (98.557908ms)
✔ work mixed selection retains the entire legacy G operation (147.727185ms)
✔ gather single selection retains the entire legacy G operation (102.237593ms)
✔ gather mixed selection retains the entire legacy G operation (103.860706ms)
✔ delivery single selection retains the entire legacy G operation (93.306877ms)
✔ delivery mixed selection retains the entire legacy G operation (79.691316ms)
✔ casting single selection retains the entire legacy G operation (74.496753ms)
✔ casting mixed selection retains the entire legacy G operation (96.570027ms)
✔ legacy single selection retains the entire legacy G operation (100.446169ms)
✔ legacy mixed selection retains the entire legacy G operation (63.08179ms)
✔ legacy path single selection retains the entire legacy G operation (81.783967ms)
✔ legacy path mixed selection retains the entire legacy G operation (94.097211ms)
✔ different route owner single selection retains the entire legacy G operation (69.637083ms)
✔ different route owner mixed selection retains the entire legacy G operation (86.708147ms)
✔ native Brave guards do not fall into legacy automatic housing while near the Shaman (111.365161ms)
✔ G replacement/cancellation have identical turn ownership at ordinary and irregular refresh schedules (131.717253ms)
✔ native G producer: shared-two-followers-repeat-and-partial-replacement / G allocates one shared command30 (11.553857ms)
✔ native G producer: shared-two-followers-repeat-and-partial-replacement / G repeats while both selected (4.705226ms)
✔ native G producer: shared-two-followers-repeat-and-partial-replacement / G replaces only selected first follower (7.493669ms)
✔ native G producer: shared-order-no-follower-selection-cancellation / G creates (1.662745ms)
✔ native G producer: shared-order-no-follower-selection-cancellation / Shaman-only G cancels both adopted guards (1.911824ms)
✔ native G producer: queued-not-adopted-no-selection / G queues (12.725194ms)
✔ native G producer: queued-not-adopted-no-selection / G without non-Shaman selection before adoption (1.724016ms)
✔ native G producer: exhausted-pool-no-old-order / G allocation fails separately for both followers (14.368ms)
✔ native G producer: exhausted-pool-clear-frees-slot-for-later-person / first failure clears old1, later retry succeeds and third shares (16.539669ms)
✔ native G producer: last-free-slot-wrap-is-shared / G uses last free slot once (1.862371ms)
✔ native G producer: producer-selected-dead-flag / raw selected non-Shaman-pointer still receives command30 (1.344093ms)
✔ native G producer: producer-selected-protected / raw selected non-Shaman-pointer still receives command30 (1.795432ms)
✔ native G producer: producer-selected-airborne / raw selected non-Shaman-pointer still receives command30 (1.911093ms)
✔ native G producer: producer-selected-ghost / raw selected non-Shaman-pointer still receives command30 (1.020944ms)
✔ native G producer: producer-selected-removed-class / raw selected non-Shaman-pointer still receives command30 (0.777122ms)
✔ native G producer: producer-selected-other-model7 / raw selected non-Shaman-pointer still receives command30 (0.686137ms)
✔ native G producer: producer-selected-training-state21 / raw selected non-Shaman-pointer still receives command30 (0.639498ms)
✔ native G producer: vehicle-passenger-selection-retain1 / G selected passengers (0.754028ms)
✔ native G producer: absent-current-shaman-does-not-issue-or-cancel / no Shaman pointer with selected followers (0.659508ms)
✔ native G producer: absent-current-shaman-does-not-issue-or-cancel / restore Shaman and issue (0.690914ms)
✔ native G producer: absent-current-shaman-does-not-issue-or-cancel / no Shaman pointer with existing guards (0.619358ms)
✔ native G producer: stale-shaman-pointer-dead / producer still emits target73 (0.726777ms)
✔ native G producer: stale-shaman-pointer-class0 / producer still emits target73 (0.730683ms)
✔ native G producer: stale-shaman-pointer-vehicle / producer still emits target73 (1.250895ms)
✔ native G producer: saved-target-is-not-rebound-by-tribe-shaman-replacement / G targets original73 (0.70205ms)
✔ native G producer: saved-target-is-not-rebound-by-tribe-shaman-replacement / new explicit G targets replacement74 (0.697104ms)
✔ native Guard distance: near-axis0-delta-824 (0.348838ms)
✔ native Guard distance: near-axis0-delta-823 (0.07445ms)
✔ native Guard distance: near-axis0-delta823 (0.057345ms)
✔ native Guard distance: near-axis0-delta824 (0.097315ms)
✔ native Guard distance: near-axis1-delta-824 (0.077995ms)
✔ native Guard distance: near-axis1-delta-823 (0.058537ms)
✔ native Guard distance: near-axis1-delta823 (0.265674ms)
✔ native Guard distance: near-axis1-delta824 (0.119357ms)
✔ native Guard distance: signed-edge-person32767-target32768 (0.083083ms)
✔ native Guard distance: signed-edge-person32768-target32767 (0.081982ms)
✔ native Guard distance: signed-edge-person0-target32768 (0.085597ms)
✔ native Guard distance: signed-edge-person32768-target0 (0.043084ms)
✔ native Guard distance: signed-edge-person65535-target0 (0.040971ms)
✔ native Guard distance: signed-edge-person0-target65535 (0.036765ms)
✔ native Guard distance: signed-edge-person32768-target33591 (0.036635ms)
✔ native Guard distance: signed-edge-person32768-target33592 (0.041752ms)
✔ native Guard distance: signed-edge-person32768-target31945 (0.06722ms)
✔ native Guard distance: signed-edge-person32768-target31944 (0.356549ms)
✔ native Guard distance: replan-axis0-delta-440 (0.097023ms)
✔ native Guard distance: replan-axis0-delta-439 (0.050976ms)
✔ native Guard distance: replan-axis0-delta439 (0.04042ms)
✔ native Guard distance: replan-axis0-delta440 (0.036544ms)
✔ native Guard distance: replan-axis1-delta-440 (0.036875ms)
✔ native Guard distance: replan-axis1-delta-439 (0.038897ms)
✔ native Guard distance: replan-axis1-delta439 (0.035283ms)
✔ native Guard distance: replan-axis1-delta440 (0.075672ms)
✔ native Guard distance: replan-signed-edge-goal32767-target32768 (0.04006ms)
✔ native Guard distance: replan-signed-edge-goal32768-target32767 (0.036785ms)
✔ Magical Shield protects six nearby followers for the native lifetime (155.442883ms)
✔ old checkpoints default new Shield stock without disturbing their world (72.766892ms)
✔ normal early mission data selects each original backdrop and both cloud layers (1.629702ms)
✔ same-bank Mission 10 uses the same p sky set without mission-number overrides (0.147938ms)
✔ previous bank d and g sky modes and unhandled banks remain unchanged (0.167528ms)
✔ early mission sky PNGs preserve exact original bytes (7.123038ms)
✔ camera horizons preserve original sky dispatch coordinates and fade (10.511065ms)
✔ continuous sky retains native wind rates and is invariant to segment subdivision (30.066256ms)
✔ spell button artwork, positions and charging fills match native draws (13.345521ms)
✔ all six original Shield/Bloodlust descriptor frames have real atlas rectangles (5.669746ms)
✔ ready, inactive, hover and selected states use the original descriptors, not Unicode or guessed frames (0.759466ms)
✔ authored Mission16 already exposes both sprites without forced availability or stock (154.67552ms)
✔ the original undiscovered spell question mark follows the accepted six-frame append (0.272194ms)
✔ all shipped spell descriptor icons remain available after the append (0.274948ms)
✔ HudSprite no longer substitutes a text glyph and still rejects unknown resources (0.492751ms)
✔ fresh and later missions use the native owned/reward-source/cast-permission precedence (189.920612ms)
✔ restart and checkpoint restore reproduce fresh Mission 1 HUD visibility (157.31651ms)
✔ owned stock wins over the mission-load discovery mask (28.941817ms)
✔ undiscovered art is the native HFX1056 branch and visible-disabled keeps normal art (0.655692ms)
✔ unit atlas retains reviewed tribe/state/direction layers when new models append (14.552794ms)
✔ brave carry animations retain the baked timber body layer (0.373253ms)
✔ base149 retains 51 original faces and existing atlas coverage without key model slots (4.064405ms)
✔ authored default149 roots and linked Mission10 Totem select the base mesh (392.049067ms)
✔ spell45, Obelisk8, Angel157 and Vault154 remain outside static149 (122.267153ms)
✔ source qualification rejects ambiguous identity, reward flags, missing links and scenery (37.048085ms)
✔ old null/absent presentation and new checkpoints derive149 without mutating saved state (94.144061ms)
✔ static presentation never replaces a different model or an active morph family (208.683553ms)
✔ only reward-derived model45 sources are initialized; unrelated head families and Vault remain separate (192.002367ms)
✔ enabled idle cycles18native animation visits without followers; hold/refill retain the original counter rules (0.64748ms)
✔ raw keypoints use base45indices/scale rather than endpoint face layout; all18cached outputs are distinct (10.109007ms)
✔ presentation pauses with world and native land pause without touching simulation or RNG (71.043043ms)
✔ normal authored worship earns Bridge stock while presentation leaves the entire gameplay state unchanged (226.465661ms)
✔ exhausted trigger does not remove its independent enabled decorative model45 animation (98.479167ms)
✔ mid-animation new checkpoint keeps phase and old optional-field checkpoint restores safely without rewards (57.851196ms)
✔ multiple heads keep separate state while30/60/120/144Hz and irregular schedules share one animation timeline (511.694678ms)
✔ shipped scene updates ordinary head positions byphase and leaves Vault on the existing path (0.95801ms)
✔ disable and refill within one presentation interval reset once without advancing the clock (0.275929ms)
✔ authored45 constructors retain the original logical animation gate (104.830543ms)
✔ ordinary body frames wait for logical turns without changing the24Hz presentation clock (126.869036ms)
✔ each catch-up controller and observer sees the prior body frame before one logical advance (61.141494ms)
✔ mode4 transition remains exclusively presentation-owned despite the gate bit (38.966258ms)
✔ lazy, post-turn allocated and removed bodies obey the completed-turn boundary (96.499557ms)
✔ legacy body checkpoints gain only the gate and a new Scene clock does not replay a turn (33.809665ms)
✔ disable and refill notifications retain raw phase then reset before their owned visit (39.676181ms)
✔ trigger exhaustion, pause, land pause and turn wrap preserve the separate decorative owner (38.991895ms)
✔ heading comes from the decorative scenery word, never trigger settings or model selection (2.113874ms)
✔ all16bits reach the angle-table mask and a missing producer is not treated as north (0.304051ms)
✔ linking uses the native512-unit cell, first scenery match and toroidal coordinate identity (0.281928ms)
✔ existing negative-Y scene rotation agrees with native heading basis; no camera or global offset is required (1.456199ms)
✔ Vault and unknown scenery keep their original angle; orientation lookup does not mutate saved gameplay (67.40558ms)
✔ both ordinary scene orientation consumers use the same helper; no other angle consumer changes (0.846835ms)
✔ real authored zero and high-byte headings survive the producer while saved trigger fields stay unchanged (202.475765ms)
✔ Swamp scans its native 3x3 footprint and honors victim and terrain gates (2.010661ms)
✔ Swamp uses one RNG draw, scans every fourth visit, and expires at ten kills (0.446963ms)
✔ the thirtieth same-tribe Swamp discards the oldest remaining controller (0.2292ms)
✔ live Swamp casting kills through the ordinary corpse path independently of refresh rate (329.482049ms)
✔ Swarm uses the supplied standalone original insect texture (1.512833ms)
✔ Swarm creation and first controller visit preserve original gameplay RNG and child fields (1.504601ms)
✔ Swarm first live visit allocates children before wandering begins on the second visit (89.438853ms)
✔ Swarm final fifteen controller visits progressively remove children before expiry (1.630377ms)
✔ Swarm reveals disguised Spies on panic and panic-protected non-removal paths (84.32714ms)
✔ confirmed invented generic and Angel success strings are not emitted (220.108205ms)
✔ Swarm follows player and computer cast paths with native insects, victim cadence, and lifetime (201.874705ms)
✔ Mission 2 naturally funds the Matak Shaman and casts Swarm through player orders (3529.259054ms)
✔ terrain ambience matches complete native ground queues, including empty views and depth ties (9.939105ms)
✔ tree ambience camera offset and wrapped radius match complete native cell visits (3.205322ms)
✔ local lights match complete native allocation, movement and cleanup captures (230.729151ms)
✔ Blast owns immediate terrain light until its ninth turn, preserving occupancy and pause (124.328988ms)
✔ native height notifications retain object order, duplicate visits and touching building flags (11.925955ms)
✔ terrain edits notify nearby plans, revalidate original slope rules and release an invalid plan (170.336824ms)
✔ a large terrain edit indexes live people once while retaining dirty notifications (163.787725ms)
✔ terrain dirtiness resets live steering without replacing its route (80.747423ms)
✔ terrain texture endpoints match original Direct3D triangle submissions (5.471292ms)
✔ model atlas UVs match native texel centers and retain fractional/outside coordinates (4.240246ms)
✔ terrain submission covers the native cell gate across headings and seams (309.439694ms)
✔ terrain copies omit only tiles with no native-visible cell, including seams and expanded bounds (217.453283ms)
✔ timber search matches native cell order, fog, protected stock and two-pass queries (56.005488ms)
✔ shared timber caches match native allocation, expansion, routing, ownership and expiry (200.656198ms)
✔ an exhausted indexed-search pool postpones expansion without corrupting the cache (1.055214ms)
✔ terrain changes recheck nearby timber routes and live Land Bridge reaches the cache (1029.539388ms)
✔ live timber cost probes report routes and foreign territory without taking route ownership (86.143021ms)
✔ harvest clocks, transfer, scale and animation match original executable captures (1.285185ms)
✔ delivery waits, timber and construction stages match complete native calls (1.602165ms)
✔ Tornado replays native initialization, lifetime, carry and throw (6.218424ms)
✔ Tornado uses the native building protection and one-draw damage gate (0.928957ms)
✔ live Tornado casts, captures and throws independently of refresh rate (434.844321ms)
✔ tower admission uses rotated tribe sockets, ground membership and original one-shot occupant pose (2859.540247ms)
✔ a tower admits one follower and movement orders preserve elevation until physics resumes (90.244901ms)
✔ tower entry and held animation are deterministic at 5–240 Hz (502.451435ms)
✔ destroying an occupied tower releases its native record and display height (72.407228ms)
✔ a tower Firewarrior autonomously attacks an eligible hostile on the tower cadence (88.266378ms)
✔ tower preachers hand occupancy to command 31 and cleanly leave or die (231.28483ms)
✔ tower panel matches every original one-slot draw trace (5.37663ms)
✔ tower panel selection preserves occupancy; ordinary orders leave without teleporting (479.65524ms)
✔ tower dismantling releases its occupant and only braves perform the work (422.742485ms)
✔ training exit orders match original coastal correction and building precedence (6.658351ms)
✔ training admits five visible residents and places overflow on native rotated queue sockets (890.110111ms)
✔ queue cancellation retains successors and occupant departure reuses the first empty slot (161.413112ms)
✔ checkpoint reload preserves a full training hut and its waiting queue without loss (186.789512ms)
✔ funded training replaces a complete batch, releases references and walks warriors out (262.433452ms)
✔ a funded Temple trains a native model-4 preacher and sends it outside (140.735137ms)
✔ a funded Spy Training Hut trains an original model-5 Spy and sends it outside (210.692668ms)
✔ queue movement, admission, conversion and shared references are independent of render rate (1338.926684ms)
✔ already-trained warriors accept training orders and yield queue priority to new braves (179.191358ms)
✔ training append preserves all70 pre-existing original models, including vehicles (14.102386ms)
✔ all original training types and owners resolve to actual meshes, not Blue substitutes (1.948158ms)
✔ the five recovered training variants retain original geometry, color tiles and all stages (6.075086ms)
✔ authored Mission16/17/22 training assets and identities survive checkpoint reconstruction (594.332932ms)
✔ the live building factory opts into original training selection without tint or gameplay changes (5.425132ms)
✔ camp human group command retains visible admission interpolation (964.763173ms)
✔ camp shared command-8 retains visible admission interpolation (483.812963ms)
✔ temple human group command retains visible admission interpolation (591.559442ms)
✔ temple shared command-8 retains visible admission interpolation (741.821977ms)
✔ spyHut human group command retains visible admission interpolation (434.479743ms)
✔ spyHut shared command-8 retains visible admission interpolation (363.289935ms)
✔ firewarriorHut human group command retains visible admission interpolation (467.269959ms)
✔ firewarriorHut shared command-8 retains visible admission interpolation (433.756546ms)
✔ hidden admission, exit, replacement and explicit placement remain discrete (92.495378ms)
✔ native training panels preserve slots, selection, palette, frames and turn-driven feedback (17.026327ms)
✔ wide charge arithmetic never runs backwards or exceeds its frame at maximum training mana (16.071626ms)
✔ shipped disguise completes aboard Boat, holds and accepts another command (215.405415ms)
✔ Balloon passenger idle entry holds without advancing or consuming orders (81.716133ms)
✔ shipped Balloon disguise configures its command position and completes aboard (57.068743ms)
✔ Balloon raw-coordinate startup wraps payload words and retains unported encodings (52.340424ms)
✔ pending Balloon disguise checkpoint retains command position and resumes once (57.964071ms)
✔ occupied state30 checkpoint resumes countdown without reinitializing motion or RNG (69.023556ms)
✔ ordinary disembark clears vehicle and state30 returns to orders for one visit (51.362278ms)
✔ replacement disguise interrupts pending and partially completed aboard commands (56.643403ms)
✔ fractional reference uses exact rectangle coverage at edges and corners (2.154264ms)
✔ adjacent glyph elements composite their shared fractional edge sequentially (0.297491ms)
✔ disabled opacity combines with coverage while transparent source pixels preserve background (0.273836ms)
✔ source crop and nearest sampling retain native pixels without atlas bleed (0.273976ms)
✔ pinned fixed8 coverage and integer interpolation explain the opaque edge without fitting (0.325462ms)
✔ single-pixel fixed8 rectangles and straight-alpha output retain their separate contracts (0.186977ms)
✔ tree growth and complete replant searches match native captures (19.04238ms)
✔ depleted timber replants after its full delay and grows on its own phase (3749.11499ms)
✔ burning depletion also queues one replant without reviving the old tree (140.756584ms)
✔ Tutorial advances through Shaman selection into the authored Obelisk flyby (1622.876383ms)
✔ Tutorial restart recreates fresh script and view state (232.766694ms)
✔ overhead health gauges match native visibility, scaled-pose anchors and 24-pixel fills (2.043399ms)
✔ continuous positions follow captured native body/shadow interpolation (1.921614ms)
✔ every elapsed-time schedule reaches the same displayed position without changing simulation (748.916433ms)
✔ pause, endpoints, placement, entry, conversion and new people never replay stale movement (30.870847ms)
✔ Vault knowledge uses the original class-6/model-2 reward frames and socket (1.223454ms)
✔ Vault knowledge is present only while its authored reward source is active (0.215789ms)
✔ Mission 7 Vault knowledge uses occupied model-18 socket 1 placement (1.13999ms)
✔ Mission 3 Temple descriptor selects the native HFX identity (89.555302ms)
✔ Mission 3 marker glow owns a saved fourteen-frame cursor on the existing animation boundary (105.637289ms)
✔ ordinary Mission 3 Vault collection preserves payout while changing only world presentation (1708.757426ms)
✔ unrelated Vault and ordinary spell families retain their existing presentation owners (161.476581ms)
✔ a glow born on an animation boundary first displays frame zero before its next cursor (1149.617938ms)
✔ original class4 mesh selection distinguishes geometry from tooltip IDs (2.553976ms)
✔ vehicle-only import preserves all68 existing model records (19.940553ms)
✔ authored campaign vehicles retain mesh identity across checkpoint reconstruction (426.02056ms)
✔ normal boarding, exit and destruction retain original mesh rather than changing gameplay state (43.472128ms)
✔ the normal Balloon Hut producer creates the original144 appearance (58.049479ms)
✔ the shipped vehicle factory consumes original models, with no custom hull/envelope (0.596895ms)
✔ original vehicle owner textures use adjacent source tiles and retain local UVs (4.792525ms)
✔ Boat travel and exit keep registered passenger object-cell membership current (133.488838ms)
✔ Balloon travel and exit keep registered passenger object-cell membership current (80.232396ms)
✔ same-cell passenger sync preserves one linked membership and never allocates an unregistered person (58.993609ms)
✔ checkpoint clone retains passenger cell identity and wrapped exit reindexes without duplicates (49.915481ms)
✔ live vehicle damage keeps the native owner, special, signed and reset rules (92.43748ms)
✔ Blast reaches live vehicles and native destruction ejects passengers alive (59.965335ms)
✔ vehicle life and destruction survive checkpoint migration and reload (135.047875ms)
✔ success-bearing exit preserves existing public point API and real failure (145.692887ms)
✔ live panel selection only changes native selection flags and preserves unrelated selections/orders/RNG (97.181759ms)
✔ Boat and Balloon unload launch without teleporting, clear orders, and survive occupied/airborne checkpoints (146.725912ms)
✔ unload click rechecks speed, occupancy and terrain after rendered enabled state (50.974691ms)
✔ authored Mission22 Boat and Balloon unload retain launch until a living landing (124.211546ms)
✔ vehicle panel uses native kind9 geometry, disabled raw art and selection overlays (2.551432ms)
✔ raw disabled vehicle sprite alpha is85 while tail remains170 and normal art opaque (0.403277ms)
✔ vehicle selection keeps work on single, expands deselection, and Shift selects blocked mates (4.487443ms)
✔ passenger right-click has inspection semantics, while unload right-click is inert (0.243561ms)
✔ unload readiness refresh clears cached success at speed12 or failed terrain (0.267957ms)
✔ stale unload failure repeatedly clears only current driver orders, without teleporting anyone (0.356168ms)
✔ hover adds a native fill, never a false selected marker; pressed overlays palette130 (0.308317ms)
✔ horizontal viewport expansion preserves native depth and safe projection arithmetic (588.746955ms)
✔ intermediate display footprint fills the observed bird-view cut without changing native camera state (6.234617ms)
✔ added display cells cover safe front-branch projected samples across zoom, rotation and torus fractions (81.814882ms)
✔ display bounds texture and CPU visibility share the same derived rows without feeding camera state (6.353178ms)
✔ visible cells match original traversal at boundaries and wrapped camera centers (1115.775751ms)
✔ Volcano replays its native terrain, emission and disruption lifecycle (5.627062ms)
✔ player and computer Volcano casts share the live controller and old saves migrate (246.073218ms)
✔ review bundle is independently readable from a non-overlapping local fixture (219.921531ms)
✔ review bundle rejects quoted secret fields and environment-secret files atomically (239.556587ms)
✔ decoded command-receipt stdout and stderr reject escaped secret JSON without exposing values (567.941841ms)
✔ double JSON-string wrappers in stdout and stderr reject secrets without echoing values (210.137286ms)
✔ benign nested JSON strings pass within depth and decoded-byte bounds (106.694336ms)
✔ decoded JSON recursion fails closed beyond depth or total decoded-byte bounds (262.209287ms)
✔ decoded JSON byte boundary accepts exactly the configured budget (131.124202ms)
✔ tracked deletion has an explicit expected deletion identity and rejects tamper or omission (660.512298ms)
✔ real-path canonicalization rejects source aliases and bundle outputs through source symlinks (212.169341ms)
✔ bundle verification is bound to caller-supplied identities and rejects traversal (128.316309ms)
✔ raw command receipts retain source head and complete stdout/stderr (682.923053ms)
✔ command receipts bind dirty source and explicit ignored inputs and invalidate drift (238.571323ms)
✔ receipt CLI preserves repeated input flags and rejects zero-exit input drift (1076.927858ms)
✔ a killed foreground wrapper retains unknown state and raw output, never a pass (849.948337ms)
✔ retired status and binding commands are not exposed or coupled to verification (2.098482ms)
✔ live aggregate coverage includes every maintained workflow integrity suite (754.821968ms)
✔ native models 13 and 15 route only completed vehicle workshops into kind 6 (2.462201ms)
✔ Boat House kind-6 panel uses native 136x82 rows and hit targets (0.925653ms)
✔ Boat House work cells fill only at each complete native 100-work boundary (0.51921ms)
✔ Boat House reuses original dismantle and cancel control phases (0.396809ms)
✔ Balloon Hut kind-6 geometry derives 208x82 from native capacity and ten work cells (0.691084ms)
✔ Balloon Hut work cells fill only at each complete native 100-work boundary (0.3576ms)
✔ Balloon Hut reuses the original dismantle and cancel control phases (0.250552ms)
✔ followers cross the former crop and both world seams, then settle at every frame rate (8203.277067ms)
✔ direct attacks take the short route and engage across both world seams (199.052611ms)
✔ live heights and sprite grounding read native terrain outside the compatibility grid (118.230404ms)
✔ mixed picking follows captured native painter ownership and pixel edges (4.514204ms)
✔ live pointer eligibility uses the active record and recorded cell building (1416.612037ms)
✔ ScenePicking re-resolves injected overlapping terrain candidates against the current painter command (521.793108ms)
✔ native selector body hierarchy retains all 25 worlds and first-three moons (2.796225ms)
✔ opening campaign availability reflects completion without hiding replay access (0.308157ms)
✔ native controller, particles, palette and ordered draw arguments: companion-seed1 (32.691237ms)
✔ native controller, particles, palette and ordered draw arguments: companion-seed12345678 (13.767841ms)
✔ native controller, particles, palette and ordered draw arguments: companion-initial-pause (10.261563ms)
✔ native controller, particles, palette and ordered draw arguments: companion-mid-pause (33.654259ms)
✔ native controller, particles, palette and ordered draw arguments: spell-3-visible (28.066716ms)
✔ native controller, particles, palette and ordered draw arguments: spell-3-offscreen (15.60205ms)
✔ native controller, particles, palette and ordered draw arguments: spell-4-visible (11.132705ms)
✔ native controller, particles, palette and ordered draw arguments: spell-4-offscreen (9.59183ms)
✔ native controller, particles, palette and ordered draw arguments: spell-12-visible (9.616617ms)
✔ native controller, particles, palette and ordered draw arguments: spell-12-offscreen (14.750268ms)
✔ native spell kinematics and pending transitions: model-3-visible (4.726146ms)
✔ native spell kinematics and pending transitions: model-4-visible (2.451585ms)
✔ native spell kinematics and pending transitions: model-12-visible (2.253301ms)
✔ native spell kinematics and pending transitions: offscreen-bit (1.703947ms)
✔ native singleton replacement and independent pulse: bridge-replaced-at-10 (11.280805ms)
✔ native singleton replacement and independent pulse: bridge-replaced-at-26 (24.544398ms)
✔ native singleton replacement and independent pulse: bridge-replaced-at-30 (27.242017ms)
✔ handoff geometry is an owned snapshot; rendering is read-only and draws the last pulse once (6.504483ms)
✔ structured-clone restores all particles, trails, pending phases, draws and independent pulse (232.180135ms)
✔ spell motion, arrival and retirement do not depend on intervening shared cosmetic consumers (7.790499ms)
✔ native before/after limiter selection owns activation, active and tail deadlines (1.16015ms)
✔ ordinary phase handoff, arrival and next-object payout keep elapsed deadlines across refresh schedules (623.288697ms)
✔ simultaneous authored M1 handoffs use native clone priority without reversing payouts (41.707863ms)
✔ missing geometry consumes one request while world countdown continues without replay (111.837243ms)
✔ arrival suppression and capped stock preserve ordinary payout ownership (160.965858ms)
✔ visible acquisition pause preserves original order without broadening land-bit pause (83.110004ms)
✔ checkpoint continuation retains controller, queue, clock and cosmetic state without initialization replay (274.137098ms)
✔ layout transforms move only draw output and retain raised-body/fallback anchors (0.790753ms)
✔ authored ordinary sources exclude the spell-valued Vault and other missions (2.128656ms)
✔ ordinary shrine completion persists provenance, recipient and creation order (314.940795ms)
✔ generic spell, mana and knowledge gifts do not inherit ordinary eligibility (29.354464ms)
✔ legacy head identity may recover eligibility but an existing gift cannot (60.865395ms)
✔ ordinary Stone Head completion creates the original six-visit acquisition VFX before stock delivery (264.254796ms)
✔ spell-head reward admission preserves native oriented cell ranges and active command eligibility (13.470491ms)
✔ head-group selection shares native occupant flag rules and imported panel heights match the original consumer (1.543639ms)
✔ proved worship modes use their original static models without changing other head families (0.837672ms)
✔ original worship model 8 is the reviewed bank-2 geometry (1.089054ms)
✔ original worship model 157 is the reviewed static Angel-head geometry (0.424399ms)
✔ legacy appearance migration recovers recursive authored modes and preserves existing families (283.531165ms)
✔ linked tutorial mode-3 Obelisk retains its authored mode and model (36.271984ms)
✔ Temple training uses the canonical shape doorway rather than crossing its footprint (92.393326ms)
✔ normal worship approach follows the same canonical stone-head heading as the rendered head (141.464322ms)
✔ legacy Mission22 worship appearance is derived from authored source identity without changing checkpoint state (184.469002ms)
✔ legacy linked mode3 head migrates recursively while root trigger and unrelated state stay byte-for-byte equivalent (36.468774ms)
✔ legacy non-mode3 and Vault heads recover mode without changing their presentation families (54.277054ms)
✔ authored worship lookup uses immutable source fields and agrees for Mission22 and linked tutorial head (91.926993ms)
✔ shipped store load migrates legacy Mission22 before real command-27 Brave admission (174.554132ms)
✔ automatic worship-panel activity is written only by a supported completed mode-0 sample (1.61873ms)
✔ automatic producer keeps unproven families out of the first shipped slice (0.191223ms)
✔ automatic retention reads the last player-specific sample rather than generic follower state (0.142141ms)
✔ automatic retention releases an inactive completed head even after a positive last sample (0.184814ms)
✔ worship panels preserve native progress, recharge, slots and artwork without clipping the second row (18.342076ms)
ℹ tests 1298
ℹ suites 0
ℹ pass 1298
ℹ fail 0
ℹ cancelled 0
ℹ skipped 0
ℹ todo 0
ℹ duration_ms 247964.136006

> populous-first-dawn@0.1.0 parity:check
> node scripts/parity.mjs check

Parity ledger, evidence paths, revision and generated report are consistent.

> populous-first-dawn@0.1.0 orchestration:check
> node scripts/orchestration/cli.mjs check

{
  "status": "passed",
  "checks": 130,
  "subsystems": 11,
  "generatedOwners": 6,
  "unmappedSourceCount": 152,
  "unmappedSources": [
    "app/ambient-sound.ts",
    "app/animation.ts",
    "app/audio-preferences.ts",
    "app/audio.ts",
    "app/blast-wave.ts",
    "app/building-clearing.ts",
    "app/building-damage.ts",
    "app/building-debris.ts",
    "app/building-dismantle.ts",
    "app/building-occupants.ts",
    "app/building-sinking.ts",
    "app/building-smoke.ts",
    "app/building-terrain.ts",
    "app/celebration.ts",
    "app/chatgpt-auth.ts",
    "app/combat-approach.ts",
    "app/combat-building.ts",
    "app/combat-order-search.ts",
    "app/combat-orders.ts",
    "app/combat-pursuit.ts",
    "app/combat-targets.ts",
    "app/command-context.ts",
    "app/construction-panel.ts",
    "app/convert-wild.ts",
    "app/drag-border.ts",
    "app/drag-overlay.ts",
    "app/earthquake.ts",
    "app/effect-motion.ts",
    "app/erosion-observation.ts",
    "app/erosion.ts",
    "app/firestorm.ts",
    "app/flatten.ts",
    "app/footprints.ts",
    "app/fps-graph.ts",
    "app/globe-renderer.ts",
    "app/globe.ts",
    "app/ground-overlay.ts",
    "app/hud-charge.ts",
    "app/hud-font.ts",
    "app/hud-health.ts",
    "app/hud-mana.ts",
    "app/hud-population.ts",
    "app/hud-portrait.ts",
    "app/hud-selection.ts",
    "app/hut-birth.ts",
    "app/hut-occupancy-smoke.ts",
    "app/hut-smoke-runtime.ts",
    "app/hut-upgrade.ts",
    "app/indexed-search.ts",
    "app/land-bridge.ts",
    "app/layout.tsx",
    "app/level-one.ts",
    "app/level-three.ts",
    "app/level-two.ts",
    "app/live-resting.ts",
    "app/mana.ts",
    "app/melee-encounter.ts",
    "app/melee-engagement.ts",
    "app/melee-groups.ts",
    "app/melee-placement.ts",
    "app/melee.ts",
    "app/minimap-frame-view.tsx",
    "app/minimap-frame.ts",
    "app/minimap-renderer.ts",
    "app/minimap.ts",
    "app/model-faces.ts",
    "app/model-lighting.ts",
    "app/morph.ts",
    "app/music.ts",
    "app/native-math.ts",
    "app/original-bloodlust.json",
    "app/original-camera.json",
    "app/original-constants.json",
    "app/original-effects.json",
    "app/original-fire.json",
    "app/original-minimap-frame.json",
    "app/original-music.json",
    "app/original-pointer.json",
    "app/original-script-three.json",
    "app/original-script-two.json",
    "app/original-script.json",
    "app/original-search.json",
    "app/original-shapes.json",
    "app/original-sky.json",
    "app/original-skylens.json",
    "app/original-sound.json",
    "app/original-stone-heads.json",
    "app/original-tooltips.json",
    "app/original-vault-knowledge.json",
    "app/painter-vertices.ts",
    "app/painter.ts",
    "app/path-geometry.ts",
    "app/path-search.ts",
    "app/path-solver.ts",
    "app/person-collision.ts",
    "app/person-idle.ts",
    "app/person-motion.ts",
    "app/person-panel.ts",
    "app/person-physics.ts",
    "app/person-route-recovery.ts",
    "app/person-state.ts",
    "app/preacher-conversion.ts",
    "app/projectile-motion.ts",
    "app/projection.ts",
    "app/resting-slots.ts",
    "app/scene-hud-runtime.ts",
    "app/scene-secondary-effects.ts",
    "app/scene-vault-knowledge.ts",
    "app/scenery-fire.ts",
    "app/secondary-effects.ts",
    "app/selection-raster.ts",
    "app/shaman-death-vfx.ts",
    "app/sky-motion.ts",
    "app/sky.ts",
    "app/special-battle.ts",
    "app/spell-button.ts",
    "app/spell-halo.ts",
    "app/spell-trails.ts",
    "app/spell-visibility.ts",
    "app/sprite-layers.ts",
    "app/stone-head-149.ts",
    "app/stone-head-animation.ts",
    "app/stone-head-orientation.ts",
    "app/swamp.ts",
    "app/swarm.ts",
    "app/terrain-ambience.ts",
    "app/terrain-light.ts",
    "app/territory.ts",
    "app/tooltip-layout.ts",
    "app/tornado-runtime.ts",
    "app/tornado.ts",
    "app/training-conversion.ts",
    "app/training-hut-appearance.ts",
    "app/training.ts",
    "app/tree-growth.ts",
    "app/unit-health.ts",
    "app/vault-appearance.ts",
    "app/vehicle-appearance.ts",
    "app/vehicle-routing.ts",
    "app/volcano.ts",
    "app/water.ts",
    "app/workshop-panel.ts",
    "app/world-coordinates.ts",
    "app/world-initialization.ts",
    "app/world-selector-data.ts",
    "app/world-selector.module.css",
    "app/world-selector.tsx",
    "app/world-state.ts",
    "app/world-tasks.ts",
    "app/worship-appearance.ts",
    "app/worship-panel-activity.ts",
    "app/worship-panel.ts"
  ],
  "cacheRequired": false
}
