
> populous-first-dawn@0.1.0 check
> npm run typecheck && npm test && npm run parity:check && npm run orchestration:check


> populous-first-dawn@0.1.0 typecheck
> tsc --noEmit


> populous-first-dawn@0.1.0 test
> node --test tests/*.test.mjs

✔ live Mission3 adapters rotate an eligible Convert Wild producer behind training (121.61934ms)
✔ producer table preserves singleton priority, one stable pass, and signed counts (0.969805ms)
✔ producer capacity is checked before callbacks and after pre-table allocation (0.897917ms)
✔ checkpoint migration retains producer history and initializes each legacy AI independently (131.169248ms)
✔ authored early producer opportunities record native table attempts without changing later missions (671.020088ms)
✔ Missions1/2 never enable type8 or idle type11/15 response follow-ups (142.786194ms)
✔ ordinary Missions1/2 allocate a real pre-table scan at their first producer opportunity (275.787911ms)
✔ normal first scans finish and repeat without a placeholder reservation (416.307295ms)
✔ ordinary Mission2 movement reaches a real response and resumes the scan checkpoint (322.562897ms)
✔ response allocation preserves native duplicate, disabled, cancellation and exhaustion gates (0.590656ms)
✔ early automatic training requires at least the native school capacity (247.177234ms)
✔ training capacity compares the native signed32-bit available total (0.747491ms)
✔ six followers share ground → area attack → ground orders, destroy the hut and regroup (282.368895ms)
✔ losing an acquired building rescans the area, fights a new person and retains the waypoint tail (177.708144ms)
✔ cancelling a reserved fight releases its reservation and the entire staged tail (70.034301ms)
✔ area targeting distinguishes an unbuilt plan from a partially constructed building (174.867319ms)
✔ arrival voices count approaching followers and fire once when they near the ordered area (302.764401ms)
✔ area approach, combat, arrival voices and queued destinations agree at 5–240 Hz and irregular rendering (749.649406ms)
✔ pausing an unfinished music play preserves enabled sound and later resume (5.522534ms)
✔ late rejection from an older resume cannot cancel the newest playing request (1.196285ms)
✔ a superseded context resume does not submit an extra music play (2.664037ms)
✔ mute cancels pending playback without recreating the background timer (1.508573ms)
✔ dispose cancels pending playback without recreating the background timer (0.745428ms)
✔ the current playback failure still rejects rather than hiding a real media error (1.705408ms)
✔ current context errors propagate, while a disposed request cannot report a stale failure (0.503215ms)
✔ initial enable can finish while paused without turning the sound setting off (0.960011ms)
✔ enable reports cancellation when muted during its pending playback (0.57342ms)
✔ first visit and non-browser rendering keep the existing defaults without writing (2.388002ms)
✔ versioned zero/full volume restores without truthiness fallback or autoplay data (0.33333ms)
✔ malformed, unsupported and unsafe values fall back without overwriting the record (0.710996ms)
✔ only an explicit valid change writes the known preference fields and leaves other storage alone (0.360351ms)
✔ invalid programmatic values never persist or replace the last valid choice (0.406129ms)
✔ denied storage getter, reads and writes are safe session-only fallbacks (0.389104ms)
✔ restoring volumes does not create audio, enable playback, or change audio RNG/reset semantics (0.352959ms)
✔ authored origins survive initialization for all five currently live campaign bridge heads (450.086131ms)
✔ ordinary Mission 2 worship creates the authored crossing and every live terrain turn matches it (886.56096ms)
✔ legacy migration recovers only missing immutable origins without replaying active terrain (427.294659ms)
✔ pre-activation legacy save and mid-bridge checkpoint continue once at the authored origin (941.547636ms)
✔ automatic Boat search filters native-ineligible vehicles and boarding shares the driver route (69.98652ms)
✔ music sections and ordinary ambient decisions match captured original execution (8.650686ms)
✔ percussion uses audio timestamps at low/high/irregular frame rates and skips stale starts (6.490433ms)
✔ Blast head reaches impact and native first/last wave visits launch enemies/allies (183.932488ms)
✔ Blast and follower presentation share elapsed time at low/high/irregular refresh rates (489.180737ms)
✔ projectile snapshots preserve pause, wrap and explicit placement without touching unrelated effects (43.673039ms)
✔ original Blast indexed visits, alliances, repeated impulses and damage gates (24.485085ms)
✔ live Blast delays allied launch, retains native flight height and restores commands after landing (148.658943ms)
✔ Blast and landing damage share original shields, protection, attacker and life wrapping (0.448022ms)
✔ wild followers land into their original state 8 without losing the unit (102.885265ms)
✔ a burning airborne follower keeps one panic clock and releases its native pose after landing (57.385724ms)
✔ Boat House launch matches native type-1 computer full ejection (89.214933ms)
✔ Boat House launch matches native type-2 human driver removal with retained occupants (45.283836ms)
✔ maintained checkpoint callsite waits for delayed false reads before reloading (6.354764ms)
✔ maintained checkpoint callsite rejects exhausted false reads without reloading (17.482468ms)
✔ maintained checkpoint callsite closes rejected reads without reloading (1.402624ms)
✔ rendered transport checker independently counts whole mixed-class craft (7.856106ms)
✔ rendered transport checker rejects partial, unrelated, duplicate and wrong-class groups (1.947181ms)
✔ transport pixel oracle retains real device scale and outward clip padding (0.734502ms)
✔ transport oracle preserves fractional scales and detects the old footer/hit failure (1.467221ms)
✔ readiness reads rebind after fresh page reload and on repeated calls (3.716536ms)
✔ readiness wait sequentially awaits false samples before accepting literal true (3.378849ms)
✔ a truthy non-boolean readiness field does not pass the wait (3.206641ms)
✔ read errors propagate and repeated unready samples time out without mutation (17.592974ms)
✔ maintained Mission 4 callsite awaits valid profile completion before continuing and reloading (7.420342ms)
✔ maintained Mission 4 callsite exhausts false reads without starting continuation (11.176688ms)
✔ maintained Mission 4 callsite accepts completion on the last read without a final pause (10.344469ms)
✔ maintained Mission 4 callsite rejects failed opens without starting continuation (1.278699ms)
✔ maintained Mission 4 callsite closes rejected reads without starting continuation (1.156956ms)
✔ maintained Mission 4 callsite closes a database when starting its read throws (1.204207ms)
✔ maintained Mission 4 callsite closes databases with a missing store and fails closed (4.173982ms)
✔ maintained Mission 4 callsite requires literal true before starting continuation (1.194292ms)
✔ building attack phases, entrances, damage and shake match native execution (40.80355ms)
✔ an entirely occupied world cancels special positioning instead of hanging (0.600862ms)
✔ live building assault enters, strikes, shakes and destroys via native damage accumulation (511.501118ms)
✔ occupied building ejects a defender and the same native command resumes after winning (77.636092ms)
✔ building attack mechanics and poses are independent of rendering cadence (655.944987ms)
✔ attacker death releases immediately; target loss rescans the area before completing (158.536601ms)
✔ native defence gate and shaking retain counter cadence, signed lifetime and collapse RNG (7.163477ms)
✔ cancelling or killing an attacker during its defender encounter releases the retained order (194.540184ms)
✔ complete native scenery clearing, shared waits and ownership requests (220.001863ms)
✔ complete native people clearing, shared waits and ownership requests (115.965765ms)
✔ live clearers harvest on-site trees, carry and deposit logs, then move bystanders before allocation (696.076924ms)
✔ clearing pauses without advancing and cancellation releases its native animation and route (123.358626ms)
✔ clearing bushes starts the original fire and retreats before the site is allocated (111.095063ms)
✔ occupant restoration and facing match native captures, including seams and backwards facing (13.13751ms)
✔ live exits retain position and sprite ownership for every building orientation (1497.305094ms)
✔ command cancellation uses shared exit restoration without changing the route start (28.325555ms)
✔ timber hauling matches native phases, movement, reservations, transfers, poses and clocks (26.700337ms)
✔ native building origins, exact ground writes and plan height initialization (159.985365ms)
✔ live rotated foundations use native vertices and preserve surrounding terrain (495.805121ms)
✔ buildings retain distinct terrain handles after long effect-heavy games (25.850301ms)
✔ native descriptor data routes completed huts through kind 7 with resident capacities (0.78605ms)
✔ kind-7 hut rows place occupant and dismantle hit targets from native capacity (1.201742ms)
✔ training charge row keeps existing controls aligned after shared geometry extraction (0.135514ms)
✔ unbuilt plan priorities, validation, allocation and abandonment match native decisions (9.695335ms)
✔ leveling movement, animation, timers, terrain and sound match complete native task 8 (28.884033ms)
✔ live plans retain uneven ground, level visibly and wait for timber and crew clearance (1514.054166ms)
✔ a full shared order pool leaves a new plan unstaffed without leaking ownership (66.547339ms)
✔ simultaneous fetch deposits cap preparation work and preserve surplus timber (58.21724ms)
✔ unattended plans expire and redirected leveling workers release their sprite and route (180.878343ms)
✔ native preparation clears on-site timber before allocation without deleting its resource (126.419383ms)
✔ foundation settling, flooding and dock edges match original executable captures (32.499176ms)
✔ original wet-side tipping, drift, spin and sinking expiry retain complete native trajectories (135.52283ms)
✔ terrain collapse ejects before destruction, retaining its two-turn delay (0.339649ms)
✔ healthy buildings settle without entering repair; deformed and flooded buildings use distinct destruction (618.41855ms)
✔ complete native cell validity and exact placement feedback (48.880529ms)
✔ placement protects reincarnation stones without a living Shaman and reserves buildings (715.313666ms)
✔ building activity matches native geometry, clocks, speed, facing and animation requests (34.108492ms)
✔ live builders reach work poses, animate, pause, cancel and finish without stale sprites (315.608747ms)
✔ crews leave finished huts in all four orientations before the plan releases them (1956.00988ms)
✔ player construction orders approach natively and deposit carried logs before fetching (1437.389659ms)
✔ builder admission and stale-slot pruning match complete native calls (8.660776ms)
✔ construction dispatch, repair clocks and departure gates match native plan calls (6.992082ms)
✔ scheduled burning plans panic only unlocked builders on building cells (70.26564ms)
✔ repair smoke footprint and terrain refresh match native cell traversal (1.720963ms)
✔ two live builders dispatch one hauler on the original sixteen-turn phase (224.483496ms)
✔ later construction haulers skip timber reserved by an earlier search (86.525128ms)
✔ timber reservations reopen, drain and release on native transitions (0.33952ms)
✔ live plan capacities, duplicate orders and replacement workers share registration (112.635834ms)
✔ zoom retains native preset bounds and the existing 18-step timer (1.278528ms)
✔ render previews do not mutate native state and meet every committed step across all resolution tables (53.690727ms)
✔ 30/60/120/144 Hz and irregular preview schedules retain duration and every owned native configuration (12.590243ms)
✔ conversion observation requires the native victim-owner and replacement flags without world mutation (1.455204ms)
✔ death, ordinary births, startup conversion flags and enemy preacher ownership are not credited (0.269895ms)
✔ observation resets at mission boundaries and does not infer events across unobserved turns (0.137947ms)
{"label":"fixture","ready":true,"turn":1,"status":"playing"}
{"checkpoint":"mission-2-start","level":3,"status":"won","turn":1,"population":{}}
{"checkpoint":"mission-2-won","level":3,"status":"won","turn":1,"population":{}}
{"checkpoint":"mission-2-result","level":3,"status":"won","turn":1,"population":{}}
{"checkpoint":"mission-3-continued","level":3,"status":"won","turn":1,"population":{}}
{"checkpoint":"mission-3-won","level":3,"status":"won","turn":1,"population":{}}
{"checkpoint":"mission-3-result","level":3,"status":"won","turn":1,"population":{}}
PASS: fixed-turn diagnostic wins Mission 2, continues, and wins Mission 3; not real-clock gameplay
✔ sandbox adapter retains every existing assertion, turn bound and campaign action (9.142649ms)
✔ changed or duplicated maintained checker scaffold fails closed before browser execution (1.402504ms)
✔ late final screenshot completion cannot mark an aborted campaign scenario passed (15.099487ms)
✔ actual native triangles supplement the historical fixed anchor scan (8.747116ms)
✔ geometry candidates cannot bypass foreign object or DOM overlay ownership (7.875197ms)
✔ normal zero-dt frame refresh resolves stale panels while retaining simulation slots and clock (4.700303ms)
✔ presentation refresh cannot conceal a simulation change (1.905159ms)
✔ presentation reservation exception cannot conceal secondary slot allocation (2.364108ms)
✔ stale pre-refresh reservations fail instead of being normalized by the checker (1.861503ms)
✔ presentation refresh cannot conceal changed world Map entries (11.150542ms)
✔ occluded shrine fallback uses bounded ordinary camera drags and strict target re-probes (0.269224ms)
✔ the shipped right-drag mapping rotates 512 native angle units without panning (69.308753ms)
✔ Mission 3 trains a bounded Preacher group and retains identified HUD-reachable Braves (0.202324ms)
✔ additive native Ctrl-five requires the ordinary cancel/deselect before reserving workers (1024.959539ms)
✔ missing checkpoint does not suppress independent campaign progress (62.746987ms)
✔ malformed checkpoint does not suppress independent campaign progress (51.887622ms)
✔ partially migratable checkpoint does not suppress independent campaign progress (33.015833ms)
✔ incompatible checkpoint does not suppress independent campaign progress (36.856567ms)
✔ current valid checkpoint still restores and loads (86.320671ms)
✔ legacy valid checkpoint still restores and loads (67.690816ms)
✔ malformed stored checkpoint preserves usable session checkpoint and merges completion (42.584711ms)
✔ storage read failure retains in-session progress and checkpoint (42.531873ms)
✔ camera release alone does not make the startup Shaman selectable; observation is read-only (341.441506ms)
✔ readiness still rejects absent actors, global input locks and paused play (247.451821ms)
✔ Continue readiness waits on real RAF before suspension with the existing timeout (0.840321ms)
✔ the production wait polls synchronous false until native selection readiness (1.870307ms)
✔ Mission 3 Swarm target observation is read-only and chooses an actually castable enemy (944.834339ms)
✔ Mission 3 Swarm eligibility does not depend on distance to the vault or unit array order (707.190482ms)
✔ Mission 3 Swarm diagnostic refuses missing stock, blocked input, cooldown and invalid enemies (509.404863ms)
✔ checkpoint readback awaits false reads before the actual true result (5.045131ms)
✔ checkpoint readback fails closed after bounded asynchronous false results (0.847321ms)
✔ attack approach points and search pool state match complete native queries (65.348712ms)
✔ fight/person pursuit, housed entry, waiting and retries match native visits (13.038812ms)
✔ attack search, march records and automatic retargeting match native dispatch boundaries (19.462069ms)
✔ arrival voices and reservation release replay native thresholds and compacted-list visits (1.458137ms)
✔ original automatic commands preserve normal queues, share one reference-counted record and handle allocation exhaustion (66.636385ms)
✔ native scan dispatch preserves pending bits, suppression, specialist selection and consumer call counts (0.938298ms)
✔ ordinary combat entry reveals a completed Spy disguise (174.194338ms)
✔ live campaign scan suppression consumes pending alerts without changing person counters or sprites (82.490311ms)
✔ dead building attackers release queued shaman-guard duty (68.64632ms)
✔ fight motion initializes its retained sermon without a native owner (67.682253ms)
✔ coastal response targets come from the corrected native cell, including its newly exposed edge (80.824075ms)
✔ tower counterattacks ignore hostile people in water (115.659213ms)
✔ coastal area/dismantling order preparation matches full native calls and retains flags on identical commands (0.771708ms)
✔ live same-cell followers share one automatic command 21 and resume their queued destination (153.255168ms)
✔ an on-foot Firewarrior owns one automatic response per cooldown and yields to player movement (542.749922ms)
✔ an on-foot Firewarrior repeatedly launches at and damages a completed enemy building (121.97872ms)
✔ automatic combat restarts a retained direct tree harvest instead of harvesting during battle (124.656016ms)
✔ live automatic combat consumes a pending worship scan without replacing command 27 (94.401095ms)
✔ live automatic allocation failure preserves its source and queued order (93.55815ms)
✔ live automatic sharing leaves a nonmatching same-cell peer untouched (98.152015ms)
✔ live preacher response retains its sermon queue and resumes conversion (70.967843ms)
✔ preacher response allocation failure consumes the scan without changing its queue (102.101252ms)
✔ complete pursuit, target setup and attack-area gates match native fields, RNG and consumer ordering (27.613418ms)
✔ full-fight waiting positions and fallback RNG match original terrain and collision execution (47.237601ms)
✔ mixed target collection, native distance bands, fight admission and reservations replay executable captures (10.932152ms)
✔ live followers choose closer enemies, distribute reservations, then fall back to a saturated target (274.983056ms)
✔ live mixed scans detect enemy footprints and prefer an eligible person in the same distance band (140.012741ms)
✔ automatic squads share native area orders and target capacity independently of render frequency (716.300724ms)
✔ live target priority joins a fight ahead of a solitary enemy in its distance band (97.229998ms)
✔ nearby automatic building attacks keep their command-21 target between detection visits (102.40663ms)
✔ automatic contextual priority matches original single and mixed-class captures (1.378358ms)
✔ live ground context follows native registered cells through rotations and world seams (111.764846ms)
✔ ground beside a hut moves the group, while its occupied cell enters it (110.265111ms)
✔ an exact tree click harvests, seeks a timber plan and otherwise returns to rest (186.635298ms)
✔ a queued ordinary-tree harvest keeps its cargo and advances the existing waypoint (510.893428ms)
✔ input feedback matches native ground-cell centers and suppresses flashes over pointed objects (0.389905ms)
✔ object commands retain the chosen identity through overlaps and array reordering (181.197549ms)
✔ live target choice follows captured native ownership for both tribes (2383.383266ms)
✔ construction command matches native registration, fallback ownership and task handoffs (50.86693ms)
✔ construction panel matches native submissions and corrects the unlinked second-row height (33.670302ms)
✔ construction workers can be selected, reassigned to dismantle, cancelled and restarted (599.834888ms)
✔ construction icons select the active worker record and respect its native eligibility (47.695921ms)
✔ original priming consumes no elapsed progress; each frame stops before batch overshoot (2.011889ms)
✔ separate calls continue from the original previous timestamp without re-priming (0.293981ms)
✔ a promise is never accepted as a truthy readiness predicate (0.615674ms)
✔ frame and object-turn exhaustion fail without extending a goal (0.486851ms)
✔ an explicitly bounded coastal position attempt can return unmet without hiding its limit (0.231558ms)
✔ abort and Scene/World replacement are detected across browser-task yields (1.158239ms)
✔ normal speed, unpaused commands, positive finite deltas and wall bound stay mandatory (0.567262ms)
✔ original-frame failures propagate without another step (0.203515ms)
✔ unexpected automatic elapsed frames during a yield are rejected (0.505699ms)
✔ Convert Wild scans, converts, animates, and casts through player and computer paths (216.010155ms)
✔ deselection matches native command flags for every selection byte (2.595635ms)
✔ cancel targeting first; deselection preserves shared marching orders, routes, RNG and pause (262.592744ms)
✔ deselection reaches retained work representations once, leaves enemy ownership alone (94.966805ms)
✔ deselected groups retain identical mechanics and poses at 5–240 Hz and irregular frames (502.994206ms)
✔ training selection eligibility reads command flags, independently of motion turning flags (378.076542ms)
✔ dismantling reassigns residents and queued braves, recovers all timber and removes the building in four orientations (594.578565ms)
✔ cancelling dismantling stops existing workers; new orders can staff an empty dismantling building (158.574666ms)
✔ dismantling outcomes and timber remain independent of render frequency (500.700275ms)
✔ mixed groups queue movement, dismantling and movement without redirecting ineligible warriors (490.160323ms)
✔ queued building entry can become dismantling; cancellation skips work while retaining the destination (213.965728ms)
✔ dismantling queue replacement and death release references while non-braves keep their current orders (189.063542ms)
✔ automatic combat pauses shared dismantling and resumes its retained order (54.532928ms)
✔ automatic combat completion follows the native circular dismantling queue (84.668262ms)
✔ automatic combat allocation failure keeps dismantling state intact (68.076689ms)
✔ queued dismantling, timber and following movement agree at 5–240 Hz and irregular frames (660.566833ms)
✔ drag borders match original screen extrusion, texture coordinates and terrain crossings (29.828086ms)
✔ native area commands retain tower/training exclusions, current-order lookup and actual land membership (4008.893943ms)
✔ a real trainee remains drag-selectable on entry and becomes excluded only in the native interior phase (196.599923ms)
✔ fetching builders are selected at their active task-7 position (28.155303ms)
✔ world drag geometry matches captured native seams, camera bearings, clamps and degenerate drags (5.310848ms)
✔ live drag selection matches native flags and group voices without changing simulation ownership (587.452044ms)
✔ Mission 3 periodic raid preserves native mask, strict thresholds and arguments (2.742304ms)
✔ Mission 3 naturally grows both tribes and recruits the authored three-Brave raid (9904.167795ms)
✔ Earthquake matches the native initializer and central deformation phase (7.769377ms)
✔ Earthquake building scans preserve protected models, RNG and ejection-before-damage (4.792ms)
✔ live Earthquake casts, damages and deforms independently of refresh rate (266.295718ms)
✔ Mission 1 counts authored primary effects before the opening (174.237611ms)
✔ Mission 1 keeps the allocation phase across pause, checkpoint and restart (304.816688ms)
✔ Mission 2 counts authored primary effects before the opening (75.735081ms)
✔ Mission 2 keeps the allocation phase across pause, checkpoint and restart (292.368702ms)
✔ Mission 3 counts authored primary effects before the opening (39.605473ms)
✔ Mission 3 keeps the allocation phase across pause, checkpoint and restart (332.437249ms)
✔ early-level effect phase remains fixed-turn owned across frame schedules (725.475802ms)
✔ prospective declaration binds the exact constructor return before immediate first processing (4.438008ms)
✔ wrong first target and second creation fail permanently without replacing or mutating controllers (7.008926ms)
✔ duplicate declarations invalidate the original instead of overwriting or rearming it (0.62019ms)
✔ late declarations cannot bind a preexisting controller; close is idempotent and never auto-rearms (0.204036ms)
✔ a constructor exception retains its identity and cannot bind a partial object (0.316605ms)
✔ constructor diagnostic binding failures never change the returned object or its immediate step (0.704547ms)
(node:530) ExperimentalWarning: stripTypeScriptTypes is an experimental feature and might change at any time
(Use `node --trace-warnings ...` to show where the warning was created)
✔ constructor output and wrapping match pinned original source with declaration disabled and enabled (7.152332ms)
✔ all 64 visits match pinned uninstrumented source with observation disabled and enabled (71.116662ms)
✔ actual application errors keep their identity, partial state, receiver and call count (7.912281ms)
✔ read copies and later game writes cannot change each other or historical capture (1.065389ms)
✔ active callback wrappers preserve their original return values (1.128213ms)
✔ copy failure and overflow invalidate evidence without skipping the original body (10.275847ms)
✔ after-copy diagnostic failure cannot replace an application exception (6.590959ms)
✔ a thrown empty string permanently invalidates capture while all original calls continue (1.20592ms)
✔ a thrown empty stringifier permanently invalidates capture while all original calls continue (0.872979ms)
✔ a thrown zero permanently invalidates capture while all original calls continue (0.926389ms)
✔ a thrown false permanently invalidates capture while all original calls continue (0.73345ms)
✔ a thrown null permanently invalidates capture while all original calls continue (1.122785ms)
✔ a thrown undefined permanently invalidates capture while all original calls continue (1.632149ms)
✔ an empty diagnostic throw cannot replace an application exception (0.830506ms)
✔ diagnostic append failure disables capture and still invokes the body once (1.334923ms)
✔ no observer or detached capture makes no diagnostic copy and invokes the body once (0.99286ms)
✔ capturing a live controller does not change any World field or completed turn (source fixture) (555.543977ms)
✔ scenario cleanup preserves the original thrown undefined value (3.204217ms)
✔ scenario cleanup preserves the original thrown null value (1.175934ms)
✔ scenario cleanup preserves the original thrown false value (0.24684ms)
✔ scenario cleanup preserves the original thrown 0 value (0.215344ms)
✔ scenario cleanup preserves the original thrown  value (0.216224ms)
✔ scenario cleanup preserves the original thrown Error: synthetic primary value (0.246871ms)
✔ startup-smoke uses the ordinary prefix and cleanup without capture or worship (3.143697ms)
✔ startup binding retries only real TimeoutError and retains diagnostics without repeating physical inputs (2.5594ms)
✔ startup binding propagates non-timeout and lookalike errors immediately with exact identity (1.34634ms)
✔ a binding success after the startup deadline is rejected before readiness or later work (0.75307ms)
✔ a preserving stop arriving during a successful bind rejects before later work (0.786079ms)
✔ Skip dispatches once without a navigation barrier and still waits for original-actor readiness (0.992859ms)
✔ Skip action errors retain identity and never cause a second physical click or readiness continuation (0.651167ms)
✔ real named-scenario CLI import reaches the missing-plan guard before browser/server setup (542.31297ms)
✔ combined corrected producer has identical full World state with capture disabled and enabled for all64 visits (1050.882994ms)
✔ lifecycle wrapper preserves original exception identity and exactly one callback (208.026557ms)
✔ the actual harness Vite launcher must resolve inside the pinned package closure (543.506961ms)
✔ immutable compiler identity includes nested executable chunks and declared dependencies (2.453341ms)
✔ polling rejects stop or timeout arriving during an awaited ready predicate (0.393751ms)
✔ external launch plan rejects wrong source, compiler, dirty source, bounds and reused path shape (1.67925ms)
✔ all 64 captured calls with worst-case signed heights fit the 32MiB replay input bound (88.014915ms)
✔ original Mission 3 Shaman can plan to the unused Erosion head on a clone (100.016817ms)
✔ source correspondence accepts exact bytes or inline maps containing the pinned source (2.088133ms)
✔ module read covers all eight prescribed scripts using only observational CDP calls (4.090667ms)
✔ missing required module is rejected before a source read (3.936646ms)
✔ a required module parsed under another origin does not satisfy admission (2.280512ms)
✔ two script identities for one required module are rejected (1.843416ms)
✔ required modules from different execution contexts are rejected (2.153762ms)
✔ a stop arriving during an awaited source read prevents any result or next read (1.102814ms)
✔ dispose removes its parsed-event listener and detaches without removing other listeners (1.137717ms)
✔ authored Mission 3 activation runs the first native Erosion call immediately and only once (346.845697ms)
✔ multiple authored targets process in link order at activation and newest-first on later visits (38.595848ms)
✔ activation queues radius6 texture updates and notifies before allocating the next target (136.577477ms)
✔ repeated rewards get one initial visit each and exhausted rewards never allocate again (170.613343ms)
✔ live Erosion casting deforms terrain independently of refresh rate (512.342604ms)
✔ a newer Lightning consumes simulation RNG before Erosion (23.106288ms)
✔ original cleanup, center, terminal release/counters and recovery match native captures (6.902947ms)
✔ last opponent death ends the fight, credits its winner once and returns a survivor to commands (182.134559ms)
✔ live separation uses the squared eight-unit boundary (194.470929ms)
✔ a native interruption detaches its slot and protected survivors defer state recovery (36.65803ms)
✔ fight completion, recovery and RNG agree at 5–240 Hz and irregular frame schedules (309.940571ms)
✔ Firestorm emits its complete native 220-turn rain sequence (23.003173ms)
✔ live Firestorm composes fire, panic Blast and building ignition independently of refresh rate (516.019401ms)
✔ Flatten follows the native 15-turn terrain and orbit lifecycle (4.666582ms)
✔ live Flatten casting is refresh-rate independent (1061.941476ms)
✔ persistent follower controls retain native descriptor order and class HFX ownership (5.856908ms)
✔ live own class totals enable controls independently of training knowledge or occupancy (100.129896ms)
✔ reading the follower strip does not mutate simulation or selection state (154.980055ms)
✔ shipped G task classification follows deferred native adoption without mutating HUD reads (124.595755ms)
✔ specific legacy work overrides dormant idle while real native disruption remains authoritative (53.487724ms)
✔ construction, pre-entry, actual entry and native idle routes use their own categories (59.052082ms)
✔ task selection preserves orders and RNG during a real movement command and propagates occupied groups (43.551325ms)
✔ live task count reads nearby camera coordinates without creating or registering people (35.772674ms)
✔ real boarding through a route owner overrides a dormant native person for Selected task propagation (43.297464ms)
✔ task classifier preserves every recovered native state and command category (0.893931ms)
✔ inside classification follows building category and the Preacher command exception (1.09296ms)
✔ global existence and nearby task counts are independent; selected overlays preserve native addition (0.834452ms)
✔ task selection ignores persistent-strip assignment priority and uses category nearest (0.329995ms)
✔ Selected row click/Shift deselect, Ctrl reselects nearest without changing its work or the group (0.469505ms)
✔ Total single/five can select the Shaman while Shift excludes it (0.25322ms)
✔ task focus filters category and cycles with the Shaman nearby exemption without mutation (0.314282ms)
✔ vehicle creation and frame cache use apparent tribe, including checkpoints and legacy fallback (254.490801ms)
✔ vehicle damage immunity follows apparent tribe while real-owner counts stay unchanged (99.935915ms)
✔ live Blast projects class4 apparent tribe without changing the real owner (117.806103ms)
✔ ordinary live boarding exposes class vehicle counts, all passengers and independent owner fields (147.188233ms)
✔ Spy boarding uses immediate target bits, later boarding rewrites owner and exit preserves apparent owner (38.37611ms)
✔ split owner and occupied selection survive checkpoint, legacy vehicles use real team fallback (36.225032ms)
✔ destroyed last vehicle keeps presence during its visible wreck and cannot select or focus (40.809922ms)
✔ shipped disguise command aboard publishes apparent ownership through completion and countdown (64.469721ms)
✔ legacy occupied checkpoint retains apparent fallback across voluntary unload (81.947926ms)
✔ first and later boarding, either exit and reuse preserve the native two-owner contract (455.619618ms)
✔ occupied class reads rebuild from current passengers rather than stale row totals (29.73167ms)
✔ transport presence uses real ownership and survives an empty count (1.529434ms)
✔ class filter acquires a vehicle and selects all eligible passengers; Ctrl counts vehicles (0.598838ms)
✔ driver command priority, matching-passenger distance and vehicle nearby boundary remain distinct (0.184477ms)
✔ native reverse vehicle-list focus cycles, variants reacquire, and selected/blocked occupants can focus (6.942767ms)
✔ footprint history matches native ring replacement and its per-cell pixel counts (556.34644ms)
✔ partial footprint shading equals a complete native-palette atlas rebuild (1119.791735ms)
✔ live walking footprints use the elapsed animation clock, including pause and disabled trails (241.691437ms)
✔ live turn preserves native tribe order, inactive skipping and next-turn formation admission (1336.216658ms)
✔ actual recruited groups wait a turn and then steer before member physics (75.797277ms)
✔ render cadence and idle production worship hooks cannot change gameplay, RNG or owned animation state (10771.923564ms)
✔ paused time stays paused; long active frames retain elapsed time (121.343236ms)
✔ campaign messages use the presentation clock and freeze while paused (204.213036ms)
✔ campaign pending auto-open waits for settled motion and consumes one oldest record per presentation visit (43.72804ms)
✔ scenery shade follows cell occupants through overlap, depletion and regrowth (97.802209ms)
✔ rotated building plans keep their anchor, entrance routes and orientation through construction (651.862548ms)
✔ Lightning ignites only its building footprint, then evacuates, damages and permits repair (386.155814ms)
✔ Lightning burns original scenery through smoke and cleanup without leaking fire state (68.732286ms)
✔ native impacts expire on exact turns and debris preserves the sprite allocation counter (73.13972ms)
✔ terrain rebuilds preserve queue precedence and initialize the original mission before sampling (16.618134ms)
✔ territory preserves native footprint asymmetry, overlap clearing and staggered recovery (1.31327ms)
✔ opening tooltips resolve mission cells and have an independent lifetime (24.117066ms)
✔ original level layout, native foundations, and the complete mission (3085.166738ms)
✔ housing, mana allocation, pause, drowning, and reincarnation (445.962061ms)
✔ ordinary land deaths keep the native corpse lifecycle (143.165449ms)
✔ native transformed compound bases stay on their ground pads (26.485402ms)
✔ native animation identity, casting interruption, gradual terrain and blast survival (325.127928ms)
✔ native economy uses fixed turns, population bands and real hut upgrades (922.304609ms)
✔ lightning hits a native map cell and Blast leaves allied health intact (40.675441ms)
✔ native integer movement and combat exchanges preserve timing, retaliation and replay (419.369727ms)
✔ native fight slots form four-person groups and release on interruption (118.519758ms)
✔ native sound cues preserve sample identity, cast phases and simulation randomness (163.341772ms)
✔ native Lightning delays the upper flash and regenerates eight segments for three turns (41.400629ms)
✔ native spell allocation, discrete flight, RNG trails and delayed impact (606.091627ms)
✔ native terrain ridges, reflected diagonals, surface planes and boundary vertices (1.805148ms)
✔ original campaign setup disables only enemy reincarnation and retains deferred commands (264.820252ms)
✔ mission-one AI applies its native spell interval profile on the original phase (118.62684ms)
✔ mission-one closes its construction latch after the first Red hut (26.841363ms)
✔ campaign marker setup snapshots native entry state before live execution (54.712843ms)
✔ mission marker task sends one reserved brave to marker one (82.110891ms)
✔ mission-one ordinary marker guard patrols and answers nearby enemies (75.986192ms)
✔ campaign markers remove the bridge head on the native phase, independently of routing (76.85849ms)
✔ campaign counters track allocation and remaining head gifts through gameplay (102.45099ms)
✔ worship decays without followers and continues at full spell stock (127.629518ms)
✔ vault discovery follows worship, door, entry and exit tasks (142.564758ms)
✔ vault allocation preserves the current order when the shared pool is full (103.339343ms)
✔ original discovery messages follow script phases, persist and reset (84.634837ms)
✔ partial building queries consume their mode once and marker triggers bypass worship (26.546211ms)
✔ original opening runs before object turn 72 and its independent flyby clock can be interrupted (89.412381ms)
✔ native outcome phases honor campaign opponents, forced results and defeat recovery (314.35194ms)
✔ tribe gates suppress scripts and AI while object turns and eligible cooldowns keep their native phases (240.917217ms)
✔ emergency casting preserves queued work and preacher responses keep their own payment rules (70.709334ms)
✔ mission-one AI casting uses the live shaman state and cast-block flags (225.603631ms)
✔ live spell scans use population thresholds and building territory with delayed overlap recovery (38.705565ms)
✔ original campaign stops Dakini Blast casting after its second allocation (166.74591ms)
✔ campaign attack commitment follows living warrior counts on its original turn (247.502127ms)
✔ mission-one Dakini launches its native attack route when Blue enters marker three (110.202541ms)
✔ mission-one Dakini launches its later building attack when Blue overwhelms it (147.771359ms)
✔ mission-one Dakini pursues a fallback shaman by exact command target (46.833701ms)
✔ computer attack exhausts native scans and retreats below its surviving-member threshold (0.582825ms)
✔ computer attack pool exhaustion skips hostile dispatch and retires through native empty scans (87.466047ms)
✔ queued training keeps its selection lock until issuing the order and frees its slot after arrival (0.528303ms)
✔ mission-one red AI queues exact task 6 below one warrior and executes live training (145.841379ms)
✔ mission-one red AI does not reserve a second brave already committed to warrior training (49.995295ms)
✔ external game store publishes edits and restarts without sharing worlds between sessions (353.133289ms)
✔ mission-one victory continuation creates and restarts the recovered mission-two world (222.949458ms)
✔ mission-two Totem route reaches the Tornado guidance and use instruction (1103.79502ms)
✔ mission-two enemy marker orders nearby Matak defenders to counterattack (174.428705ms)
✔ game store checkpoints restore an isolated exact world snapshot (85.058572ms)
✔ computer recruitment preserves wrapped-distance ties and native command eligibility (0.601412ms)
✔ group orders share references and release their object only after the final follower leaves (0.673521ms)
✔ AI reservation enters native selection state and releases through the normal person initializer (0.791578ms)
✔ training order startup uses configured speed and preserves only a compatible building occupant (0.794252ms)
✔ native training queue yields to an untrained follower and releases its new head (0.601673ms)
✔ live followers reach rotated native doors before entering buildings (668.696993ms)
✔ building admission preserves native slot order, training activity and shared commands (1.189765ms)
✔ training replaces a whole batch, inherits the first occupant order tail and rolls back partial allocation (1.225218ms)
✔ live mana refunds wait for a pulse and computer training receives only the original first pass (32.002464ms)
✔ follower mana uses native preacher orders, registration and ghost flags before tribe scaling (82.01215ms)
✔ live spell reach follows terrain height and enemy casts require and spend native mana (110.479601ms)
✔ native casting lockout survives animation and computer usage recovers one charge at a time (39.920747ms)
✔ spell targeting preserves native cell allowances and wrapped coordinate seams (63.403176ms)
✔ native spell scans retain slots and Blast scoring avoids friendly concentrations (35.208556ms)
✔ defeat seeds native building collapse and staged damage ejects occupants before removal (64.21197ms)
✔ building display stages follow remaining work and retain separate complete meshes (23.585393ms)
✔ results preserve pending turns, collapse defeated settlements and reject new orders (261.030864ms)
✔ result camera crosses the world seam, releases input and retains native sky timing (3.282726ms)
✔ victory owns persistent native followers, drops cargo and pauses logical animation (60.520109ms)
✔ live blocked followers retain native detour steering and recovery timers (25.623161ms)
✔ live celebrants obey native walk masks and survive the legacy ground-height cutoff (31.576035ms)
✔ live completed-building footprints relocate and clear on removal (27.205165ms)
✔ live native cell order follows arrivals and removes dead records (54.241417ms)
✔ live cell insertion repairs a stale head left by a removed person (0.394172ms)
✔ dead vehicle passengers release their slots and driver position (32.688023ms)
✔ live native preparation consumes reroutes and completes slow turns and reactions (28.449241ms)
✔ interrupted victory followers resume through native orders and rejoin celebration (25.393016ms)
✔ native idle approach composes with shared state and original resting animation (23.127586ms)
✔ native resting ownership allocates distinct slots and compacts after a follower leaves (24.513436ms)
✔ native route reuse shares ownership and live celebration releases each follower (45.793459ms)
✔ native route construction retries expired failures and stores the original bounded path (23.427146ms)
✔ native path search packs a trimmed route and preserves distinct vehicle retry flags (47.245327ms)
✔ native wrapped route smoothing respects blocked steps and measures retained segments (46.0074ms)
✔ native obstacle solving builds a world-seam detour and rejects a blocked destination (46.268021ms)
✔ native planned routes use the recovered solver and advance shared followers to their goal (24.411623ms)
✔ native boarding checks the first boat and landing requests reserve distinct original search cells (0.794893ms)
✔ live native routes release query ownership, expire failures and walk low shoreline (99.062097ms)
✔ live followers share routes, advance before exact arrival and release every owner (79.527322ms)
✔ hut families are selected once, shared with shapes and retained through upgrades (73.643327ms)
✔ mission-one low population response assigns and releases persistent shaman escorts (155.477036ms)
✔ shaman escort uses native pursuit cadence and strict boundaries (0.494162ms)
✔ Mission 5 Boat worship emits its original one-shot tutorial (309.856042ms)
✔ Mission 5 grants, boards, sails, lands and checkpoints its original Boat (258.519444ms)
✔ Ghost Army casts, spawns native ghosts, accepts orders, vanishes in combat, and follows AI (412.498814ms)
✔ world-view terrain matches captured native mesh order, projection and lighting (121.602224ms)
✔ overview drag/release matches native snapshots and every star-parallax step (2.051939ms)
✔ overview morph timing matches the original complete lifetime snapshots (0.831097ms)
✔ Ctrl starts followers immediately, appends shared waypoints and ordinary click ends the sequence (345.068996ms)
✔ eighth Ctrl click and Alt final click deselect without cancelling issued orders; right-click ends staging (178.254967ms)
✔ queued ground movement preserves every turn, RNG, poses and footprints at 5–240 Hz and irregular frames (1028.499928ms)
✔ continued queue allocation failure retains issued orders, and an ordinary replacement releases them (89.397132ms)
✔ an enemy-person order waits behind a waypoint and advances when its target becomes unavailable (348.251956ms)
✔ ground waypoint handoff uses each playable class default initializer (370.645562ms)
✔ ordinary person turns apply native follower and Shaman healing without reviving excluded units (90.562396ms)
✔ live health adapter preserves airborne/state exclusions and combat status flags (49.692654ms)
✔ each original healing model receives exactly one recovered increment on the eighth turn (44.583226ms)
✔ a follower injured by the shipped missing-building release path later heals on an ordinary turn (26.797951ms)
✔ healing follows simulation turns across speed, refresh cadence, irregular frames and pause (539.716301ms)
✔ checkpoint migration preserves the next native healing turn (27.442079ms)
✔ building admission clocks match captured native blocks (13.375866ms)
✔ followers visibly cross the native interior threshold before housing consumes their command (1286.853752ms)
✔ simultaneous arrivals respect hut capacity and cancellation releases the scoped animation and route (146.46916ms)
✔ hut slots remain authoritative through a departure, replacement and birth turn (91.154761ms)
✔ fire interrupts entry without retaining its walking sprites or command record (58.215117ms)
✔ staged entry positions, RNG, admission and sprite clocks are independent of rendered frame rate (510.188393ms)
✔ entry re-plans interrupted steering and releases its source when the hut becomes unavailable (54.453474ms)
✔ scaled native panel and bottom-row digits remain above the modern footer (0.990706ms)
✔ HUD keeps preferred manual sizes and the original nominal auto steps when they fit (0.151226ms)
✔ HUD extraction retains the page client-component directive (0.575674ms)
✔ HUD selection and focus match captured original commands without changing other person fields (6.402818ms)
✔ HUD controls add followers without stealing simulation ownership or replacing marching orders (113.359348ms)
✔ building menu waits through delayed false images before continuing (16.960338ms)
✔ building menu exhausts its existing 30000 ms scope without continuing (214.863647ms)
✔ building menu propagates failed texture acquisition without retrying (2.373361ms)
✔ building hover Mission 1 waits through delayed false images before continuing (3.347803ms)
✔ building hover Mission 1 exhausts its existing 30000 ms scope without continuing (139.772634ms)
✔ building hover Mission 1 propagates failed texture acquisition without retrying (1.421463ms)
✔ building hover Mission 2 waits through delayed false images before continuing (2.197117ms)
✔ building hover Mission 2 exhausts its existing 30000 ms scope without continuing (227.685169ms)
✔ building hover Mission 2 propagates failed texture acquisition without retrying (2.354503ms)
✔ worship Tutorial waits through delayed false images before continuing (3.350958ms)
✔ worship Tutorial exhausts its existing 30000 ms scope without continuing (165.680411ms)
✔ worship Tutorial propagates failed texture acquisition without retrying (1.377396ms)
✔ worship Mission 1 waits through delayed false images before continuing (2.743716ms)
✔ worship Mission 1 exhausts its existing 20000 ms scope without continuing (134.533437ms)
✔ worship Mission 1 propagates failed texture acquisition without retrying (1.869614ms)
✔ repeated helper calls acquire the replacement document image (2.77262ms)
✔ only literal true permits readiness, never a truthy observation value (0.411438ms)
✔ late true is rejected after the awaited read settles, without another observation (3.13946ms)
✔ the last pause fits the deadline and no read starts after it (2.053562ms)
✔ invalid wait bounds fail before reading (0.352509ms)
✔ shaman health fill follows native integer bounds and absent/overfull cases (2.496731ms)
✔ HUD atlas metadata matches the PNG and contains every imported sprite (1.310797ms)
✔ portrait backgrounds and shadow-free directional layers match native captures (2.201713ms)
✔ tooltip bitmap placement and wrapping match the original desktop controller (44.106498ms)
✔ mana production stripes follow native rates, warning bands and controller modes (10.726445ms)
✔ live mana estimation uses the simulation clock and follows charging toggles (131.251563ms)
✔ follower counts, icon placement and housing fill match native HUD controllers (6.693473ms)
✔ population readouts exclude dead followers and reserve the shaman allowance (38.487097ms)
✔ hut birth clocks and destinations match captured original calls (2.283016ms)
✔ live newborns leave the hut and keep native birth feedback and gates (99.155177ms)
✔ hut smoke uses descriptor attachment slots, independently of resident capacity (10.069519ms)
✔ hut occupancy producer samples real occupancy every 32 building turns (0.398868ms)
✔ partial root uses the native 16-visit visible lifetime and restart draw (0.16621ms)
✔ full root is persistent and does not invent the unresolved child-puff phase (0.156465ms)
✔ all supported residential hut capacities switch partial to full at their native capacity (0.296835ms)
✔ visual frames stay on the recovered 16-frame sequences (0.132609ms)
✔ immediate occupancy events preserve capacity, phase and same-mode root identity (1.102305ms)
✔ drain elapsed old-root visits before an off-phase event without backdating the new root (0.95254ms)
✔ listeners are transient, identity-scoped and released through material disposal (0.589735ms)
✔ multiple presentation consumers unsubscribe independently without resetting each other (0.178618ms)
✔ live command8 owner publishes authoritative entry/removal for Hut level 1 (183.102526ms)
✔ live command8 owner publishes authoritative entry/removal for Hut level 2 (92.842013ms)
✔ live command8 owner publishes authoritative entry/removal for Hut level 3 (60.888066ms)
✔ ordinary Mission2 admission includes the new smoke root in that turn’s effect visit (4344.336227ms)
✔ pre-building occupancy removal receives one first visit, including counter wrap (174.013036ms)
✔ out-of-turn allocation survives pause; commands while paused remain rejected (215.908312ms)
✔ new-root completion is identity-scoped and one-shot for same-turn transitions (0.169043ms)
✔ batched turns and repeated rendering preserve the native first lifetime (247.126883ms)
✔ turn completion callbacks are clock-specific and are discarded on a failed turn (41.581229ms)
✔ hut maturity and cell timber match captured original calls (2.330898ms)
✔ residents fetch and stage timber before their hut upgrades (468.811863ms)
✔ Hypnotise uses the native footprint, temporary ownership, expiry, and AI target path (260.419366ms)
✔ Invisibility marks the native six, does not refresh, and reveals on time or combat (91.445186ms)
✔ player and computer casts share Invisibility application and old saves migrate (146.644031ms)
✔ complete Land Bridge lifetimes match native terrain, ordered trails and notifications (550.840934ms)
✔ live bridge terrain and particle cleanup are identical across refresh rates and stalls (2274.933319ms)
✔ ordinary Mission1–3 startup uses native terrain, authored gates and real conversion (546.37321ms)
✔ native opening excludes Shaman selection, without inventing a casting restriction (92.03439ms)
✔ checkpoint restore resumes every opening stage without replaying terrain/conversion (1623.984342ms)
✔ restart gets one fresh sequence; repeated flyby skip does not replay it (409.457578ms)
✔ only carrier-created stones are obstacles, while legacy sites keep their reservations (57.660418ms)
✔ opening wave, conversion and stone cues preload their existing original samples (7.92648ms)
✔ permitted opening casts enter native state22 and resume command18 without a stuck controller (851.384336ms)
✔ fresh-load camera follows native cell-edge/center snapping and angle retention (0.504547ms)
✔ the command18 completion turn owns exactly one native person visit (260.26772ms)
✔ permitted state22 interruption and completion retain one counter increment per turn (303.407417ms)
✔ replacement player orders cancel startup before its counter write (132.876813ms)
✔ only the linked neutral startup conversion flash follows its replacement Brave (115.084251ms)
✔ a missing converted Brave does not retarget its flash or shorten the native expiry (83.975105ms)
✔ an invalidated command18 is consumed by the ordinary queue without completing the site (46.230628ms)
✔ original Lightning target gates, inclusive cap, attacker and electrocution phases (3.054634ms)
✔ live Lightning retains victims, displays native shock sprites, scatters survivors and cleans up (153.822584ms)
✔ Lightning outcomes and turn-by-turn poses are independent of rendering cadence (394.491356ms)
✔ live marching uses shared commands, original poses, separate slots and releases interruption/death/arrival ownership (650.259805ms)
✔ marching and resting preserve mechanics, footprints and sprite frames at 5–240 Hz and irregular frames (1295.318175ms)
✔ exhausted command pool preserves the previous movement and group ownership (67.767422ms)
✔ panic retains the real movement command and resumes its route after recovery (72.56801ms)
✔ obstacle recovery replans the owned group order and settles identically at 5–240 Hz (1415.701222ms)
✔ shared ground motion advances a retained route once before any state controller (54.407284ms)
✔ native432260 empty current slot returns before building live order context (23.21336ms)
✔ live worship shares an order, occupies exact slots, prays, earns gifts and releases interrupted/dead members (409.441611ms)
✔ live head rewards, displayed standing roster and group selection retain their distinct native rules (192.864665ms)
✔ worship motion, prayer frames, pose RNG and rewards are identical at 5–240 Hz and irregular frames (1126.844395ms)
✔ an unreachable head preserves the existing command without entering an unported retry state (98.212891ms)
✔ Ctrl waypoints finish at a stone head without replacing the current route or person (114.667019ms)
✔ training replacements inherit a queued stone-head order and perform the original prayer (86.058733ms)
✔ queued worship preserves turns, poses, RNG and rewards at 5–240 Hz and irregular frames (749.257084ms)
✔ local launch preserves sandbox and removes all unsafe Playwright defaults (1.535115ms)
✔ CLI accepts separate game root, owned output, browser and bounded settings (0.241182ms)
✔ CLI rejects unknown flags, missing values and unbounded inputs (0.187552ms)
✔ harness preserves the exact side-effect-free source fingerprint export (0.096735ms)
✔ source fingerprint catches dirty tracked and untracked byte drift with unchanged porcelain (98.416551ms)
✔ active scenario completing during timeout diagnostics cannot turn failure into pass (105.267497ms)
✔ active scenario completing during interrupt diagnostics cannot turn failure into pass (4.844283ms)
✔ ordinary native constructors restore the logical gate without adding interpolation behavior (85.31707ms)
✔ native person and Splash frames wait for logical visits while clear-bit effects keep 24 Hz (70.844861ms)
✔ each catch-up turn observes the prior frame before one post-observer logical advance (41.50265ms)
✔ ordinary owner aliases and a post-turn handoff never advance twice (142.591648ms)
✔ state0 and removed gated sources do not fall through to presentation advancement (61.473483ms)
✔ pause, land pause and speed changes preserve owned logical animation visits (23.739311ms)
✔ legacy save aliases gain the gate without resetting frames or replaying on a new Scene clock (29.9197ms)
✔ a Splash allocated after processing gets one animation visit but no invented lifetime visit (28.562572ms)
✔ morph transitions keep one presentation owner even on coincident logical boundaries (68.683878ms)
✔ Firewarrior descriptor holds are measured in eligible logical visits (24.100122ms)
✔ post-turn source replacement visits only the active record, including at turn wrap (23.621344ms)
✔ direct simulation ticks and presentation calls do not manufacture logical visits (23.66576ms)
✔ marching geometry, recruitment, cleanup, speed and poses replay complete original calls (34.356361ms)
✔ native movement completion preserves payload, seam and vehicle boundaries and four-turn cadence (4.332744ms)
✔ marching cleanup tolerates a member whose native record was already released (0.502935ms)
✔ outdoor and building encounter calls match captured original fields, timing, RNG and sound (21.060388ms)
✔ all playable encounter pairs show the opening strike, physical stagger and defender-centered fight (459.163515ms)
✔ encounters and their animations stay deterministic across render schedules (251.562022ms)
✔ the native skip-intro flag and player cancellation do not leave stuck encounters (90.365615ms)
✔ an encounter releases cleanly when an airborne participant returns to ordinary motion (39.687812ms)
✔ live fights refresh the first native player alert each object turn (100.267773ms)
✔ simulation owns quiet, attack and battle music activity across pause and cancellation (35.941291ms)
✔ native fight admission, replacement and splitting retain original slots, flags and RNG (5.906943ms)
✔ stronger reinforcements replace the first weaker ally and preserve a three-person tribe limit (164.230691ms)
✔ two-sided reinforcements split the last fighter of each tribe into a new live fight (65.623088ms)
✔ reinforced group motion and combat remain identical at every render cadence (301.878312ms)
✔ center changes preserve original membership slots for subsequent splits (33.405305ms)
✔ pursuit refresh uses the original inclusive axis threshold and signed coordinates (1.144046ms)
✔ live pursuit updates before reaching the old destination and reuses unchanged routes (350.807441ms)
✔ automatic engagement uses equal tribe ranges, whole cells and original scan cadence (62.038429ms)
✔ native inhibition and pending scans apply without giving idle shamans automatic attacks (26.449037ms)
✔ live move orders cross nearby enemies without the old distance interruption (53.423383ms)
✔ idle followers of either tribe pursue detected enemies at every render cadence (464.454148ms)
✔ group attacks hit busy opponents without restarting their action or facing (4885.08143ms)
✔ Magical Shield does not block native mode-one melee damage (42.301501ms)
✔ opportunistic reach is measured from the opponent slot with an exclusive 360-unit boundary (221.249852ms)
✔ group combat stays deterministic across render schedules and yields to player orders (238.213058ms)
✔ knockback waits for terrain physics to settle and preserves cell ownership (77.400522ms)
✔ hits during knockback survive physics and player orders do not teleport the person (33.681706ms)
✔ sliding recoil, native animation and recovery are independent of render cadence (231.257459ms)
✔ shamans and the native game flag suppress ordinary attack knockback (177.376683ms)
✔ fight sites use the native 32-turn search and retain groups when no site is available (33.633823ms)
✔ fight sites leave original building footprints even between periodic search visits (51.891262ms)
✔ sequential fight searches avoid other fight centers and release exhausted searches (1.168734ms)
✔ live groups relocate sequentially without sharing another fight center (30.594191ms)
✔ native approach reaches its slot from every direction and waits one turn to chase a moved slot (276.08391ms)
✔ approach uses native cell collision and preserves the person across attack, recoil and new orders (39.205674ms)
✔ approach, native animation and subsequent combat stay identical across frame rates (266.107818ms)
✔ native descriptor threshold chooses exact small and large corner dimensions (1.479731ms)
✔ 1x frame overlaps native corners in a 100x96 rectangle, bottom corners last (8.55033ms)
✔ 2x and partial tiles retain exact 1:1 corner/edge pixels and a transparent center (28.253465ms)
✔ frame is a separate overlay and does not change terrain, markers or click ownership (0.711507ms)
✔ minimap pixels, camera wrapping, rotated UVs and markers match native captures (107.967616ms)
✔ Mission 10 runs its first Totem deadline and second Totem Erosion sequence (11001.449589ms)
✔ Mission 11 opens with both enemy tribes and four original knowledge sites (216.309256ms)
✔ Mission 11 opponents build their first settlement and scripted BUILD_AT tower on native cadence (5965.72113ms)
✔ Mission 12 opens with all three enemy tribes and original knowledge (78.291429ms)
✔ Mission 12 starts its original turn-7 flyby once (116.438616ms)
✔ Mission 12 opponents request their first Guard Towers on native cadence (360.913661ms)
✔ Mission 12 opening remains deterministic through checkpoint migration (720.456504ms)
✔ Mission 13 opens with both enemy tribes and original knowledge (86.728119ms)
✔ Mission 13 starts its original Yellow turn-6 flyby once (73.168391ms)
✔ Mission 13 Balloon Hut knowledge is visible before construction (111.937952ms)
✔ Mission 13 Land Bridge uses native surface categories at low shore (26.259537ms)
✔ Mission 13 Balloon Hut repeatedly produces occupied airborne transport (487.398177ms)
✔ Mission 13 opening remains deterministic through checkpoint migration (411.475688ms)
✔ Mission 14 delivers both linked gifts and a castable Angel through shipped paths (539.916053ms)
✔ Mission 15 ordinary Prison attack frees the captive and cancels the timer (291.519483ms)
✔ Mission 15 timer expiry locks input and kills the captive with enemy Lightning (123.983308ms)
✔ Mission 15 expiry stays latched if the Prison falls before Lightning lands (94.915296ms)
✔ Mission 15 captive Lightning branch requires an enemy caster, not the Prison cell (60.684006ms)
✔ Mission 16 worship grants Bloodlust and live combat consumes its status (409.330015ms)
✔ old checkpoints default Bloodlust stock without disturbing their world (67.559771ms)
✔ Mission 17 grants Armageddon and stages the native arena through the live cast path (1125.896489ms)
✔ Armageddon uses generic victory and defeat outcomes and restores control (1167.750326ms)
✔ Mission 18 loads its authored tribes and grants Armageddon and both Volcano rewards (3235.591053ms)
✔ Mission 18 starts its authored Red marker patrol through normal AI orders (134.513995ms)
✔ Mission 18 Armageddon restores its arena checkpoint and reaches both result directions (2680.400604ms)
✔ Mission 19 loads its authored objective and grants all three worship rewards (1200.47882ms)
✔ Mission 19 Teleport spends only accepted stock and resumes identically from a checkpoint (366.761921ms)
✔ Mission 19 warns once and gives Chumara loss priority over Dakini defeat (706.366261ms)
✔ Mission 2 naturally earns Matak kills and launches the organized raid (2886.006011ms)
✔ Mission 2 checkpoints retain kill ownership from the old red slot (68.529591ms)
✔ Mission 2 camp targeting takes the first model match without RNG (42.547685ms)
✔ Mission 2 producer matches native base, loss, capacity and resource boundary cases (550.762098ms)
✔ Mission 2 naturally establishes a new home Tower base and preserves phase3 checkpoint continuation (1374.315583ms)
✔ Mission 2 rebuilds after a real player army destroys both Towers, retaining its first construction base (8065.5307ms)
✔ Mission 2 explicitly trains replacement Warriors after natural combat despite zero producer preferences (7571.58767ms)
✔ Mission 20 loads its authored opening and four-stage linked chain (167.63674ms)
✔ Mission 20 worship consumes each head once and restores the live chain (2569.807772ms)
✔ Mission 21 loads its authored opening and first fault state (115.068068ms)
✔ Mission 21 converts worshippers and seals the first fault across a checkpoint (3998.274529ms)
✔ Mission 21 checkpoints one unsealed first-fault eruption without replay (2908.437386ms)
✔ Mission 22 opens with its solo Shaman, native heads, tribes and transport (119.136374ms)
✔ Mission 22 mode-3 head rejects an injected Brave supporting fixture (130.347133ms)
✔ Mission 22 nearby head is a one-shot presentation with no gameplay reward (331.86995ms)
✔ Mission 22 southern head delivers its delayed 600,000 mana gift after real worship (8164.503645ms)
✔ Mission 22 Shaman can steal, checkpoint and sail the authored enemy Boat (2797.046049ms)
✔ Mission 22 Shaman can claim the authored Balloon and complete the northern mana route (8770.875096ms)
✔ Mission 23 loads its authored tribes, Wildmen and worship chain (65.082044ms)
✔ Mission 23 enemy tribes grow their native settlements and populations (16542.739469ms)
✔ Mission 23 unlocks and repeats the native zero-mana gift through ordinary worship (1357.334784ms)
✔ Convert Wild allocation gates state and duplicates without cancelling existing work (1.623445ms)
✔ Convert Wild target retains density, wrap, tie, inclusive radius and list-centroid rules (0.61315ms)
✔ Convert Wild standability preserves initial target and tries only the first24 spiral positions (0.533871ms)
✔ Mission3 active type2 advances after allocation state is switched off (56.082763ms)
✔ type2 timeout clears motion before a blocked state transition and then frees the task (31.372014ms)
✔ type2 reads the active fight person even when its attack animation has no presentation source (49.706709ms)
✔ Convert Wild region lookup normalizes signed browser-native positions to unsigned words (0.171508ms)
✔ type2 casting preserves the real person flags2 readiness gate (23.278472ms)
✔ explicit flight person receives the allocation-safe return order without restarting its state (24.624601ms)
✔ explicit flight return preserves the complete world on order allocation exhaustion (29.011401ms)
✔ cast-ready flight-owned Shaman receives the type2 post-cast return on the same person (23.888847ms)
✔ type2 range reads actual signed person height rather than terrain beneath it (27.173605ms)
ℹ {"terrainHeight":146,"personHeight":896,"terrainRange":14,"personRange":24}
✔ Mission3 Chumara moves, spends its original shot and mana, then stops allocating at the population cutoff (1391.005175ms)
✔ Mission3 keeps idle follow-ups and area-summary automatic training unreachable (86.722136ms)
✔ ordinary Mission3 allocates a real pre-table response before ordinary production (230.816919ms)
✔ defense allocation preserves native caps, immediate empty-area cleanup and recycled scratch (0.544157ms)
✔ active defense suppression uses strict squared26 and wrapped cell distance (0.1602ms)
✔ native defense no-force fallback is a finite seven-visit lifecycle (0.848153ms)
✔ defense cleanup clears only matching assignment and native flag bits while preserving another lock (42.008476ms)
✔ lost early defense targets are invalidated before a different task dispatch (36.774944ms)
✔ defense Blast uses signed active-person height for native and flight-owned Shamans (117.575464ms)
✔ defense Blast reads active native, flight and non-presented fight positions in both range directions (154.210072ms)
✔ defense target collection preserves category caps, rejection rules and the omitted last spiral cell (1.162044ms)
✔ ordinary Mission3 intrusion produces a real type8 fallback, cleanup, repeat and checkpoint continuation (1377.240485ms)
✔ ordinary Temple acquisition and Preacher intrusion recruit a real Chumara defender with orders and movement (2652.089633ms)
✔ Mission 3 naturally trains a Blue Preacher, converts an authored Brave and resumes its mid-conversion checkpoint (3544.84737ms)
✔ a real movement command cancels the naturally acquired Blue sermon without converting its listener (1805.44396ms)
✔ natural Mission 3 conversion follows elapsed game time across display schedules (3050.599917ms)
✔ Mission 3 opens through original Chumara, Swarm, Temple and Erosion paths (2327.354155ms)
✔ single Preacher selector preserves native first-near/band order and strict distance boundaries (2.129235ms)
✔ single-person strict19 boundary, wrap, mode0 and invalid mode match native cases (0.331848ms)
✔ type11 waits for selection ownership and cancellation safely releases state14 and slot (77.50006ms)
✔ duplicate raw payload and failed allocator preserve native selection side effects (59.904247ms)
✔ Preacher allocator preserves native five-slot/state/signed-count boundaries (0.423075ms)
✔ 1103 replacement preserves all person/order state on allocation exhaustion (62.017599ms)
✔ natural Chumara training reaches marker3 Preacher task, checkpoint phases and movement (2658.670181ms)
✔ complete128-turn block preserves strict gates, command ordering and message lifetime (0.850887ms)
✔ 1103 retargets only active order30 in native state10/33 without restarting state (227.361132ms)
✔ cancelled blocked-state Preacher resets motion before the native state gate (23.372478ms)
✔ Mission 3 warns once when a naturally trained Chumara Preacher starts converting a Blue Brave (5957.804893ms)
✔ Mission 3 starts its original recurring-script flyby through ordinary turns (2099.092281ms)
✔ Mission 3 Chumara builds its settlement and trains its first Preacher (1793.025891ms)
✔ Mission 4 starts its original opening flyby once through ordinary turns (590.091573ms)
✔ Mission 4 teaches training and attack from its original live conditions once (40.341789ms)
✔ Mission 4 converts Wildmen, discovers the Guard Tower, and defeats the Matak (6028.411942ms)
✔ Mission 5 Angel head delivers its linked hostile summon through live worship (333.990098ms)
✔ Mission 5 checkpoint migration upgrades an explicit mode-5 legacy Angel without changing gameplay state (67.054629ms)
✔ Mission 5 checkpoint migration recovers an absent authored mode before upgrading the Angel model (31.6047ms)
✔ Mission 5 checkpoint migration adds only the previously omitted Angel head (90.262219ms)
✔ Mission 5 imports its linked Boat template from the verified native coordinates (1.268293ms)
✔ Mission 5 runs its imported opening flyby once through ordinary turns (1508.489763ms)
✔ Mission 5 launches its original ordinary raid when the player reaches the Angel head (387.791512ms)
✔ Mission 5 launches its surviving Dakini at the player Shaman (82.349978ms)
✔ Mission 5 staffs its original Dakini tower with a Preacher (137.525903ms)
✔ Mission 6 keeps both original opponents distinct through outcome and checkpoints (481.505921ms)
✔ Mission 6 credits each opponent attack task independently (76.904127ms)
✔ Mission 6 low-population survivors counterattack the player Shaman (261.3335ms)
✔ Mission 6 Chumara trains Preachers and launches its first mixed raid (16818.528954ms)
✔ Mission 6 opponents expand and Matak launches its first Warrior raid (19263.057453ms)
✔ Mission 6 ATTACK snapshots the native three-spell payload and keeps old tasks compatible (0.872989ms)
✔ type-20 sixth ATTACK quota selects exactly the tribe Shaman outside the generic selector (0.338818ms)
✔ Mission 6 first Matak ATTACK retains source-derived Land Bridge, Lightning, Blast order (14077.051201ms)
✔ Mission 6 phase-6 task Shaman uses native payment, eligibility, usage and range gates (142.939963ms)
✔ Mission 6 phase-6 task spell uses task target outside Shaman states 25/29 (83.751907ms)
✔ Mission 7 converts Wildmen and grants Invisibility through its original head (859.947926ms)
✔ Mission8 natural acceptance starts from the shipped seven-person Blue and eleven-person Red roster (92.815165ms)
✔ Mission8 attack staging is a land order for the original party, not a transport or worship prerequisite (40.343886ms)
✔ shared ground → training → destination queues retain identities until conversion and inherit the original tail (770.841345ms)
✔ shared ground → construction → destination queues retain identity and resume after the crew leaves (107.569462ms)
✔ cancelled, invalid, removed and dead queued builders release command-6 ownership exactly once (318.103936ms)
✔ a waypoint added while trainees are inside preserves occupancy; ordinary hut admission consumes the complete queue (399.150586ms)
✔ unavailable or cancelled buildings advance to the next order; replacement and death release shared references (300.633445ms)
✔ mixed movement, training, inherited orders, RNG and footprints match from 5 to 240 Hz and irregular frames (914.379374ms)
✔ building order preparation matches complete original CPU calls (1.355443ms)
✔ reinforcements and new encounters retain the same person and resume ground, building and worship orders (875.954146ms)
✔ replacing or killing a reinforcement releases every retained command reference (185.389281ms)
✔ a displaced fighter retains its queue and a split keeps both followers’ original records (192.475011ms)
✔ combat interruption and resumed orders preserve simulation and poses across render rates (799.395559ms)
✔ combat removes a waiting trainee from its physical line while retaining its training order (121.436115ms)
✔ native model wave uses half, quarter, eighth strength then resets (1.419449ms)
✔ live waves retain first-hit deformation on resource scenery (127.593001ms)
✔ move input eligibility matches native category, strict-land and quarter-mask captures (5.441834ms)
✔ blocked move clicks preserve the whole selected group, shared orders, markers and RNG (175.776508ms)
✔ Markdown sections retain ancestry, repetitions, CRLF boundaries, and ignore fenced headings (2.273631ms)
✔ manifest validation accepts reviewed data and rejects duplicate IDs, missing paths, invalid parity references, and unsafe paths (60.497812ms)
✔ index is deterministic, clean without a cache, ignored when written, and regenerates after source changes (53.777469ms)
✔ index and context reject an indexed source symlink that escapes the repository (56.318763ms)
✔ repository validation requires one current top-level execution-order heading (37.463029ms)
✔ context returns bounded provenance, limitations, checks, and visible source truncation (63.189079ms)
✔ context output saves current JSON and rejects silent option mistakes (77.266174ms)
✔ preparation is independent of retired local status state (85.091353ms)
✔ native research packets grant only a contract-allowed ignored scratch directory (175.346173ms)
✔ role context carries a validated bounded assignment and explicit overflow (188.264524ms)
✔ reviewer context fingerprints the actual dirty, renamed, deleted, and untracked inputs (87.782726ms)
✔ real mapped evidence excerpts retain their material performance boundaries (3221.933193ms)
✔ Shaman appearance context keeps its complete checks and evidence within the default budget (1057.443561ms)
✔ Followers task context retains complete checks without bloating selection context (551.339535ms)
✔ plan handles cross-cutting edits, renames, deletions, untracked and unsafe inputs without executing checks (106.01907ms)
✔ audit distinguishes baseline edits and reports out-of-scope, generated, input, untracked, and stale verification changes (157.087389ms)
✔ audit reports a pre-existing baseline change that disappears (90.683052ms)
✔ audit requires exactly one result for every required check (83.944358ms)
✔ blocked verification cannot masquerade as passing and passed results require evidence (78.864956ms)
✔ game server rejects an invalid isolated port (0.451557ms)
✔ preparation captures real baseline and hashes, validates intent, and refuses overwrite (210.617829ms)
✔ verification persists completed checks across interruption and replaces old passes at startup (146.665875ms)
✔ verification replaces a required receipt invalidated by a changed check definition (75.436664ms)
✔ reviewed aggregate coverage executes once, fingerprints covered inputs, and fails closed on script drift (272.536999ms)
✔ orchestration-tests receipts become stale when worker configuration changes (172.269892ms)
✔ repository-check receipts become stale when worker configuration changes (285.550035ms)
✔ verification runs only safe contract checks, records blocking, and detects mutations (442.787009ms)
✔ ephemeral default stays opt-in; persistent launch keeps sandbox and explicit data-dir (2.054833ms)
✔ unknown personal, noncanonical, existing unmarked and symlink directories fail before adoption (21.93654ms)
✔ symlink ancestor and evidence overlap are rejected (11.120103ms)
✔ an output symlink cannot alias profile data before preflight creates logs (18.468226ms)
✔ exclusive live and unknown locks are never recovered, and failed cleanup keeps ownership (19.584682ms)
✔ normal terminal cleanup retains checkpoint identity across a new exclusive run (16.00403ms)
✔ source/runtime/origin drift cannot silently adopt a game save (31.324365ms)
✔ symlinked source bytes and external or ignored scenarios cannot bypass input binding (36.996524ms)
✔ checker-only correspondence must bind prior run and both exact source identities (23.108078ms)
✔ unverified source and changed terminal ownership remain blocked (14.233834ms)
✔ lease refuses a replaced lock and leaves that owner untouched (15.129769ms)
✔ leftover Chromium ownership and replaced data directory block reuse (13.254906ms)
✔ committed readback is readonly, awaits completion, and hashes typed arrays/Map/Set contents (73.215392ms)
THREE.InterleavedBufferAttribute.clone(): Cloning an interleaved buffer attribute will de-interleave buffer data.
✔ painter centers retain precision and follow position replacement and updates (2.591227ms)
✔ construction caps replace face modes and hidden picking faces emit no material (5.409806ms)
✔ cell render order matches native mixed passes and retained arrival order (66.311584ms)
✔ cell traversal preserves live ordering when a stale chain entry is encountered (0.560581ms)
✔ mixed polygon buckets, reverse insertion ties and raster depths match native captures (13.003078ms)
✔ completed models reject native rear faces and shared side/bottom outcodes (2.712439ms)
THREE.InterleavedBufferAttribute.clone(): Cloning an interleaved buffer attribute will de-interleave buffer data.
✔ shared painter vertices follow attribute edits, splits and replacement (2.537106ms)
✔ native grid mapping matches exact XYZ mapping and rejects split heights or irregular coordinates (0.351207ms)
Unrecorded ledger change: run parity:record with a note
✔ parity credits verified scope only and rejects misleading or untraceable assessments (32.380484ms)
✔ report-only rendering refuses unrecorded parity progress (151.442232ms)
✔ verified requirements advance a fixed checkpoint share without hiding unknown scope (13.973523ms)
✔ assessments expose small gains and regressions without crediting scope revisions (37.969734ms)
✔ browser supervisor verifies cleanup after a missing checker dependency (351.383288ms)
✔ browser supervisor does not start the checker while the server port refuses connections (1191.938453ms)
✔ browser supervisor verifies cleanup after a checker exception (362.123684ms)
✔ browser supervisor classifies server spawn failure and verifies empty cleanup (10.686642ms)
✔ browser supervisor stops the checker when the ready server exits (690.556135ms)
✔ browser supervisor SIGTERM includes a detached checker descendant (871.656601ms)
✔ concurrent submitters and controllers preserve FIFO without overlap (1703.818519ms)
✔ failed and timed-out jobs release before automatic next job (1675.488085ms)
✔ cancel running and queued jobs without running queued command (1176.048324ms)
✔ missing cleanup blocks handoff, recovery requires a fresh matching receipt (1286.372925ms)
✔ live detached child prevents next test and is never killed by the queue (1199.888366ms)
✔ controller crash retains lock; recovery refuses live owner or job (1449.341795ms)
✔ foreign or missing execution scope cannot prove a controller stopped or authorize recovery (748.611495ms)
✔ legacy active jobs remain unknown even with no controller lock (631.619682ms)
✔ paused submissions start no transient controller before recovery (804.232313ms)
✔ source drift and busy ports block commands without touching existing server (622.443805ms)
✔ all linked worktrees resolve the same queue; invalid specs never launch (385.829152ms)
✔ submission preserves PATH under an ESM temp parent and returns one compact result (1543.337416ms)
✔ concurrent identical retries share one unfinished job; completed work can run again (1423.78739ms)
✔ run exposes a recovery ID before caller interruption; retry keeps the running job (1132.12263ms)
✔ person panels preserve native command traversal, health and original draw submissions (3.068994ms)
✔ person-panel lifetime matches native refresh and remains independent of render rate (0.954802ms)
✔ order focus matches native targets and follows the displayed queue record (0.412109ms)
✔ destination marker preserves native attachment, frames and lifetime at every render rate (252.144138ms)
✔ panic and personal fire trails retain original timer, sound, anchor and allocation decisions (11.234826ms)
✔ burning huts eject running followers with distinct panic and trail lifetimes in all orientations (544.69039ms)
✔ panic motion, animation and fire trails are independent of presentation frame rate (378.398391ms)
✔ native building flames traverse matching cells in order, including repeated sockets and failed allocations (33.303203ms)
✔ live flame-cell adapter preserves protected followers, immunity, tribe and hidden occupants (34.542132ms)
✔ real Lightning ignition reaches nearby surviving followers before occupant evacuation (39.942633ms)
✔ ordinary clicks replace only new selections; Ctrl toggles and blocked clicks preserve the group (1.669462ms)
✔ selection never creates a simulation owner or interrupts existing group orders (248.438843ms)
✔ all native single/group selection voices and pointer acknowledgements are ready before audio activation (12.163381ms)
✔ worship placement preserves native two-pass search, occupancy, route order and failure flags (8.380863ms)
✔ worship command preserves native approach, prayer, retry and presentation RNG decisions (4.788177ms)
✔ ordinary stone-head visits expire the standing-slot cursor at the native byte timer (1.483965ms)
✔ construction-plan entrances, approach and timed attack sequences match native execution (15.495418ms)
✔ player append matches native shared references, cursor wrap, full queues, eligibility and pool exhaustion (23.531836ms)
✔ ground, building and forced-final worship modifiers and eighth-order deselection match complete native player packets (0.590215ms)
✔ replacement preserves prior orders when the shared pool is full (0.518197ms)
✔ sprite pointer brackets match native palette, two/four-layer geometry and unsigned animation wrap (3.61942ms)
✔ native conversion delay uses the recovered 200/3 timing basis (1.303967ms)
✔ a full order pool does not stop a moving Preacher without attaching its sermon (53.232665ms)
✔ inside command 31 binds its building and uses the native five-cell sermon radius (52.237602ms)
✔ conversion moves a newborn outside a building footprint before centering it (41.255476ms)
✔ sermon poses preserve native multi-turn RNG timing (23.760988ms)
✔ an idle preacher sermons, converts by replacement, and releases listeners on a new order (240.673133ms)
✔ preacher conversion is independent of display refresh rate (346.065733ms)
✔ queued command 31 rewrites to friendly building entry or ground movement (56.447608ms)
✔ live active preaching reaches emergency Blast priority (103.090758ms)
✔ live active preaching reaches emergency Swarm fallback (56.883894ms)
✔ live active preaching reaches emergency Lightning fallback (31.998727ms)
✔ emergency preaching response excludes no active assignment (32.380621ms)
✔ emergency preaching response excludes no live person record (28.294731ms)
✔ emergency preaching response excludes same tribe (26.221171ms)
✔ emergency preaching response excludes allied tribe (28.826068ms)
✔ emergency preaching response excludes invisible preacher (28.868731ms)
✔ emergency preaching response excludes caster cooldown (31.337246ms)
✔ emergency preaching response excludes no ready spell entry (32.024366ms)
✔ emergency preaching response excludes paused target scan (32.028052ms)
✔ emergency preaching response excludes no spell payment (26.274489ms)
✔ emergency preaching response excludes stored Lightning below its mana cost (26.280789ms)
✔ the independent enemy-Shaman response still spends stored Lightning without mana (27.718736ms)
✔ failed allocation consumes the sole producer opportunity before a later spawn (80.384822ms)
✔ busy rejection consumes allocation identity but preserves the active wave and saved site (64.429384ms)
✔ site height follows native ground-then-quantize arithmetic (233.950827ms)
✔ mode2 uses native eligibility, panic, descriptor damage and RNG without Swarm filters (674.409193ms)
✔ protected transitions retain repeated native cell hits and consume no panic RNG (39.180103ms)
✔ a wave removes an older in-cell Swamp before it can process in the same turn (44.459503ms)
✔ mode2 cleanup keeps an outside Swamp and the next enemy receives panic (35.938358ms)
✔ ordinary death produces a next-turn wave that outlives successful respawn (279.80644ms)
✔ checkpoints preserve mode2 identity, sites, orbits, terrain and RNG without replay (299.588123ms)
✔ mode2 interrupts the real encounter owner while retaining its person and order queue (40.562826ms)
✔ ordinary Boat and Balloon boarding retain seats and deselect passengers under mode2 panic (127.334411ms)
✔ panic transfers a live building-entry queue and resumes it after expiry (77.470238ms)
✔ ordinary groups settle into native rings, compact on departure and retain status through new orders (941.372145ms)
✔ group resting positions, facing, gestures and footprints agree at 5–240 Hz and irregular frames (740.742498ms)
✔ exhausted resting search waits and retries its original anchor through state 10 (60.856561ms)
✔ route probes preserve native building, coast and vehicle endpoint correction (15.884852ms)
✔ failed-route initialization and retries match native fields, timing and ordered consumers (13.17749ms)
✔ disconnected groups stop, retain shared attack/waypoint orders, retry and resume after land connects (242.655116ms)
✔ route-failure notice keeps the original text and retriggers without tutorial history (66.368951ms)
✔ new orders and death release blocked commands; shaman failures use their own original voice (202.644039ms)
✔ blocked groups retry on simulation counters, with identical recovery and combat at 5–240 Hz (1538.285897ms)
✔ blocked building-entry owners resume the same person and finish ordinary admission (89.551744ms)
✔ real command8 full occupancy emits an original-frame child without scene-owned RNG (733.786342ms)
✔ equal elapsed turns preserve secondary state across frame schedules with no bolt draws (289.631663ms)
✔ legacy missing-history roots bootstrap on first render without inventing past visits (165.886153ms)
✔ full roots copy the allocation byte and defer newly prepended children (2.079781ms)
✔ all byte phases and low-five-bit outcomes use the proved root gate (118.702204ms)
✔ actual UI reservations participate in inclusive gates after the root RNG draw (0.89378ms)
✔ marker expiry and child allocation share the same newest-first traversal (0.575634ms)
✔ children keep their own sixteen visits after the root is removed (0.762624ms)
✔ native free-list reuse and checkpoint reconstruction preserve physical slot ownership (0.831097ms)
✔ panel and preview reservations are derived from live adapter owners (1.608693ms)
✔ legacy marker overflow cannot leave ownerless immortal effects after restore (2.718038ms)
✔ browser capture retains the same live puff across ordinary Pause latency (3.250968ms)
✔ selection terrain mesh matches the executable with documented seven-point fan repairs (939.681784ms)
✔ selection fill/edges/corners retain native visibility, depth, UV and shared-corner ownership (31.344266ms)
✔ Shaman import preserves every prior frame, piece and animation entry (27.150053ms)
✔ actual tribe selects every native Shaman source and eight original directions (3.819039ms)
✔ Shaman idle artwork uses all four distinct original body pieces (0.25334ms)
✔ reincarnation distinguishes tribe bodies from shared spirit sources and layer owners (0.488473ms)
✔ shipped live and effect renderers consume the Shaman selector without changing generic mechanics (0.569134ms)
✔ all 3276 previous occupied sprite rectangles retain their reviewed RGBA (153.838899ms)
✔ real Mission 23 Shaman identity and death heading survive checkpoint reconstruction (946.396518ms)
✔ first and second actual presentation visits display 0 then 1, not 1 then 2 (883.901261ms)
✔ normal processed phases reset, loop independently of simulation, then freeze and hide (268.946551ms)
✔ new checkpoints retain shown/next frames; legacy checkpoints start at a bounded deterministic frame (79.207826ms)
✔ pause and native land-pause freeze the latch as well as the counter (11.203869ms)
✔ render schedules and effect-only animation cannot change gameplay, either RNG or respawn (3543.63889ms)
✔ ordinary combat death finishes existing wait and respawn without a duplicate effect (320.588042ms)
✔ ordinary Shaman phase1 follows both rising and lowering death-site ground (511.96661ms)
✔ the last processed phase1 sample survives checkpoint, transition and rise (152.314868ms)
✔ phase0 retains the death height until the first processed phase1 visit (10.380434ms)
✔ a direct drowning-entry fixture rises from its initial height without phase1 resampling (13.826554ms)
✔ model-12 rise freezes the last original spirit frame for all tribes and bearings (1.528203ms)
✔ death-site visibility follows the existing land and drowning lifecycles without changing them (60.306358ms)
✔ earlier body/transition poses retain their existing renderer behavior (0.33349ms)
✔ the live caller applies the bounded presentation only to model-12 reincarnation effects (0.798719ms)
✔ G queues one shared native guard and repeat replaces it without early preparation (405.751429ms)
✔ G empty selection cancels adopted guards through the next native visit (183.612176ms)
✔ G Shaman-only selection cancels adopted guards through the next native visit (113.123522ms)
✔ native G retains the ordinary move owner and route until its deferred turn (70.434943ms)
✔ same-turn move replacement discards G before the legacy resting initializer (78.800944ms)
✔ same-turn attack replacement discards G before the legacy resting initializer (103.363791ms)
✔ same-turn worship replacement discards G before the legacy resting initializer (94.08404ms)
✔ same-turn entry replacement discards G before the legacy resting initializer (86.537991ms)
✔ pending G replacement survives pause and checkpoint (118.345297ms)
✔ pending G cancellation survives pause and checkpoint (129.291286ms)
✔ G exhaustion still clears and attaches slot zero then retries after cleanup frees a slot (124.094971ms)
✔ target entering a vehicle with inside still null completes the saved guard order (144.249586ms)
✔ ordinary Shaman Tower entry retains Guard and resolves its building outside point (92.195868ms)
✔ actual deferred G setters match native phase vector G-retain-deselect-1-3 (85.238715ms)
✔ actual deferred G setters match native phase vector G-retain-deselect-7-5 (98.595488ms)
✔ actual deferred G setters match native phase vector G-retain-deselect-0-2 (130.638608ms)
✔ protected preparation and passenger early-return retain pending ownership until actual adoption (102.726635ms)
✔ protected cancelled state10 retains ownership until its empty-queue transition really occurs (67.427562ms)
✔ death anchors to the saved Shaman in another cell before cleanup (66.831498ms)
✔ class0 anchors to the saved Shaman in another cell before cleanup (60.271857ms)
✔ vehicle anchors to the saved Shaman in another cell before cleanup (76.81889ms)
✔ cancel anchors to the saved Shaman in another cell before cleanup (76.906357ms)
✔ saved Shaman identity does not retarget when the current Shaman is replaced (81.158801ms)
✔ legacy boolean checkpoints retain their old targetless history until supported fresh input (93.345813ms)
✔ flight single selection retains the entire legacy G operation (103.026346ms)
✔ flight mixed selection retains the entire legacy G operation (69.637476ms)
✔ fight single selection retains the entire legacy G operation (70.289615ms)
✔ fight mixed selection retains the entire legacy G operation (66.851437ms)
✔ entry single selection retains the entire legacy G operation (75.601474ms)
✔ entry mixed selection retains the entire legacy G operation (116.297701ms)
✔ builder single selection retains the entire legacy G operation (67.615433ms)
✔ builder mixed selection retains the entire legacy G operation (67.985789ms)
✔ passenger single selection retains the entire legacy G operation (72.197257ms)
✔ passenger mixed selection retains the entire legacy G operation (84.292173ms)
✔ work single selection retains the entire legacy G operation (80.48402ms)
✔ work mixed selection retains the entire legacy G operation (63.538396ms)
✔ gather single selection retains the entire legacy G operation (59.60788ms)
✔ gather mixed selection retains the entire legacy G operation (64.845678ms)
✔ delivery single selection retains the entire legacy G operation (66.431516ms)
✔ delivery mixed selection retains the entire legacy G operation (91.68903ms)
✔ casting single selection retains the entire legacy G operation (67.957757ms)
✔ casting mixed selection retains the entire legacy G operation (84.515181ms)
✔ legacy single selection retains the entire legacy G operation (71.308018ms)
✔ legacy mixed selection retains the entire legacy G operation (55.838554ms)
✔ legacy path single selection retains the entire legacy G operation (57.094859ms)
✔ legacy path mixed selection retains the entire legacy G operation (58.286887ms)
✔ different route owner single selection retains the entire legacy G operation (63.92083ms)
✔ different route owner mixed selection retains the entire legacy G operation (76.949277ms)
✔ native Brave guards do not fall into legacy automatic housing while near the Shaman (102.677726ms)
✔ G replacement/cancellation have identical turn ownership at ordinary and irregular refresh schedules (114.101501ms)
✔ native G producer: shared-two-followers-repeat-and-partial-replacement / G allocates one shared command30 (6.713943ms)
✔ native G producer: shared-two-followers-repeat-and-partial-replacement / G repeats while both selected (3.596606ms)
✔ native G producer: shared-two-followers-repeat-and-partial-replacement / G replaces only selected first follower (5.217358ms)
✔ native G producer: shared-order-no-follower-selection-cancellation / G creates (0.94669ms)
✔ native G producer: shared-order-no-follower-selection-cancellation / Shaman-only G cancels both adopted guards (0.987201ms)
✔ native G producer: queued-not-adopted-no-selection / G queues (3.991558ms)
✔ native G producer: queued-not-adopted-no-selection / G without non-Shaman selection before adoption (0.892979ms)
✔ native G producer: exhausted-pool-no-old-order / G allocation fails separately for both followers (2.310416ms)
✔ native G producer: exhausted-pool-clear-frees-slot-for-later-person / first failure clears old1, later retry succeeds and third shares (4.340502ms)
✔ native G producer: last-free-slot-wrap-is-shared / G uses last free slot once (1.875573ms)
✔ native G producer: producer-selected-dead-flag / raw selected non-Shaman-pointer still receives command30 (1.27954ms)
✔ native G producer: producer-selected-protected / raw selected non-Shaman-pointer still receives command30 (0.940081ms)
✔ native G producer: producer-selected-airborne / raw selected non-Shaman-pointer still receives command30 (0.795153ms)
✔ native G producer: producer-selected-ghost / raw selected non-Shaman-pointer still receives command30 (0.798478ms)
✔ native G producer: producer-selected-removed-class / raw selected non-Shaman-pointer still receives command30 (1.354452ms)
✔ native G producer: producer-selected-other-model7 / raw selected non-Shaman-pointer still receives command30 (1.010466ms)
✔ native G producer: producer-selected-training-state21 / raw selected non-Shaman-pointer still receives command30 (0.787501ms)
✔ native G producer: vehicle-passenger-selection-retain1 / G selected passengers (0.795694ms)
✔ native G producer: absent-current-shaman-does-not-issue-or-cancel / no Shaman pointer with selected followers (1.374032ms)
✔ native G producer: absent-current-shaman-does-not-issue-or-cancel / restore Shaman and issue (0.709234ms)
✔ native G producer: absent-current-shaman-does-not-issue-or-cancel / no Shaman pointer with existing guards (0.378818ms)
✔ native G producer: stale-shaman-pointer-dead / producer still emits target73 (0.482594ms)
✔ native G producer: stale-shaman-pointer-class0 / producer still emits target73 (0.377036ms)
✔ native G producer: stale-shaman-pointer-vehicle / producer still emits target73 (0.444927ms)
✔ native G producer: saved-target-is-not-rebound-by-tribe-shaman-replacement / G targets original73 (0.403785ms)
✔ native G producer: saved-target-is-not-rebound-by-tribe-shaman-replacement / new explicit G targets replacement74 (0.463476ms)
✔ native Guard distance: near-axis0-delta-824 (0.440151ms)
✔ native Guard distance: near-axis0-delta-823 (0.061312ms)
✔ native Guard distance: near-axis0-delta823 (0.042214ms)
✔ native Guard distance: near-axis0-delta824 (0.058268ms)
✔ native Guard distance: near-axis1-delta-824 (0.035614ms)
✔ native Guard distance: near-axis1-delta-823 (0.034271ms)
✔ native Guard distance: near-axis1-delta823 (0.105177ms)
✔ native Guard distance: near-axis1-delta824 (0.049985ms)
✔ native Guard distance: signed-edge-person32767-target32768 (0.07357ms)
✔ native Guard distance: signed-edge-person32768-target32767 (0.057205ms)
✔ native Guard distance: signed-edge-person0-target32768 (0.052228ms)
✔ native Guard distance: signed-edge-person32768-target0 (0.034532ms)
✔ native Guard distance: signed-edge-person65535-target0 (0.029895ms)
✔ native Guard distance: signed-edge-person0-target65535 (0.028563ms)
✔ native Guard distance: signed-edge-person32768-target33591 (0.027441ms)
✔ native Guard distance: signed-edge-person32768-target33592 (0.024837ms)
✔ native Guard distance: signed-edge-person32768-target31945 (0.054111ms)
✔ native Guard distance: signed-edge-person32768-target31944 (0.068984ms)
✔ native Guard distance: replan-axis0-delta-440 (0.064346ms)
✔ native Guard distance: replan-axis0-delta-439 (0.034531ms)
✔ native Guard distance: replan-axis0-delta439 (0.0263ms)
✔ native Guard distance: replan-axis0-delta440 (0.024737ms)
✔ native Guard distance: replan-axis1-delta-440 (0.054281ms)
✔ native Guard distance: replan-axis1-delta-439 (0.031957ms)
✔ native Guard distance: replan-axis1-delta439 (0.035844ms)
✔ native Guard distance: replan-axis1-delta440 (0.034732ms)
✔ native Guard distance: replan-signed-edge-goal32767-target32768 (0.02692ms)
✔ native Guard distance: replan-signed-edge-goal32768-target32767 (0.030906ms)
✔ Magical Shield protects six nearby followers for the native lifetime (95.597915ms)
✔ old checkpoints default new Shield stock without disturbing their world (33.99369ms)
✔ normal early mission data selects each original backdrop and both cloud layers (1.274442ms)
✔ same-bank Mission 10 uses the same p sky set without mission-number overrides (0.169785ms)
✔ previous bank d and g sky modes and unhandled banks remain unchanged (0.156955ms)
✔ early mission sky PNGs preserve exact original bytes (2.129976ms)
✔ camera horizons preserve original sky dispatch coordinates and fade (5.03225ms)
✔ continuous sky retains native wind rates and is invariant to segment subdivision (12.403559ms)
✔ spell button artwork, positions and charging fills match native draws (9.714695ms)
✔ all six original Shield/Bloodlust descriptor frames have real atlas rectangles (1.324477ms)
✔ ready, inactive, hover and selected states use the original descriptors, not Unicode or guessed frames (0.474362ms)
✔ authored Mission16 already exposes both sprites without forced availability or stock (101.896144ms)
✔ the original undiscovered spell question mark follows the accepted six-frame append (0.214421ms)
✔ all shipped spell descriptor icons remain available after the append (0.205749ms)
✔ HudSprite no longer substitutes a text glyph and still rejects unknown resources (0.403705ms)
✔ fresh and later missions use the native owned/reward-source/cast-permission precedence (159.139817ms)
✔ restart and checkpoint restore reproduce fresh Mission 1 HUD visibility (110.116226ms)
✔ owned stock wins over the mission-load discovery mask (23.863813ms)
✔ undiscovered art is the native HFX1056 branch and visible-disabled keeps normal art (0.527591ms)
✔ unit atlas retains reviewed tribe/state/direction layers when new models append (11.05796ms)
✔ brave carry animations retain the baked timber body layer (0.38002ms)
✔ base149 retains 51 original faces and existing atlas coverage without key model slots (2.289965ms)
✔ authored default149 roots and linked Mission10 Totem select the base mesh (269.580372ms)
✔ spell45, Obelisk8, Angel157 and Vault154 remain outside static149 (81.270995ms)
✔ source qualification rejects ambiguous identity, reward flags, missing links and scenery (30.262109ms)
✔ old null/absent presentation and new checkpoints derive149 without mutating saved state (78.034028ms)
✔ static presentation never replaces a different model or an active morph family (29.858785ms)
✔ only reward-derived model45 sources are initialized; unrelated head families and Vault remain separate (132.79409ms)
✔ enabled idle cycles18native animation visits without followers; hold/refill retain the original counter rules (0.411848ms)
✔ raw keypoints use base45indices/scale rather than endpoint face layout; all18cached outputs are distinct (5.465891ms)
✔ presentation pauses with world and native land pause without touching simulation or RNG (42.596524ms)
✔ normal authored worship earns Bridge stock while presentation leaves the entire gameplay state unchanged (195.031565ms)
✔ exhausted trigger does not remove its independent enabled decorative model45 animation (61.246603ms)
✔ mid-animation new checkpoint keeps phase and old optional-field checkpoint restores safely without rewards (44.030741ms)
✔ multiple heads keep separate state while30/60/120/144Hz and irregular schedules share one animation timeline (375.149822ms)
✔ shipped scene updates ordinary head positions byphase and leaves Vault on the existing path (1.550046ms)
✔ disable and refill within one presentation interval reset once without advancing the clock (0.459229ms)
✔ authored45 constructors retain the original logical animation gate (66.048327ms)
✔ ordinary body frames wait for logical turns without changing the24Hz presentation clock (39.656063ms)
✔ each catch-up controller and observer sees the prior body frame before one logical advance (47.429084ms)
✔ mode4 transition remains exclusively presentation-owned despite the gate bit (24.131072ms)
✔ lazy, post-turn allocated and removed bodies obey the completed-turn boundary (79.417353ms)
✔ legacy body checkpoints gain only the gate and a new Scene clock does not replay a turn (30.735811ms)
✔ disable and refill notifications retain raw phase then reset before their owned visit (32.08874ms)
✔ trigger exhaustion, pause, land pause and turn wrap preserve the separate decorative owner (23.013045ms)
✔ heading comes from the decorative scenery word, never trigger settings or model selection (1.43314ms)
✔ all16bits reach the angle-table mask and a missing producer is not treated as north (0.296695ms)
✔ linking uses the native512-unit cell, first scenery match and toroidal coordinate identity (0.199079ms)
✔ existing negative-Y scene rotation agrees with native heading basis; no camera or global offset is required (1.003726ms)
✔ Vault and unknown scenery keep their original angle; orientation lookup does not mutate saved gameplay (79.532207ms)
✔ both ordinary scene orientation consumers use the same helper; no other angle consumer changes (0.472339ms)
✔ real authored zero and high-byte headings survive the producer while saved trigger fields stay unchanged (137.933811ms)
✔ Swamp scans its native 3x3 footprint and honors victim and terrain gates (1.875725ms)
✔ Swamp uses one RNG draw, scans every fourth visit, and expires at ten kills (0.43317ms)
✔ the thirtieth same-tribe Swamp discards the oldest remaining controller (0.19994ms)
✔ live Swamp casting kills through the ordinary corpse path independently of refresh rate (217.117377ms)
✔ Swarm uses the supplied standalone original insect texture (1.19349ms)
✔ Swarm creation and first controller visit preserve original gameplay RNG and child fields (1.454612ms)
✔ Swarm first live visit allocates children before wandering begins on the second visit (60.784109ms)
✔ Swarm final fifteen controller visits progressively remove children before expiry (0.614492ms)
✔ Swarm reveals disguised Spies on panic and panic-protected non-removal paths (83.470595ms)
✔ confirmed invented generic and Angel success strings are not emitted (190.161604ms)
✔ Swarm follows player and computer cast paths with native insects, victim cadence, and lifetime (135.776225ms)
✔ Mission 2 naturally funds the Matak Shaman and casts Swarm through player orders (2509.618505ms)
✔ terrain ambience matches complete native ground queues, including empty views and depth ties (6.512139ms)
✔ tree ambience camera offset and wrapped radius match complete native cell visits (6.563457ms)
✔ local lights match complete native allocation, movement and cleanup captures (152.103974ms)
✔ Blast owns immediate terrain light until its ninth turn, preserving occupancy and pause (105.07798ms)
✔ native height notifications retain object order, duplicate visits and touching building flags (9.232786ms)
✔ terrain edits notify nearby plans, revalidate original slope rules and release an invalid plan (110.565452ms)
✔ a large terrain edit indexes live people once while retaining dirty notifications (147.413042ms)
✔ terrain dirtiness resets live steering without replacing its route (55.717108ms)
✔ terrain texture endpoints match original Direct3D triangle submissions (21.164601ms)
✔ model atlas UVs match native texel centers and retain fractional/outside coordinates (1.10681ms)
✔ terrain submission covers the native cell gate across headings and seams (260.923437ms)
✔ terrain copies omit only tiles with no native-visible cell, including seams and expanded bounds (177.422881ms)
✔ timber search matches native cell order, fog, protected stock and two-pass queries (28.737134ms)
✔ shared timber caches match native allocation, expansion, routing, ownership and expiry (87.662147ms)
✔ an exhausted indexed-search pool postpones expansion without corrupting the cache (0.724497ms)
✔ terrain changes recheck nearby timber routes and live Land Bridge reaches the cache (570.478972ms)
✔ live timber cost probes report routes and foreign territory without taking route ownership (49.976519ms)
✔ harvest clocks, transfer, scale and animation match original executable captures (1.728953ms)
✔ delivery waits, timber and construction stages match complete native calls (1.767442ms)
✔ Tornado replays native initialization, lifetime, carry and throw (3.421097ms)
✔ Tornado uses the native building protection and one-draw damage gate (0.641332ms)
✔ live Tornado casts, captures and throws independently of refresh rate (310.398034ms)
✔ tower admission uses rotated tribe sockets, ground membership and original one-shot occupant pose (2327.072086ms)
✔ a tower admits one follower and movement orders preserve elevation until physics resumes (75.463402ms)
✔ tower entry and held animation are deterministic at 5–240 Hz (365.380163ms)
✔ destroying an occupied tower releases its native record and display height (126.414967ms)
✔ a tower Firewarrior autonomously attacks an eligible hostile on the tower cadence (75.875881ms)
✔ tower preachers hand occupancy to command 31 and cleanly leave or die (180.097617ms)
✔ tower panel matches every original one-slot draw trace (4.815644ms)
✔ tower panel selection preserves occupancy; ordinary orders leave without teleporting (376.372889ms)
✔ tower dismantling releases its occupant and only braves perform the work (357.596577ms)
✔ training exit orders match original coastal correction and building precedence (8.61149ms)
✔ training admits five visible residents and places overflow on native rotated queue sockets (633.409564ms)
✔ queue cancellation retains successors and occupant departure reuses the first empty slot (97.808134ms)
✔ checkpoint reload preserves a full training hut and its waiting queue without loss (147.231526ms)
✔ funded training replaces a complete batch, releases references and walks warriors out (222.188303ms)
✔ a funded Temple trains a native model-4 preacher and sends it outside (154.30311ms)
✔ a funded Spy Training Hut trains an original model-5 Spy and sends it outside (242.771138ms)
✔ queue movement, admission, conversion and shared references are independent of render rate (887.485222ms)
✔ already-trained warriors accept training orders and yield queue priority to new braves (87.609079ms)
✔ training append preserves all70 pre-existing original models, including vehicles (12.999162ms)
✔ all original training types and owners resolve to actual meshes, not Blue substitutes (1.180732ms)
✔ the five recovered training variants retain original geometry, color tiles and all stages (4.193682ms)
✔ authored Mission16/17/22 training assets and identities survive checkpoint reconstruction (216.781292ms)
✔ the live building factory opts into original training selection without tint or gameplay changes (1.041392ms)
✔ camp human group command retains visible admission interpolation (501.603546ms)
✔ camp shared command-8 retains visible admission interpolation (308.169585ms)
✔ temple human group command retains visible admission interpolation (266.958438ms)
✔ temple shared command-8 retains visible admission interpolation (261.835182ms)
✔ spyHut human group command retains visible admission interpolation (290.620482ms)
✔ spyHut shared command-8 retains visible admission interpolation (220.074713ms)
✔ firewarriorHut human group command retains visible admission interpolation (286.776ms)
✔ firewarriorHut shared command-8 retains visible admission interpolation (341.953092ms)
✔ hidden admission, exit, replacement and explicit placement remain discrete (65.331783ms)
✔ native training panels preserve slots, selection, palette, frames and turn-driven feedback (11.998901ms)
✔ wide charge arithmetic never runs backwards or exceeds its frame at maximum training mana (14.816799ms)
✔ shipped disguise completes aboard Boat, holds and accepts another command (119.446096ms)
✔ Balloon passenger idle entry holds without advancing or consuming orders (100.938771ms)
✔ shipped Balloon disguise configures its command position and completes aboard (43.730075ms)
✔ Balloon raw-coordinate startup wraps payload words and retains unported encodings (40.239979ms)
✔ pending Balloon disguise checkpoint retains command position and resumes once (51.64515ms)
✔ occupied state30 checkpoint resumes countdown without reinitializing motion or RNG (96.442876ms)
✔ ordinary disembark clears vehicle and state30 returns to orders for one visit (43.239398ms)
✔ replacement disguise interrupts pending and partially completed aboard commands (37.129893ms)
✔ fractional reference uses exact rectangle coverage at edges and corners (1.723786ms)
✔ adjacent glyph elements composite their shared fractional edge sequentially (0.283596ms)
✔ disabled opacity combines with coverage while transparent source pixels preserve background (0.226841ms)
✔ source crop and nearest sampling retain native pixels without atlas bleed (0.234141ms)
✔ pinned fixed8 coverage and integer interpolation explain the opaque edge without fitting (0.217346ms)
✔ single-pixel fixed8 rectangles and straight-alpha output retain their separate contracts (0.158979ms)
✔ tree growth and complete replant searches match native captures (13.136818ms)
✔ depleted timber replants after its full delay and grows on its own phase (2533.399025ms)
✔ burning depletion also queues one replant without reviving the old tree (99.484554ms)
✔ Tutorial advances through Shaman selection into the authored Obelisk flyby (891.419779ms)
✔ Tutorial restart recreates fresh script and view state (236.88399ms)
✔ overhead health gauges match native visibility, scaled-pose anchors and 24-pixel fills (2.03265ms)
✔ continuous positions follow captured native body/shadow interpolation (1.471317ms)
✔ every elapsed-time schedule reaches the same displayed position without changing simulation (613.13892ms)
✔ pause, endpoints, placement, entry, conversion and new people never replay stale movement (22.935329ms)
✔ Vault knowledge uses the original class-6/model-2 reward frames and socket (0.724406ms)
✔ Vault knowledge is present only while its authored reward source is active (0.151147ms)
✔ Mission 7 Vault knowledge uses occupied model-18 socket 1 placement (9.06589ms)
✔ Mission 3 Temple descriptor selects the native HFX identity (55.064682ms)
✔ Mission 3 marker glow owns a saved fourteen-frame cursor on the existing animation boundary (43.51925ms)
✔ ordinary Mission 3 Vault collection preserves payout while changing only world presentation (1051.935699ms)
✔ unrelated Vault and ordinary spell families retain their existing presentation owners (118.324428ms)
✔ a glow born on an animation boundary first displays frame zero before its next cursor (638.302252ms)
✔ original class4 mesh selection distinguishes geometry from tooltip IDs (2.161508ms)
✔ vehicle-only import preserves all68 existing model records (24.458804ms)
✔ authored campaign vehicles retain mesh identity across checkpoint reconstruction (204.770846ms)
✔ normal boarding, exit and destruction retain original mesh rather than changing gameplay state (44.63225ms)
✔ the normal Balloon Hut producer creates the original144 appearance (84.895105ms)
✔ the shipped vehicle factory consumes original models, with no custom hull/envelope (0.557105ms)
✔ original vehicle owner textures use adjacent source tiles and retain local UVs (6.577818ms)
✔ Boat travel and exit keep registered passenger object-cell membership current (93.602589ms)
✔ Balloon travel and exit keep registered passenger object-cell membership current (77.317867ms)
✔ same-cell passenger sync preserves one linked membership and never allocates an unregistered person (47.040213ms)
✔ checkpoint clone retains passenger cell identity and wrapped exit reindexes without duplicates (45.430317ms)
✔ live vehicle damage keeps the native owner, special, signed and reset rules (62.838505ms)
✔ Blast reaches live vehicles and native destruction ejects passengers alive (52.906523ms)
✔ vehicle life and destruction survive checkpoint migration and reload (101.721069ms)
✔ success-bearing exit preserves existing public point API and real failure (76.042103ms)
✔ live panel selection only changes native selection flags and preserves unrelated selections/orders/RNG (53.779725ms)
✔ Boat and Balloon unload launch without teleporting, clear orders, and survive occupied/airborne checkpoints (109.435461ms)
✔ unload click rechecks speed, occupancy and terrain after rendered enabled state (31.963223ms)
✔ authored Mission22 Boat and Balloon unload retain launch until a living landing (110.102993ms)
✔ vehicle panel uses native kind9 geometry, disabled raw art and selection overlays (1.734132ms)
✔ raw disabled vehicle sprite alpha is85 while tail remains170 and normal art opaque (0.308232ms)
✔ vehicle selection keeps work on single, expands deselection, and Shift selects blocked mates (0.237557ms)
✔ passenger right-click has inspection semantics, while unload right-click is inert (0.124276ms)
✔ unload readiness refresh clears cached success at speed12 or failed terrain (0.128342ms)
✔ stale unload failure repeatedly clears only current driver orders, without teleporting anyone (0.262254ms)
✔ hover adds a native fill, never a false selected marker; pressed overlays palette130 (0.185358ms)
✔ horizontal viewport expansion preserves native depth and safe projection arithmetic (476.371299ms)
✔ intermediate display footprint fills the observed bird-view cut without changing native camera state (8.63139ms)
✔ added display cells cover safe front-branch projected samples across zoom, rotation and torus fractions (67.601139ms)
✔ display bounds texture and CPU visibility share the same derived rows without feeding camera state (4.831449ms)
✔ visible cells match original traversal at boundaries and wrapped camera centers (712.335102ms)
✔ Volcano replays its native terrain, emission and disruption lifecycle (3.79342ms)
✔ player and computer Volcano casts share the live controller and old saves migrate (169.258733ms)
✔ review bundle is independently readable from a non-overlapping local fixture (182.144315ms)
✔ review bundle rejects quoted secret fields and environment-secret files atomically (121.67538ms)
✔ decoded command-receipt stdout and stderr reject escaped secret JSON without exposing values (84.343933ms)
✔ double JSON-string wrappers in stdout and stderr reject secrets without echoing values (81.927678ms)
✔ benign nested JSON strings pass within depth and decoded-byte bounds (61.16329ms)
✔ decoded JSON recursion fails closed beyond depth or total decoded-byte bounds (174.109516ms)
✔ decoded JSON byte boundary accepts exactly the configured budget (109.973745ms)
✔ tracked deletion has an explicit expected deletion identity and rejects tamper or omission (405.796262ms)
✔ real-path canonicalization rejects source aliases and bundle outputs through source symlinks (82.686176ms)
✔ bundle verification is bound to caller-supplied identities and rejects traversal (109.672969ms)
✔ raw command receipts retain source head and complete stdout/stderr (207.041938ms)
✔ command receipts bind dirty source and explicit ignored inputs and invalidate drift (224.478558ms)
✔ receipt CLI preserves repeated input flags and rejects zero-exit input drift (558.43449ms)
✔ a killed foreground wrapper retains unknown state and raw output, never a pass (805.758992ms)
✔ retired status and binding commands are not exposed or coupled to verification (1.414212ms)
✔ live aggregate coverage includes every maintained workflow integrity suite (219.314204ms)
✔ native models 13 and 15 route only completed vehicle workshops into kind 6 (2.373381ms)
✔ Boat House kind-6 panel uses native 136x82 rows and hit targets (0.590106ms)
✔ Boat House work cells fill only at each complete native 100-work boundary (0.548693ms)
✔ Boat House reuses original dismantle and cancel control phases (0.303626ms)
✔ Balloon Hut kind-6 geometry derives 208x82 from native capacity and ten work cells (0.574832ms)
✔ Balloon Hut work cells fill only at each complete native 100-work boundary (0.321011ms)
✔ Balloon Hut reuses the original dismantle and cancel control phases (0.281082ms)
✔ followers cross the former crop and both world seams, then settle at every frame rate (4661.769611ms)
✔ direct attacks take the short route and engage across both world seams (123.973563ms)
✔ live heights and sprite grounding read native terrain outside the compatibility grid (98.627047ms)
✔ mixed picking follows captured native painter ownership and pixel edges (4.716075ms)
✔ live pointer eligibility uses the active record and recorded cell building (664.504733ms)
✔ ScenePicking re-resolves injected overlapping terrain candidates against the current painter command (286.402981ms)
✔ native selector body hierarchy retains all 25 worlds and first-three moons (1.552499ms)
✔ opening campaign availability reflects completion without hiding replay access (0.210866ms)
✔ native controller, particles, palette and ordered draw arguments: companion-seed1 (19.976951ms)
✔ native controller, particles, palette and ordered draw arguments: companion-seed12345678 (7.878609ms)
✔ native controller, particles, palette and ordered draw arguments: companion-initial-pause (6.847413ms)
✔ native controller, particles, palette and ordered draw arguments: companion-mid-pause (5.743407ms)
✔ native controller, particles, palette and ordered draw arguments: spell-3-visible (8.54513ms)
✔ native controller, particles, palette and ordered draw arguments: spell-3-offscreen (11.601716ms)
✔ native controller, particles, palette and ordered draw arguments: spell-4-visible (8.204739ms)
✔ native controller, particles, palette and ordered draw arguments: spell-4-offscreen (6.910298ms)
✔ native controller, particles, palette and ordered draw arguments: spell-12-visible (6.570648ms)
✔ native controller, particles, palette and ordered draw arguments: spell-12-offscreen (7.486211ms)
✔ native spell kinematics and pending transitions: model-3-visible (3.083025ms)
✔ native spell kinematics and pending transitions: model-4-visible (2.984608ms)
✔ native spell kinematics and pending transitions: model-12-visible (3.035764ms)
✔ native spell kinematics and pending transitions: offscreen-bit (2.502845ms)
✔ native singleton replacement and independent pulse: bridge-replaced-at-10 (15.010239ms)
✔ native singleton replacement and independent pulse: bridge-replaced-at-26 (14.615697ms)
✔ native singleton replacement and independent pulse: bridge-replaced-at-30 (11.820193ms)
✔ handoff geometry is an owned snapshot; rendering is read-only and draws the last pulse once (3.507041ms)
✔ structured-clone restores all particles, trails, pending phases, draws and independent pulse (152.393811ms)
✔ spell motion, arrival and retirement do not depend on intervening shared cosmetic consumers (4.551178ms)
✔ native before/after limiter selection owns activation, active and tail deadlines (0.801743ms)
✔ ordinary phase handoff, arrival and next-object payout keep elapsed deadlines across refresh schedules (448.076263ms)
✔ simultaneous authored M1 handoffs use native clone priority without reversing payouts (26.56234ms)
✔ missing geometry consumes one request while world countdown continues without replay (79.638058ms)
✔ arrival suppression and capped stock preserve ordinary payout ownership (152.326951ms)
✔ visible acquisition pause preserves original order without broadening land-bit pause (52.2042ms)
✔ checkpoint continuation retains controller, queue, clock and cosmetic state without initialization replay (97.318815ms)
✔ layout transforms move only draw output and retain raised-body/fallback anchors (0.559269ms)
✔ authored ordinary sources exclude the spell-valued Vault and other missions (1.575584ms)
✔ ordinary shrine completion persists provenance, recipient and creation order (187.520801ms)
✔ generic spell, mana and knowledge gifts do not inherit ordinary eligibility (32.559578ms)
✔ legacy head identity may recover eligibility but an existing gift cannot (31.863274ms)
✔ ordinary Stone Head completion creates the original six-visit acquisition VFX before stock delivery (136.538765ms)
✔ spell-head reward admission preserves native oriented cell ranges and active command eligibility (4.498419ms)
✔ head-group selection shares native occupant flag rules and imported panel heights match the original consumer (1.089805ms)
✔ proved worship modes use their original static models without changing other head families (0.749945ms)
✔ original worship model 8 is the reviewed bank-2 geometry (0.93987ms)
✔ original worship model 157 is the reviewed static Angel-head geometry (0.37372ms)
✔ legacy appearance migration recovers recursive authored modes and preserves existing families (178.418746ms)
✔ linked tutorial mode-3 Obelisk retains its authored mode and model (25.993767ms)
✔ Temple training uses the canonical shape doorway rather than crossing its footprint (71.541541ms)
✔ normal worship approach follows the same canonical stone-head heading as the rendered head (85.603528ms)
✔ legacy Mission22 worship appearance is derived from authored source identity without changing checkpoint state (137.782881ms)
✔ legacy linked mode3 head migrates recursively while root trigger and unrelated state stay byte-for-byte equivalent (28.146858ms)
✔ legacy non-mode3 and Vault heads recover mode without changing their presentation families (29.22812ms)
✔ authored worship lookup uses immutable source fields and agrees for Mission22 and linked tutorial head (55.318893ms)
✔ shipped store load migrates legacy Mission22 before real command-27 Brave admission (110.97989ms)
✔ automatic worship-panel activity is written only by a supported completed mode-0 sample (1.454743ms)
✔ automatic producer keeps unproven families out of the first shipped slice (0.182384ms)
✔ automatic retention reads the last player-specific sample rather than generic follower state (0.372499ms)
✔ automatic retention releases an inactive completed head even after a positive last sample (0.119159ms)
✔ worship panels preserve native progress, recharge, slots and artwork without clipping the second row (7.779551ms)
ℹ tests 1296
ℹ suites 0
ℹ pass 1296
ℹ fail 0
ℹ cancelled 0
ℹ skipped 0
ℹ todo 0
ℹ duration_ms 187036.522804

> populous-first-dawn@0.1.0 parity:check
> node scripts/parity.mjs check

Parity ledger, evidence paths, revision and generated report are consistent.

> populous-first-dawn@0.1.0 orchestration:check
> node scripts/orchestration/cli.mjs check

{
  "status": "passed",
  "checks": 130,
  "subsystems": 11,
  "generatedOwners": 6,
  "unmappedSourceCount": 152,
  "unmappedSources": [
    "app/ambient-sound.ts",
    "app/animation.ts",
    "app/audio-preferences.ts",
    "app/audio.ts",
    "app/blast-wave.ts",
    "app/building-clearing.ts",
    "app/building-damage.ts",
    "app/building-debris.ts",
    "app/building-dismantle.ts",
    "app/building-occupants.ts",
    "app/building-sinking.ts",
    "app/building-smoke.ts",
    "app/building-terrain.ts",
    "app/celebration.ts",
    "app/chatgpt-auth.ts",
    "app/combat-approach.ts",
    "app/combat-building.ts",
    "app/combat-order-search.ts",
    "app/combat-orders.ts",
    "app/combat-pursuit.ts",
    "app/combat-targets.ts",
    "app/command-context.ts",
    "app/construction-panel.ts",
    "app/convert-wild.ts",
    "app/drag-border.ts",
    "app/drag-overlay.ts",
    "app/earthquake.ts",
    "app/effect-motion.ts",
    "app/erosion-observation.ts",
    "app/erosion.ts",
    "app/firestorm.ts",
    "app/flatten.ts",
    "app/footprints.ts",
    "app/fps-graph.ts",
    "app/globe-renderer.ts",
    "app/globe.ts",
    "app/ground-overlay.ts",
    "app/hud-charge.ts",
    "app/hud-font.ts",
    "app/hud-health.ts",
    "app/hud-mana.ts",
    "app/hud-population.ts",
    "app/hud-portrait.ts",
    "app/hud-selection.ts",
    "app/hut-birth.ts",
    "app/hut-occupancy-smoke.ts",
    "app/hut-smoke-runtime.ts",
    "app/hut-upgrade.ts",
    "app/indexed-search.ts",
    "app/land-bridge.ts",
    "app/layout.tsx",
    "app/level-one.ts",
    "app/level-three.ts",
    "app/level-two.ts",
    "app/live-resting.ts",
    "app/mana.ts",
    "app/melee-encounter.ts",
    "app/melee-engagement.ts",
    "app/melee-groups.ts",
    "app/melee-placement.ts",
    "app/melee.ts",
    "app/minimap-frame-view.tsx",
    "app/minimap-frame.ts",
    "app/minimap-renderer.ts",
    "app/minimap.ts",
    "app/model-faces.ts",
    "app/model-lighting.ts",
    "app/morph.ts",
    "app/music.ts",
    "app/native-math.ts",
    "app/original-bloodlust.json",
    "app/original-camera.json",
    "app/original-constants.json",
    "app/original-effects.json",
    "app/original-fire.json",
    "app/original-minimap-frame.json",
    "app/original-music.json",
    "app/original-pointer.json",
    "app/original-script-three.json",
    "app/original-script-two.json",
    "app/original-script.json",
    "app/original-search.json",
    "app/original-shapes.json",
    "app/original-sky.json",
    "app/original-skylens.json",
    "app/original-sound.json",
    "app/original-stone-heads.json",
    "app/original-tooltips.json",
    "app/original-vault-knowledge.json",
    "app/painter-vertices.ts",
    "app/painter.ts",
    "app/path-geometry.ts",
    "app/path-search.ts",
    "app/path-solver.ts",
    "app/person-collision.ts",
    "app/person-idle.ts",
    "app/person-motion.ts",
    "app/person-panel.ts",
    "app/person-physics.ts",
    "app/person-route-recovery.ts",
    "app/person-state.ts",
    "app/preacher-conversion.ts",
    "app/projectile-motion.ts",
    "app/projection.ts",
    "app/resting-slots.ts",
    "app/scene-hud-runtime.ts",
    "app/scene-secondary-effects.ts",
    "app/scene-vault-knowledge.ts",
    "app/scenery-fire.ts",
    "app/secondary-effects.ts",
    "app/selection-raster.ts",
    "app/shaman-death-vfx.ts",
    "app/sky-motion.ts",
    "app/sky.ts",
    "app/special-battle.ts",
    "app/spell-button.ts",
    "app/spell-halo.ts",
    "app/spell-trails.ts",
    "app/spell-visibility.ts",
    "app/sprite-layers.ts",
    "app/stone-head-149.ts",
    "app/stone-head-animation.ts",
    "app/stone-head-orientation.ts",
    "app/swamp.ts",
    "app/swarm.ts",
    "app/terrain-ambience.ts",
    "app/terrain-light.ts",
    "app/territory.ts",
    "app/tooltip-layout.ts",
    "app/tornado-runtime.ts",
    "app/tornado.ts",
    "app/training-conversion.ts",
    "app/training-hut-appearance.ts",
    "app/training.ts",
    "app/tree-growth.ts",
    "app/unit-health.ts",
    "app/vault-appearance.ts",
    "app/vehicle-appearance.ts",
    "app/vehicle-routing.ts",
    "app/volcano.ts",
    "app/water.ts",
    "app/workshop-panel.ts",
    "app/world-coordinates.ts",
    "app/world-initialization.ts",
    "app/world-selector-data.ts",
    "app/world-selector.module.css",
    "app/world-selector.tsx",
    "app/world-state.ts",
    "app/world-tasks.ts",
    "app/worship-appearance.ts",
    "app/worship-panel-activity.ts",
    "app/worship-panel.ts"
  ],
  "cacheRequired": false
}
