
> populous-first-dawn@0.1.0 check
> npm run typecheck && npm test && npm run parity:check && npm run orchestration:check


> populous-first-dawn@0.1.0 typecheck
> tsc --noEmit


> populous-first-dawn@0.1.0 test
> node --test tests/*.test.mjs

✔ live Mission3 adapters rotate an eligible Convert Wild producer behind training (104.878938ms)
✔ producer table preserves singleton priority, one stable pass, and signed counts (0.83247ms)
✔ producer capacity is checked before callbacks and after pre-table allocation (0.616235ms)
✔ checkpoint migration retains producer history and initializes each legacy AI independently (102.004933ms)
✔ authored early producer opportunities record native table attempts without changing later missions (704.01253ms)
✔ Missions1/2 never enable type8 or idle type11/15 response follow-ups (195.542802ms)
✔ ordinary Missions1/2 allocate a real pre-table scan at their first producer opportunity (225.03567ms)
✔ normal first scans finish and repeat without a placeholder reservation (381.184631ms)
✔ ordinary Mission2 movement reaches a real response and resumes the scan checkpoint (268.657483ms)
✔ response allocation preserves native duplicate, disabled, cancellation and exhaustion gates (0.625449ms)
✔ early automatic training requires at least the native school capacity (205.602347ms)
✔ training capacity compares the native signed32-bit available total (0.617958ms)
✔ six followers share ground → area attack → ground orders, destroy the hut and regroup (315.469403ms)
✔ losing an acquired building rescans the area, fights a new person and retains the waypoint tail (175.142716ms)
✔ cancelling a reserved fight releases its reservation and the entire staged tail (174.623626ms)
✔ area targeting distinguishes an unbuilt plan from a partially constructed building (221.716763ms)
✔ arrival voices count approaching followers and fire once when they near the ordered area (383.121496ms)
✔ area approach, combat, arrival voices and queued destinations agree at 5–240 Hz and irregular rendering (1002.03447ms)
✔ pausing an unfinished music play preserves enabled sound and later resume (7.710685ms)
✔ late rejection from an older resume cannot cancel the newest playing request (2.319752ms)
✔ a superseded context resume does not submit an extra music play (3.282057ms)
✔ mute cancels pending playback without recreating the background timer (1.009195ms)
✔ dispose cancels pending playback without recreating the background timer (2.006302ms)
✔ the current playback failure still rejects rather than hiding a real media error (3.586284ms)
✔ current context errors propagate, while a disposed request cannot report a stale failure (0.61976ms)
✔ initial enable can finish while paused without turning the sound setting off (1.956507ms)
✔ enable reports cancellation when muted during its pending playback (0.805269ms)
✔ first visit and non-browser rendering keep the existing defaults without writing (2.320774ms)
✔ versioned zero/full volume restores without truthiness fallback or autoplay data (0.31988ms)
✔ malformed, unsupported and unsafe values fall back without overwriting the record (0.921864ms)
✔ only an explicit valid change writes the known preference fields and leaves other storage alone (0.399409ms)
✔ invalid programmatic values never persist or replace the last valid choice (0.744427ms)
✔ denied storage getter, reads and writes are safe session-only fallbacks (0.48011ms)
✔ restoring volumes does not create audio, enable playback, or change audio RNG/reset semantics (0.346961ms)
✔ authored origins survive initialization for all five currently live campaign bridge heads (518.947619ms)
✔ ordinary Mission 2 worship creates the authored crossing and every live terrain turn matches it (1134.155792ms)
✔ legacy migration recovers only missing immutable origins without replaying active terrain (480.062064ms)
✔ pre-activation legacy save and mid-bridge checkpoint continue once at the authored origin (996.757248ms)
✔ automatic Boat search filters native-ineligible vehicles and boarding shares the driver route (83.317317ms)
✔ music sections and ordinary ambient decisions match captured original execution (18.818541ms)
✔ percussion uses audio timestamps at low/high/irregular frame rates and skips stale starts (10.276036ms)
✔ Blast head reaches impact and native first/last wave visits launch enemies/allies (188.446167ms)
✔ Blast and follower presentation share elapsed time at low/high/irregular refresh rates (521.428941ms)
✔ projectile snapshots preserve pause, wrap and explicit placement without touching unrelated effects (57.194458ms)
✔ original Blast indexed visits, alliances, repeated impulses and damage gates (29.441766ms)
✔ live Blast delays allied launch, retains native flight height and restores commands after landing (203.172241ms)
✔ Blast and landing damage share original shields, protection, attacker and life wrapping (0.49945ms)
✔ wild followers land into their original state 8 without losing the unit (72.286332ms)
✔ a burning airborne follower keeps one panic clock and releases its native pose after landing (70.255493ms)
✔ Boat House launch matches native type-1 computer full ejection (108.07708ms)
✔ Boat House launch matches native type-2 human driver removal with retained occupants (33.688822ms)
✔ maintained checkpoint callsite waits for delayed false reads before reloading (4.948538ms)
✔ maintained checkpoint callsite rejects exhausted false reads without reloading (15.267128ms)
✔ maintained checkpoint callsite closes rejected reads without reloading (1.406562ms)
✔ rendered transport checker independently counts whole mixed-class craft (4.483661ms)
✔ rendered transport checker rejects partial, unrelated, duplicate and wrong-class groups (1.689286ms)
✔ transport pixel oracle retains real device scale and outward clip padding (0.607121ms)
✔ transport oracle preserves fractional scales and detects the old footer/hit failure (1.287944ms)
✔ readiness reads rebind after fresh page reload and on repeated calls (4.39643ms)
✔ readiness wait sequentially awaits false samples before accepting literal true (3.907155ms)
✔ a truthy non-boolean readiness field does not pass the wait (4.285994ms)
✔ read errors propagate and repeated unready samples time out without mutation (19.53846ms)
✔ maintained Mission 4 callsite awaits valid profile completion before continuing and reloading (12.687566ms)
✔ maintained Mission 4 callsite exhausts false reads without starting continuation (16.065446ms)
✔ maintained Mission 4 callsite accepts completion on the last read without a final pause (17.895023ms)
✔ maintained Mission 4 callsite rejects failed opens without starting continuation (3.515116ms)
✔ maintained Mission 4 callsite closes rejected reads without starting continuation (1.240943ms)
✔ maintained Mission 4 callsite closes a database when starting its read throws (1.41226ms)
✔ maintained Mission 4 callsite closes databases with a missing store and fails closed (6.425445ms)
✔ maintained Mission 4 callsite requires literal true before starting continuation (1.405109ms)
✔ building attack phases, entrances, damage and shake match native execution (55.493965ms)
✔ an entirely occupied world cancels special positioning instead of hanging (1.004418ms)
✔ live building assault enters, strikes, shakes and destroys via native damage accumulation (628.962005ms)
✔ occupied building ejects a defender and the same native command resumes after winning (92.167586ms)
✔ building attack mechanics and poses are independent of rendering cadence (784.183255ms)
✔ attacker death releases immediately; target loss rescans the area before completing (163.736002ms)
✔ native defence gate and shaking retain counter cadence, signed lifetime and collapse RNG (7.501481ms)
✔ cancelling or killing an attacker during its defender encounter releases the retained order (330.737846ms)
✔ complete native scenery clearing, shared waits and ownership requests (214.903341ms)
✔ complete native people clearing, shared waits and ownership requests (114.642545ms)
✔ live clearers harvest on-site trees, carry and deposit logs, then move bystanders before allocation (750.733878ms)
✔ clearing pauses without advancing and cancellation releases its native animation and route (110.354733ms)
✔ clearing bushes starts the original fire and retreats before the site is allocated (99.787696ms)
✔ occupant restoration and facing match native captures, including seams and backwards facing (5.13598ms)
✔ live exits retain position and sprite ownership for every building orientation (1479.644805ms)
✔ command cancellation uses shared exit restoration without changing the route start (26.406009ms)
✔ timber hauling matches native phases, movement, reservations, transfers, poses and clocks (16.871026ms)
✔ native building origins, exact ground writes and plan height initialization (138.922393ms)
✔ live rotated foundations use native vertices and preserve surrounding terrain (452.986966ms)
✔ buildings retain distinct terrain handles after long effect-heavy games (31.254528ms)
✔ native descriptor data routes completed huts through kind 7 with resident capacities (0.860852ms)
✔ kind-7 hut rows place occupant and dismantle hit targets from native capacity (1.419391ms)
✔ training charge row keeps existing controls aligned after shared geometry extraction (0.13355ms)
✔ unbuilt plan priorities, validation, allocation and abandonment match native decisions (10.615215ms)
✔ leveling movement, animation, timers, terrain and sound match complete native task 8 (50.562968ms)
✔ live plans retain uneven ground, level visibly and wait for timber and crew clearance (1734.753409ms)
✔ a full shared order pool leaves a new plan unstaffed without leaking ownership (60.373483ms)
✔ simultaneous fetch deposits cap preparation work and preserve surplus timber (50.537837ms)
✔ unattended plans expire and redirected leveling workers release their sprite and route (151.023557ms)
✔ native preparation clears on-site timber before allocation without deleting its resource (98.859207ms)
✔ foundation settling, flooding and dock edges match original executable captures (56.82995ms)
✔ original wet-side tipping, drift, spin and sinking expiry retain complete native trajectories (120.658801ms)
✔ terrain collapse ejects before destruction, retaining its two-turn delay (0.269455ms)
✔ healthy buildings settle without entering repair; deformed and flooded buildings use distinct destruction (775.158292ms)
✔ complete native cell validity and exact placement feedback (37.966503ms)
✔ placement protects reincarnation stones without a living Shaman and reserves buildings (1056.131853ms)
✔ building activity matches native geometry, clocks, speed, facing and animation requests (47.866306ms)
✔ live builders reach work poses, animate, pause, cancel and finish without stale sprites (322.348428ms)
✔ crews leave finished huts in all four orientations before the plan releases them (1915.972145ms)
✔ player construction orders approach natively and deposit carried logs before fetching (1386.586201ms)
✔ builder admission and stale-slot pruning match complete native calls (22.632205ms)
✔ construction dispatch, repair clocks and departure gates match native plan calls (10.910829ms)
✔ scheduled burning plans panic only unlocked builders on building cells (93.752251ms)
✔ repair smoke footprint and terrain refresh match native cell traversal (2.898882ms)
✔ two live builders dispatch one hauler on the original sixteen-turn phase (329.375265ms)
✔ later construction haulers skip timber reserved by an earlier search (70.775848ms)
✔ timber reservations reopen, drain and release on native transitions (0.328493ms)
✔ live plan capacities, duplicate orders and replacement workers share registration (113.469579ms)
✔ zoom retains native preset bounds and the existing 18-step timer (2.47133ms)
✔ render previews do not mutate native state and meet every committed step across all resolution tables (91.781602ms)
✔ 30/60/120/144 Hz and irregular preview schedules retain duration and every owned native configuration (14.173878ms)
✔ conversion observation requires the native victim-owner and replacement flags without world mutation (1.8451ms)
✔ death, ordinary births, startup conversion flags and enemy preacher ownership are not credited (0.276525ms)
✔ observation resets at mission boundaries and does not infer events across unobserved turns (0.137176ms)
{"label":"fixture","ready":true,"turn":1,"status":"playing"}
{"checkpoint":"mission-2-start","level":3,"status":"won","turn":1,"population":{}}
{"checkpoint":"mission-2-won","level":3,"status":"won","turn":1,"population":{}}
{"checkpoint":"mission-2-result","level":3,"status":"won","turn":1,"population":{}}
{"checkpoint":"mission-3-continued","level":3,"status":"won","turn":1,"population":{}}
{"checkpoint":"mission-3-won","level":3,"status":"won","turn":1,"population":{}}
{"checkpoint":"mission-3-result","level":3,"status":"won","turn":1,"population":{}}
PASS: fixed-turn diagnostic wins Mission 2, continues, and wins Mission 3; not real-clock gameplay
✔ sandbox adapter retains every existing assertion, turn bound and campaign action (2.951491ms)
✔ changed or duplicated maintained checker scaffold fails closed before browser execution (1.358209ms)
✔ late final screenshot completion cannot mark an aborted campaign scenario passed (5.092705ms)
✔ actual native triangles supplement the historical fixed anchor scan (5.335971ms)
✔ geometry candidates cannot bypass foreign object or DOM overlay ownership (3.521577ms)
✔ normal zero-dt frame refresh resolves stale panels while retaining simulation slots and clock (1.77863ms)
✔ presentation refresh cannot conceal a simulation change (1.995255ms)
✔ presentation reservation exception cannot conceal secondary slot allocation (1.238319ms)
✔ stale pre-refresh reservations fail instead of being normalized by the checker (1.33905ms)
✔ presentation refresh cannot conceal changed world Map entries (1.942757ms)
✔ occluded shrine fallback uses bounded ordinary camera drags and strict target re-probes (0.238208ms)
✔ the shipped right-drag mapping rotates 512 native angle units without panning (51.474173ms)
✔ Mission 3 trains a bounded Preacher group and retains identified HUD-reachable Braves (0.172689ms)
✔ additive native Ctrl-five requires the ordinary cancel/deselect before reserving workers (1087.168283ms)
✔ missing checkpoint does not suppress independent campaign progress (110.649385ms)
✔ malformed checkpoint does not suppress independent campaign progress (63.736671ms)
✔ partially migratable checkpoint does not suppress independent campaign progress (85.45901ms)
✔ incompatible checkpoint does not suppress independent campaign progress (63.72248ms)
✔ current valid checkpoint still restores and loads (147.411223ms)
✔ legacy valid checkpoint still restores and loads (109.77985ms)
✔ malformed stored checkpoint preserves usable session checkpoint and merges completion (52.206111ms)
✔ storage read failure retains in-session progress and checkpoint (49.167329ms)
✔ camera release alone does not make the startup Shaman selectable; observation is read-only (351.361932ms)
✔ readiness still rejects absent actors, global input locks and paused play (181.212584ms)
✔ Continue readiness waits on real RAF before suspension with the existing timeout (0.807062ms)
✔ the production wait polls synchronous false until native selection readiness (2.006301ms)
✔ Mission 3 Swarm target observation is read-only and chooses an actually castable enemy (963.101289ms)
✔ Mission 3 Swarm eligibility does not depend on distance to the vault or unit array order (526.236391ms)
✔ Mission 3 Swarm diagnostic refuses missing stock, blocked input, cooldown and invalid enemies (477.139423ms)
✔ checkpoint readback awaits false reads before the actual true result (2.168405ms)
✔ checkpoint readback fails closed after bounded asynchronous false results (0.684658ms)
✔ attack approach points and search pool state match complete native queries (61.775322ms)
✔ fight/person pursuit, housed entry, waiting and retries match native visits (13.700813ms)
✔ attack search, march records and automatic retargeting match native dispatch boundaries (14.152416ms)
✔ arrival voices and reservation release replay native thresholds and compacted-list visits (1.947494ms)
✔ original automatic commands preserve normal queues, share one reference-counted record and handle allocation exhaustion (50.549444ms)
✔ native scan dispatch preserves pending bits, suppression, specialist selection and consumer call counts (1.210828ms)
✔ ordinary combat entry reveals a completed Spy disguise (216.98101ms)
✔ live campaign scan suppression consumes pending alerts without changing person counters or sprites (127.123506ms)
✔ dead building attackers release queued shaman-guard duty (113.006324ms)
✔ fight motion initializes its retained sermon without a native owner (109.791488ms)
✔ coastal response targets come from the corrected native cell, including its newly exposed edge (76.451228ms)
✔ tower counterattacks ignore hostile people in water (130.88302ms)
✔ coastal area/dismantling order preparation matches full native calls and retains flags on identical commands (0.873241ms)
✔ live same-cell followers share one automatic command 21 and resume their queued destination (184.329033ms)
✔ an on-foot Firewarrior owns one automatic response per cooldown and yields to player movement (485.282692ms)
✔ an on-foot Firewarrior repeatedly launches at and damages a completed enemy building (70.227265ms)
✔ automatic combat restarts a retained direct tree harvest instead of harvesting during battle (92.824887ms)
✔ live automatic combat consumes a pending worship scan without replacing command 27 (62.188212ms)
✔ live automatic allocation failure preserves its source and queued order (58.981242ms)
✔ live automatic sharing leaves a nonmatching same-cell peer untouched (70.743344ms)
✔ live preacher response retains its sermon queue and resumes conversion (51.612391ms)
✔ preacher response allocation failure consumes the scan without changing its queue (79.472088ms)
✔ complete pursuit, target setup and attack-area gates match native fields, RNG and consumer ordering (9.116366ms)
✔ full-fight waiting positions and fallback RNG match original terrain and collision execution (42.647122ms)
✔ mixed target collection, native distance bands, fight admission and reservations replay executable captures (11.71753ms)
✔ live followers choose closer enemies, distribute reservations, then fall back to a saturated target (337.076025ms)
✔ live mixed scans detect enemy footprints and prefer an eligible person in the same distance band (166.538211ms)
✔ automatic squads share native area orders and target capacity independently of render frequency (650.99907ms)
✔ live target priority joins a fight ahead of a solitary enemy in its distance band (139.647608ms)
✔ nearby automatic building attacks keep their command-21 target between detection visits (100.286784ms)
✔ automatic contextual priority matches original single and mixed-class captures (1.33934ms)
✔ live ground context follows native registered cells through rotations and world seams (114.980417ms)
✔ ground beside a hut moves the group, while its occupied cell enters it (125.661592ms)
✔ an exact tree click harvests, seeks a timber plan and otherwise returns to rest (204.036178ms)
✔ a queued ordinary-tree harvest keeps its cargo and advances the existing waypoint (298.780993ms)
✔ input feedback matches native ground-cell centers and suppresses flashes over pointed objects (0.330165ms)
✔ object commands retain the chosen identity through overlaps and array reordering (115.86823ms)
✔ live target choice follows captured native ownership for both tribes (2024.313293ms)
✔ construction command matches native registration, fallback ownership and task handoffs (51.182165ms)
✔ construction panel matches native submissions and corrects the unlinked second-row height (16.283636ms)
✔ construction workers can be selected, reassigned to dismantle, cancelled and restarted (493.940333ms)
✔ construction icons select the active worker record and respect its native eligibility (31.839991ms)
✔ original priming consumes no elapsed progress; each frame stops before batch overshoot (2.367924ms)
✔ separate calls continue from the original previous timestamp without re-priming (0.214542ms)
✔ a promise is never accepted as a truthy readiness predicate (0.795765ms)
✔ frame and object-turn exhaustion fail without extending a goal (0.350756ms)
✔ an explicitly bounded coastal position attempt can return unmet without hiding its limit (0.165388ms)
✔ abort and Scene/World replacement are detected across browser-task yields (0.532138ms)
✔ normal speed, unpaused commands, positive finite deltas and wall bound stay mandatory (0.436635ms)
✔ original-frame failures propagate without another step (0.185298ms)
✔ unexpected automatic elapsed frames during a yield are rejected (0.282694ms)
✔ Convert Wild scans, converts, animates, and casts through player and computer paths (140.478449ms)
✔ deselection matches native command flags for every selection byte (1.802896ms)
✔ cancel targeting first; deselection preserves shared marching orders, routes, RNG and pause (235.061887ms)
✔ deselection reaches retained work representations once, leaves enemy ownership alone (77.664707ms)
✔ deselected groups retain identical mechanics and poses at 5–240 Hz and irregular frames (550.910837ms)
✔ training selection eligibility reads command flags, independently of motion turning flags (166.163189ms)
✔ dismantling reassigns residents and queued braves, recovers all timber and removes the building in four orientations (386.164365ms)
✔ cancelling dismantling stops existing workers; new orders can staff an empty dismantling building (137.358625ms)
✔ dismantling outcomes and timber remain independent of render frequency (411.388814ms)
✔ mixed groups queue movement, dismantling and movement without redirecting ineligible warriors (284.947389ms)
✔ queued building entry can become dismantling; cancellation skips work while retaining the destination (219.216878ms)
✔ dismantling queue replacement and death release references while non-braves keep their current orders (168.966748ms)
✔ automatic combat pauses shared dismantling and resumes its retained order (49.47463ms)
✔ automatic combat completion follows the native circular dismantling queue (63.35183ms)
✔ automatic combat allocation failure keeps dismantling state intact (48.472722ms)
✔ queued dismantling, timber and following movement agree at 5–240 Hz and irregular frames (561.773249ms)
✔ drag borders match original screen extrusion, texture coordinates and terrain crossings (34.700656ms)
✔ native area commands retain tower/training exclusions, current-order lookup and actual land membership (3993.045318ms)
✔ a real trainee remains drag-selectable on entry and becomes excluded only in the native interior phase (165.888782ms)
✔ fetching builders are selected at their active task-7 position (42.132069ms)
✔ world drag geometry matches captured native seams, camera bearings, clamps and degenerate drags (5.609611ms)
✔ live drag selection matches native flags and group voices without changing simulation ownership (488.836816ms)
✔ Mission 3 periodic raid preserves native mask, strict thresholds and arguments (2.559693ms)
✔ Mission 3 naturally grows both tribes and recruits the authored three-Brave raid (10387.83514ms)
✔ Earthquake matches the native initializer and central deformation phase (5.543973ms)
✔ Earthquake building scans preserve protected models, RNG and ejection-before-damage (0.39946ms)
✔ live Earthquake casts, damages and deforms independently of refresh rate (341.783231ms)
✔ Mission 1 counts authored primary effects before the opening (117.717988ms)
✔ Mission 1 keeps the allocation phase across pause, checkpoint and restart (251.557148ms)
✔ Mission 2 counts authored primary effects before the opening (43.332346ms)
✔ Mission 2 keeps the allocation phase across pause, checkpoint and restart (297.575435ms)
✔ Mission 3 counts authored primary effects before the opening (40.434601ms)
✔ Mission 3 keeps the allocation phase across pause, checkpoint and restart (244.523629ms)
✔ early-level effect phase remains fixed-turn owned across frame schedules (745.84895ms)
✔ authored Mission 3 activation runs the first native Erosion call immediately and only once (467.397214ms)
✔ multiple authored targets process in link order at activation and newest-first on later visits (94.502248ms)
✔ activation queues radius6 texture updates and notifies before allocating the next target (160.089529ms)
✔ repeated rewards get one initial visit each and exhausted rewards never allocate again (179.06152ms)
✔ live Erosion casting deforms terrain independently of refresh rate (667.82556ms)
✔ a newer Lightning consumes simulation RNG before Erosion (36.47735ms)
✔ original cleanup, center, terminal release/counters and recovery match native captures (14.216602ms)
✔ last opponent death ends the fight, credits its winner once and returns a survivor to commands (191.038831ms)
✔ live separation uses the squared eight-unit boundary (160.673145ms)
✔ a native interruption detaches its slot and protected survivors defer state recovery (68.42448ms)
✔ fight completion, recovery and RNG agree at 5–240 Hz and irregular frame schedules (308.050511ms)
✔ Firestorm emits its complete native 220-turn rain sequence (7.284355ms)
✔ live Firestorm composes fire, panic Blast and building ignition independently of refresh rate (619.415325ms)
✔ Flatten follows the native 15-turn terrain and orbit lifecycle (5.647839ms)
✔ live Flatten casting is refresh-rate independent (1134.496654ms)
✔ persistent follower controls retain native descriptor order and class HFX ownership (1.307203ms)
✔ live own class totals enable controls independently of training knowledge or occupancy (89.58095ms)
✔ reading the follower strip does not mutate simulation or selection state (213.067741ms)
✔ shipped G task classification follows deferred native adoption without mutating HUD reads (155.194962ms)
✔ specific legacy work overrides dormant idle while real native disruption remains authoritative (68.379172ms)
✔ construction, pre-entry, actual entry and native idle routes use their own categories (58.105639ms)
✔ task selection preserves orders and RNG during a real movement command and propagates occupied groups (62.78973ms)
✔ live task count reads nearby camera coordinates without creating or registering people (40.736966ms)
✔ real boarding through a route owner overrides a dormant native person for Selected task propagation (36.352563ms)
✔ task classifier preserves every recovered native state and command category (1.521674ms)
✔ inside classification follows building category and the Preacher command exception (1.386361ms)
✔ global existence and nearby task counts are independent; selected overlays preserve native addition (1.317137ms)
✔ task selection ignores persistent-strip assignment priority and uses category nearest (0.554242ms)
✔ Selected row click/Shift deselect, Ctrl reselects nearest without changing its work or the group (0.5327ms)
✔ Total single/five can select the Shaman while Shift excludes it (0.389985ms)
✔ task focus filters category and cycles with the Shaman nearby exemption without mutation (0.442975ms)
✔ vehicle creation and frame cache use apparent tribe, including checkpoints and legacy fallback (222.674242ms)
✔ vehicle damage immunity follows apparent tribe while real-owner counts stay unchanged (133.231619ms)
✔ live Blast projects class4 apparent tribe without changing the real owner (157.796016ms)
✔ ordinary live boarding exposes class vehicle counts, all passengers and independent owner fields (218.861088ms)
✔ Spy boarding uses immediate target bits, later boarding rewrites owner and exit preserves apparent owner (86.708818ms)
✔ split owner and occupied selection survive checkpoint, legacy vehicles use real team fallback (38.91507ms)
✔ destroyed last vehicle keeps presence during its visible wreck and cannot select or focus (35.154364ms)
✔ shipped disguise command aboard publishes apparent ownership through completion and countdown (66.4992ms)
✔ legacy occupied checkpoint retains apparent fallback across voluntary unload (93.417796ms)
✔ first and later boarding, either exit and reuse preserve the native two-owner contract (479.20113ms)
✔ occupied class reads rebuild from current passengers rather than stale row totals (47.878375ms)
✔ transport presence uses real ownership and survives an empty count (1.719331ms)
✔ class filter acquires a vehicle and selects all eligible passengers; Ctrl counts vehicles (0.562674ms)
✔ driver command priority, matching-passenger distance and vehicle nearby boundary remain distinct (0.175904ms)
✔ native reverse vehicle-list focus cycles, variants reacquire, and selected/blocked occupants can focus (1.558469ms)
✔ footprint history matches native ring replacement and its per-cell pixel counts (551.422183ms)
✔ partial footprint shading equals a complete native-palette atlas rebuild (1208.023118ms)
✔ live walking footprints use the elapsed animation clock, including pause and disabled trails (205.640327ms)
✔ live turn preserves native tribe order, inactive skipping and next-turn formation admission (1329.577908ms)
✔ actual recruited groups wait a turn and then steer before member physics (72.684306ms)
✔ render cadence and idle production worship hooks cannot change gameplay, RNG or owned animation state (10237.704493ms)
✔ paused time stays paused; long active frames retain elapsed time (157.805589ms)
✔ campaign messages use the presentation clock and freeze while paused (309.166063ms)
✔ campaign pending auto-open waits for settled motion and consumes one oldest record per presentation visit (54.268919ms)
✔ scenery shade follows cell occupants through overlap, depletion and regrowth (72.89713ms)
✔ rotated building plans keep their anchor, entrance routes and orientation through construction (626.062473ms)
✔ Lightning ignites only its building footprint, then evacuates, damages and permits repair (385.833955ms)
✔ Lightning burns original scenery through smoke and cleanup without leaking fire state (88.998156ms)
✔ native impacts expire on exact turns and debris preserves the sprite allocation counter (54.891715ms)
✔ terrain rebuilds preserve queue precedence and initialize the original mission before sampling (15.960171ms)
✔ territory preserves native footprint asymmetry, overlap clearing and staggered recovery (1.196717ms)
✔ opening tooltips resolve mission cells and have an independent lifetime (26.523978ms)
✔ original level layout, native foundations, and the complete mission (2773.01854ms)
✔ housing, mana allocation, pause, drowning, and reincarnation (444.226842ms)
✔ ordinary land deaths keep the native corpse lifecycle (134.96885ms)
✔ native transformed compound bases stay on their ground pads (29.168308ms)
✔ native animation identity, casting interruption, gradual terrain and blast survival (356.11469ms)
✔ native economy uses fixed turns, population bands and real hut upgrades (683.799194ms)
✔ lightning hits a native map cell and Blast leaves allied health intact (27.847665ms)
✔ native integer movement and combat exchanges preserve timing, retaliation and replay (413.712893ms)
✔ native fight slots form four-person groups and release on interruption (92.489858ms)
✔ native sound cues preserve sample identity, cast phases and simulation randomness (177.367634ms)
✔ native Lightning delays the upper flash and regenerates eight segments for three turns (36.908879ms)
✔ native spell allocation, discrete flight, RNG trails and delayed impact (480.263771ms)
✔ native terrain ridges, reflected diagonals, surface planes and boundary vertices (1.787092ms)
✔ original campaign setup disables only enemy reincarnation and retains deferred commands (228.609351ms)
✔ mission-one AI applies its native spell interval profile on the original phase (101.150017ms)
✔ mission-one closes its construction latch after the first Red hut (26.442485ms)
✔ campaign marker setup snapshots native entry state before live execution (46.568198ms)
✔ mission marker task sends one reserved brave to marker one (47.54827ms)
✔ mission-one ordinary marker guard patrols and answers nearby enemies (69.828468ms)
✔ campaign markers remove the bridge head on the native phase, independently of routing (90.691177ms)
✔ campaign counters track allocation and remaining head gifts through gameplay (115.251646ms)
✔ worship decays without followers and continues at full spell stock (186.963602ms)
✔ vault discovery follows worship, door, entry and exit tasks (179.755853ms)
✔ vault allocation preserves the current order when the shared pool is full (112.084776ms)
✔ original discovery messages follow script phases, persist and reset (84.282967ms)
✔ partial building queries consume their mode once and marker triggers bypass worship (27.287144ms)
✔ original opening runs before object turn 72 and its independent flyby clock can be interrupted (87.22283ms)
✔ native outcome phases honor campaign opponents, forced results and defeat recovery (279.3351ms)
✔ tribe gates suppress scripts and AI while object turns and eligible cooldowns keep their native phases (348.213492ms)
✔ emergency casting preserves queued work and preacher responses keep their own payment rules (129.641889ms)
✔ mission-one AI casting uses the live shaman state and cast-block flags (312.232547ms)
✔ live spell scans use population thresholds and building territory with delayed overlap recovery (43.974545ms)
✔ original campaign stops Dakini Blast casting after its second allocation (143.398201ms)
✔ campaign attack commitment follows living warrior counts on its original turn (182.092569ms)
✔ mission-one Dakini launches its native attack route when Blue enters marker three (111.986635ms)
✔ mission-one Dakini launches its later building attack when Blue overwhelms it (138.687189ms)
✔ mission-one Dakini pursues a fallback shaman by exact command target (26.846953ms)
✔ computer attack exhausts native scans and retreats below its surviving-member threshold (0.423616ms)
✔ computer attack pool exhaustion skips hostile dispatch and retires through native empty scans (66.19968ms)
✔ queued training keeps its selection lock until issuing the order and frees its slot after arrival (0.767722ms)
✔ mission-one red AI queues exact task 6 below one warrior and executes live training (146.666377ms)
✔ mission-one red AI does not reserve a second brave already committed to warrior training (34.20554ms)
✔ external game store publishes edits and restarts without sharing worlds between sessions (251.110309ms)
✔ mission-one victory continuation creates and restarts the recovered mission-two world (261.456997ms)
✔ mission-two Totem route reaches the Tornado guidance and use instruction (939.629525ms)
✔ mission-two enemy marker orders nearby Matak defenders to counterattack (205.326493ms)
✔ game store checkpoints restore an isolated exact world snapshot (108.228549ms)
✔ computer recruitment preserves wrapped-distance ties and native command eligibility (0.805599ms)
✔ group orders share references and release their object only after the final follower leaves (0.807793ms)
✔ AI reservation enters native selection state and releases through the normal person initializer (0.974373ms)
✔ training order startup uses configured speed and preserves only a compatible building occupant (1.085229ms)
✔ native training queue yields to an untrained follower and releases its new head (0.878308ms)
✔ live followers reach rotated native doors before entering buildings (602.505607ms)
✔ building admission preserves native slot order, training activity and shared commands (1.241184ms)
✔ training replaces a whole batch, inherits the first occupant order tail and rolls back partial allocation (1.024909ms)
✔ live mana refunds wait for a pulse and computer training receives only the original first pass (27.585402ms)
✔ follower mana uses native preacher orders, registration and ghost flags before tribe scaling (47.157033ms)
✔ live spell reach follows terrain height and enemy casts require and spend native mana (79.07616ms)
✔ native casting lockout survives animation and computer usage recovers one charge at a time (36.283378ms)
✔ spell targeting preserves native cell allowances and wrapped coordinate seams (72.396312ms)
✔ native spell scans retain slots and Blast scoring avoids friendly concentrations (50.847433ms)
✔ defeat seeds native building collapse and staged damage ejects occupants before removal (95.984268ms)
✔ building display stages follow remaining work and retain separate complete meshes (31.176517ms)
✔ results preserve pending turns, collapse defeated settlements and reject new orders (303.174994ms)
✔ result camera crosses the world seam, releases input and retains native sky timing (3.834256ms)
✔ victory owns persistent native followers, drops cargo and pauses logical animation (91.356184ms)
✔ live blocked followers retain native detour steering and recovery timers (33.201383ms)
✔ live celebrants obey native walk masks and survive the legacy ground-height cutoff (27.666472ms)
✔ live completed-building footprints relocate and clear on removal (49.404752ms)
✔ live native cell order follows arrivals and removes dead records (62.506676ms)
✔ live cell insertion repairs a stale head left by a removed person (1.334904ms)
✔ dead vehicle passengers release their slots and driver position (63.654749ms)
✔ live native preparation consumes reroutes and completes slow turns and reactions (31.097575ms)
✔ interrupted victory followers resume through native orders and rejoin celebration (43.877429ms)
✔ native idle approach composes with shared state and original resting animation (44.118331ms)
✔ native resting ownership allocates distinct slots and compacts after a follower leaves (40.728102ms)
✔ native route reuse shares ownership and live celebration releases each follower (65.041445ms)
✔ native route construction retries expired failures and stores the original bounded path (34.819486ms)
✔ native path search packs a trimmed route and preserves distinct vehicle retry flags (48.709513ms)
✔ native wrapped route smoothing respects blocked steps and measures retained segments (51.053411ms)
✔ native obstacle solving builds a world-seam detour and rejects a blocked destination (49.408292ms)
✔ native planned routes use the recovered solver and advance shared followers to their goal (26.733042ms)
✔ native boarding checks the first boat and landing requests reserve distinct original search cells (0.841824ms)
✔ live native routes release query ownership, expire failures and walk low shoreline (85.306072ms)
✔ live followers share routes, advance before exact arrival and release every owner (79.407067ms)
✔ hut families are selected once, shared with shapes and retained through upgrades (65.189423ms)
✔ mission-one low population response assigns and releases persistent shaman escorts (80.274099ms)
✔ shaman escort uses native pursuit cadence and strict boundaries (0.519711ms)
✔ Mission 5 Boat worship emits its original one-shot tutorial (187.08189ms)
✔ Mission 5 grants, boards, sails, lands and checkpoints its original Boat (278.912306ms)
✔ Ghost Army casts, spawns native ghosts, accepts orders, vanishes in combat, and follows AI (337.655749ms)
✔ world-view terrain matches captured native mesh order, projection and lighting (171.050852ms)
✔ overview drag/release matches native snapshots and every star-parallax step (2.423899ms)
✔ overview morph timing matches the original complete lifetime snapshots (0.874192ms)
✔ Ctrl starts followers immediately, appends shared waypoints and ordinary click ends the sequence (419.285419ms)
✔ eighth Ctrl click and Alt final click deselect without cancelling issued orders; right-click ends staging (192.131046ms)
✔ queued ground movement preserves every turn, RNG, poses and footprints at 5–240 Hz and irregular frames (767.823304ms)
✔ continued queue allocation failure retains issued orders, and an ordinary replacement releases them (66.337708ms)
✔ an enemy-person order waits behind a waypoint and advances when its target becomes unavailable (369.826334ms)
✔ ground waypoint handoff uses each playable class default initializer (373.844512ms)
✔ ordinary person turns apply native follower and Shaman healing without reviving excluded units (86.387748ms)
✔ live health adapter preserves airborne/state exclusions and combat status flags (50.928806ms)
✔ each original healing model receives exactly one recovered increment on the eighth turn (37.835339ms)
✔ a follower injured by the shipped missing-building release path later heals on an ordinary turn (37.334197ms)
✔ healing follows simulation turns across speed, refresh cadence, irregular frames and pause (543.657764ms)
✔ checkpoint migration preserves the next native healing turn (35.054125ms)
✔ building admission clocks match captured native blocks (7.920651ms)
✔ followers visibly cross the native interior threshold before housing consumes their command (1047.311348ms)
✔ simultaneous arrivals respect hut capacity and cancellation releases the scoped animation and route (212.813237ms)
✔ hut slots remain authoritative through a departure, replacement and birth turn (77.794366ms)
✔ fire interrupts entry without retaining its walking sprites or command record (110.999919ms)
✔ staged entry positions, RNG, admission and sprite clocks are independent of rendered frame rate (387.206057ms)
✔ entry re-plans interrupted steering and releases its source when the hut becomes unavailable (56.591727ms)
✔ scaled native panel and bottom-row digits remain above the modern footer (0.870076ms)
✔ HUD keeps preferred manual sizes and the original nominal auto steps when they fit (0.145879ms)
✔ HUD extraction retains the page client-component directive (0.558839ms)
✔ HUD selection and focus match captured original commands without changing other person fields (11.093723ms)
✔ HUD controls add followers without stealing simulation ownership or replacing marching orders (134.918501ms)
✔ building menu waits through delayed false images before continuing (14.993759ms)
✔ building menu exhausts its existing 30000 ms scope without continuing (232.067868ms)
✔ building menu propagates failed texture acquisition without retrying (1.658169ms)
✔ building hover Mission 1 waits through delayed false images before continuing (3.527916ms)
✔ building hover Mission 1 exhausts its existing 30000 ms scope without continuing (201.06854ms)
✔ building hover Mission 1 propagates failed texture acquisition without retrying (2.561746ms)
✔ building hover Mission 2 waits through delayed false images before continuing (4.659035ms)
✔ building hover Mission 2 exhausts its existing 30000 ms scope without continuing (160.424791ms)
✔ building hover Mission 2 propagates failed texture acquisition without retrying (1.372621ms)
✔ worship Tutorial waits through delayed false images before continuing (3.198712ms)
✔ worship Tutorial exhausts its existing 30000 ms scope without continuing (177.871652ms)
✔ worship Tutorial propagates failed texture acquisition without retrying (1.529356ms)
✔ worship Mission 1 waits through delayed false images before continuing (3.672493ms)
✔ worship Mission 1 exhausts its existing 20000 ms scope without continuing (173.466629ms)
✔ worship Mission 1 propagates failed texture acquisition without retrying (1.374213ms)
✔ repeated helper calls acquire the replacement document image (2.122867ms)
✔ only literal true permits readiness, never a truthy observation value (0.397677ms)
✔ late true is rejected after the awaited read settles, without another observation (2.726834ms)
✔ the last pause fits the deadline and no read starts after it (1.444629ms)
✔ invalid wait bounds fail before reading (0.34002ms)
✔ shaman health fill follows native integer bounds and absent/overfull cases (6.402181ms)
✔ HUD atlas metadata matches the PNG and contains every imported sprite (1.879582ms)
✔ portrait backgrounds and shadow-free directional layers match native captures (6.897324ms)
✔ tooltip bitmap placement and wrapping match the original desktop controller (76.379963ms)
✔ mana production stripes follow native rates, warning bands and controller modes (14.797564ms)
✔ live mana estimation uses the simulation clock and follows charging toggles (188.113187ms)
✔ follower counts, icon placement and housing fill match native HUD controllers (6.986438ms)
✔ population readouts exclude dead followers and reserve the shaman allowance (58.202243ms)
✔ hut birth clocks and destinations match captured original calls (2.702247ms)
✔ live newborns leave the hut and keep native birth feedback and gates (103.925193ms)
✔ hut smoke uses descriptor attachment slots, independently of resident capacity (3.904652ms)
✔ hut occupancy producer samples real occupancy every 32 building turns (0.45962ms)
✔ partial root uses the native 16-visit visible lifetime and restart draw (0.335744ms)
✔ full root is persistent and does not invent the unresolved child-puff phase (0.204407ms)
✔ all supported residential hut capacities switch partial to full at their native capacity (0.255274ms)
✔ visual frames stay on the recovered 16-frame sequences (0.197877ms)
✔ immediate occupancy events preserve capacity, phase and same-mode root identity (0.790237ms)
✔ drain elapsed old-root visits before an off-phase event without backdating the new root (0.761343ms)
✔ listeners are transient, identity-scoped and released through material disposal (0.395844ms)
✔ multiple presentation consumers unsubscribe independently without resetting each other (0.119439ms)
✔ live command8 owner publishes authoritative entry/removal for Hut level 1 (182.793061ms)
✔ live command8 owner publishes authoritative entry/removal for Hut level 2 (112.245794ms)
✔ live command8 owner publishes authoritative entry/removal for Hut level 3 (78.513855ms)
✔ ordinary Mission2 admission includes the new smoke root in that turn’s effect visit (4296.547042ms)
✔ pre-building occupancy removal receives one first visit, including counter wrap (256.667722ms)
✔ out-of-turn allocation survives pause; commands while paused remain rejected (273.170106ms)
✔ new-root completion is identity-scoped and one-shot for same-turn transitions (0.27963ms)
✔ batched turns and repeated rendering preserve the native first lifetime (243.173336ms)
✔ turn completion callbacks are clock-specific and are discarded on a failed turn (30.131143ms)
✔ hut maturity and cell timber match captured original calls (6.377674ms)
✔ residents fetch and stage timber before their hut upgrades (504.743426ms)
✔ Hypnotise uses the native footprint, temporary ownership, expiry, and AI target path (357.511344ms)
✔ Invisibility marks the native six, does not refresh, and reveals on time or combat (127.894287ms)
✔ player and computer casts share Invisibility application and old saves migrate (167.653183ms)
✔ complete Land Bridge lifetimes match native terrain, ordered trails and notifications (679.988959ms)
✔ live bridge terrain and particle cleanup are identical across refresh rates and stalls (2661.657423ms)
✔ ordinary Mission1–3 startup uses native terrain, authored gates and real conversion (497.093773ms)
✔ native opening excludes Shaman selection, without inventing a casting restriction (81.902804ms)
✔ checkpoint restore resumes every opening stage without replaying terrain/conversion (1802.598549ms)
✔ restart gets one fresh sequence; repeated flyby skip does not replay it (305.648343ms)
✔ only carrier-created stones are obstacles, while legacy sites keep their reservations (52.338591ms)
✔ opening wave, conversion and stone cues preload their existing original samples (8.426039ms)
✔ permitted opening casts enter native state22 and resume command18 without a stuck controller (1051.608548ms)
✔ fresh-load camera follows native cell-edge/center snapping and angle retention (0.449926ms)
✔ the command18 completion turn owns exactly one native person visit (308.996589ms)
✔ permitted state22 interruption and completion retain one counter increment per turn (645.92148ms)
✔ replacement player orders cancel startup before its counter write (163.273298ms)
✔ only the linked neutral startup conversion flash follows its replacement Brave (102.233073ms)
✔ a missing converted Brave does not retarget its flash or shorten the native expiry (143.91013ms)
✔ an invalidated command18 is consumed by the ordinary queue without completing the site (77.221646ms)
✔ original Lightning target gates, inclusive cap, attacker and electrocution phases (3.600115ms)
✔ live Lightning retains victims, displays native shock sprites, scatters survivors and cleans up (157.813051ms)
✔ Lightning outcomes and turn-by-turn poses are independent of rendering cadence (510.194921ms)
✔ live marching uses shared commands, original poses, separate slots and releases interruption/death/arrival ownership (467.100688ms)
✔ marching and resting preserve mechanics, footprints and sprite frames at 5–240 Hz and irregular frames (1240.010489ms)
✔ exhausted command pool preserves the previous movement and group ownership (103.400967ms)
✔ panic retains the real movement command and resumes its route after recovery (122.943655ms)
✔ obstacle recovery replans the owned group order and settles identically at 5–240 Hz (1587.389095ms)
✔ shared ground motion advances a retained route once before any state controller (84.264484ms)
✔ native432260 empty current slot returns before building live order context (24.181903ms)
✔ live worship shares an order, occupies exact slots, prays, earns gifts and releases interrupted/dead members (375.980912ms)
✔ live head rewards, displayed standing roster and group selection retain their distinct native rules (170.197864ms)
✔ worship motion, prayer frames, pose RNG and rewards are identical at 5–240 Hz and irregular frames (1140.31513ms)
✔ an unreachable head preserves the existing command without entering an unported retry state (97.091935ms)
✔ Ctrl waypoints finish at a stone head without replacing the current route or person (176.957461ms)
✔ training replacements inherit a queued stone-head order and perform the original prayer (149.151849ms)
✔ queued worship preserves turns, poses, RNG and rewards at 5–240 Hz and irregular frames (780.939842ms)
✔ local launch preserves sandbox and removes all unsafe Playwright defaults (1.517287ms)
✔ CLI accepts separate game root, owned output, browser and bounded settings (0.31287ms)
✔ CLI rejects unknown flags, missing values and unbounded inputs (0.197997ms)
✔ source fingerprint catches dirty tracked and untracked byte drift with unchanged porcelain (108.056025ms)
✔ active scenario completing during timeout diagnostics cannot turn failure into pass (106.36083ms)
✔ active scenario completing during interrupt diagnostics cannot turn failure into pass (4.839164ms)
✔ ordinary native constructors restore the logical gate without adding interpolation behavior (58.955548ms)
✔ native person and Splash frames wait for logical visits while clear-bit effects keep 24 Hz (48.266801ms)
✔ each catch-up turn observes the prior frame before one post-observer logical advance (36.818264ms)
✔ ordinary owner aliases and a post-turn handoff never advance twice (122.404532ms)
✔ state0 and removed gated sources do not fall through to presentation advancement (74.206945ms)
✔ pause, land pause and speed changes preserve owned logical animation visits (32.073841ms)
✔ legacy save aliases gain the gate without resetting frames or replaying on a new Scene clock (35.295017ms)
✔ a Splash allocated after processing gets one animation visit but no invented lifetime visit (27.486224ms)
✔ morph transitions keep one presentation owner even on coincident logical boundaries (85.591075ms)
✔ Firewarrior descriptor holds are measured in eligible logical visits (24.572239ms)
✔ post-turn source replacement visits only the active record, including at turn wrap (24.384057ms)
✔ direct simulation ticks and presentation calls do not manufacture logical visits (23.612348ms)
✔ marching geometry, recruitment, cleanup, speed and poses replay complete original calls (43.26356ms)
✔ native movement completion preserves payload, seam and vehicle boundaries and four-turn cadence (3.060475ms)
✔ marching cleanup tolerates a member whose native record was already released (0.973952ms)
✔ outdoor and building encounter calls match captured original fields, timing, RNG and sound (21.279446ms)
✔ all playable encounter pairs show the opening strike, physical stagger and defender-centered fight (607.506108ms)
✔ encounters and their animations stay deterministic across render schedules (286.57139ms)
✔ the native skip-intro flag and player cancellation do not leave stuck encounters (69.730945ms)
✔ an encounter releases cleanly when an airborne participant returns to ordinary motion (34.3848ms)
✔ live fights refresh the first native player alert each object turn (92.88863ms)
✔ simulation owns quiet, attack and battle music activity across pause and cancellation (40.350917ms)
✔ native fight admission, replacement and splitting retain original slots, flags and RNG (5.232696ms)
✔ stronger reinforcements replace the first weaker ally and preserve a three-person tribe limit (145.040785ms)
✔ two-sided reinforcements split the last fighter of each tribe into a new live fight (62.10769ms)
✔ reinforced group motion and combat remain identical at every render cadence (389.906213ms)
✔ center changes preserve original membership slots for subsequent splits (37.845897ms)
✔ pursuit refresh uses the original inclusive axis threshold and signed coordinates (1.032651ms)
✔ live pursuit updates before reaching the old destination and reuses unchanged routes (312.553305ms)
✔ automatic engagement uses equal tribe ranges, whole cells and original scan cadence (44.550231ms)
✔ native inhibition and pending scans apply without giving idle shamans automatic attacks (22.809563ms)
✔ live move orders cross nearby enemies without the old distance interruption (33.926433ms)
✔ idle followers of either tribe pursue detected enemies at every render cadence (431.413826ms)
✔ group attacks hit busy opponents without restarting their action or facing (5347.370173ms)
✔ Magical Shield does not block native mode-one melee damage (38.558364ms)
✔ opportunistic reach is measured from the opponent slot with an exclusive 360-unit boundary (213.749215ms)
✔ group combat stays deterministic across render schedules and yields to player orders (279.888745ms)
✔ knockback waits for terrain physics to settle and preserves cell ownership (109.866634ms)
✔ hits during knockback survive physics and player orders do not teleport the person (38.30227ms)
✔ sliding recoil, native animation and recovery are independent of render cadence (272.959598ms)
✔ shamans and the native game flag suppress ordinary attack knockback (182.66464ms)
✔ fight sites use the native 32-turn search and retain groups when no site is available (32.761433ms)
✔ fight sites leave original building footprints even between periodic search visits (52.958283ms)
✔ sequential fight searches avoid other fight centers and release exhausted searches (0.858509ms)
✔ live groups relocate sequentially without sharing another fight center (34.679121ms)
✔ native approach reaches its slot from every direction and waits one turn to chase a moved slot (282.927677ms)
✔ approach uses native cell collision and preserves the person across attack, recoil and new orders (38.259146ms)
✔ approach, native animation and subsequent combat stay identical across frame rates (218.451845ms)
✔ native descriptor threshold chooses exact small and large corner dimensions (1.829125ms)
✔ 1x frame overlaps native corners in a 100x96 rectangle, bottom corners last (6.242122ms)
✔ 2x and partial tiles retain exact 1:1 corner/edge pixels and a transparent center (60.992155ms)
✔ frame is a separate overlay and does not change terrain, markers or click ownership (0.869705ms)
✔ minimap pixels, camera wrapping, rotated UVs and markers match native captures (132.044714ms)
✔ Mission 10 runs its first Totem deadline and second Totem Erosion sequence (12238.515226ms)
✔ Mission 11 opens with both enemy tribes and four original knowledge sites (178.319741ms)
✔ Mission 11 opponents build their first settlement and scripted BUILD_AT tower on native cadence (6663.292057ms)
✔ Mission 12 opens with all three enemy tribes and original knowledge (66.465709ms)
✔ Mission 12 starts its original turn-7 flyby once (131.178623ms)
✔ Mission 12 opponents request their first Guard Towers on native cadence (311.650617ms)
✔ Mission 12 opening remains deterministic through checkpoint migration (927.93797ms)
✔ Mission 13 opens with both enemy tribes and original knowledge (79.0489ms)
✔ Mission 13 starts its original Yellow turn-6 flyby once (106.090455ms)
✔ Mission 13 Balloon Hut knowledge is visible before construction (188.632779ms)
✔ Mission 13 Land Bridge uses native surface categories at low shore (31.242291ms)
✔ Mission 13 Balloon Hut repeatedly produces occupied airborne transport (454.124872ms)
✔ Mission 13 opening remains deterministic through checkpoint migration (464.156742ms)
✔ Mission 14 delivers both linked gifts and a castable Angel through shipped paths (386.13887ms)
✔ Mission 15 ordinary Prison attack frees the captive and cancels the timer (301.26795ms)
✔ Mission 15 timer expiry locks input and kills the captive with enemy Lightning (134.446864ms)
✔ Mission 15 expiry stays latched if the Prison falls before Lightning lands (134.022177ms)
✔ Mission 15 captive Lightning branch requires an enemy caster, not the Prison cell (77.568778ms)
✔ Mission 16 worship grants Bloodlust and live combat consumes its status (411.379341ms)
✔ old checkpoints default Bloodlust stock without disturbing their world (60.263339ms)
✔ Mission 17 grants Armageddon and stages the native arena through the live cast path (844.826636ms)
✔ Armageddon uses generic victory and defeat outcomes and restores control (934.99362ms)
✔ Mission 18 loads its authored tribes and grants Armageddon and both Volcano rewards (2545.130217ms)
✔ Mission 18 starts its authored Red marker patrol through normal AI orders (127.545753ms)
✔ Mission 18 Armageddon restores its arena checkpoint and reaches both result directions (2438.956716ms)
✔ Mission 19 loads its authored objective and grants all three worship rewards (1062.237411ms)
✔ Mission 19 Teleport spends only accepted stock and resumes identically from a checkpoint (215.966581ms)
✔ Mission 19 warns once and gives Chumara loss priority over Dakini defeat (628.680732ms)
✔ Mission 2 naturally earns Matak kills and launches the organized raid (3008.210751ms)
✔ Mission 2 checkpoints retain kill ownership from the old red slot (87.441948ms)
✔ Mission 2 camp targeting takes the first model match without RNG (40.661772ms)
✔ Mission 2 producer matches native base, loss, capacity and resource boundary cases (338.843715ms)
✔ Mission 2 naturally establishes a new home Tower base and preserves phase3 checkpoint continuation (1186.92266ms)
✔ Mission 2 rebuilds after a real player army destroys both Towers, retaining its first construction base (8115.070098ms)
✔ Mission 2 explicitly trains replacement Warriors after natural combat despite zero producer preferences (5610.742908ms)
✔ Mission 20 loads its authored opening and four-stage linked chain (113.377173ms)
✔ Mission 20 worship consumes each head once and restores the live chain (2476.116146ms)
✔ Mission 21 loads its authored opening and first fault state (94.791859ms)
✔ Mission 21 converts worshippers and seals the first fault across a checkpoint (3829.210566ms)
✔ Mission 21 checkpoints one unsealed first-fault eruption without replay (3656.958243ms)
✔ Mission 22 opens with its solo Shaman, native heads, tribes and transport (95.611129ms)
✔ Mission 22 mode-3 head rejects an injected Brave supporting fixture (204.508843ms)
✔ Mission 22 nearby head is a one-shot presentation with no gameplay reward (407.365642ms)
✔ Mission 22 southern head delivers its delayed 600,000 mana gift after real worship (6468.32215ms)
✔ Mission 22 Shaman can steal, checkpoint and sail the authored enemy Boat (1677.034096ms)
✔ Mission 22 Shaman can claim the authored Balloon and complete the northern mana route (9014.312408ms)
✔ Mission 23 loads its authored tribes, Wildmen and worship chain (87.587094ms)
✔ Mission 23 enemy tribes grow their native settlements and populations (12769.8514ms)
✔ Mission 23 unlocks and repeats the native zero-mana gift through ordinary worship (1676.881739ms)
✔ Convert Wild allocation gates state and duplicates without cancelling existing work (1.653201ms)
✔ Convert Wild target retains density, wrap, tie, inclusive radius and list-centroid rules (0.489815ms)
✔ Convert Wild standability preserves initial target and tries only the first24 spiral positions (0.484518ms)
✔ Mission3 active type2 advances after allocation state is switched off (63.408991ms)
✔ type2 timeout clears motion before a blocked state transition and then frees the task (60.574465ms)
✔ type2 reads the active fight person even when its attack animation has no presentation source (38.149581ms)
✔ Convert Wild region lookup normalizes signed browser-native positions to unsigned words (0.174953ms)
✔ type2 casting preserves the real person flags2 readiness gate (24.212829ms)
✔ explicit flight person receives the allocation-safe return order without restarting its state (25.761753ms)
✔ explicit flight return preserves the complete world on order allocation exhaustion (34.436376ms)
✔ cast-ready flight-owned Shaman receives the type2 post-cast return on the same person (35.258089ms)
✔ type2 range reads actual signed person height rather than terrain beneath it (29.0892ms)
ℹ {"terrainHeight":146,"personHeight":896,"terrainRange":14,"personRange":24}
✔ Mission3 Chumara moves, spends its original shot and mana, then stops allocating at the population cutoff (1419.004651ms)
✔ Mission3 keeps idle follow-ups and area-summary automatic training unreachable (107.132568ms)
✔ ordinary Mission3 allocates a real pre-table response before ordinary production (258.020126ms)
✔ defense allocation preserves native caps, immediate empty-area cleanup and recycled scratch (0.616185ms)
✔ active defense suppression uses strict squared26 and wrapped cell distance (0.194411ms)
✔ native defense no-force fallback is a finite seven-visit lifecycle (0.388804ms)
✔ defense cleanup clears only matching assignment and native flag bits while preserving another lock (62.422971ms)
✔ lost early defense targets are invalidated before a different task dispatch (27.282306ms)
✔ defense Blast uses signed active-person height for native and flight-owned Shamans (95.406905ms)
✔ defense Blast reads active native, flight and non-presented fight positions in both range directions (142.427473ms)
✔ defense target collection preserves category caps, rejection rules and the omitted last spiral cell (1.155915ms)
✔ ordinary Mission3 intrusion produces a real type8 fallback, cleanup, repeat and checkpoint continuation (1143.929385ms)
✔ ordinary Temple acquisition and Preacher intrusion recruit a real Chumara defender with orders and movement (2496.263104ms)
✔ Mission 3 naturally trains a Blue Preacher, converts an authored Brave and resumes its mid-conversion checkpoint (3405.103766ms)
✔ a real movement command cancels the naturally acquired Blue sermon without converting its listener (1670.843164ms)
✔ natural Mission 3 conversion follows elapsed game time across display schedules (3099.621083ms)
✔ Mission 3 opens through original Chumara, Swarm, Temple and Erosion paths (2103.644504ms)
✔ single Preacher selector preserves native first-near/band order and strict distance boundaries (1.749175ms)
✔ single-person strict19 boundary, wrap, mode0 and invalid mode match native cases (0.296615ms)
✔ type11 waits for selection ownership and cancellation safely releases state14 and slot (78.344722ms)
✔ duplicate raw payload and failed allocator preserve native selection side effects (74.048203ms)
✔ Preacher allocator preserves native five-slot/state/signed-count boundaries (0.329164ms)
✔ 1103 replacement preserves all person/order state on allocation exhaustion (35.159282ms)
✔ natural Chumara training reaches marker3 Preacher task, checkpoint phases and movement (2621.11671ms)
✔ complete128-turn block preserves strict gates, command ordering and message lifetime (0.680732ms)
✔ 1103 retargets only active order30 in native state10/33 without restarting state (168.784493ms)
✔ cancelled blocked-state Preacher resets motion before the native state gate (22.791546ms)
✔ Mission 3 warns once when a naturally trained Chumara Preacher starts converting a Blue Brave (4562.253114ms)
✔ Mission 3 starts its original recurring-script flyby through ordinary turns (1515.311664ms)
✔ Mission 3 Chumara builds its settlement and trains its first Preacher (1461.52289ms)
✔ Mission 4 starts its original opening flyby once through ordinary turns (899.847521ms)
✔ Mission 4 teaches training and attack from its original live conditions once (101.958632ms)
✔ Mission 4 converts Wildmen, discovers the Guard Tower, and defeats the Matak (6069.000024ms)
✔ Mission 5 Angel head delivers its linked hostile summon through live worship (379.89822ms)
✔ Mission 5 checkpoint migration upgrades an explicit mode-5 legacy Angel without changing gameplay state (67.340703ms)
✔ Mission 5 checkpoint migration recovers an absent authored mode before upgrading the Angel model (39.303764ms)
✔ Mission 5 checkpoint migration adds only the previously omitted Angel head (63.131054ms)
✔ Mission 5 imports its linked Boat template from the verified native coordinates (1.497999ms)
✔ Mission 5 runs its imported opening flyby once through ordinary turns (1337.126193ms)
✔ Mission 5 launches its original ordinary raid when the player reaches the Angel head (489.565066ms)
✔ Mission 5 launches its surviving Dakini at the player Shaman (118.377555ms)
✔ Mission 5 staffs its original Dakini tower with a Preacher (167.558292ms)
✔ Mission 6 keeps both original opponents distinct through outcome and checkpoints (425.693991ms)
✔ Mission 6 credits each opponent attack task independently (49.447041ms)
✔ Mission 6 low-population survivors counterattack the player Shaman (174.979633ms)
✔ Mission 6 Chumara trains Preachers and launches its first mixed raid (15965.72132ms)
✔ Mission 6 opponents expand and Matak launches its first Warrior raid (17339.100094ms)
✔ Mission 6 ATTACK snapshots the native three-spell payload and keeps old tasks compatible (0.795454ms)
✔ type-20 sixth ATTACK quota selects exactly the tribe Shaman outside the generic selector (0.273691ms)
✔ Mission 6 first Matak ATTACK retains source-derived Land Bridge, Lightning, Blast order (15149.231738ms)
✔ Mission 6 phase-6 task Shaman uses native payment, eligibility, usage and range gates (119.187238ms)
✔ Mission 6 phase-6 task spell uses task target outside Shaman states 25/29 (70.2489ms)
✔ Mission 7 converts Wildmen and grants Invisibility through its original head (951.90227ms)
✔ Mission8 natural acceptance starts from the shipped seven-person Blue and eleven-person Red roster (70.295158ms)
✔ Mission8 attack staging is a land order for the original party, not a transport or worship prerequisite (64.769694ms)
✔ shared ground → training → destination queues retain identities until conversion and inherit the original tail (726.151495ms)
✔ shared ground → construction → destination queues retain identity and resume after the crew leaves (124.375945ms)
✔ cancelled, invalid, removed and dead queued builders release command-6 ownership exactly once (460.08377ms)
✔ a waypoint added while trainees are inside preserves occupancy; ordinary hut admission consumes the complete queue (464.751071ms)
✔ unavailable or cancelled buildings advance to the next order; replacement and death release shared references (357.136058ms)
✔ mixed movement, training, inherited orders, RNG and footprints match from 5 to 240 Hz and irregular frames (906.178316ms)
✔ building order preparation matches complete original CPU calls (0.868113ms)
✔ reinforcements and new encounters retain the same person and resume ground, building and worship orders (1012.080802ms)
✔ replacing or killing a reinforcement releases every retained command reference (164.144235ms)
✔ a displaced fighter retains its queue and a split keeps both followers’ original records (271.398057ms)
✔ combat interruption and resumed orders preserve simulation and poses across render rates (672.776514ms)
✔ combat removes a waiting trainee from its physical line while retaining its training order (78.932915ms)
✔ native model wave uses half, quarter, eighth strength then resets (2.062306ms)
✔ live waves retain first-hit deformation on resource scenery (105.406463ms)
✔ move input eligibility matches native category, strict-land and quarter-mask captures (16.634372ms)
✔ blocked move clicks preserve the whole selected group, shared orders, markers and RNG (129.53471ms)
✔ Markdown sections retain ancestry, repetitions, CRLF boundaries, and ignore fenced headings (2.179752ms)
✔ manifest validation accepts reviewed data and rejects duplicate IDs, missing paths, invalid parity references, and unsafe paths (56.810255ms)
✔ index is deterministic, clean without a cache, ignored when written, and regenerates after source changes (99.691894ms)
✔ index and context reject an indexed source symlink that escapes the repository (55.034669ms)
✔ repository validation requires one current top-level execution-order heading (35.253564ms)
✔ context returns bounded provenance, limitations, checks, and visible source truncation (67.641635ms)
✔ context output saves current JSON and rejects silent option mistakes (77.467581ms)
✔ preparation is independent of retired local status state (50.365369ms)
✔ native research packets grant only a contract-allowed ignored scratch directory (78.451513ms)
✔ role context carries a validated bounded assignment and explicit overflow (238.474768ms)
✔ reviewer context fingerprints the actual dirty, renamed, deleted, and untracked inputs (114.412238ms)
✔ real mapped evidence excerpts retain their material performance boundaries (2969.646701ms)
✔ Shaman appearance context keeps its complete checks and evidence within the default budget (882.981094ms)
✔ Followers task context retains complete checks without bloating selection context (512.814392ms)
✔ plan handles cross-cutting edits, renames, deletions, untracked and unsafe inputs without executing checks (159.165672ms)
✔ audit distinguishes baseline edits and reports out-of-scope, generated, input, untracked, and stale verification changes (139.436415ms)
✔ audit reports a pre-existing baseline change that disappears (79.984985ms)
✔ audit requires exactly one result for every required check (72.323584ms)
✔ blocked verification cannot masquerade as passing and passed results require evidence (91.556876ms)
✔ game server rejects an invalid isolated port (0.578008ms)
✔ preparation captures real baseline and hashes, validates intent, and refuses overwrite (251.268194ms)
✔ verification persists completed checks across interruption and replaces old passes at startup (102.849505ms)
✔ verification replaces a required receipt invalidated by a changed check definition (125.072381ms)
✔ reviewed aggregate coverage executes once, fingerprints covered inputs, and fails closed on script drift (287.632119ms)
✔ orchestration-tests receipts become stale when worker configuration changes (224.222727ms)
✔ repository-check receipts become stale when worker configuration changes (376.918032ms)
✔ verification runs only safe contract checks, records blocking, and detects mutations (484.63044ms)
✔ ephemeral default stays opt-in; persistent launch keeps sandbox and explicit data-dir (2.666553ms)
✔ unknown personal, noncanonical, existing unmarked and symlink directories fail before adoption (18.271384ms)
✔ symlink ancestor and evidence overlap are rejected (7.318256ms)
✔ an output symlink cannot alias profile data before preflight creates logs (14.334724ms)
✔ exclusive live and unknown locks are never recovered, and failed cleanup keeps ownership (19.23102ms)
✔ normal terminal cleanup retains checkpoint identity across a new exclusive run (22.018054ms)
✔ source/runtime/origin drift cannot silently adopt a game save (28.2499ms)
✔ symlinked source bytes and external or ignored scenarios cannot bypass input binding (15.957345ms)
✔ checker-only correspondence must bind prior run and both exact source identities (15.775442ms)
✔ unverified source and changed terminal ownership remain blocked (14.655812ms)
✔ lease refuses a replaced lock and leaves that owner untouched (12.406034ms)
✔ leftover Chromium ownership and replaced data directory block reuse (20.766475ms)
✔ committed readback is readonly, awaits completion, and hashes typed arrays/Map/Set contents (116.649871ms)
THREE.InterleavedBufferAttribute.clone(): Cloning an interleaved buffer attribute will de-interleave buffer data.
✔ painter centers retain precision and follow position replacement and updates (7.968202ms)
✔ construction caps replace face modes and hidden picking faces emit no material (1.26607ms)
✔ cell render order matches native mixed passes and retained arrival order (64.166768ms)
✔ cell traversal preserves live ordering when a stale chain entry is encountered (0.512429ms)
✔ mixed polygon buckets, reverse insertion ties and raster depths match native captures (10.060994ms)
✔ completed models reject native rear faces and shared side/bottom outcodes (0.468844ms)
THREE.InterleavedBufferAttribute.clone(): Cloning an interleaved buffer attribute will de-interleave buffer data.
✔ shared painter vertices follow attribute edits, splits and replacement (2.552011ms)
✔ native grid mapping matches exact XYZ mapping and rejects split heights or irregular coordinates (0.373711ms)
Unrecorded ledger change: run parity:record with a note
✔ parity credits verified scope only and rejects misleading or untraceable assessments (47.371114ms)
✔ report-only rendering refuses unrecorded parity progress (214.41207ms)
✔ verified requirements advance a fixed checkpoint share without hiding unknown scope (17.595275ms)
✔ assessments expose small gains and regressions without crediting scope revisions (42.834513ms)
✔ browser supervisor verifies cleanup after a missing checker dependency (387.942617ms)
✔ browser supervisor does not start the checker while the server port refuses connections (1205.436906ms)
✔ browser supervisor verifies cleanup after a checker exception (286.265658ms)
✔ browser supervisor classifies server spawn failure and verifies empty cleanup (19.792974ms)
✔ browser supervisor stops the checker when the ready server exits (709.178372ms)
✔ browser supervisor SIGTERM includes a detached checker descendant (958.037854ms)
✔ concurrent submitters and controllers preserve FIFO without overlap (1684.955307ms)
✔ failed and timed-out jobs release before automatic next job (1736.809261ms)
✔ cancel running and queued jobs without running queued command (1119.574669ms)
✔ missing cleanup blocks handoff, recovery requires a fresh matching receipt (1122.531146ms)
✔ live detached child prevents next test and is never killed by the queue (1315.336397ms)
✔ controller crash retains lock; recovery refuses live owner or job (1391.123181ms)
✔ foreign or missing execution scope cannot prove a controller stopped or authorize recovery (828.851758ms)
✔ legacy active jobs remain unknown even with no controller lock (689.316181ms)
✔ paused submissions start no transient controller before recovery (793.508566ms)
✔ source drift and busy ports block commands without touching existing server (609.851055ms)
✔ all linked worktrees resolve the same queue; invalid specs never launch (403.457765ms)
✔ submission preserves PATH under an ESM temp parent and returns one compact result (1524.146222ms)
✔ concurrent identical retries share one unfinished job; completed work can run again (1638.574307ms)
✔ run exposes a recovery ID before caller interruption; retry keeps the running job (894.263382ms)
✔ person panels preserve native command traversal, health and original draw submissions (3.681197ms)
✔ person-panel lifetime matches native refresh and remains independent of render rate (0.963056ms)
✔ order focus matches native targets and follows the displayed queue record (0.449094ms)
✔ destination marker preserves native attachment, frames and lifetime at every render rate (256.699212ms)
✔ panic and personal fire trails retain original timer, sound, anchor and allocation decisions (6.96773ms)
✔ burning huts eject running followers with distinct panic and trail lifetimes in all orientations (527.644867ms)
✔ panic motion, animation and fire trails are independent of presentation frame rate (231.143915ms)
✔ native building flames traverse matching cells in order, including repeated sockets and failed allocations (22.162522ms)
✔ live flame-cell adapter preserves protected followers, immunity, tribe and hidden occupants (22.710244ms)
✔ real Lightning ignition reaches nearby surviving followers before occupant evacuation (26.642247ms)
✔ ordinary clicks replace only new selections; Ctrl toggles and blocked clicks preserve the group (1.307363ms)
✔ selection never creates a simulation owner or interrupts existing group orders (204.18273ms)
✔ all native single/group selection voices and pointer acknowledgements are ready before audio activation (8.172699ms)
✔ worship placement preserves native two-pass search, occupancy, route order and failure flags (10.370148ms)
✔ worship command preserves native approach, prayer, retry and presentation RNG decisions (7.910936ms)
✔ ordinary stone-head visits expire the standing-slot cursor at the native byte timer (1.066051ms)
✔ construction-plan entrances, approach and timed attack sequences match native execution (29.32259ms)
✔ player append matches native shared references, cursor wrap, full queues, eligibility and pool exhaustion (18.054154ms)
✔ ground, building and forced-final worship modifiers and eighth-order deselection match complete native player packets (0.493611ms)
✔ replacement preserves prior orders when the shared pool is full (0.569975ms)
✔ sprite pointer brackets match native palette, two/four-layer geometry and unsigned animation wrap (4.836721ms)
✔ native conversion delay uses the recovered 200/3 timing basis (1.356166ms)
✔ a full order pool does not stop a moving Preacher without attaching its sermon (59.445582ms)
✔ inside command 31 binds its building and uses the native five-cell sermon radius (52.678814ms)
✔ conversion moves a newborn outside a building footprint before centering it (41.557578ms)
✔ sermon poses preserve native multi-turn RNG timing (26.259241ms)
✔ an idle preacher sermons, converts by replacement, and releases listeners on a new order (228.324483ms)
✔ preacher conversion is independent of display refresh rate (369.915917ms)
✔ queued command 31 rewrites to friendly building entry or ground movement (47.889714ms)
✔ live active preaching reaches emergency Blast priority (92.369931ms)
✔ live active preaching reaches emergency Swarm fallback (38.919447ms)
✔ live active preaching reaches emergency Lightning fallback (43.204501ms)
✔ emergency preaching response excludes no active assignment (27.995719ms)
✔ emergency preaching response excludes no live person record (27.871692ms)
✔ emergency preaching response excludes same tribe (33.181013ms)
✔ emergency preaching response excludes allied tribe (37.670602ms)
✔ emergency preaching response excludes invisible preacher (29.0557ms)
✔ emergency preaching response excludes caster cooldown (26.519422ms)
✔ emergency preaching response excludes no ready spell entry (25.515304ms)
✔ emergency preaching response excludes paused target scan (25.348074ms)
✔ emergency preaching response excludes no spell payment (26.897459ms)
✔ emergency preaching response excludes stored Lightning below its mana cost (25.141875ms)
✔ the independent enemy-Shaman response still spends stored Lightning without mana (25.028384ms)
✔ failed allocation consumes the sole producer opportunity before a later spawn (89.562866ms)
✔ busy rejection consumes allocation identity but preserves the active wave and saved site (51.448447ms)
✔ site height follows native ground-then-quantize arithmetic (158.504174ms)
✔ mode2 uses native eligibility, panic, descriptor damage and RNG without Swarm filters (501.448731ms)
✔ protected transitions retain repeated native cell hits and consume no panic RNG (32.174692ms)
✔ a wave removes an older in-cell Swamp before it can process in the same turn (40.534352ms)
✔ mode2 cleanup keeps an outside Swamp and the next enemy receives panic (33.527243ms)
✔ ordinary death produces a next-turn wave that outlives successful respawn (279.936055ms)
✔ checkpoints preserve mode2 identity, sites, orbits, terrain and RNG without replay (322.608107ms)
✔ mode2 interrupts the real encounter owner while retaining its person and order queue (48.416454ms)
✔ ordinary Boat and Balloon boarding retain seats and deselect passengers under mode2 panic (138.795392ms)
✔ panic transfers a live building-entry queue and resumes it after expiry (83.897527ms)
✔ ordinary groups settle into native rings, compact on departure and retain status through new orders (787.420669ms)
✔ group resting positions, facing, gestures and footprints agree at 5–240 Hz and irregular frames (590.510551ms)
✔ exhausted resting search waits and retries its original anchor through state 10 (62.794021ms)
✔ route probes preserve native building, coast and vehicle endpoint correction (20.172297ms)
✔ failed-route initialization and retries match native fields, timing and ordered consumers (9.468016ms)
✔ disconnected groups stop, retain shared attack/waypoint orders, retry and resume after land connects (272.756345ms)
✔ route-failure notice keeps the original text and retriggers without tutorial history (68.253378ms)
✔ new orders and death release blocked commands; shaman failures use their own original voice (197.99242ms)
✔ blocked groups retry on simulation counters, with identical recovery and combat at 5–240 Hz (1039.539504ms)
✔ blocked building-entry owners resume the same person and finish ordinary admission (74.893462ms)
✔ real command8 full occupancy emits an original-frame child without scene-owned RNG (738.962897ms)
✔ equal elapsed turns preserve secondary state across frame schedules with no bolt draws (213.865239ms)
✔ legacy missing-history roots bootstrap on first render without inventing past visits (134.971047ms)
✔ full roots copy the allocation byte and defer newly prepended children (1.9385ms)
✔ all byte phases and low-five-bit outcomes use the proved root gate (98.732109ms)
✔ actual UI reservations participate in inclusive gates after the root RNG draw (0.559871ms)
✔ marker expiry and child allocation share the same newest-first traversal (0.317186ms)
✔ children keep their own sixteen visits after the root is removed (0.416325ms)
✔ native free-list reuse and checkpoint reconstruction preserve physical slot ownership (0.889144ms)
✔ panel and preview reservations are derived from live adapter owners (1.706201ms)
✔ legacy marker overflow cannot leave ownerless immortal effects after restore (1.17244ms)
✔ browser capture retains the same live puff across ordinary Pause latency (2.723018ms)
✔ selection terrain mesh matches the executable with documented seven-point fan repairs (777.12345ms)
✔ selection fill/edges/corners retain native visibility, depth, UV and shared-corner ownership (24.365027ms)
✔ Shaman import preserves every prior frame, piece and animation entry (39.222411ms)
✔ actual tribe selects every native Shaman source and eight original directions (1.953914ms)
✔ Shaman idle artwork uses all four distinct original body pieces (0.189575ms)
✔ reincarnation distinguishes tribe bodies from shared spirit sources and layer owners (0.317697ms)
✔ shipped live and effect renderers consume the Shaman selector without changing generic mechanics (0.651978ms)
✔ all 3276 previous occupied sprite rectangles retain their reviewed RGBA (172.951208ms)
✔ real Mission 23 Shaman identity and death heading survive checkpoint reconstruction (768.65307ms)
✔ first and second actual presentation visits display 0 then 1, not 1 then 2 (653.835579ms)
✔ normal processed phases reset, loop independently of simulation, then freeze and hide (199.375251ms)
✔ new checkpoints retain shown/next frames; legacy checkpoints start at a bounded deterministic frame (68.258947ms)
✔ pause and native land-pause freeze the latch as well as the counter (9.830018ms)
✔ render schedules and effect-only animation cannot change gameplay, either RNG or respawn (2928.609704ms)
✔ ordinary combat death finishes existing wait and respawn without a duplicate effect (196.126023ms)
✔ ordinary Shaman phase1 follows both rising and lowering death-site ground (793.60097ms)
✔ the last processed phase1 sample survives checkpoint, transition and rise (224.927263ms)
✔ phase0 retains the death height until the first processed phase1 visit (16.775374ms)
✔ a direct drowning-entry fixture rises from its initial height without phase1 resampling (25.319773ms)
✔ model-12 rise freezes the last original spirit frame for all tribes and bearings (2.036267ms)
✔ death-site visibility follows the existing land and drowning lifecycles without changing them (55.942026ms)
✔ earlier body/transition poses retain their existing renderer behavior (0.324878ms)
✔ the live caller applies the bounded presentation only to model-12 reincarnation effects (0.638359ms)
✔ G queues one shared native guard and repeat replaces it without early preparation (233.450689ms)
✔ G empty selection cancels adopted guards through the next native visit (138.490665ms)
✔ G Shaman-only selection cancels adopted guards through the next native visit (71.833233ms)
✔ native G retains the ordinary move owner and route until its deferred turn (63.077519ms)
✔ same-turn move replacement discards G before the legacy resting initializer (69.835974ms)
✔ same-turn attack replacement discards G before the legacy resting initializer (84.960451ms)
✔ same-turn worship replacement discards G before the legacy resting initializer (90.039571ms)
✔ same-turn entry replacement discards G before the legacy resting initializer (67.27525ms)
✔ pending G replacement survives pause and checkpoint (210.585722ms)
✔ pending G cancellation survives pause and checkpoint (84.604997ms)
✔ G exhaustion still clears and attaches slot zero then retries after cleanup frees a slot (81.630882ms)
✔ target entering a vehicle with inside still null completes the saved guard order (93.324988ms)
✔ ordinary Shaman Tower entry retains Guard and resolves its building outside point (73.450451ms)
✔ actual deferred G setters match native phase vector G-retain-deselect-1-3 (97.948209ms)
✔ actual deferred G setters match native phase vector G-retain-deselect-7-5 (73.591352ms)
✔ actual deferred G setters match native phase vector G-retain-deselect-0-2 (79.383268ms)
✔ protected preparation and passenger early-return retain pending ownership until actual adoption (62.707873ms)
✔ protected cancelled state10 retains ownership until its empty-queue transition really occurs (68.353919ms)
✔ death anchors to the saved Shaman in another cell before cleanup (60.466759ms)
✔ class0 anchors to the saved Shaman in another cell before cleanup (70.987554ms)
✔ vehicle anchors to the saved Shaman in another cell before cleanup (64.177649ms)
✔ cancel anchors to the saved Shaman in another cell before cleanup (88.901708ms)
✔ saved Shaman identity does not retarget when the current Shaman is replaced (89.032724ms)
✔ legacy boolean checkpoints retain their old targetless history until supported fresh input (86.929817ms)
✔ flight single selection retains the entire legacy G operation (111.49039ms)
✔ flight mixed selection retains the entire legacy G operation (85.813967ms)
✔ fight single selection retains the entire legacy G operation (73.102869ms)
✔ fight mixed selection retains the entire legacy G operation (68.369643ms)
✔ entry single selection retains the entire legacy G operation (70.189896ms)
✔ entry mixed selection retains the entire legacy G operation (70.446661ms)
✔ builder single selection retains the entire legacy G operation (65.946865ms)
✔ builder mixed selection retains the entire legacy G operation (63.334984ms)
✔ passenger single selection retains the entire legacy G operation (60.680259ms)
✔ passenger mixed selection retains the entire legacy G operation (63.621315ms)
✔ work single selection retains the entire legacy G operation (59.764474ms)
✔ work mixed selection retains the entire legacy G operation (64.734009ms)
✔ gather single selection retains the entire legacy G operation (64.562988ms)
✔ gather mixed selection retains the entire legacy G operation (89.27574ms)
✔ delivery single selection retains the entire legacy G operation (85.186349ms)
✔ delivery mixed selection retains the entire legacy G operation (61.793781ms)
✔ casting single selection retains the entire legacy G operation (60.740168ms)
✔ casting mixed selection retains the entire legacy G operation (63.813573ms)
✔ legacy single selection retains the entire legacy G operation (60.606799ms)
✔ legacy mixed selection retains the entire legacy G operation (57.733705ms)
✔ legacy path single selection retains the entire legacy G operation (57.26372ms)
✔ legacy path mixed selection retains the entire legacy G operation (77.70024ms)
✔ different route owner single selection retains the entire legacy G operation (78.852987ms)
✔ different route owner mixed selection retains the entire legacy G operation (61.547758ms)
✔ native Brave guards do not fall into legacy automatic housing while near the Shaman (104.351657ms)
✔ G replacement/cancellation have identical turn ownership at ordinary and irregular refresh schedules (103.431695ms)
✔ native G producer: shared-two-followers-repeat-and-partial-replacement / G allocates one shared command30 (9.158749ms)
✔ native G producer: shared-two-followers-repeat-and-partial-replacement / G repeats while both selected (6.118837ms)
✔ native G producer: shared-two-followers-repeat-and-partial-replacement / G replaces only selected first follower (1.24597ms)
✔ native G producer: shared-order-no-follower-selection-cancellation / G creates (6.196123ms)
✔ native G producer: shared-order-no-follower-selection-cancellation / Shaman-only G cancels both adopted guards (1.189165ms)
✔ native G producer: queued-not-adopted-no-selection / G queues (0.850687ms)
✔ native G producer: queued-not-adopted-no-selection / G without non-Shaman selection before adoption (0.571999ms)
✔ native G producer: exhausted-pool-no-old-order / G allocation fails separately for both followers (3.268037ms)
✔ native G producer: exhausted-pool-clear-frees-slot-for-later-person / first failure clears old1, later retry succeeds and third shares (1.61879ms)
✔ native G producer: last-free-slot-wrap-is-shared / G uses last free slot once (1.130817ms)
✔ native G producer: producer-selected-dead-flag / raw selected non-Shaman-pointer still receives command30 (0.853572ms)
✔ native G producer: producer-selected-protected / raw selected non-Shaman-pointer still receives command30 (1.103948ms)
✔ native G producer: producer-selected-airborne / raw selected non-Shaman-pointer still receives command30 (0.464167ms)
✔ native G producer: producer-selected-ghost / raw selected non-Shaman-pointer still receives command30 (0.415114ms)
✔ native G producer: producer-selected-removed-class / raw selected non-Shaman-pointer still receives command30 (0.448984ms)
✔ native G producer: producer-selected-other-model7 / raw selected non-Shaman-pointer still receives command30 (0.440802ms)
✔ native G producer: producer-selected-training-state21 / raw selected non-Shaman-pointer still receives command30 (1.493933ms)
✔ native G producer: vehicle-passenger-selection-retain1 / G selected passengers (0.427281ms)
✔ native G producer: absent-current-shaman-does-not-issue-or-cancel / no Shaman pointer with selected followers (0.55915ms)
✔ native G producer: absent-current-shaman-does-not-issue-or-cancel / restore Shaman and issue (0.496526ms)
✔ native G producer: absent-current-shaman-does-not-issue-or-cancel / no Shaman pointer with existing guards (0.521763ms)
✔ native G producer: stale-shaman-pointer-dead / producer still emits target73 (0.585759ms)
✔ native G producer: stale-shaman-pointer-class0 / producer still emits target73 (0.425178ms)
✔ native G producer: stale-shaman-pointer-vehicle / producer still emits target73 (0.433752ms)
✔ native G producer: saved-target-is-not-rebound-by-tribe-shaman-replacement / G targets original73 (0.398158ms)
✔ native G producer: saved-target-is-not-rebound-by-tribe-shaman-replacement / new explicit G targets replacement74 (0.383015ms)
✔ native Guard distance: near-axis0-delta-824 (0.333521ms)
✔ native Guard distance: near-axis0-delta-823 (0.063154ms)
✔ native Guard distance: near-axis0-delta823 (0.043195ms)
✔ native Guard distance: near-axis0-delta824 (0.08626ms)
✔ native Guard distance: near-axis1-delta-824 (0.040131ms)
✔ native Guard distance: near-axis1-delta-823 (0.057546ms)
✔ native Guard distance: near-axis1-delta823 (0.095083ms)
✔ native Guard distance: near-axis1-delta824 (0.044257ms)
✔ native Guard distance: signed-edge-person32767-target32768 (0.101592ms)
✔ native Guard distance: signed-edge-person32768-target32767 (0.064467ms)
✔ native Guard distance: signed-edge-person0-target32768 (0.078237ms)
✔ native Guard distance: signed-edge-person32768-target0 (0.038037ms)
✔ native Guard distance: signed-edge-person65535-target0 (0.031928ms)
✔ native Guard distance: signed-edge-person0-target65535 (0.031568ms)
✔ native Guard distance: signed-edge-person32768-target33591 (0.025699ms)
✔ native Guard distance: signed-edge-person32768-target33592 (0.02699ms)
✔ native Guard distance: signed-edge-person32768-target31945 (0.058118ms)
✔ native Guard distance: signed-edge-person32768-target31944 (0.07311ms)
✔ native Guard distance: replan-axis0-delta-440 (0.069525ms)
✔ native Guard distance: replan-axis0-delta-439 (0.034482ms)
✔ native Guard distance: replan-axis0-delta439 (0.086911ms)
✔ native Guard distance: replan-axis0-delta440 (0.033591ms)
✔ native Guard distance: replan-axis1-delta-440 (0.024337ms)
✔ native Guard distance: replan-axis1-delta-439 (0.023095ms)
✔ native Guard distance: replan-axis1-delta439 (0.022944ms)
✔ native Guard distance: replan-axis1-delta440 (0.025839ms)
✔ native Guard distance: replan-signed-edge-goal32767-target32768 (0.025809ms)
✔ native Guard distance: replan-signed-edge-goal32768-target32767 (0.024617ms)
✔ Magical Shield protects six nearby followers for the native lifetime (114.229592ms)
✔ old checkpoints default new Shield stock without disturbing their world (48.479703ms)
✔ normal early mission data selects each original backdrop and both cloud layers (1.350578ms)
✔ same-bank Mission 10 uses the same p sky set without mission-number overrides (0.128252ms)
✔ previous bank d and g sky modes and unhandled banks remain unchanged (0.15304ms)
✔ early mission sky PNGs preserve exact original bytes (1.835566ms)
✔ camera horizons preserve original sky dispatch coordinates and fade (6.416583ms)
✔ continuous sky retains native wind rates and is invariant to segment subdivision (19.576496ms)
✔ spell button artwork, positions and charging fills match native draws (10.97733ms)
✔ all six original Shield/Bloodlust descriptor frames have real atlas rectangles (1.583097ms)
✔ ready, inactive, hover and selected states use the original descriptors, not Unicode or guessed frames (0.554593ms)
✔ authored Mission16 already exposes both sprites without forced availability or stock (116.657882ms)
✔ the original undiscovered spell question mark follows the accepted six-frame append (0.213921ms)
✔ all shipped spell descriptor icons remain available after the append (0.166069ms)
✔ HudSprite no longer substitutes a text glyph and still rejects unknown resources (0.397206ms)
✔ fresh and later missions use the native owned/reward-source/cast-permission precedence (272.51811ms)
✔ restart and checkpoint restore reproduce fresh Mission 1 HUD visibility (102.40865ms)
✔ owned stock wins over the mission-load discovery mask (41.813612ms)
✔ undiscovered art is the native HFX1056 branch and visible-disabled keeps normal art (0.615274ms)
✔ unit atlas retains reviewed tribe/state/direction layers when new models append (12.797462ms)
✔ brave carry animations retain the baked timber body layer (0.331668ms)
✔ base149 retains 51 original faces and existing atlas coverage without key model slots (2.056698ms)
✔ authored default149 roots and linked Mission10 Totem select the base mesh (288.295479ms)
✔ spell45, Obelisk8, Angel157 and Vault154 remain outside static149 (83.522147ms)
✔ source qualification rejects ambiguous identity, reward flags, missing links and scenery (41.071668ms)
✔ old null/absent presentation and new checkpoints derive149 without mutating saved state (75.449478ms)
✔ static presentation never replaces a different model or an active morph family (29.563891ms)
✔ only reward-derived model45 sources are initialized; unrelated head families and Vault remain separate (121.715954ms)
✔ enabled idle cycles18native animation visits without followers; hold/refill retain the original counter rules (0.480392ms)
✔ raw keypoints use base45indices/scale rather than endpoint face layout; all18cached outputs are distinct (13.682681ms)
✔ presentation pauses with world and native land pause without touching simulation or RNG (54.414699ms)
✔ normal authored worship earns Bridge stock while presentation leaves the entire gameplay state unchanged (175.241509ms)
✔ exhausted trigger does not remove its independent enabled decorative model45 animation (72.911037ms)
✔ mid-animation new checkpoint keeps phase and old optional-field checkpoint restores safely without rewards (58.91202ms)
✔ multiple heads keep separate state while30/60/120/144Hz and irregular schedules share one animation timeline (368.720878ms)
✔ shipped scene updates ordinary head positions byphase and leaves Vault on the existing path (1.906762ms)
✔ disable and refill within one presentation interval reset once without advancing the clock (0.221042ms)
✔ authored45 constructors retain the original logical animation gate (93.904263ms)
✔ ordinary body frames wait for logical turns without changing the24Hz presentation clock (99.978232ms)
✔ each catch-up controller and observer sees the prior body frame before one logical advance (89.564317ms)
✔ mode4 transition remains exclusively presentation-owned despite the gate bit (44.667997ms)
✔ lazy, post-turn allocated and removed bodies obey the completed-turn boundary (131.933984ms)
✔ legacy body checkpoints gain only the gate and a new Scene clock does not replay a turn (53.700346ms)
✔ disable and refill notifications retain raw phase then reset before their owned visit (44.412183ms)
✔ trigger exhaustion, pause, land pause and turn wrap preserve the separate decorative owner (45.611133ms)
✔ heading comes from the decorative scenery word, never trigger settings or model selection (1.287072ms)
✔ all16bits reach the angle-table mask and a missing producer is not treated as north (0.202735ms)
✔ linking uses the native512-unit cell, first scenery match and toroidal coordinate identity (0.142394ms)
✔ existing negative-Y scene rotation agrees with native heading basis; no camera or global offset is required (1.839081ms)
✔ Vault and unknown scenery keep their original angle; orientation lookup does not mutate saved gameplay (64.069573ms)
✔ both ordinary scene orientation consumers use the same helper; no other angle consumer changes (0.542595ms)
✔ real authored zero and high-byte headings survive the producer while saved trigger fields stay unchanged (160.706709ms)
✔ Swamp scans its native 3x3 footprint and honors victim and terrain gates (1.53913ms)
✔ Swamp uses one RNG draw, scans every fourth visit, and expires at ten kills (0.323435ms)
✔ the thirtieth same-tribe Swamp discards the oldest remaining controller (0.189875ms)
✔ live Swamp casting kills through the ordinary corpse path independently of refresh rate (204.461185ms)
✔ Swarm uses the supplied standalone original insect texture (1.273282ms)
✔ Swarm creation and first controller visit preserve original gameplay RNG and child fields (1.799801ms)
✔ Swarm first live visit allocates children before wandering begins on the second visit (60.878362ms)
✔ Swarm final fifteen controller visits progressively remove children before expiry (0.448473ms)
✔ Swarm reveals disguised Spies on panic and panic-protected non-removal paths (78.778035ms)
✔ confirmed invented generic and Angel success strings are not emitted (259.937548ms)
✔ Swarm follows player and computer cast paths with native insects, victim cadence, and lifetime (205.209018ms)
✔ Mission 2 naturally funds the Matak Shaman and casts Swarm through player orders (2372.443964ms)
✔ terrain ambience matches complete native ground queues, including empty views and depth ties (9.852541ms)
✔ tree ambience camera offset and wrapped radius match complete native cell visits (6.16833ms)
✔ local lights match complete native allocation, movement and cleanup captures (85.019825ms)
✔ Blast owns immediate terrain light until its ninth turn, preserving occupancy and pause (89.937678ms)
✔ native height notifications retain object order, duplicate visits and touching building flags (9.141123ms)
✔ terrain edits notify nearby plans, revalidate original slope rules and release an invalid plan (124.671737ms)
✔ a large terrain edit indexes live people once while retaining dirty notifications (86.653898ms)
✔ terrain dirtiness resets live steering without replacing its route (45.438399ms)
✔ terrain texture endpoints match original Direct3D triangle submissions (3.116499ms)
✔ model atlas UVs match native texel centers and retain fractional/outside coordinates (1.656577ms)
✔ terrain submission covers the native cell gate across headings and seams (287.354542ms)
✔ terrain copies omit only tiles with no native-visible cell, including seams and expanded bounds (287.908869ms)
✔ timber search matches native cell order, fog, protected stock and two-pass queries (47.62356ms)
✔ shared timber caches match native allocation, expansion, routing, ownership and expiry (73.017727ms)
✔ an exhausted indexed-search pool postpones expansion without corrupting the cache (0.737827ms)
✔ terrain changes recheck nearby timber routes and live Land Bridge reaches the cache (645.057438ms)
✔ live timber cost probes report routes and foreign territory without taking route ownership (59.757551ms)
✔ harvest clocks, transfer, scale and animation match original executable captures (1.502225ms)
✔ delivery waits, timber and construction stages match complete native calls (1.939271ms)
✔ Tornado replays native initialization, lifetime, carry and throw (7.162553ms)
✔ Tornado uses the native building protection and one-draw damage gate (0.604698ms)
✔ live Tornado casts, captures and throws independently of refresh rate (294.096578ms)
✔ tower admission uses rotated tribe sockets, ground membership and original one-shot occupant pose (2527.572022ms)
✔ a tower admits one follower and movement orders preserve elevation until physics resumes (71.946768ms)
✔ tower entry and held animation are deterministic at 5–240 Hz (400.86479ms)
✔ destroying an occupied tower releases its native record and display height (51.10978ms)
✔ a tower Firewarrior autonomously attacks an eligible hostile on the tower cadence (76.308225ms)
✔ tower preachers hand occupancy to command 31 and cleanly leave or die (248.556998ms)
✔ tower panel matches every original one-slot draw trace (4.313925ms)
✔ tower panel selection preserves occupancy; ordinary orders leave without teleporting (347.21649ms)
✔ tower dismantling releases its occupant and only braves perform the work (402.234956ms)
✔ training exit orders match original coastal correction and building precedence (15.929922ms)
✔ training admits five visible residents and places overflow on native rotated queue sockets (669.772082ms)
✔ queue cancellation retains successors and occupant departure reuses the first empty slot (93.936426ms)
✔ checkpoint reload preserves a full training hut and its waiting queue without loss (105.225802ms)
✔ funded training replaces a complete batch, releases references and walks warriors out (146.240048ms)
✔ a funded Temple trains a native model-4 preacher and sends it outside (128.696514ms)
✔ a funded Spy Training Hut trains an original model-5 Spy and sends it outside (152.540696ms)
✔ queue movement, admission, conversion and shared references are independent of render rate (947.743638ms)
✔ already-trained warriors accept training orders and yield queue priority to new braves (184.954912ms)
✔ training append preserves all70 pre-existing original models, including vehicles (12.015957ms)
✔ all original training types and owners resolve to actual meshes, not Blue substitutes (1.32627ms)
✔ the five recovered training variants retain original geometry, color tiles and all stages (5.484212ms)
✔ authored Mission16/17/22 training assets and identities survive checkpoint reconstruction (277.358377ms)
✔ the live building factory opts into original training selection without tint or gameplay changes (0.497537ms)
✔ camp human group command retains visible admission interpolation (644.527557ms)
✔ camp shared command-8 retains visible admission interpolation (378.41494ms)
✔ temple human group command retains visible admission interpolation (295.38083ms)
✔ temple shared command-8 retains visible admission interpolation (255.565955ms)
✔ spyHut human group command retains visible admission interpolation (275.884124ms)
✔ spyHut shared command-8 retains visible admission interpolation (212.425328ms)
✔ firewarriorHut human group command retains visible admission interpolation (300.882115ms)
✔ firewarriorHut shared command-8 retains visible admission interpolation (296.310249ms)
✔ hidden admission, exit, replacement and explicit placement remain discrete (57.611829ms)
✔ native training panels preserve slots, selection, palette, frames and turn-driven feedback (17.943344ms)
✔ wide charge arithmetic never runs backwards or exceeds its frame at maximum training mana (18.481563ms)
✔ shipped disguise completes aboard Boat, holds and accepts another command (142.19794ms)
✔ Balloon passenger idle entry holds without advancing or consuming orders (64.087981ms)
✔ shipped Balloon disguise configures its command position and completes aboard (49.911782ms)
✔ Balloon raw-coordinate startup wraps payload words and retains unported encodings (37.867632ms)
✔ pending Balloon disguise checkpoint retains command position and resumes once (50.351321ms)
✔ occupied state30 checkpoint resumes countdown without reinitializing motion or RNG (60.413285ms)
✔ ordinary disembark clears vehicle and state30 returns to orders for one visit (39.654224ms)
✔ replacement disguise interrupts pending and partially completed aboard commands (36.626189ms)
✔ fractional reference uses exact rectangle coverage at edges and corners (2.16435ms)
✔ adjacent glyph elements composite their shared fractional edge sequentially (0.296575ms)
✔ disabled opacity combines with coverage while transparent source pixels preserve background (0.304357ms)
✔ source crop and nearest sampling retain native pixels without atlas bleed (0.32679ms)
✔ pinned fixed8 coverage and integer interpolation explain the opaque edge without fitting (0.29976ms)
✔ single-pixel fixed8 rectangles and straight-alpha output retain their separate contracts (0.174652ms)
✔ tree growth and complete replant searches match native captures (11.401014ms)
✔ depleted timber replants after its full delay and grows on its own phase (2305.688722ms)
✔ burning depletion also queues one replant without reviving the old tree (86.259245ms)
✔ Tutorial advances through Shaman selection into the authored Obelisk flyby (944.93706ms)
✔ Tutorial restart recreates fresh script and view state (140.886684ms)
✔ overhead health gauges match native visibility, scaled-pose anchors and 24-pixel fills (1.803618ms)
✔ continuous positions follow captured native body/shadow interpolation (1.195936ms)
✔ every elapsed-time schedule reaches the same displayed position without changing simulation (511.424567ms)
✔ pause, endpoints, placement, entry, conversion and new people never replay stale movement (24.026239ms)
✔ Vault knowledge uses the original class-6/model-2 reward frames and socket (0.774012ms)
✔ Vault knowledge is present only while its authored reward source is active (0.148653ms)
✔ Mission 7 Vault knowledge uses occupied model-18 socket 1 placement (0.734473ms)
✔ Mission 3 Temple descriptor selects the native HFX identity (76.642478ms)
✔ Mission 3 marker glow owns a saved fourteen-frame cursor on the existing animation boundary (53.078784ms)
✔ ordinary Mission 3 Vault collection preserves payout while changing only world presentation (1131.785789ms)
✔ unrelated Vault and ordinary spell families retain their existing presentation owners (134.595738ms)
✔ a glow born on an animation boundary first displays frame zero before its next cursor (792.171726ms)
✔ original class4 mesh selection distinguishes geometry from tooltip IDs (1.773211ms)
✔ vehicle-only import preserves all68 existing model records (14.12808ms)
✔ authored campaign vehicles retain mesh identity across checkpoint reconstruction (199.735428ms)
✔ normal boarding, exit and destruction retain original mesh rather than changing gameplay state (33.767834ms)
✔ the normal Balloon Hut producer creates the original144 appearance (55.693368ms)
✔ the shipped vehicle factory consumes original models, with no custom hull/envelope (0.712069ms)
✔ original vehicle owner textures use adjacent source tiles and retain local UVs (7.841242ms)
✔ Boat travel and exit keep registered passenger object-cell membership current (128.795336ms)
✔ Balloon travel and exit keep registered passenger object-cell membership current (88.421922ms)
✔ same-cell passenger sync preserves one linked membership and never allocates an unregistered person (37.435038ms)
✔ checkpoint clone retains passenger cell identity and wrapped exit reindexes without duplicates (50.227853ms)
✔ live vehicle damage keeps the native owner, special, signed and reset rules (101.150951ms)
✔ Blast reaches live vehicles and native destruction ejects passengers alive (74.494704ms)
✔ vehicle life and destruction survive checkpoint migration and reload (109.671371ms)
✔ success-bearing exit preserves existing public point API and real failure (92.146373ms)
✔ live panel selection only changes native selection flags and preserves unrelated selections/orders/RNG (122.071557ms)
✔ Boat and Balloon unload launch without teleporting, clear orders, and survive occupied/airborne checkpoints (142.185182ms)
✔ unload click rechecks speed, occupancy and terrain after rendered enabled state (49.784107ms)
✔ authored Mission22 Boat and Balloon unload retain launch until a living landing (84.135707ms)
✔ vehicle panel uses native kind9 geometry, disabled raw art and selection overlays (5.148368ms)
✔ raw disabled vehicle sprite alpha is85 while tail remains170 and normal art opaque (0.510877ms)
✔ vehicle selection keeps work on single, expands deselection, and Shift selects blocked mates (0.359149ms)
✔ passenger right-click has inspection semantics, while unload right-click is inert (0.243335ms)
✔ unload readiness refresh clears cached success at speed12 or failed terrain (0.211568ms)
✔ stale unload failure repeatedly clears only current driver orders, without teleporting anyone (0.371618ms)
✔ hover adds a native fill, never a false selected marker; pressed overlays palette130 (0.336936ms)
✔ horizontal viewport expansion preserves native depth and safe projection arithmetic (331.829591ms)
✔ intermediate display footprint fills the observed bird-view cut without changing native camera state (5.609731ms)
✔ added display cells cover safe front-branch projected samples across zoom, rotation and torus fractions (69.893677ms)
✔ display bounds texture and CPU visibility share the same derived rows without feeding camera state (7.409403ms)
✔ visible cells match original traversal at boundaries and wrapped camera centers (773.542903ms)
✔ Volcano replays its native terrain, emission and disruption lifecycle (5.160427ms)
✔ player and computer Volcano casts share the live controller and old saves migrate (248.246104ms)
✔ review bundle is independently readable from a non-overlapping local fixture (166.654657ms)
✔ review bundle rejects quoted secret fields and environment-secret files atomically (155.425564ms)
✔ decoded command-receipt stdout and stderr reject escaped secret JSON without exposing values (148.222194ms)
✔ double JSON-string wrappers in stdout and stderr reject secrets without echoing values (122.108954ms)
✔ benign nested JSON strings pass within depth and decoded-byte bounds (61.114993ms)
✔ decoded JSON recursion fails closed beyond depth or total decoded-byte bounds (211.242863ms)
✔ decoded JSON byte boundary accepts exactly the configured budget (114.449214ms)
✔ tracked deletion has an explicit expected deletion identity and rejects tamper or omission (372.043042ms)
✔ real-path canonicalization rejects source aliases and bundle outputs through source symlinks (137.668973ms)
✔ bundle verification is bound to caller-supplied identities and rejects traversal (129.310614ms)
✔ raw command receipts retain source head and complete stdout/stderr (148.066306ms)
✔ command receipts bind dirty source and explicit ignored inputs and invalidate drift (205.070142ms)
✔ receipt CLI preserves repeated input flags and rejects zero-exit input drift (712.742439ms)
✔ a killed foreground wrapper retains unknown state and raw output, never a pass (732.340269ms)
✔ retired status and binding commands are not exposed or coupled to verification (1.695054ms)
✔ live aggregate coverage includes every maintained workflow integrity suite (247.576719ms)
✔ native models 13 and 15 route only completed vehicle workshops into kind 6 (1.440322ms)
✔ Boat House kind-6 panel uses native 136x82 rows and hit targets (0.651377ms)
✔ Boat House work cells fill only at each complete native 100-work boundary (0.567182ms)
✔ Boat House reuses original dismantle and cancel control phases (0.21317ms)
✔ Balloon Hut kind-6 geometry derives 208x82 from native capacity and ten work cells (0.284988ms)
✔ Balloon Hut work cells fill only at each complete native 100-work boundary (0.203615ms)
✔ Balloon Hut reuses the original dismantle and cancel control phases (0.222694ms)
✔ followers cross the former crop and both world seams, then settle at every frame rate (5428.141141ms)
✔ direct attacks take the short route and engage across both world seams (196.791569ms)
✔ live heights and sprite grounding read native terrain outside the compatibility grid (97.643376ms)
✔ mixed picking follows captured native painter ownership and pixel edges (2.958622ms)
✔ live pointer eligibility uses the active record and recorded cell building (733.045017ms)
✔ ScenePicking re-resolves injected overlapping terrain candidates against the current painter command (344.374104ms)
✔ native selector body hierarchy retains all 25 worlds and first-three moons (2.122707ms)
✔ opening campaign availability reflects completion without hiding replay access (0.310145ms)
✔ native controller, particles, palette and ordered draw arguments: companion-seed1 (25.337187ms)
✔ native controller, particles, palette and ordered draw arguments: companion-seed12345678 (7.808582ms)
✔ native controller, particles, palette and ordered draw arguments: companion-initial-pause (10.039241ms)
✔ native controller, particles, palette and ordered draw arguments: companion-mid-pause (7.262693ms)
✔ native controller, particles, palette and ordered draw arguments: spell-3-visible (9.733352ms)
✔ native controller, particles, palette and ordered draw arguments: spell-3-offscreen (7.965508ms)
✔ native controller, particles, palette and ordered draw arguments: spell-4-visible (7.087019ms)
✔ native controller, particles, palette and ordered draw arguments: spell-4-offscreen (7.743334ms)
✔ native controller, particles, palette and ordered draw arguments: spell-12-visible (6.929042ms)
✔ native controller, particles, palette and ordered draw arguments: spell-12-offscreen (6.013027ms)
✔ native spell kinematics and pending transitions: model-3-visible (2.679663ms)
✔ native spell kinematics and pending transitions: model-4-visible (2.16436ms)
✔ native spell kinematics and pending transitions: model-12-visible (2.733213ms)
✔ native spell kinematics and pending transitions: offscreen-bit (2.295316ms)
✔ native singleton replacement and independent pulse: bridge-replaced-at-10 (12.813957ms)
✔ native singleton replacement and independent pulse: bridge-replaced-at-26 (8.771688ms)
✔ native singleton replacement and independent pulse: bridge-replaced-at-30 (10.671029ms)
✔ handoff geometry is an owned snapshot; rendering is read-only and draws the last pulse once (5.20229ms)
✔ structured-clone restores all particles, trails, pending phases, draws and independent pulse (174.457309ms)
✔ spell motion, arrival and retirement do not depend on intervening shared cosmetic consumers (7.076824ms)
✔ native before/after limiter selection owns activation, active and tail deadlines (0.921794ms)
✔ ordinary phase handoff, arrival and next-object payout keep elapsed deadlines across refresh schedules (473.364273ms)
✔ simultaneous authored M1 handoffs use native clone priority without reversing payouts (45.940037ms)
✔ missing geometry consumes one request while world countdown continues without replay (135.054939ms)
✔ arrival suppression and capped stock preserve ordinary payout ownership (223.413028ms)
✔ visible acquisition pause preserves original order without broadening land-bit pause (71.940248ms)
✔ checkpoint continuation retains controller, queue, clock and cosmetic state without initialization replay (184.281864ms)
✔ layout transforms move only draw output and retain raised-body/fallback anchors (0.672239ms)
✔ authored ordinary sources exclude the spell-valued Vault and other missions (2.241645ms)
✔ ordinary shrine completion persists provenance, recipient and creation order (221.11179ms)
✔ generic spell, mana and knowledge gifts do not inherit ordinary eligibility (26.101284ms)
✔ legacy head identity may recover eligibility but an existing gift cannot (37.59625ms)
✔ ordinary Stone Head completion creates the original six-visit acquisition VFX before stock delivery (191.368322ms)
✔ spell-head reward admission preserves native oriented cell ranges and active command eligibility (5.695601ms)
✔ head-group selection shares native occupant flag rules and imported panel heights match the original consumer (1.747293ms)
✔ proved worship modes use their original static models without changing other head families (0.857598ms)
✔ original worship model 8 is the reviewed bank-2 geometry (1.074012ms)
✔ original worship model 157 is the reviewed static Angel-head geometry (0.367382ms)
✔ legacy appearance migration recovers recursive authored modes and preserves existing families (201.414128ms)
✔ linked tutorial mode-3 Obelisk retains its authored mode and model (42.06589ms)
✔ Temple training uses the canonical shape doorway rather than crossing its footprint (74.695474ms)
✔ normal worship approach follows the same canonical stone-head heading as the rendered head (90.678198ms)
✔ legacy Mission22 worship appearance is derived from authored source identity without changing checkpoint state (138.813951ms)
✔ legacy linked mode3 head migrates recursively while root trigger and unrelated state stay byte-for-byte equivalent (26.090167ms)
✔ legacy non-mode3 and Vault heads recover mode without changing their presentation families (29.357171ms)
✔ authored worship lookup uses immutable source fields and agrees for Mission22 and linked tutorial head (55.743072ms)
✔ shipped store load migrates legacy Mission22 before real command-27 Brave admission (108.307694ms)
✔ automatic worship-panel activity is written only by a supported completed mode-0 sample (1.33848ms)
✔ automatic producer keeps unproven families out of the first shipped slice (0.189474ms)
✔ automatic retention reads the last player-specific sample rather than generic follower state (0.123866ms)
✔ automatic retention releases an inactive completed head even after a positive last sample (0.15311ms)
✔ worship panels preserve native progress, recharge, slots and artwork without clipping the second row (15.30053ms)
ℹ tests 1242
ℹ suites 0
ℹ pass 1242
ℹ fail 0
ℹ cancelled 0
ℹ skipped 0
ℹ todo 0
ℹ duration_ms 182759.86803

> populous-first-dawn@0.1.0 parity:check
> node scripts/parity.mjs check

Parity ledger, evidence paths, revision and generated report are consistent.

> populous-first-dawn@0.1.0 orchestration:check
> node scripts/orchestration/cli.mjs check

{
  "status": "passed",
  "checks": 130,
  "subsystems": 11,
  "generatedOwners": 6,
  "unmappedSourceCount": 151,
  "unmappedSources": [
    "app/ambient-sound.ts",
    "app/animation.ts",
    "app/audio-preferences.ts",
    "app/audio.ts",
    "app/blast-wave.ts",
    "app/building-clearing.ts",
    "app/building-damage.ts",
    "app/building-debris.ts",
    "app/building-dismantle.ts",
    "app/building-occupants.ts",
    "app/building-sinking.ts",
    "app/building-smoke.ts",
    "app/building-terrain.ts",
    "app/celebration.ts",
    "app/chatgpt-auth.ts",
    "app/combat-approach.ts",
    "app/combat-building.ts",
    "app/combat-order-search.ts",
    "app/combat-orders.ts",
    "app/combat-pursuit.ts",
    "app/combat-targets.ts",
    "app/command-context.ts",
    "app/construction-panel.ts",
    "app/convert-wild.ts",
    "app/drag-border.ts",
    "app/drag-overlay.ts",
    "app/earthquake.ts",
    "app/effect-motion.ts",
    "app/erosion.ts",
    "app/firestorm.ts",
    "app/flatten.ts",
    "app/footprints.ts",
    "app/fps-graph.ts",
    "app/globe-renderer.ts",
    "app/globe.ts",
    "app/ground-overlay.ts",
    "app/hud-charge.ts",
    "app/hud-font.ts",
    "app/hud-health.ts",
    "app/hud-mana.ts",
    "app/hud-population.ts",
    "app/hud-portrait.ts",
    "app/hud-selection.ts",
    "app/hut-birth.ts",
    "app/hut-occupancy-smoke.ts",
    "app/hut-smoke-runtime.ts",
    "app/hut-upgrade.ts",
    "app/indexed-search.ts",
    "app/land-bridge.ts",
    "app/layout.tsx",
    "app/level-one.ts",
    "app/level-three.ts",
    "app/level-two.ts",
    "app/live-resting.ts",
    "app/mana.ts",
    "app/melee-encounter.ts",
    "app/melee-engagement.ts",
    "app/melee-groups.ts",
    "app/melee-placement.ts",
    "app/melee.ts",
    "app/minimap-frame-view.tsx",
    "app/minimap-frame.ts",
    "app/minimap-renderer.ts",
    "app/minimap.ts",
    "app/model-faces.ts",
    "app/model-lighting.ts",
    "app/morph.ts",
    "app/music.ts",
    "app/native-math.ts",
    "app/original-bloodlust.json",
    "app/original-camera.json",
    "app/original-constants.json",
    "app/original-effects.json",
    "app/original-fire.json",
    "app/original-minimap-frame.json",
    "app/original-music.json",
    "app/original-pointer.json",
    "app/original-script-three.json",
    "app/original-script-two.json",
    "app/original-script.json",
    "app/original-search.json",
    "app/original-shapes.json",
    "app/original-sky.json",
    "app/original-skylens.json",
    "app/original-sound.json",
    "app/original-stone-heads.json",
    "app/original-tooltips.json",
    "app/original-vault-knowledge.json",
    "app/painter-vertices.ts",
    "app/painter.ts",
    "app/path-geometry.ts",
    "app/path-search.ts",
    "app/path-solver.ts",
    "app/person-collision.ts",
    "app/person-idle.ts",
    "app/person-motion.ts",
    "app/person-panel.ts",
    "app/person-physics.ts",
    "app/person-route-recovery.ts",
    "app/person-state.ts",
    "app/preacher-conversion.ts",
    "app/projectile-motion.ts",
    "app/projection.ts",
    "app/resting-slots.ts",
    "app/scene-hud-runtime.ts",
    "app/scene-secondary-effects.ts",
    "app/scene-vault-knowledge.ts",
    "app/scenery-fire.ts",
    "app/secondary-effects.ts",
    "app/selection-raster.ts",
    "app/shaman-death-vfx.ts",
    "app/sky-motion.ts",
    "app/sky.ts",
    "app/special-battle.ts",
    "app/spell-button.ts",
    "app/spell-halo.ts",
    "app/spell-trails.ts",
    "app/spell-visibility.ts",
    "app/sprite-layers.ts",
    "app/stone-head-149.ts",
    "app/stone-head-animation.ts",
    "app/stone-head-orientation.ts",
    "app/swamp.ts",
    "app/swarm.ts",
    "app/terrain-ambience.ts",
    "app/terrain-light.ts",
    "app/territory.ts",
    "app/tooltip-layout.ts",
    "app/tornado-runtime.ts",
    "app/tornado.ts",
    "app/training-conversion.ts",
    "app/training-hut-appearance.ts",
    "app/training.ts",
    "app/tree-growth.ts",
    "app/unit-health.ts",
    "app/vault-appearance.ts",
    "app/vehicle-appearance.ts",
    "app/vehicle-routing.ts",
    "app/volcano.ts",
    "app/water.ts",
    "app/workshop-panel.ts",
    "app/world-coordinates.ts",
    "app/world-initialization.ts",
    "app/world-selector-data.ts",
    "app/world-selector.module.css",
    "app/world-selector.tsx",
    "app/world-state.ts",
    "app/world-tasks.ts",
    "app/worship-appearance.ts",
    "app/worship-panel-activity.ts",
    "app/worship-panel.ts"
  ],
  "cacheRequired": false
}
