
> populous-first-dawn@0.1.0 check
> npm run typecheck && npm test && npm run parity:check && npm run orchestration:check


> populous-first-dawn@0.1.0 typecheck
> tsc --noEmit


> populous-first-dawn@0.1.0 test
> node --test tests/*.test.mjs

✔ live Mission3 adapters rotate an eligible Convert Wild producer behind training (123.849894ms)
✔ producer table preserves singleton priority, one stable pass, and signed counts (0.95796ms)
✔ producer capacity is checked before callbacks and after pre-table allocation (0.578127ms)
✔ checkpoint migration retains producer history and initializes each legacy AI independently (141.924279ms)
✔ authored early producer opportunities record native table attempts without changing later missions (1023.995636ms)
✔ Missions1/2 never enable type8 or idle type11/15 response follow-ups (244.093046ms)
✔ ordinary Missions1/2 allocate a real pre-table scan at their first producer opportunity (558.542071ms)
✔ normal first scans finish and repeat without a placeholder reservation (618.339599ms)
✔ ordinary Mission2 movement reaches a real response and resumes the scan checkpoint (438.025376ms)
✔ response allocation preserves native duplicate, disabled, cancellation and exhaustion gates (1.445333ms)
✔ early automatic training requires at least the native school capacity (281.604821ms)
✔ training capacity compares the native signed32-bit available total (0.779776ms)
✔ six followers share ground → area attack → ground orders, destroy the hut and regroup (364.981258ms)
✔ losing an acquired building rescans the area, fights a new person and retains the waypoint tail (193.88765ms)
✔ cancelling a reserved fight releases its reservation and the entire staged tail (127.485067ms)
✔ area targeting distinguishes an unbuilt plan from a partially constructed building (374.017144ms)
✔ arrival voices count approaching followers and fire once when they near the ordered area (497.802245ms)
✔ area approach, combat, arrival voices and queued destinations agree at 5–240 Hz and irregular rendering (1365.816384ms)
✔ pausing an unfinished music play preserves enabled sound and later resume (10.945407ms)
✔ late rejection from an older resume cannot cancel the newest playing request (1.277544ms)
✔ a superseded context resume does not submit an extra music play (3.607759ms)
✔ mute cancels pending playback without recreating the background timer (3.029872ms)
✔ dispose cancels pending playback without recreating the background timer (0.88358ms)
✔ the current playback failure still rejects rather than hiding a real media error (2.305648ms)
✔ current context errors propagate, while a disposed request cannot report a stale failure (0.682802ms)
✔ initial enable can finish while paused without turning the sound setting off (2.605803ms)
✔ enable reports cancellation when muted during its pending playback (1.047873ms)
✔ first visit and non-browser rendering keep the existing defaults without writing (2.182526ms)
✔ versioned zero/full volume restores without truthiness fallback or autoplay data (0.312353ms)
✔ malformed, unsupported and unsafe values fall back without overwriting the record (0.605948ms)
✔ only an explicit valid change writes the known preference fields and leaves other storage alone (0.291893ms)
✔ invalid programmatic values never persist or replace the last valid choice (0.443627ms)
✔ denied storage getter, reads and writes are safe session-only fallbacks (0.384981ms)
✔ restoring volumes does not create audio, enable playback, or change audio RNG/reset semantics (9.950371ms)
✔ authored origins survive initialization for all five currently live campaign bridge heads (601.364589ms)
✔ ordinary Mission 2 worship creates the authored crossing and every live terrain turn matches it (1541.929332ms)
✔ legacy migration recovers only missing immutable origins without replaying active terrain (982.474196ms)
✔ component checkpoint preserves authored birth caches when sampled terrain changes before the next visit (750.715817ms)
✔ pre-activation legacy save and mid-bridge checkpoint continue once at the authored origin (1428.901963ms)
✔ automatic Boat search filters native-ineligible vehicles and boarding shares the driver route (127.148814ms)
✔ music sections and ordinary ambient decisions match captured original execution (7.382304ms)
✔ percussion uses audio timestamps at low/high/irregular frame rates and skips stale starts (3.20365ms)
✔ Blast head reaches impact and native first/last wave visits launch enemies/allies (146.781115ms)
✔ Blast and follower presentation share elapsed time at low/high/irregular refresh rates (752.476293ms)
✔ projectile snapshots preserve pause, wrap and explicit placement without touching unrelated effects (44.557447ms)
✔ original Blast indexed visits, alliances, repeated impulses and damage gates (30.570756ms)
✔ live Blast delays allied launch, retains native flight height and restores commands after landing (266.340476ms)
✔ Blast and landing damage share original shields, protection, attacker and life wrapping (0.765004ms)
✔ wild followers land into their original state 8 without losing the unit (120.81222ms)
✔ a burning airborne follower keeps one panic clock and releases its native pose after landing (73.264816ms)
✔ Boat House launch matches native type-1 computer full ejection (214.777144ms)
✔ Boat House launch matches native type-2 human driver removal with retained occupants (83.650382ms)
✔ maintained checkpoint callsite waits for delayed false reads before reloading (6.003891ms)
✔ maintained checkpoint callsite rejects exhausted false reads without reloading (29.996009ms)
✔ maintained checkpoint callsite closes rejected reads without reloading (3.344268ms)
✔ rendered transport checker independently counts whole mixed-class craft (2.877606ms)
✔ rendered transport checker rejects partial, unrelated, duplicate and wrong-class groups (5.972674ms)
✔ transport pixel oracle retains real device scale and outward clip padding (1.094673ms)
✔ transport oracle preserves fractional scales and detects the old footer/hit failure (2.470923ms)
✔ readiness reads rebind after fresh page reload and on repeated calls (10.971054ms)
✔ readiness wait sequentially awaits false samples before accepting literal true (3.151803ms)
✔ a truthy non-boolean readiness field does not pass the wait (13.058304ms)
✔ read errors propagate and repeated unready samples time out without mutation (48.764373ms)
✔ maintained Mission 4 callsite awaits valid profile completion before continuing and reloading (11.307564ms)
✔ maintained Mission 4 callsite exhausts false reads without starting continuation (16.885713ms)
✔ maintained Mission 4 callsite accepts completion on the last read without a final pause (15.396085ms)
✔ maintained Mission 4 callsite rejects failed opens without starting continuation (11.447326ms)
✔ maintained Mission 4 callsite closes rejected reads without starting continuation (2.547186ms)
✔ maintained Mission 4 callsite closes a database when starting its read throws (3.154657ms)
✔ maintained Mission 4 callsite closes databases with a missing store and fails closed (14.839515ms)
✔ maintained Mission 4 callsite requires literal true before starting continuation (2.98116ms)
✔ building attack phases, entrances, damage and shake match native execution (68.152432ms)
✔ an entirely occupied world cancels special positioning instead of hanging (0.957179ms)
✔ live building assault enters, strikes, shakes and destroys via native damage accumulation (1015.438488ms)
✔ occupied building ejects a defender and the same native command resumes after winning (143.713321ms)
✔ building attack mechanics and poses are independent of rendering cadence (982.761496ms)
✔ attacker death releases immediately; target loss rescans the area before completing (201.723554ms)
✔ native defence gate and shaking retain counter cadence, signed lifetime and collapse RNG (2.428892ms)
✔ cancelling or killing an attacker during its defender encounter releases the retained order (263.311331ms)
✔ complete native scenery clearing, shared waits and ownership requests (280.331799ms)
✔ complete native people clearing, shared waits and ownership requests (144.031233ms)
✔ live clearers harvest on-site trees, carry and deposit logs, then move bystanders before allocation (1304.976139ms)
✔ clearing pauses without advancing and cancellation releases its native animation and route (203.780043ms)
✔ clearing bushes starts the original fire and retreats before the site is allocated (185.970273ms)
✔ occupant restoration and facing match native captures, including seams and backwards facing (10.281727ms)
✔ live exits retain position and sprite ownership for every building orientation (2215.9821ms)
✔ command cancellation uses shared exit restoration without changing the route start (41.505708ms)
✔ timber hauling matches native phases, movement, reservations, transfers, poses and clocks (51.745983ms)
✔ native building origins, exact ground writes and plan height initialization (239.042563ms)
✔ live rotated foundations use native vertices and preserve surrounding terrain (817.503237ms)
✔ buildings retain distinct terrain handles after long effect-heavy games (41.310088ms)
✔ native descriptor data routes completed huts through kind 7 with resident capacities (1.26779ms)
✔ kind-7 hut rows place occupant and dismantle hit targets from native capacity (1.54417ms)
✔ training charge row keeps existing controls aligned after shared geometry extraction (0.176342ms)
✔ unbuilt plan priorities, validation, allocation and abandonment match native decisions (10.336618ms)
✔ leveling movement, animation, timers, terrain and sound match complete native task 8 (38.644145ms)
✔ live plans retain uneven ground, level visibly and wait for timber and crew clearance (2898.8829ms)
✔ a full shared order pool leaves a new plan unstaffed without leaking ownership (83.098156ms)
✔ simultaneous fetch deposits cap preparation work and preserve surplus timber (96.512698ms)
✔ unattended plans expire and redirected leveling workers release their sprite and route (219.667392ms)
✔ native preparation clears on-site timber before allocation without deleting its resource (203.613721ms)
✔ foundation settling, flooding and dock edges match original executable captures (217.59546ms)
✔ original wet-side tipping, drift, spin and sinking expiry retain complete native trajectories (186.60881ms)
✔ terrain collapse ejects before destruction, retaining its two-turn delay (0.579349ms)
✔ healthy buildings settle without entering repair; deformed and flooded buildings use distinct destruction (1108.140809ms)
✔ complete native cell validity and exact placement feedback (95.34085ms)
✔ placement protects reincarnation stones without a living Shaman and reserves buildings (1181.039835ms)
✔ building activity matches native geometry, clocks, speed, facing and animation requests (47.123829ms)
✔ live builders reach work poses, animate, pause, cancel and finish without stale sprites (491.190635ms)
✔ crews leave finished huts in all four orientations before the plan releases them (2975.255757ms)
✔ player construction orders approach natively and deposit carried logs before fetching (1955.114296ms)
✔ builder admission and stale-slot pruning match complete native calls (9.541012ms)
✔ construction dispatch, repair clocks and departure gates match native plan calls (18.314376ms)
✔ scheduled burning plans panic only unlocked builders on building cells (135.167873ms)
✔ repair smoke footprint and terrain refresh match native cell traversal (2.648258ms)
✔ two live builders dispatch one hauler on the original sixteen-turn phase (345.968357ms)
✔ later construction haulers skip timber reserved by an earlier search (110.832551ms)
✔ timber reservations reopen, drain and release on native transitions (0.293114ms)
✔ live plan capacities, duplicate orders and replacement workers share registration (137.112868ms)
✔ zoom retains native preset bounds and the existing 18-step timer (1.791618ms)
✔ render previews do not mutate native state and meet every committed step across all resolution tables (137.559681ms)
✔ 30/60/120/144 Hz and irregular preview schedules retain duration and every owned native configuration (16.927403ms)
✔ conversion observation requires the native victim-owner and replacement flags without world mutation (2.145372ms)
✔ death, ordinary births, startup conversion flags and enemy preacher ownership are not credited (0.48518ms)
✔ observation resets at mission boundaries and does not infer events across unobserved turns (0.160628ms)
{"label":"fixture","ready":true,"turn":1,"status":"playing"}
{"checkpoint":"mission-2-start","level":3,"status":"won","turn":1,"population":{}}
{"checkpoint":"mission-2-won","level":3,"status":"won","turn":1,"population":{}}
{"checkpoint":"mission-2-result","level":3,"status":"won","turn":1,"population":{}}
{"checkpoint":"mission-3-continued","level":3,"status":"won","turn":1,"population":{}}
{"checkpoint":"mission-3-won","level":3,"status":"won","turn":1,"population":{}}
{"checkpoint":"mission-3-result","level":3,"status":"won","turn":1,"population":{}}
PASS: fixed-turn diagnostic wins Mission 2, continues, and wins Mission 3; not real-clock gameplay
✔ sandbox adapter retains every existing assertion, turn bound and campaign action (4.679982ms)
✔ changed or duplicated maintained checker scaffold fails closed before browser execution (2.119664ms)
✔ late final screenshot completion cannot mark an aborted campaign scenario passed (6.229641ms)
✔ actual native triangles supplement the historical fixed anchor scan (7.24806ms)
✔ geometry candidates cannot bypass foreign object or DOM overlay ownership (2.89952ms)
✔ normal zero-dt frame refresh resolves stale panels while retaining simulation slots and clock (1.802344ms)
✔ presentation refresh cannot conceal a simulation change (1.786861ms)
✔ presentation reservation exception cannot conceal secondary slot allocation (1.487517ms)
✔ stale pre-refresh reservations fail instead of being normalized by the checker (1.441198ms)
✔ presentation refresh cannot conceal changed world Map entries (2.459658ms)
✔ occluded shrine fallback uses bounded ordinary camera drags and strict target re-probes (0.275749ms)
✔ the shipped right-drag mapping rotates 512 native angle units without panning (62.699332ms)
✔ Mission 3 trains a bounded Preacher group and retains identified HUD-reachable Braves (0.245164ms)
✔ additive native Ctrl-five requires the ordinary cancel/deselect before reserving workers (1574.545002ms)
✔ missing checkpoint does not suppress independent campaign progress (101.481287ms)
✔ malformed checkpoint does not suppress independent campaign progress (83.502829ms)
✔ partially migratable checkpoint does not suppress independent campaign progress (79.595913ms)
✔ incompatible checkpoint does not suppress independent campaign progress (69.158482ms)
✔ current valid checkpoint still restores and loads (153.863569ms)
✔ legacy valid checkpoint still restores and loads (152.208139ms)
✔ malformed stored checkpoint preserves usable session checkpoint and merges completion (65.025862ms)
✔ storage read failure retains in-session progress and checkpoint (72.4342ms)
✔ camera release alone does not make the startup Shaman selectable; observation is read-only (616.466829ms)
✔ readiness still rejects absent actors, global input locks and paused play (455.315115ms)
✔ Continue readiness waits on real RAF before suspension with the existing timeout (2.069349ms)
✔ the production wait polls synchronous false until native selection readiness (2.917036ms)
✔ Mission 3 Swarm target observation is read-only and chooses an actually castable enemy (1321.526547ms)
✔ Mission 3 Swarm eligibility does not depend on distance to the vault or unit array order (1149.015513ms)
✔ Mission 3 Swarm diagnostic refuses missing stock, blocked input, cooldown and invalid enemies (904.248908ms)
✔ checkpoint readback awaits false reads before the actual true result (17.979739ms)
✔ checkpoint readback fails closed after bounded asynchronous false results (1.020905ms)
✔ attack approach points and search pool state match complete native queries (64.496224ms)
✔ fight/person pursuit, housed entry, waiting and retries match native visits (21.164355ms)
✔ attack search, march records and automatic retargeting match native dispatch boundaries (14.55711ms)
✔ arrival voices and reservation release replay native thresholds and compacted-list visits (2.224588ms)
✔ original automatic commands preserve normal queues, share one reference-counted record and handle allocation exhaustion (56.861315ms)
✔ native scan dispatch preserves pending bits, suppression, specialist selection and consumer call counts (0.937019ms)
✔ ordinary combat entry reveals a completed Spy disguise (573.86312ms)
✔ live campaign scan suppression consumes pending alerts without changing person counters or sprites (254.776061ms)
✔ dead building attackers release queued shaman-guard duty (107.716253ms)
✔ fight motion initializes its retained sermon without a native owner (93.448875ms)
✔ coastal response targets come from the corrected native cell, including its newly exposed edge (126.969049ms)
✔ tower counterattacks ignore hostile people in water (183.664582ms)
✔ coastal area/dismantling order preparation matches full native calls and retains flags on identical commands (0.95798ms)
✔ live same-cell followers share one automatic command 21 and resume their queued destination (163.685681ms)
✔ an on-foot Firewarrior owns one automatic response per cooldown and yields to player movement (529.182335ms)
✔ an on-foot Firewarrior repeatedly launches at and damages a completed enemy building (114.430189ms)
✔ automatic combat restarts a retained direct tree harvest instead of harvesting during battle (138.895232ms)
✔ live automatic combat consumes a pending worship scan without replacing command 27 (114.383109ms)
✔ live automatic allocation failure preserves its source and queued order (78.352097ms)
✔ live automatic sharing leaves a nonmatching same-cell peer untouched (114.122547ms)
✔ live preacher response retains its sermon queue and resumes conversion (86.167045ms)
✔ preacher response allocation failure consumes the scan without changing its queue (219.79388ms)
✔ complete pursuit, target setup and attack-area gates match native fields, RNG and consumer ordering (19.168616ms)
✔ full-fight waiting positions and fallback RNG match original terrain and collision execution (56.100507ms)
✔ mixed target collection, native distance bands, fight admission and reservations replay executable captures (12.933355ms)
✔ live followers choose closer enemies, distribute reservations, then fall back to a saturated target (308.05261ms)
✔ live mixed scans detect enemy footprints and prefer an eligible person in the same distance band (220.067369ms)
✔ automatic squads share native area orders and target capacity independently of render frequency (767.7611ms)
✔ live target priority joins a fight ahead of a solitary enemy in its distance band (112.490422ms)
✔ nearby automatic building attacks keep their command-21 target between detection visits (253.200363ms)
✔ automatic contextual priority matches original single and mixed-class captures (2.109138ms)
✔ live ground context follows native registered cells through rotations and world seams (207.826161ms)
✔ ground beside a hut moves the group, while its occupied cell enters it (122.141321ms)
✔ an exact tree click harvests, seeks a timber plan and otherwise returns to rest (263.899657ms)
✔ a queued ordinary-tree harvest keeps its cargo and advances the existing waypoint (599.678525ms)
✔ input feedback matches native ground-cell centers and suppresses flashes over pointed objects (0.321437ms)
✔ object commands retain the chosen identity through overlaps and array reordering (150.810417ms)
✔ live target choice follows captured native ownership for both tribes (2628.946727ms)
✔ construction command matches native registration, fallback ownership and task handoffs (88.667391ms)
✔ construction panel matches native submissions and corrects the unlinked second-row height (26.410167ms)
✔ construction workers can be selected, reassigned to dismantle, cancelled and restarted (883.530084ms)
✔ construction icons select the active worker record and respect its native eligibility (70.398385ms)
✔ original priming consumes no elapsed progress; each frame stops before batch overshoot (2.385247ms)
✔ separate calls continue from the original previous timestamp without re-priming (0.342368ms)
✔ a promise is never accepted as a truthy readiness predicate (0.699477ms)
✔ frame and object-turn exhaustion fail without extending a goal (0.465701ms)
✔ an explicitly bounded coastal position attempt can return unmet without hiding its limit (0.255529ms)
✔ abort and Scene/World replacement are detected across browser-task yields (0.602353ms)
✔ normal speed, unpaused commands, positive finite deltas and wall bound stay mandatory (0.614471ms)
✔ original-frame failures propagate without another step (0.252564ms)
✔ unexpected automatic elapsed frames during a yield are rejected (0.635703ms)
✔ Convert Wild scans, converts, animates, and casts through player and computer paths (171.342763ms)
✔ deselection matches native command flags for every selection byte (2.5828ms)
✔ cancel targeting first; deselection preserves shared marching orders, routes, RNG and pause (280.54039ms)
✔ deselection reaches retained work representations once, leaves enemy ownership alone (130.056787ms)
✔ deselected groups retain identical mechanics and poses at 5–240 Hz and irregular frames (637.438599ms)
✔ training selection eligibility reads command flags, independently of motion turning flags (292.248664ms)
✔ dismantling reassigns residents and queued braves, recovers all timber and removes the building in four orientations (1009.090338ms)
✔ cancelling dismantling stops existing workers; new orders can staff an empty dismantling building (222.185861ms)
✔ dismantling outcomes and timber remain independent of render frequency (717.051342ms)
✔ mixed groups queue movement, dismantling and movement without redirecting ineligible warriors (509.049919ms)
✔ queued building entry can become dismantling; cancellation skips work while retaining the destination (286.380093ms)
✔ dismantling queue replacement and death release references while non-braves keep their current orders (394.930919ms)
✔ automatic combat pauses shared dismantling and resumes its retained order (85.47949ms)
✔ automatic combat completion follows the native circular dismantling queue (110.667243ms)
✔ automatic combat allocation failure keeps dismantling state intact (87.736145ms)
✔ queued dismantling, timber and following movement agree at 5–240 Hz and irregular frames (869.569213ms)
✔ drag borders match original screen extrusion, texture coordinates and terrain crossings (82.329745ms)
✔ native area commands retain tower/training exclusions, current-order lookup and actual land membership (6031.815142ms)
✔ a real trainee remains drag-selectable on entry and becomes excluded only in the native interior phase (180.862858ms)
✔ fetching builders are selected at their active task-7 position (48.969824ms)
✔ world drag geometry matches captured native seams, camera bearings, clamps and degenerate drags (5.7611ms)
✔ live drag selection matches native flags and group voices without changing simulation ownership (830.472097ms)
✔ Mission 3 periodic raid preserves native mask, strict thresholds and arguments (2.741944ms)
✔ Mission 3 naturally grows both tribes and recruits the authored three-Brave raid (13733.999174ms)
✔ Earthquake matches the native initializer and central deformation phase (7.159021ms)
✔ Earthquake building scans preserve protected models, RNG and ejection-before-damage (0.613579ms)
✔ live Earthquake casts, damages and deforms independently of refresh rate (362.541942ms)
✔ Mission 1 counts authored primary effects before the opening (154.764921ms)
✔ Mission 1 keeps the allocation phase across pause, checkpoint and restart (414.400022ms)
✔ Mission 2 counts authored primary effects before the opening (49.372261ms)
✔ Mission 2 keeps the allocation phase across pause, checkpoint and restart (296.050682ms)
✔ Mission 3 counts authored primary effects before the opening (48.221636ms)
✔ Mission 3 keeps the allocation phase across pause, checkpoint and restart (314.8892ms)
✔ early-level effect phase remains fixed-turn owned across frame schedules (905.969332ms)
✔ prospective declaration binds the exact constructor return before immediate first processing (5.816211ms)
✔ wrong first target and second creation fail permanently without replacing or mutating controllers (7.208214ms)
✔ duplicate declarations invalidate the original instead of overwriting or rearming it (1.056356ms)
✔ late declarations cannot bind a preexisting controller; close is idempotent and never auto-rearms (0.325102ms)
✔ a constructor exception retains its identity and cannot bind a partial object (0.488064ms)
✔ constructor diagnostic binding failures never change the returned object or its immediate step (0.848708ms)
(node:529) ExperimentalWarning: stripTypeScriptTypes is an experimental feature and might change at any time
(Use `node --trace-warnings ...` to show where the warning was created)
✔ constructor output and wrapping match pinned original source with declaration disabled and enabled (2.579974ms)
✔ all 64 visits match pinned uninstrumented source with observation disabled and enabled (105.917088ms)
✔ actual application errors keep their identity, partial state, receiver and call count (15.717567ms)
✔ read copies and later game writes cannot change each other or historical capture (1.862291ms)
✔ active callback wrappers preserve their original return values (1.67302ms)
✔ copy failure and overflow invalidate evidence without skipping the original body (59.54641ms)
✔ after-copy diagnostic failure cannot replace an application exception (1.771396ms)
✔ a thrown empty string permanently invalidates capture while all original calls continue (1.632209ms)
✔ a thrown empty stringifier permanently invalidates capture while all original calls continue (1.876702ms)
✔ a thrown zero permanently invalidates capture while all original calls continue (1.525121ms)
✔ a thrown false permanently invalidates capture while all original calls continue (1.302241ms)
✔ a thrown null permanently invalidates capture while all original calls continue (1.263914ms)
✔ a thrown undefined permanently invalidates capture while all original calls continue (1.247369ms)
✔ an empty diagnostic throw cannot replace an application exception (1.479002ms)
✔ diagnostic append failure disables capture and still invokes the body once (1.431352ms)
✔ no observer or detached capture makes no diagnostic copy and invokes the body once (1.514615ms)
✔ capturing a live controller does not change any World field or completed turn (source fixture) (830.094618ms)
✔ scenario cleanup preserves the original thrown undefined value (4.730399ms)
✔ scenario cleanup preserves the original thrown null value (1.305927ms)
✔ scenario cleanup preserves the original thrown false value (0.263891ms)
✔ scenario cleanup preserves the original thrown 0 value (0.254657ms)
✔ scenario cleanup preserves the original thrown  value (0.240647ms)
✔ scenario cleanup preserves the original thrown Error: synthetic primary value (0.203932ms)
✔ startup-smoke uses the ordinary prefix and cleanup without capture or worship (3.167416ms)
✔ startup binding retries only real TimeoutError and retains diagnostics without repeating physical inputs (2.434329ms)
✔ startup binding propagates non-timeout and lookalike errors immediately with exact identity (1.230434ms)
✔ a binding success after the startup deadline is rejected before readiness or later work (0.723723ms)
✔ a preserving stop arriving during a successful bind rejects before later work (0.665006ms)
✔ Skip dispatches once without a navigation barrier and still waits for original-actor readiness (0.931151ms)
✔ Skip action errors retain identity and never cause a second physical click or readiness continuation (68.114944ms)
✔ real named-scenario CLI import reaches the missing-plan guard before browser/server setup (585.101703ms)
✔ combined corrected producer has identical full World state with capture disabled and enabled for all64 visits (1810.64518ms)
✔ lifecycle wrapper preserves original exception identity and exactly one callback (249.922271ms)
✔ the actual harness Vite launcher must resolve inside the pinned package closure (2471.916064ms)
✔ immutable compiler identity includes nested executable chunks and declared dependencies (5.362792ms)
✔ polling rejects stop or timeout arriving during an awaited ready predicate (3.41272ms)
✔ external launch plan rejects wrong source, compiler, dirty source, bounds and reused path shape (1.927538ms)
✔ all 64 captured calls with worst-case signed heights fit the 32MiB replay input bound (127.706646ms)
✔ original Mission 3 Shaman can plan to the unused Erosion head on a clone (108.340938ms)
✔ source correspondence accepts exact bytes or inline maps containing the pinned source (2.745411ms)
✔ module read covers all eight prescribed scripts using only observational CDP calls (7.248397ms)
✔ missing required module is rejected before a source read (2.929093ms)
✔ a required module parsed under another origin does not satisfy admission (1.508667ms)
✔ two script identities for one required module are rejected (1.326187ms)
✔ required modules from different execution contexts are rejected (2.10419ms)
✔ a stop arriving during an awaited source read prevents any result or next read (1.070608ms)
✔ dispose removes its parsed-event listener and detaches without removing other listeners (5.288651ms)
✔ authored Mission 3 activation runs the first native Erosion call immediately and only once (485.982128ms)
✔ multiple authored targets process in link order at activation and newest-first on later visits (72.620649ms)
✔ activation queues radius6 texture updates and notifies before allocating the next target (200.636034ms)
✔ repeated rewards get one initial visit each and exhausted rewards never allocate again (304.464536ms)
✔ live Erosion casting deforms terrain independently of refresh rate (1015.227432ms)
✔ a newer Lightning consumes simulation RNG before Erosion (53.255808ms)
✔ original cleanup, center, terminal release/counters and recovery match native captures (9.660293ms)
✔ last opponent death ends the fight, credits its winner once and returns a survivor to commands (234.036372ms)
✔ live separation uses the squared eight-unit boundary (232.576542ms)
✔ a native interruption detaches its slot and protected survivors defer state recovery (60.124076ms)
✔ fight completion, recovery and RNG agree at 5–240 Hz and irregular frame schedules (632.378543ms)
✔ Firestorm emits its complete native 220-turn rain sequence (8.924813ms)
✔ live Firestorm composes fire, panic Blast and building ignition independently of refresh rate (737.608294ms)
✔ Flatten follows the native 15-turn terrain and orbit lifecycle (6.662507ms)
✔ live Flatten casting is refresh-rate independent (1574.278616ms)
✔ persistent follower controls retain native descriptor order and class HFX ownership (2.375592ms)
✔ live own class totals enable controls independently of training knowledge or occupancy (97.287085ms)
✔ reading the follower strip does not mutate simulation or selection state (207.250974ms)
✔ shipped G task classification follows deferred native adoption without mutating HUD reads (434.16629ms)
✔ specific legacy work overrides dormant idle while real native disruption remains authoritative (91.857384ms)
✔ construction, pre-entry, actual entry and native idle routes use their own categories (45.929524ms)
✔ task selection preserves orders and RNG during a real movement command and propagates occupied groups (51.187414ms)
✔ live task count reads nearby camera coordinates without creating or registering people (43.366488ms)
✔ real boarding through a route owner overrides a dormant native person for Selected task propagation (58.887445ms)
✔ task classifier preserves every recovered native state and command category (2.477984ms)
✔ inside classification follows building category and the Preacher command exception (0.229461ms)
✔ global existence and nearby task counts are independent; selected overlays preserve native addition (1.189444ms)
✔ task selection ignores persistent-strip assignment priority and uses category nearest (0.35742ms)
✔ Selected row click/Shift deselect, Ctrl reselects nearest without changing its work or the group (0.510818ms)
✔ Total single/five can select the Shaman while Shift excludes it (0.298853ms)
✔ task focus filters category and cycles with the Shaman nearby exemption without mutation (0.321657ms)
✔ vehicle creation and frame cache use apparent tribe, including checkpoints and legacy fallback (296.245134ms)
✔ vehicle damage immunity follows apparent tribe while real-owner counts stay unchanged (89.992669ms)
✔ live Blast projects class4 apparent tribe without changing the real owner (159.770272ms)
✔ ordinary live boarding exposes class vehicle counts, all passengers and independent owner fields (250.710951ms)
✔ Spy boarding uses immediate target bits, later boarding rewrites owner and exit preserves apparent owner (38.094972ms)
✔ split owner and occupied selection survive checkpoint, legacy vehicles use real team fallback (74.943327ms)
✔ destroyed last vehicle keeps presence during its visible wreck and cannot select or focus (48.273974ms)
✔ shipped disguise command aboard publishes apparent ownership through completion and countdown (85.060837ms)
✔ legacy occupied checkpoint retains apparent fallback across voluntary unload (105.471279ms)
✔ first and later boarding, either exit and reuse preserve the native two-owner contract (596.53526ms)
✔ occupied class reads rebuild from current passengers rather than stale row totals (49.017938ms)
✔ transport presence uses real ownership and survives an empty count (2.742447ms)
✔ class filter acquires a vehicle and selects all eligible passengers; Ctrl counts vehicles (1.560214ms)
✔ driver command priority, matching-passenger distance and vehicle nearby boundary remain distinct (0.273886ms)
✔ native reverse vehicle-list focus cycles, variants reacquire, and selected/blocked occupants can focus (4.221959ms)
✔ footprint history matches native ring replacement and its per-cell pixel counts (947.331123ms)
✔ partial footprint shading equals a complete native-palette atlas rebuild (1791.762943ms)
✔ live walking footprints use the elapsed animation clock, including pause and disabled trails (370.769959ms)
✔ live turn preserves native tribe order, inactive skipping and next-turn formation admission (1810.114698ms)
✔ actual recruited groups wait a turn and then steer before member physics (118.295974ms)
✔ render cadence and idle production worship hooks cannot change gameplay, RNG or owned animation state (16077.418189ms)
✔ paused time stays paused; long active frames retain elapsed time (170.839125ms)
✔ campaign messages use the presentation clock and freeze while paused (370.435107ms)
✔ campaign pending auto-open waits for settled motion and consumes one oldest record per presentation visit (76.881204ms)
✔ scenery shade follows cell occupants through overlap, depletion and regrowth (106.20509ms)
✔ rotated building plans keep their anchor, entrance routes and orientation through construction (1035.01299ms)
✔ Lightning ignites only its building footprint, then evacuates, damages and permits repair (518.892308ms)
✔ Lightning burns original scenery through smoke and cleanup without leaking fire state (100.807319ms)
✔ native impacts expire on exact turns and debris preserves the sprite allocation counter (76.605165ms)
✔ terrain rebuilds preserve queue precedence and initialize the original mission before sampling (21.466971ms)
✔ territory preserves native footprint asymmetry, overlap clearing and staggered recovery (1.774502ms)
✔ opening tooltips resolve mission cells and have an independent lifetime (33.940885ms)
✔ original level layout, native foundations, and the complete mission (4238.754033ms)
✔ housing, mana allocation, pause, drowning, and reincarnation (586.144975ms)
✔ ordinary land deaths keep the native corpse lifecycle (202.582333ms)
✔ native transformed compound bases stay on their ground pads (41.679229ms)
✔ native animation identity, casting interruption, gradual terrain and blast survival (530.338163ms)
✔ native economy uses fixed turns, population bands and real hut upgrades (975.835529ms)
✔ lightning hits a native map cell and Blast leaves allied health intact (39.029454ms)
✔ native integer movement and combat exchanges preserve timing, retaliation and replay (430.517495ms)
✔ native fight slots form four-person groups and release on interruption (136.537645ms)
✔ native sound cues preserve sample identity, cast phases and simulation randomness (235.068587ms)
✔ native Lightning delays the upper flash and regenerates eight segments for three turns (84.359071ms)
✔ native spell allocation, discrete flight, RNG trails and delayed impact (606.774804ms)
✔ native terrain ridges, reflected diagonals, surface planes and boundary vertices (1.977843ms)
✔ original campaign setup disables only enemy reincarnation and retains deferred commands (331.559299ms)
✔ mission-one AI applies its native spell interval profile on the original phase (188.54053ms)
✔ mission-one closes its construction latch after the first Red hut (45.989724ms)
✔ campaign marker setup snapshots native entry state before live execution (83.546235ms)
✔ mission marker task sends one reserved brave to marker one (105.29447ms)
✔ mission-one ordinary marker guard patrols and answers nearby enemies (142.389547ms)
✔ campaign markers remove the bridge head on the native phase, independently of routing (198.894581ms)
✔ campaign counters track allocation and remaining head gifts through gameplay (165.127267ms)
✔ worship decays without followers and continues at full spell stock (290.069848ms)
✔ vault discovery follows worship, door, entry and exit tasks (225.34784ms)
✔ vault allocation preserves the current order when the shared pool is full (194.263966ms)
✔ original discovery messages follow script phases, persist and reset (143.923521ms)
✔ partial building queries consume their mode once and marker triggers bypass worship (49.122218ms)
✔ original opening runs before object turn 72 and its independent flyby clock can be interrupted (138.888751ms)
✔ native outcome phases honor campaign opponents, forced results and defeat recovery (447.323777ms)
✔ tribe gates suppress scripts and AI while object turns and eligible cooldowns keep their native phases (368.939755ms)
✔ emergency casting preserves queued work and preacher responses keep their own payment rules (88.778368ms)
✔ mission-one AI casting uses the live shaman state and cast-block flags (451.675033ms)
✔ live spell scans use population thresholds and building territory with delayed overlap recovery (65.810781ms)
✔ original campaign stops Dakini Blast casting after its second allocation (230.050392ms)
✔ campaign attack commitment follows living warrior counts on its original turn (329.427319ms)
✔ mission-one Dakini launches its native attack route when Blue enters marker three (199.751261ms)
✔ mission-one Dakini launches its later building attack when Blue overwhelms it (218.560723ms)
✔ mission-one Dakini pursues a fallback shaman by exact command target (41.350812ms)
✔ computer attack exhausts native scans and retreats below its surviving-member threshold (0.652697ms)
✔ computer attack pool exhaustion skips hostile dispatch and retires through native empty scans (93.092338ms)
✔ queued training keeps its selection lock until issuing the order and frees its slot after arrival (0.722341ms)
✔ mission-one red AI queues exact task 6 below one warrior and executes live training (147.828987ms)
✔ mission-one red AI does not reserve a second brave already committed to warrior training (46.704554ms)
✔ external game store publishes edits and restarts without sharing worlds between sessions (357.167075ms)
✔ mission-one victory continuation creates and restarts the recovered mission-two world (616.94354ms)
✔ mission-two Totem route reaches the Tornado guidance and use instruction (1319.458665ms)
✔ mission-two enemy marker orders nearby Matak defenders to counterattack (274.875888ms)
✔ game store checkpoints restore an isolated exact world snapshot (132.382048ms)
✔ computer recruitment preserves wrapped-distance ties and native command eligibility (0.902488ms)
✔ group orders share references and release their object only after the final follower leaves (0.848268ms)
✔ AI reservation enters native selection state and releases through the normal person initializer (1.114321ms)
✔ training order startup uses configured speed and preserves only a compatible building occupant (1.189784ms)
✔ native training queue yields to an untrained follower and releases its new head (0.959212ms)
✔ live followers reach rotated native doors before entering buildings (908.641388ms)
✔ building admission preserves native slot order, training activity and shared commands (1.947548ms)
✔ training replaces a whole batch, inherits the first occupant order tail and rolls back partial allocation (1.282381ms)
✔ live mana refunds wait for a pulse and computer training receives only the original first pass (42.173275ms)
✔ follower mana uses native preacher orders, registration and ghost flags before tribe scaling (79.003002ms)
✔ live spell reach follows terrain height and enemy casts require and spend native mana (111.525546ms)
✔ native casting lockout survives animation and computer usage recovers one charge at a time (54.196483ms)
✔ spell targeting preserves native cell allowances and wrapped coordinate seams (86.419872ms)
✔ native spell scans retain slots and Blast scoring avoids friendly concentrations (45.312028ms)
✔ defeat seeds native building collapse and staged damage ejects occupants before removal (74.483843ms)
✔ building display stages follow remaining work and retain separate complete meshes (34.14624ms)
✔ results preserve pending turns, collapse defeated settlements and reject new orders (356.85789ms)
✔ result camera crosses the world seam, releases input and retains native sky timing (4.58731ms)
✔ victory owns persistent native followers, drops cargo and pauses logical animation (127.121175ms)
✔ live blocked followers retain native detour steering and recovery timers (44.97966ms)
✔ live celebrants obey native walk masks and survive the legacy ground-height cutoff (33.332169ms)
✔ live completed-building footprints relocate and clear on removal (32.752283ms)
✔ live native cell order follows arrivals and removes dead records (60.464254ms)
✔ live cell insertion repairs a stale head left by a removed person (0.486982ms)
✔ dead vehicle passengers release their slots and driver position (40.609762ms)
✔ live native preparation consumes reroutes and completes slow turns and reactions (95.414596ms)
✔ interrupted victory followers resume through native orders and rejoin celebration (39.138446ms)
✔ native idle approach composes with shared state and original resting animation (32.24121ms)
✔ native resting ownership allocates distinct slots and compacts after a follower leaves (40.107467ms)
✔ native route reuse shares ownership and live celebration releases each follower (68.5899ms)
✔ native route construction retries expired failures and stores the original bounded path (31.010681ms)
✔ native path search packs a trimmed route and preserves distinct vehicle retry flags (72.512461ms)
✔ native wrapped route smoothing respects blocked steps and measures retained segments (77.060187ms)
✔ native obstacle solving builds a world-seam detour and rejects a blocked destination (89.855606ms)
✔ native planned routes use the recovered solver and advance shared followers to their goal (36.418488ms)
✔ native boarding checks the first boat and landing requests reserve distinct original search cells (1.116525ms)
✔ live native routes release query ownership, expire failures and walk low shoreline (136.828941ms)
✔ live followers share routes, advance before exact arrival and release every owner (108.497786ms)
✔ hut families are selected once, shared with shapes and retained through upgrades (50.639811ms)
✔ mission-one low population response assigns and releases persistent shaman escorts (103.639079ms)
✔ shaman escort uses native pursuit cadence and strict boundaries (0.686848ms)
✔ Mission 5 Boat worship emits its original one-shot tutorial (257.340572ms)
✔ Mission 5 grants, boards, sails, lands and checkpoints its original Boat (455.037367ms)
✔ Ghost Army casts, spawns native ghosts, accepts orders, vanishes in combat, and follows AI (388.242995ms)
✔ world-view terrain matches captured native mesh order, projection and lighting (160.213641ms)
✔ overview drag/release matches native snapshots and every star-parallax step (2.997997ms)
✔ overview morph timing matches the original complete lifetime snapshots (1.084709ms)
✔ Ctrl starts followers immediately, appends shared waypoints and ordinary click ends the sequence (491.833752ms)
✔ eighth Ctrl click and Alt final click deselect without cancelling issued orders; right-click ends staging (255.749922ms)
✔ queued ground movement preserves every turn, RNG, poses and footprints at 5–240 Hz and irregular frames (1405.851361ms)
✔ continued queue allocation failure retains issued orders, and an ordinary replacement releases them (102.874048ms)
✔ an enemy-person order waits behind a waypoint and advances when its target becomes unavailable (592.576742ms)
✔ ground waypoint handoff uses each playable class default initializer (468.337179ms)
✔ ordinary person turns apply native follower and Shaman healing without reviving excluded units (124.860563ms)
✔ live health adapter preserves airborne/state exclusions and combat status flags (55.954712ms)
✔ each original healing model receives exactly one recovered increment on the eighth turn (85.69459ms)
✔ a follower injured by the shipped missing-building release path later heals on an ordinary turn (45.493002ms)
✔ healing follows simulation turns across speed, refresh cadence, irregular frames and pause (837.112564ms)
✔ checkpoint migration preserves the next native healing turn (43.98351ms)
✔ building admission clocks match captured native blocks (6.563271ms)
✔ followers visibly cross the native interior threshold before housing consumes their command (1763.607728ms)
✔ simultaneous arrivals respect hut capacity and cancellation releases the scoped animation and route (346.652497ms)
✔ hut slots remain authoritative through a departure, replacement and birth turn (150.6142ms)
✔ fire interrupts entry without retaining its walking sprites or command record (108.581492ms)
✔ staged entry positions, RNG, admission and sprite clocks are independent of rendered frame rate (623.103804ms)
✔ entry re-plans interrupted steering and releases its source when the hut becomes unavailable (106.635057ms)
✔ scaled native panel and bottom-row digits remain above the modern footer (1.14643ms)
✔ HUD keeps preferred manual sizes and the original nominal auto steps when they fit (0.231183ms)
✔ HUD extraction retains the page client-component directive (0.714469ms)
✔ HUD selection and focus match captured original commands without changing other person fields (15.026563ms)
✔ HUD controls add followers without stealing simulation ownership or replacing marching orders (207.430978ms)
✔ building menu waits through delayed false images before continuing (12.439573ms)
✔ building menu exhausts its existing 30000 ms scope without continuing (185.186087ms)
✔ building menu propagates failed texture acquisition without retrying (2.855273ms)
✔ building hover Mission 1 waits through delayed false images before continuing (3.728788ms)
✔ building hover Mission 1 exhausts its existing 30000 ms scope without continuing (272.515387ms)
✔ building hover Mission 1 propagates failed texture acquisition without retrying (2.730028ms)
✔ building hover Mission 2 waits through delayed false images before continuing (4.151125ms)
✔ building hover Mission 2 exhausts its existing 30000 ms scope without continuing (240.755604ms)
✔ building hover Mission 2 propagates failed texture acquisition without retrying (3.188858ms)
✔ worship Tutorial waits through delayed false images before continuing (4.094711ms)
✔ worship Tutorial exhausts its existing 30000 ms scope without continuing (246.315517ms)
✔ worship Tutorial propagates failed texture acquisition without retrying (1.98291ms)
✔ worship Mission 1 waits through delayed false images before continuing (3.764562ms)
✔ worship Mission 1 exhausts its existing 20000 ms scope without continuing (136.764928ms)
✔ worship Mission 1 propagates failed texture acquisition without retrying (1.749904ms)
✔ repeated helper calls acquire the replacement document image (2.565714ms)
✔ only literal true permits readiness, never a truthy observation value (0.484398ms)
✔ late true is rejected after the awaited read settles, without another observation (1.825306ms)
✔ the last pause fits the deadline and no read starts after it (1.879937ms)
✔ invalid wait bounds fail before reading (0.497087ms)
✔ shaman health fill follows native integer bounds and absent/overfull cases (3.738182ms)
✔ HUD atlas metadata matches the PNG and contains every imported sprite (13.361881ms)
✔ portrait backgrounds and shadow-free directional layers match native captures (3.444547ms)
✔ tooltip bitmap placement and wrapping match the original desktop controller (51.360732ms)
✔ mana production stripes follow native rates, warning bands and controller modes (15.164833ms)
✔ live mana estimation uses the simulation clock and follows charging toggles (430.764411ms)
✔ follower counts, icon placement and housing fill match native HUD controllers (8.548755ms)
✔ population readouts exclude dead followers and reserve the shaman allowance (59.438774ms)
✔ hut birth clocks and destinations match captured original calls (2.735806ms)
✔ live newborns leave the hut and keep native birth feedback and gates (225.734349ms)
✔ hut smoke uses descriptor attachment slots, independently of resident capacity (7.72407ms)
✔ hut occupancy producer samples real occupancy every 32 building turns (0.436197ms)
✔ partial root uses the native 16-visit visible lifetime and restart draw (0.264592ms)
✔ full root is persistent and does not invent the unresolved child-puff phase (0.230312ms)
✔ all supported residential hut capacities switch partial to full at their native capacity (0.423338ms)
✔ visual frames stay on the recovered 16-frame sequences (0.219265ms)
✔ immediate occupancy events preserve capacity, phase and same-mode root identity (2.322563ms)
✔ drain elapsed old-root visits before an off-phase event without backdating the new root (1.575987ms)
✔ listeners are transient, identity-scoped and released through material disposal (0.637435ms)
✔ multiple presentation consumers unsubscribe independently without resetting each other (0.450508ms)
✔ live command8 owner publishes authoritative entry/removal for Hut level 1 (357.830573ms)
✔ live command8 owner publishes authoritative entry/removal for Hut level 2 (258.62721ms)
✔ live command8 owner publishes authoritative entry/removal for Hut level 3 (150.67756ms)
✔ ordinary Mission2 admission includes the new smoke root in that turn’s effect visit (6323.235053ms)
✔ pre-building occupancy removal receives one first visit, including counter wrap (269.576642ms)
✔ out-of-turn allocation survives pause; commands while paused remain rejected (294.397181ms)
✔ new-root completion is identity-scoped and one-shot for same-turn transitions (0.305784ms)
✔ batched turns and repeated rendering preserve the native first lifetime (373.714814ms)
✔ turn completion callbacks are clock-specific and are discarded on a failed turn (44.434744ms)
✔ hut maturity and cell timber match captured original calls (2.795875ms)
✔ residents fetch and stage timber before their hut upgrades (749.845021ms)
✔ Hypnotise uses the native footprint, temporary ownership, expiry, and AI target path (436.264342ms)
✔ Invisibility marks the native six, does not refresh, and reveals on time or combat (168.512194ms)
✔ player and computer casts share Invisibility application and old saves migrate (226.284985ms)
✔ complete Land Bridge lifetimes match native terrain, ordered trails and notifications (927.357473ms)
✔ live bridge terrain and particle cleanup are identical across refresh rates and stalls (3107.940867ms)
✔ ordinary Mission1–3 startup uses native terrain, authored gates and real conversion (686.193168ms)
✔ native opening excludes Shaman selection, without inventing a casting restriction (120.228177ms)
✔ checkpoint restore resumes every opening stage without replaying terrain/conversion (2807.790647ms)
✔ restart gets one fresh sequence; repeated flyby skip does not replay it (563.556375ms)
✔ only carrier-created stones are obstacles, while legacy sites keep their reservations (68.27022ms)
✔ opening wave, conversion and stone cues preload their existing original samples (11.380001ms)
✔ permitted opening casts enter native state22 and resume command18 without a stuck controller (1612.687994ms)
✔ fresh-load camera follows native cell-edge/center snapping and angle retention (0.925972ms)
✔ the command18 completion turn owns exactly one native person visit (391.828966ms)
✔ permitted state22 interruption and completion retain one counter increment per turn (882.882522ms)
✔ replacement player orders cancel startup before its counter write (151.63395ms)
✔ only the linked neutral startup conversion flash follows its replacement Brave (137.976073ms)
✔ a missing converted Brave does not retarget its flash or shorten the native expiry (112.215983ms)
✔ an invalidated command18 is consumed by the ordinary queue without completing the site (55.25654ms)
✔ original Lightning target gates, inclusive cap, attacker and electrocution phases (3.505737ms)
✔ live Lightning retains victims, displays native shock sprites, scatters survivors and cleans up (296.915227ms)
✔ Lightning outcomes and turn-by-turn poses are independent of rendering cadence (508.071104ms)
✔ live marching uses shared commands, original poses, separate slots and releases interruption/death/arrival ownership (619.289358ms)
✔ marching and resting preserve mechanics, footprints and sprite frames at 5–240 Hz and irregular frames (1399.909407ms)
✔ exhausted command pool preserves the previous movement and group ownership (93.05352ms)
✔ panic retains the real movement command and resumes its route after recovery (114.484151ms)
✔ obstacle recovery replans the owned group order and settles identically at 5–240 Hz (2378.485363ms)
✔ shared ground motion advances a retained route once before any state controller (102.709586ms)
✔ native432260 empty current slot returns before building live order context (33.607938ms)
✔ live worship shares an order, occupies exact slots, prays, earns gifts and releases interrupted/dead members (457.393841ms)
✔ live head rewards, displayed standing roster and group selection retain their distinct native rules (198.755673ms)
✔ worship motion, prayer frames, pose RNG and rewards are identical at 5–240 Hz and irregular frames (1446.146258ms)
✔ an unreachable head preserves the existing command without entering an unported retry state (157.384461ms)
✔ Ctrl waypoints finish at a stone head without replacing the current route or person (224.482182ms)
✔ training replacements inherit a queued stone-head order and perform the original prayer (181.037857ms)
✔ queued worship preserves turns, poses, RNG and rewards at 5–240 Hz and irregular frames (1159.106841ms)
✔ local launch preserves sandbox and removes all unsafe Playwright defaults (2.187623ms)
✔ CLI accepts separate game root, owned output, browser and bounded settings (0.342368ms)
✔ CLI rejects unknown flags, missing values and unbounded inputs (0.321967ms)
✔ harness preserves the exact side-effect-free source fingerprint export (0.186927ms)
✔ source fingerprint catches dirty tracked and untracked byte drift with unchanged porcelain (119.477062ms)
✔ active scenario completing during timeout diagnostics cannot turn failure into pass (112.77642ms)
✔ active scenario completing during interrupt diagnostics cannot turn failure into pass (7.020326ms)
✔ ordinary native constructors restore the logical gate without adding interpolation behavior (406.375873ms)
✔ native person and Splash frames wait for logical visits while clear-bit effects keep 24 Hz (216.156951ms)
✔ each catch-up turn observes the prior frame before one post-observer logical advance (60.88641ms)
✔ ordinary owner aliases and a post-turn handoff never advance twice (221.633194ms)
✔ state0 and removed gated sources do not fall through to presentation advancement (76.062672ms)
✔ pause, land pause and speed changes preserve owned logical animation visits (40.090879ms)
✔ legacy save aliases gain the gate without resetting frames or replaying on a new Scene clock (44.592502ms)
✔ a Splash allocated after processing gets one animation visit but no invented lifetime visit (47.900185ms)
✔ morph transitions keep one presentation owner even on coincident logical boundaries (109.842946ms)
✔ Firewarrior descriptor holds are measured in eligible logical visits (39.305064ms)
✔ post-turn source replacement visits only the active record, including at turn wrap (43.123213ms)
✔ direct simulation ticks and presentation calls do not manufacture logical visits (41.715087ms)
✔ marching geometry, recruitment, cleanup, speed and poses replay complete original calls (73.244449ms)
✔ native movement completion preserves payload, seam and vehicle boundaries and four-turn cadence (13.645503ms)
✔ marching cleanup tolerates a member whose native record was already released (1.203614ms)
✔ outdoor and building encounter calls match captured original fields, timing, RNG and sound (21.399362ms)
✔ all playable encounter pairs show the opening strike, physical stagger and defender-centered fight (766.41617ms)
✔ encounters and their animations stay deterministic across render schedules (397.170122ms)
✔ the native skip-intro flag and player cancellation do not leave stuck encounters (127.963672ms)
✔ an encounter releases cleanly when an airborne participant returns to ordinary motion (54.754135ms)
✔ live fights refresh the first native player alert each object turn (158.863782ms)
✔ simulation owns quiet, attack and battle music activity across pause and cancellation (55.243641ms)
✔ native fight admission, replacement and splitting retain original slots, flags and RNG (15.479652ms)
✔ stronger reinforcements replace the first weaker ally and preserve a three-person tribe limit (157.016478ms)
✔ two-sided reinforcements split the last fighter of each tribe into a new live fight (72.65465ms)
✔ reinforced group motion and combat remain identical at every render cadence (486.296482ms)
✔ center changes preserve original membership slots for subsequent splits (57.152231ms)
✔ pursuit refresh uses the original inclusive axis threshold and signed coordinates (7.187735ms)
✔ live pursuit updates before reaching the old destination and reuses unchanged routes (908.913871ms)
✔ automatic engagement uses equal tribe ranges, whole cells and original scan cadence (97.483374ms)
✔ native inhibition and pending scans apply without giving idle shamans automatic attacks (43.871828ms)
✔ live move orders cross nearby enemies without the old distance interruption (62.417594ms)
✔ idle followers of either tribe pursue detected enemies at every render cadence (900.810376ms)
✔ group attacks hit busy opponents without restarting their action or facing (8252.682878ms)
✔ Magical Shield does not block native mode-one melee damage (75.642572ms)
✔ opportunistic reach is measured from the opponent slot with an exclusive 360-unit boundary (377.072296ms)
✔ group combat stays deterministic across render schedules and yields to player orders (620.952121ms)
✔ knockback waits for terrain physics to settle and preserves cell ownership (129.810608ms)
✔ hits during knockback survive physics and player orders do not teleport the person (58.234314ms)
✔ sliding recoil, native animation and recovery are independent of render cadence (345.597119ms)
✔ shamans and the native game flag suppress ordinary attack knockback (341.962425ms)
✔ fight sites use the native 32-turn search and retain groups when no site is available (61.055947ms)
✔ fight sites leave original building footprints even between periodic search visits (139.443108ms)
✔ sequential fight searches avoid other fight centers and release exhausted searches (1.112059ms)
✔ live groups relocate sequentially without sharing another fight center (56.543948ms)
✔ native approach reaches its slot from every direction and waits one turn to chase a moved slot (446.734545ms)
✔ approach uses native cell collision and preserves the person across attack, recoil and new orders (64.013657ms)
✔ approach, native animation and subsequent combat stay identical across frame rates (476.10634ms)
✔ native descriptor threshold chooses exact small and large corner dimensions (1.884784ms)
✔ 1x frame overlaps native corners in a 100x96 rectangle, bottom corners last (7.34618ms)
✔ 2x and partial tiles retain exact 1:1 corner/edge pixels and a transparent center (74.140577ms)
✔ frame is a separate overlay and does not change terrain, markers or click ownership (4.601792ms)
✔ minimap pixels, camera wrapping, rotated UVs and markers match native captures (143.31894ms)
✔ Mission 10 runs its first Totem deadline and second Totem Erosion sequence (18882.572689ms)
✔ Mission 11 opens with both enemy tribes and four original knowledge sites (143.14947ms)
✔ Mission 11 opponents build their first settlement and scripted BUILD_AT tower on native cadence (9087.994334ms)
✔ Mission 12 opens with all three enemy tribes and original knowledge (98.558567ms)
✔ Mission 12 starts its original turn-7 flyby once (158.374986ms)
✔ Mission 12 opponents request their first Guard Towers on native cadence (402.993725ms)
✔ Mission 12 opening remains deterministic through checkpoint migration (1051.317285ms)
✔ Mission 13 opens with both enemy tribes and original knowledge (74.997591ms)
✔ Mission 13 starts its original Yellow turn-6 flyby once (199.893544ms)
✔ Mission 13 Balloon Hut knowledge is visible before construction (184.429163ms)
✔ Mission 13 Land Bridge uses native surface categories at low shore (46.399492ms)
✔ Mission 13 Balloon Hut repeatedly produces occupied airborne transport (666.899197ms)
✔ Mission 13 opening remains deterministic through checkpoint migration (771.865114ms)
✔ Mission 14 delivers both linked gifts and a castable Angel through shipped paths (874.101209ms)
✔ Mission 15 ordinary Prison attack frees the captive and cancels the timer (351.099401ms)
✔ Mission 15 timer expiry locks input and kills the captive with enemy Lightning (182.950972ms)
✔ Mission 15 expiry stays latched if the Prison falls before Lightning lands (375.461385ms)
✔ Mission 15 captive Lightning branch requires an enemy caster, not the Prison cell (127.352271ms)
✔ Mission 16 worship grants Bloodlust and live combat consumes its status (655.101446ms)
✔ old checkpoints default Bloodlust stock without disturbing their world (102.967739ms)
✔ Mission 17 grants Armageddon and stages the native arena through the live cast path (1553.642559ms)
✔ Armageddon uses generic victory and defeat outcomes and restores control (1531.669495ms)
✔ Mission 18 loads its authored tribes and grants Armageddon and both Volcano rewards (3835.340895ms)
✔ Mission 18 starts its authored Red marker patrol through normal AI orders (217.601845ms)
✔ Mission 18 Armageddon restores its arena checkpoint and reaches both result directions (3799.195565ms)
✔ Mission 19 loads its authored objective and grants all three worship rewards (1605.421296ms)
✔ Mission 19 Teleport spends only accepted stock and resumes identically from a checkpoint (300.406697ms)
✔ Mission 19 warns once and gives Chumara loss priority over Dakini defeat (847.24413ms)
✔ Mission 2 naturally earns Matak kills and launches the organized raid (3740.215689ms)
✔ Mission 2 checkpoints retain kill ownership from the old red slot (72.3079ms)
✔ Mission 2 camp targeting takes the first model match without RNG (48.065559ms)
✔ Mission 2 producer matches native base, loss, capacity and resource boundary cases (588.957983ms)
✔ Mission 2 naturally establishes a new home Tower base and preserves phase3 checkpoint continuation (1779.136475ms)
✔ Mission 2 rebuilds after a real player army destroys both Towers, retaining its first construction base (13864.46716ms)
✔ Mission 2 explicitly trains replacement Warriors after natural combat despite zero producer preferences (9733.308262ms)
✔ Mission 20 loads its authored opening and four-stage linked chain (133.830556ms)
✔ Mission 20 worship consumes each head once and restores the live chain (3931.239418ms)
✔ Mission 21 loads its authored opening and first fault state (154.472393ms)
✔ Mission 21 converts worshippers and seals the first fault across a checkpoint (5252.006884ms)
✔ Mission 21 checkpoints one unsealed first-fault eruption without replay (5746.909031ms)
✔ Mission 22 opens with its solo Shaman, native heads, tribes and transport (140.548716ms)
✔ Mission 22 mode-3 head rejects an injected Brave supporting fixture (172.080348ms)
✔ Mission 22 nearby head is a one-shot presentation with no gameplay reward (340.380051ms)
✔ Mission 22 southern head delivers its delayed 600,000 mana gift after real worship (10211.669735ms)
✔ Mission 22 Shaman can steal, checkpoint and sail the authored enemy Boat (2693.214113ms)
✔ Mission 22 Shaman can claim the authored Balloon and complete the northern mana route (12619.186949ms)
✔ Mission 23 loads its authored tribes, Wildmen and worship chain (97.517651ms)
✔ Mission 23 enemy tribes grow their native settlements and populations (20867.517505ms)
✔ Mission 23 unlocks and repeats the native zero-mana gift through ordinary worship (1620.050188ms)
✔ Convert Wild allocation gates state and duplicates without cancelling existing work (2.339459ms)
✔ Convert Wild target retains density, wrap, tie, inclusive radius and list-centroid rules (0.712386ms)
✔ Convert Wild standability preserves initial target and tries only the first24 spiral positions (0.678386ms)
✔ Mission3 active type2 advances after allocation state is switched off (133.739096ms)
✔ type2 timeout clears motion before a blocked state transition and then frees the task (108.654562ms)
✔ type2 reads the active fight person even when its attack animation has no presentation source (47.432321ms)
✔ Convert Wild region lookup normalizes signed browser-native positions to unsigned words (0.294306ms)
✔ type2 casting preserves the real person flags2 readiness gate (67.383871ms)
✔ explicit flight person receives the allocation-safe return order without restarting its state (38.543373ms)
✔ explicit flight return preserves the complete world on order allocation exhaustion (47.220327ms)
✔ cast-ready flight-owned Shaman receives the type2 post-cast return on the same person (38.745893ms)
✔ type2 range reads actual signed person height rather than terrain beneath it (35.762661ms)
ℹ {"terrainHeight":146,"personHeight":896,"terrainRange":14,"personRange":24}
✔ Mission3 Chumara moves, spends its original shot and mana, then stops allocating at the population cutoff (1749.739805ms)
✔ Mission3 keeps idle follow-ups and area-summary automatic training unreachable (171.553666ms)
✔ ordinary Mission3 allocates a real pre-table response before ordinary production (355.073574ms)
✔ defense allocation preserves native caps, immediate empty-area cleanup and recycled scratch (0.718555ms)
✔ active defense suppression uses strict squared26 and wrapped cell distance (0.234468ms)
✔ native defense no-force fallback is a finite seven-visit lifecycle (0.619949ms)
✔ defense cleanup clears only matching assignment and native flag bits while preserving another lock (35.325632ms)
✔ lost early defense targets are invalidated before a different task dispatch (36.690826ms)
✔ defense Blast uses signed active-person height for native and flight-owned Shamans (156.922786ms)
✔ defense Blast reads active native, flight and non-presented fight positions in both range directions (226.042069ms)
✔ defense target collection preserves category caps, rejection rules and the omitted last spiral cell (1.04543ms)
✔ ordinary Mission3 intrusion produces a real type8 fallback, cleanup, repeat and checkpoint continuation (2005.666561ms)
✔ ordinary Temple acquisition and Preacher intrusion recruit a real Chumara defender with orders and movement (3460.209829ms)
✔ Mission 3 naturally trains a Blue Preacher, converts an authored Brave and resumes its mid-conversion checkpoint (5163.38717ms)
✔ a real movement command cancels the naturally acquired Blue sermon without converting its listener (3185.795249ms)
✔ natural Mission 3 conversion follows elapsed game time across display schedules (4527.380477ms)
✔ Mission 3 opens through original Chumara, Swarm, Temple and Erosion paths (4456.296312ms)
✔ single Preacher selector preserves native first-near/band order and strict distance boundaries (2.842023ms)
✔ single-person strict19 boundary, wrap, mode0 and invalid mode match native cases (0.475885ms)
✔ type11 waits for selection ownership and cancellation safely releases state14 and slot (91.963991ms)
✔ duplicate raw payload and failed allocator preserve native selection side effects (55.113069ms)
✔ Preacher allocator preserves native five-slot/state/signed-count boundaries (0.693058ms)
✔ 1103 replacement preserves all person/order state on allocation exhaustion (110.481729ms)
✔ natural Chumara training reaches marker3 Preacher task, checkpoint phases and movement (3104.823246ms)
✔ complete128-turn block preserves strict gates, command ordering and message lifetime (0.97153ms)
✔ 1103 retargets only active order30 in native state10/33 without restarting state (223.918776ms)
✔ cancelled blocked-state Preacher resets motion before the native state gate (40.154868ms)
✔ Mission 3 warns once when a naturally trained Chumara Preacher starts converting a Blue Brave (7104.844563ms)
✔ Mission3 retains loaded Shaman origin for loaded-cell-shaman-moved (7.767376ms)
✔ Mission3 retains loaded Shaman origin for loaded-cell-shaman-absent (0.386924ms)
✔ Mission3 retains loaded Shaman origin for loaded-cell-shaman-moved after checkpoint (0.290711ms)
✔ Mission3 retains loaded Shaman origin for loaded-cell-shaman-absent after checkpoint (0.241108ms)
✔ Mission3 recruitment preserves original common-origin-control (1.721502ms)
✔ Mission3 recruitment preserves original no-base-authored-coordinates (0.279544ms)
✔ Mission3 recruitment preserves original established-base-distinct (0.1891ms)
✔ Mission3 recruitment retains a valid established base at cell zero (0.227688ms)
✔ Mission 3 starts its original recurring-script flyby through ordinary turns (2298.059509ms)
✔ Mission 3 Chumara builds its settlement and trains its first Preacher (2544.298315ms)
✔ Mission 4 starts its original opening flyby once through ordinary turns (965.800664ms)
✔ Mission 4 teaches training and attack from its original live conditions once (144.980765ms)
✔ Mission 4 converts Wildmen, discovers the Guard Tower, and defeats the Matak (10458.698084ms)
✔ Mission 5 Angel head delivers its linked hostile summon through live worship (411.290955ms)
✔ Mission 5 checkpoint migration upgrades an explicit mode-5 legacy Angel without changing gameplay state (90.072695ms)
✔ Mission 5 checkpoint migration recovers an absent authored mode before upgrading the Angel model (38.09122ms)
✔ Mission 5 checkpoint migration adds only the previously omitted Angel head (96.228053ms)
✔ Mission 5 imports its linked Boat template from the verified native coordinates (2.415201ms)
✔ Mission 5 runs its imported opening flyby once through ordinary turns (1742.264682ms)
✔ Mission 5 launches its original ordinary raid when the player reaches the Angel head (856.167452ms)
✔ Mission 5 launches its surviving Dakini at the player Shaman (156.595481ms)
✔ Mission 5 staffs its original Dakini tower with a Preacher (219.456854ms)
✔ Mission 6 keeps both original opponents distinct through outcome and checkpoints (720.197589ms)
✔ Mission 6 credits each opponent attack task independently (230.090383ms)
✔ Mission 6 low-population survivors counterattack the player Shaman (352.829829ms)
✔ Mission 6 Chumara trains Preachers and launches its first mixed raid (24192.699242ms)
✔ Mission 6 opponents expand and Matak launches its first Warrior raid (27181.952644ms)
✔ Mission 6 ATTACK snapshots the native three-spell payload and keeps old tasks compatible (0.414344ms)
✔ type-20 sixth ATTACK quota selects exactly the tribe Shaman outside the generic selector (0.717814ms)
✔ Mission 6 first Matak ATTACK retains source-derived Land Bridge, Lightning, Blast order (23801.102807ms)
✔ Mission 6 phase-6 task Shaman uses native payment, eligibility, usage and range gates (226.350603ms)
✔ Mission 6 phase-6 task spell uses task target outside Shaman states 25/29 (112.501979ms)
✔ Mission 7 converts Wildmen and grants Invisibility through its original head (1373.824677ms)
✔ Mission8 natural acceptance starts from the shipped seven-person Blue and eleven-person Red roster (95.142547ms)
✔ Mission8 attack staging is a land order for the original party, not a transport or worship prerequisite (62.357891ms)
✔ shared ground → training → destination queues retain identities until conversion and inherit the original tail (989.920262ms)
✔ shared ground → construction → destination queues retain identity and resume after the crew leaves (178.66773ms)
✔ cancelled, invalid, removed and dead queued builders release command-6 ownership exactly once (601.13931ms)
✔ a waypoint added while trainees are inside preserves occupancy; ordinary hut admission consumes the complete queue (681.736643ms)
✔ unavailable or cancelled buildings advance to the next order; replacement and death release shared references (507.228755ms)
✔ mixed movement, training, inherited orders, RNG and footprints match from 5 to 240 Hz and irregular frames (1614.744468ms)
✔ building order preparation matches complete original CPU calls (1.389951ms)
✔ reinforcements and new encounters retain the same person and resume ground, building and worship orders (1644.17845ms)
✔ replacing or killing a reinforcement releases every retained command reference (252.434315ms)
✔ a displaced fighter retains its queue and a split keeps both followers’ original records (530.359716ms)
✔ combat interruption and resumed orders preserve simulation and poses across render rates (1220.330936ms)
✔ combat removes a waiting trainee from its physical line while retaining its training order (143.160231ms)
✔ native model wave uses half, quarter, eighth strength then resets (1.91506ms)
✔ live waves retain first-hit deformation on resource scenery (102.13322ms)
✔ move input eligibility matches native category, strict-land and quarter-mask captures (13.27082ms)
✔ blocked move clicks preserve the whole selected group, shared orders, markers and RNG (172.114043ms)
✔ Markdown sections retain ancestry, repetitions, CRLF boundaries, and ignore fenced headings (5.124129ms)
✔ manifest validation accepts reviewed data and rejects duplicate IDs, missing paths, invalid parity references, and unsafe paths (154.564613ms)
✔ index is deterministic, clean without a cache, ignored when written, and regenerates after source changes (96.922944ms)
✔ index and context reject an indexed source symlink that escapes the repository (61.24626ms)
✔ repository validation requires one current top-level execution-order heading (39.855279ms)
✔ context returns bounded provenance, limitations, checks, and visible source truncation (50.756059ms)
✔ context output saves current JSON and rejects silent option mistakes (125.088932ms)
✔ preparation is independent of retired local status state (76.927946ms)
✔ native research packets grant only a contract-allowed ignored scratch directory (109.388529ms)
✔ role context carries a validated bounded assignment and explicit overflow (186.52911ms)
✔ reviewer context fingerprints the actual dirty, renamed, deleted, and untracked inputs (134.998603ms)
✔ real mapped evidence excerpts retain their material performance boundaries (4525.912311ms)
✔ Shaman appearance context keeps its complete checks and evidence within the default budget (1333.671138ms)
✔ Followers task context retains complete checks without bloating selection context (635.898822ms)
✔ plan handles cross-cutting edits, renames, deletions, untracked and unsafe inputs without executing checks (99.858976ms)
✔ audit distinguishes baseline edits and reports out-of-scope, generated, input, untracked, and stale verification changes (120.547001ms)
✔ audit reports a pre-existing baseline change that disappears (147.794408ms)
✔ audit requires exactly one result for every required check (90.056832ms)
✔ blocked verification cannot masquerade as passing and passed results require evidence (78.121264ms)
✔ game server rejects an invalid isolated port (0.636143ms)
✔ preparation captures real baseline and hashes, validates intent, and refuses overwrite (385.464539ms)
✔ verification persists completed checks across interruption and replaces old passes at startup (195.096105ms)
✔ verification replaces a required receipt invalidated by a changed check definition (102.408107ms)
✔ reviewed aggregate coverage executes once, fingerprints covered inputs, and fails closed on script drift (403.737144ms)
✔ orchestration-tests receipts become stale when worker configuration changes (288.666713ms)
✔ repository-check receipts become stale when worker configuration changes (251.687721ms)
✔ verification runs only safe contract checks, records blocking, and detects mutations (496.004292ms)
✔ ephemeral default stays opt-in; persistent launch keeps sandbox and explicit data-dir (2.626415ms)
✔ unknown personal, noncanonical, existing unmarked and symlink directories fail before adoption (25.405466ms)
✔ symlink ancestor and evidence overlap are rejected (9.726674ms)
✔ an output symlink cannot alias profile data before preflight creates logs (23.213776ms)
✔ exclusive live and unknown locks are never recovered, and failed cleanup keeps ownership (24.748281ms)
✔ normal terminal cleanup retains checkpoint identity across a new exclusive run (18.327128ms)
✔ source/runtime/origin drift cannot silently adopt a game save (38.633527ms)
✔ symlinked source bytes and external or ignored scenarios cannot bypass input binding (20.115786ms)
✔ checker-only correspondence must bind prior run and both exact source identities (26.43052ms)
✔ unverified source and changed terminal ownership remain blocked (18.779729ms)
✔ lease refuses a replaced lock and leaves that owner untouched (13.208467ms)
✔ leftover Chromium ownership and replaced data directory block reuse (19.64311ms)
✔ committed readback is readonly, awaits completion, and hashes typed arrays/Map/Set contents (128.375897ms)
THREE.InterleavedBufferAttribute.clone(): Cloning an interleaved buffer attribute will de-interleave buffer data.
✔ painter centers retain precision and follow position replacement and updates (4.142193ms)
✔ construction caps replace face modes and hidden picking faces emit no material (1.949031ms)
✔ cell render order matches native mixed passes and retained arrival order (68.234649ms)
✔ cell traversal preserves live ordering when a stale chain entry is encountered (7.018228ms)
✔ mixed polygon buckets, reverse insertion ties and raster depths match native captures (11.287559ms)
✔ completed models reject native rear faces and shared side/bottom outcodes (0.688932ms)
THREE.InterleavedBufferAttribute.clone(): Cloning an interleaved buffer attribute will de-interleave buffer data.
✔ shared painter vertices follow attribute edits, splits and replacement (3.760227ms)
✔ native grid mapping matches exact XYZ mapping and rejects split heights or irregular coordinates (0.489476ms)
Unrecorded ledger change: run parity:record with a note
✔ parity credits verified scope only and rejects misleading or untraceable assessments (49.827456ms)
✔ report-only rendering refuses unrecorded parity progress (166.508335ms)
✔ verified requirements advance a fixed checkpoint share without hiding unknown scope (19.465006ms)
✔ assessments expose small gains and regressions without crediting scope revisions (60.252542ms)
✔ browser supervisor verifies cleanup after a missing checker dependency (443.653631ms)
✔ browser supervisor does not start the checker while the server port refuses connections (1246.238568ms)
✔ browser supervisor verifies cleanup after a checker exception (527.055314ms)
✔ browser supervisor classifies server spawn failure and verifies empty cleanup (12.995943ms)
✔ browser supervisor stops the checker when the ready server exits (735.659574ms)
✔ browser supervisor SIGTERM includes a detached checker descendant (1091.208495ms)
✔ concurrent submitters and controllers preserve FIFO without overlap (1701.922318ms)
✔ failed and timed-out jobs release before automatic next job (1736.103117ms)
✔ cancel running and queued jobs without running queued command (1238.241563ms)
✔ missing cleanup blocks handoff, recovery requires a fresh matching receipt (1284.384292ms)
✔ live detached child prevents next test and is never killed by the queue (1639.210225ms)
✔ controller crash retains lock; recovery refuses live owner or job (1661.279523ms)
✔ foreign or missing execution scope cannot prove a controller stopped or authorize recovery (876.050896ms)
✔ legacy active jobs remain unknown even with no controller lock (699.359322ms)
✔ paused submissions start no transient controller before recovery (872.154195ms)
✔ source drift and busy ports block commands without touching existing server (697.76297ms)
✔ all linked worktrees resolve the same queue; invalid specs never launch (442.078897ms)
✔ submission preserves PATH under an ESM temp parent and returns one compact result (1612.741476ms)
✔ concurrent identical retries share one unfinished job; completed work can run again (1672.614297ms)
✔ run exposes a recovery ID before caller interruption; retry keeps the running job (873.495001ms)
✔ person panels preserve native command traversal, health and original draw submissions (7.115721ms)
✔ person-panel lifetime matches native refresh and remains independent of render rate (1.812147ms)
✔ order focus matches native targets and follows the displayed queue record (0.725596ms)
✔ destination marker preserves native attachment, frames and lifetime at every render rate (663.006125ms)
✔ panic and personal fire trails retain original timer, sound, anchor and allocation decisions (10.182317ms)
✔ burning huts eject running followers with distinct panic and trail lifetimes in all orientations (726.192233ms)
✔ panic motion, animation and fire trails are independent of presentation frame rate (383.609549ms)
✔ native building flames traverse matching cells in order, including repeated sockets and failed allocations (41.393574ms)
✔ live flame-cell adapter preserves protected followers, immunity, tribe and hidden occupants (38.272608ms)
✔ real Lightning ignition reaches nearby surviving followers before occupant evacuation (44.492759ms)
✔ ordinary clicks replace only new selections; Ctrl toggles and blocked clicks preserve the group (2.053124ms)
✔ selection never creates a simulation owner or interrupts existing group orders (311.012666ms)
✔ all native single/group selection voices and pointer acknowledgements are ready before audio activation (10.589088ms)
✔ worship placement preserves native two-pass search, occupancy, route order and failure flags (17.841289ms)
✔ worship command preserves native approach, prayer, retry and presentation RNG decisions (10.801553ms)
✔ ordinary stone-head visits expire the standing-slot cursor at the native byte timer (3.02239ms)
✔ construction-plan entrances, approach and timed attack sequences match native execution (23.308073ms)
✔ player append matches native shared references, cursor wrap, full queues, eligibility and pool exhaustion (32.782659ms)
✔ ground, building and forced-final worship modifiers and eighth-order deselection match complete native player packets (1.008765ms)
✔ replacement preserves prior orders when the shared pool is full (0.724474ms)
✔ sprite pointer brackets match native palette, two/four-layer geometry and unsigned animation wrap (4.729632ms)
✔ native conversion delay uses the recovered 200/3 timing basis (1.924573ms)
✔ a full order pool does not stop a moving Preacher without attaching its sermon (77.446066ms)
✔ inside command 31 binds its building and uses the native five-cell sermon radius (81.119928ms)
✔ conversion moves a newborn outside a building footprint before centering it (70.755763ms)
✔ sermon poses preserve native multi-turn RNG timing (34.620219ms)
✔ an idle preacher sermons, converts by replacement, and releases listeners on a new order (540.981596ms)
✔ preacher conversion is independent of display refresh rate (555.052493ms)
✔ queued command 31 rewrites to friendly building entry or ground movement (84.131632ms)
✔ live active preaching reaches emergency Blast priority (140.814978ms)
✔ live active preaching reaches emergency Swarm fallback (69.645703ms)
✔ live active preaching reaches emergency Lightning fallback (56.441751ms)
✔ emergency preaching response excludes no active assignment (57.047957ms)
✔ emergency preaching response excludes no live person record (45.497439ms)
✔ emergency preaching response excludes same tribe (40.451477ms)
✔ emergency preaching response excludes allied tribe (44.967801ms)
✔ emergency preaching response excludes invisible preacher (44.119591ms)
✔ emergency preaching response excludes caster cooldown (42.39647ms)
✔ emergency preaching response excludes no ready spell entry (42.656862ms)
✔ emergency preaching response excludes paused target scan (45.018591ms)
✔ emergency preaching response excludes no spell payment (44.356343ms)
✔ emergency preaching response excludes stored Lightning below its mana cost (35.08544ms)
✔ the independent enemy-Shaman response still spends stored Lightning without mana (36.608752ms)
✔ failed allocation consumes the sole producer opportunity before a later spawn (143.70196ms)
✔ busy rejection consumes allocation identity but preserves the active wave and saved site (64.710317ms)
✔ site height follows native ground-then-quantize arithmetic (363.80171ms)
✔ mode2 uses native eligibility, panic, descriptor damage and RNG without Swarm filters (819.524931ms)
✔ protected transitions retain repeated native cell hits and consume no panic RNG (61.757289ms)
✔ a wave removes an older in-cell Swamp before it can process in the same turn (72.611618ms)
✔ mode2 cleanup keeps an outside Swamp and the next enemy receives panic (72.44452ms)
✔ ordinary death produces a next-turn wave that outlives successful respawn (523.924005ms)
✔ checkpoints preserve mode2 identity, sites, orbits, terrain and RNG without replay (493.768582ms)
✔ mode2 interrupts the real encounter owner while retaining its person and order queue (57.009041ms)
✔ ordinary Boat and Balloon boarding retain seats and deselect passengers under mode2 panic (192.149993ms)
✔ panic transfers a live building-entry queue and resumes it after expiry (180.445818ms)
✔ ordinary groups settle into native rings, compact on departure and retain status through new orders (1266.981838ms)
✔ group resting positions, facing, gestures and footprints agree at 5–240 Hz and irregular frames (904.750686ms)
✔ exhausted resting search waits and retries its original anchor through state 10 (83.789747ms)
✔ route probes preserve native building, coast and vehicle endpoint correction (22.95218ms)
✔ failed-route initialization and retries match native fields, timing and ordered consumers (9.297841ms)
✔ disconnected groups stop, retain shared attack/waypoint orders, retry and resume after land connects (450.784479ms)
✔ route-failure notice keeps the original text and retriggers without tutorial history (119.055058ms)
✔ new orders and death release blocked commands; shaman failures use their own original voice (300.671717ms)
✔ blocked groups retry on simulation counters, with identical recovery and combat at 5–240 Hz (1352.510826ms)
✔ blocked building-entry owners resume the same person and finish ordinary admission (135.993073ms)
✔ real command8 full occupancy emits an original-frame child without scene-owned RNG (1234.630681ms)
✔ equal elapsed turns preserve secondary state across frame schedules with no bolt draws (509.416239ms)
✔ legacy missing-history roots bootstrap on first render without inventing past visits (122.418491ms)
✔ full roots copy the allocation byte and defer newly prepended children (2.66282ms)
✔ all byte phases and low-five-bit outcomes use the proved root gate (99.48291ms)
✔ actual UI reservations participate in inclusive gates after the root RNG draw (0.593047ms)
✔ marker expiry and child allocation share the same newest-first traversal (0.499028ms)
✔ children keep their own sixteen visits after the root is removed (0.527331ms)
✔ native free-list reuse and checkpoint reconstruction preserve physical slot ownership (0.703191ms)
✔ panel and preview reservations are derived from live adapter owners (1.477015ms)
✔ legacy marker overflow cannot leave ownerless immortal effects after restore (3.085494ms)
✔ browser capture retains the same live puff across ordinary Pause latency (3.790488ms)
✔ selection terrain mesh matches the executable with documented seven-point fan repairs (863.316596ms)
✔ selection fill/edges/corners retain native visibility, depth, UV and shared-corner ownership (26.358243ms)
✔ Shaman import preserves every prior frame, piece and animation entry (38.503864ms)
✔ actual tribe selects every native Shaman source and eight original directions (2.265202ms)
✔ Shaman idle artwork uses all four distinct original body pieces (0.241718ms)
✔ reincarnation distinguishes tribe bodies from shared spirit sources and layer owners (0.291872ms)
✔ shipped live and effect renderers consume the Shaman selector without changing generic mechanics (0.434513ms)
✔ all 3276 previous occupied sprite rectangles retain their reviewed RGBA (138.600466ms)
✔ real Mission 23 Shaman identity and death heading survive checkpoint reconstruction (962.12286ms)
✔ first and second actual presentation visits display 0 then 1, not 1 then 2 (1037.26256ms)
✔ normal processed phases reset, loop independently of simulation, then freeze and hide (285.861946ms)
✔ new checkpoints retain shown/next frames; legacy checkpoints start at a bounded deterministic frame (93.034944ms)
✔ pause and native land-pause freeze the latch as well as the counter (18.616489ms)
✔ render schedules and effect-only animation cannot change gameplay, either RNG or respawn (5183.677787ms)
✔ ordinary combat death finishes existing wait and respawn without a duplicate effect (500.911019ms)
✔ ordinary Shaman phase1 follows both rising and lowering death-site ground (928.273672ms)
✔ the last processed phase1 sample survives checkpoint, transition and rise (360.598753ms)
✔ phase0 retains the death height until the first processed phase1 visit (11.576005ms)
✔ a direct drowning-entry fixture rises from its initial height without phase1 resampling (16.638998ms)
✔ model-12 rise freezes the last original spirit frame for all tribes and bearings (2.349322ms)
✔ death-site visibility follows the existing land and drowning lifecycles without changing them (230.126301ms)
✔ earlier body/transition poses retain their existing renderer behavior (0.557456ms)
✔ the live caller applies the bounded presentation only to model-12 reincarnation effects (2.917573ms)
✔ G queues one shared native guard and repeat replaces it without early preparation (361.130902ms)
✔ G empty selection cancels adopted guards through the next native visit (250.509488ms)
✔ G Shaman-only selection cancels adopted guards through the next native visit (145.799981ms)
✔ native G retains the ordinary move owner and route until its deferred turn (109.125582ms)
✔ same-turn move replacement discards G before the legacy resting initializer (114.215775ms)
✔ same-turn attack replacement discards G before the legacy resting initializer (171.408873ms)
✔ same-turn worship replacement discards G before the legacy resting initializer (157.475437ms)
✔ same-turn entry replacement discards G before the legacy resting initializer (136.592643ms)
✔ pending G replacement survives pause and checkpoint (128.279746ms)
✔ pending G cancellation survives pause and checkpoint (191.096564ms)
✔ G exhaustion still clears and attaches slot zero then retries after cleanup frees a slot (162.129572ms)
✔ target entering a vehicle with inside still null completes the saved guard order (278.946892ms)
✔ ordinary Shaman Tower entry retains Guard and resolves its building outside point (127.760427ms)
✔ actual deferred G setters match native phase vector G-retain-deselect-1-3 (136.217417ms)
✔ actual deferred G setters match native phase vector G-retain-deselect-7-5 (175.032014ms)
✔ actual deferred G setters match native phase vector G-retain-deselect-0-2 (112.168096ms)
✔ protected preparation and passenger early-return retain pending ownership until actual adoption (103.333687ms)
✔ protected cancelled state10 retains ownership until its empty-queue transition really occurs (134.838654ms)
✔ death anchors to the saved Shaman in another cell before cleanup (101.598507ms)
✔ class0 anchors to the saved Shaman in another cell before cleanup (100.077683ms)
✔ vehicle anchors to the saved Shaman in another cell before cleanup (103.423009ms)
✔ cancel anchors to the saved Shaman in another cell before cleanup (218.853208ms)
✔ saved Shaman identity does not retarget when the current Shaman is replaced (167.9699ms)
✔ legacy boolean checkpoints retain their old targetless history until supported fresh input (161.009237ms)
✔ flight single selection retains the entire legacy G operation (156.426788ms)
✔ flight mixed selection retains the entire legacy G operation (121.565229ms)
✔ fight single selection retains the entire legacy G operation (106.606005ms)
✔ fight mixed selection retains the entire legacy G operation (115.844572ms)
✔ entry single selection retains the entire legacy G operation (89.98858ms)
✔ entry mixed selection retains the entire legacy G operation (118.212181ms)
✔ builder single selection retains the entire legacy G operation (169.209161ms)
✔ builder mixed selection retains the entire legacy G operation (86.115667ms)
✔ passenger single selection retains the entire legacy G operation (138.01038ms)
✔ passenger mixed selection retains the entire legacy G operation (110.789861ms)
✔ work single selection retains the entire legacy G operation (103.938829ms)
✔ work mixed selection retains the entire legacy G operation (195.623143ms)
✔ gather single selection retains the entire legacy G operation (184.940327ms)
✔ gather mixed selection retains the entire legacy G operation (402.135703ms)
✔ delivery single selection retains the entire legacy G operation (95.228481ms)
✔ delivery mixed selection retains the entire legacy G operation (95.318104ms)
✔ casting single selection retains the entire legacy G operation (95.890963ms)
✔ casting mixed selection retains the entire legacy G operation (92.809425ms)
✔ legacy single selection retains the entire legacy G operation (106.926457ms)
✔ legacy mixed selection retains the entire legacy G operation (91.687724ms)
✔ legacy path single selection retains the entire legacy G operation (72.376065ms)
✔ legacy path mixed selection retains the entire legacy G operation (94.642953ms)
✔ different route owner single selection retains the entire legacy G operation (93.329657ms)
✔ different route owner mixed selection retains the entire legacy G operation (91.721444ms)
✔ native Brave guards do not fall into legacy automatic housing while near the Shaman (116.093011ms)
✔ G replacement/cancellation have identical turn ownership at ordinary and irregular refresh schedules (154.46237ms)
✔ native G producer: shared-two-followers-repeat-and-partial-replacement / G allocates one shared command30 (9.594208ms)
✔ native G producer: shared-two-followers-repeat-and-partial-replacement / G repeats while both selected (5.755038ms)
✔ native G producer: shared-two-followers-repeat-and-partial-replacement / G replaces only selected first follower (1.790243ms)
✔ native G producer: shared-order-no-follower-selection-cancellation / G creates (1.406695ms)
✔ native G producer: shared-order-no-follower-selection-cancellation / Shaman-only G cancels both adopted guards (1.314758ms)
✔ native G producer: queued-not-adopted-no-selection / G queues (7.723866ms)
✔ native G producer: queued-not-adopted-no-selection / G without non-Shaman selection before adoption (0.886934ms)
✔ native G producer: exhausted-pool-no-old-order / G allocation fails separately for both followers (2.612291ms)
✔ native G producer: exhausted-pool-clear-frees-slot-for-later-person / first failure clears old1, later retry succeeds and third shares (4.285731ms)
✔ native G producer: last-free-slot-wrap-is-shared / G uses last free slot once (2.149876ms)
✔ native G producer: producer-selected-dead-flag / raw selected non-Shaman-pointer still receives command30 (2.162574ms)
✔ native G producer: producer-selected-protected / raw selected non-Shaman-pointer still receives command30 (1.676174ms)
✔ native G producer: producer-selected-airborne / raw selected non-Shaman-pointer still receives command30 (1.483258ms)
✔ native G producer: producer-selected-ghost / raw selected non-Shaman-pointer still receives command30 (1.575175ms)
✔ native G producer: producer-selected-removed-class / raw selected non-Shaman-pointer still receives command30 (0.840786ms)
✔ native G producer: producer-selected-other-model7 / raw selected non-Shaman-pointer still receives command30 (1.43743ms)
✔ native G producer: producer-selected-training-state21 / raw selected non-Shaman-pointer still receives command30 (0.988374ms)
✔ native G producer: vehicle-passenger-selection-retain1 / G selected passengers (2.158309ms)
✔ native G producer: absent-current-shaman-does-not-issue-or-cancel / no Shaman pointer with selected followers (1.400886ms)
✔ native G producer: absent-current-shaman-does-not-issue-or-cancel / restore Shaman and issue (1.216292ms)
✔ native G producer: absent-current-shaman-does-not-issue-or-cancel / no Shaman pointer with existing guards (0.90453ms)
✔ native G producer: stale-shaman-pointer-dead / producer still emits target73 (1.292225ms)
✔ native G producer: stale-shaman-pointer-class0 / producer still emits target73 (0.834427ms)
✔ native G producer: stale-shaman-pointer-vehicle / producer still emits target73 (0.855448ms)
✔ native G producer: saved-target-is-not-rebound-by-tribe-shaman-replacement / G targets original73 (0.759295ms)
✔ native G producer: saved-target-is-not-rebound-by-tribe-shaman-replacement / new explicit G targets replacement74 (0.969046ms)
✔ native Guard distance: near-axis0-delta-824 (0.820456ms)
✔ native Guard distance: near-axis0-delta-823 (0.120298ms)
✔ native Guard distance: near-axis0-delta823 (0.090865ms)
✔ native Guard distance: near-axis0-delta824 (0.163713ms)
✔ native Guard distance: near-axis1-delta-824 (0.077415ms)
✔ native Guard distance: near-axis1-delta-823 (0.070235ms)
✔ native Guard distance: near-axis1-delta823 (0.114349ms)
✔ native Guard distance: near-axis1-delta824 (0.109513ms)
✔ native Guard distance: signed-edge-person32767-target32768 (0.111405ms)
✔ native Guard distance: signed-edge-person32768-target32767 (0.172837ms)
✔ native Guard distance: signed-edge-person0-target32768 (0.078266ms)
✔ native Guard distance: signed-edge-person32768-target0 (0.059548ms)
✔ native Guard distance: signed-edge-person65535-target0 (0.062352ms)
✔ native Guard distance: signed-edge-person0-target65535 (0.058056ms)
✔ native Guard distance: signed-edge-person32768-target33591 (0.052648ms)
✔ native Guard distance: signed-edge-person32768-target33592 (0.058847ms)
✔ native Guard distance: signed-edge-person32768-target31945 (1.073381ms)
✔ native Guard distance: signed-edge-person32768-target31944 (0.141539ms)
✔ native Guard distance: replan-axis0-delta-440 (0.366624ms)
✔ native Guard distance: replan-axis0-delta-439 (0.2635ms)
✔ native Guard distance: replan-axis0-delta439 (0.057085ms)
✔ native Guard distance: replan-axis0-delta440 (0.184813ms)
✔ native Guard distance: replan-axis1-delta-440 (0.100599ms)
✔ native Guard distance: replan-axis1-delta-439 (0.071205ms)
✔ native Guard distance: replan-axis1-delta439 (0.158094ms)
✔ native Guard distance: replan-axis1-delta440 (0.234467ms)
✔ native Guard distance: replan-signed-edge-goal32767-target32768 (0.075913ms)
✔ native Guard distance: replan-signed-edge-goal32768-target32767 (0.053319ms)
✔ Magical Shield protects six nearby followers for the native lifetime (162.406253ms)
✔ old checkpoints default new Shield stock without disturbing their world (113.617722ms)
✔ normal early mission data selects each original backdrop and both cloud layers (2.01755ms)
✔ same-bank Mission 10 uses the same p sky set without mission-number overrides (0.183992ms)
✔ previous bank d and g sky modes and unhandled banks remain unchanged (0.177443ms)
✔ early mission sky PNGs preserve exact original bytes (5.493981ms)
✔ camera horizons preserve original sky dispatch coordinates and fade (6.403409ms)
✔ continuous sky retains native wind rates and is invariant to segment subdivision (16.44469ms)
✔ spell button artwork, positions and charging fills match native draws (11.054071ms)
✔ all six original Shield/Bloodlust descriptor frames have real atlas rectangles (1.852365ms)
✔ ready, inactive, hover and selected states use the original descriptors, not Unicode or guessed frames (0.780867ms)
✔ authored Mission16 already exposes both sprites without forced availability or stock (129.266372ms)
✔ the original undiscovered spell question mark follows the accepted six-frame append (0.255869ms)
✔ all shipped spell descriptor icons remain available after the append (0.243351ms)
✔ HudSprite no longer substitutes a text glyph and still rejects unknown resources (0.547091ms)
✔ fresh and later missions use the native owned/reward-source/cast-permission precedence (212.285715ms)
✔ restart and checkpoint restore reproduce fresh Mission 1 HUD visibility (170.947785ms)
✔ owned stock wins over the mission-load discovery mask (39.487907ms)
✔ undiscovered art is the native HFX1056 branch and visible-disabled keeps normal art (0.639118ms)
✔ unit atlas retains reviewed tribe/state/direction layers when new models append (13.705877ms)
✔ brave carry animations retain the baked timber body layer (0.409117ms)
✔ base149 retains 51 original faces and existing atlas coverage without key model slots (42.923491ms)
✔ authored default149 roots and linked Mission10 Totem select the base mesh (457.507068ms)
✔ spell45, Obelisk8, Angel157 and Vault154 remain outside static149 (128.080648ms)
✔ source qualification rejects ambiguous identity, reward flags, missing links and scenery (49.85784ms)
✔ old null/absent presentation and new checkpoints derive149 without mutating saved state (118.085081ms)
✔ static presentation never replaces a different model or an active morph family (47.276203ms)
✔ only reward-derived model45 sources are initialized; unrelated head families and Vault remain separate (139.075948ms)
✔ enabled idle cycles18native animation visits without followers; hold/refill retain the original counter rules (0.786185ms)
✔ raw keypoints use base45indices/scale rather than endpoint face layout; all18cached outputs are distinct (9.250504ms)
✔ presentation pauses with world and native land pause without touching simulation or RNG (51.922936ms)
✔ normal authored worship earns Bridge stock while presentation leaves the entire gameplay state unchanged (240.246766ms)
✔ exhausted trigger does not remove its independent enabled decorative model45 animation (87.254472ms)
✔ mid-animation new checkpoint keeps phase and old optional-field checkpoint restores safely without rewards (58.176021ms)
✔ multiple heads keep separate state while30/60/120/144Hz and irregular schedules share one animation timeline (495.619798ms)
✔ shipped scene updates ordinary head positions byphase and leaves Vault on the existing path (1.286016ms)
✔ disable and refill within one presentation interval reset once without advancing the clock (1.203414ms)
✔ authored45 constructors retain the original logical animation gate (93.845528ms)
✔ ordinary body frames wait for logical turns without changing the24Hz presentation clock (111.155995ms)
✔ each catch-up controller and observer sees the prior body frame before one logical advance (252.066617ms)
✔ mode4 transition remains exclusively presentation-owned despite the gate bit (49.086136ms)
✔ lazy, post-turn allocated and removed bodies obey the completed-turn boundary (114.660739ms)
✔ legacy body checkpoints gain only the gate and a new Scene clock does not replay a turn (48.55597ms)
✔ disable and refill notifications retain raw phase then reset before their owned visit (43.755323ms)
✔ trigger exhaustion, pause, land pause and turn wrap preserve the separate decorative owner (42.295339ms)
✔ heading comes from the decorative scenery word, never trigger settings or model selection (2.088165ms)
✔ all16bits reach the angle-table mask and a missing producer is not treated as north (0.342768ms)
✔ linking uses the native512-unit cell, first scenery match and toroidal coordinate identity (0.274187ms)
✔ existing negative-Y scene rotation agrees with native heading basis; no camera or global offset is required (1.468577ms)
✔ Vault and unknown scenery keep their original angle; orientation lookup does not mutate saved gameplay (96.373766ms)
✔ both ordinary scene orientation consumers use the same helper; no other angle consumer changes (0.849339ms)
✔ real authored zero and high-byte headings survive the producer while saved trigger fields stay unchanged (188.803104ms)
✔ Swamp scans its native 3x3 footprint and honors victim and terrain gates (1.866276ms)
✔ Swamp uses one RNG draw, scans every fourth visit, and expires at ten kills (0.517186ms)
✔ the thirtieth same-tribe Swamp discards the oldest remaining controller (0.386883ms)
✔ live Swamp casting kills through the ordinary corpse path independently of refresh rate (336.43363ms)
✔ Swarm uses the supplied standalone original insect texture (2.388921ms)
✔ Swarm creation and first controller visit preserve original gameplay RNG and child fields (1.91608ms)
✔ Swarm first live visit allocates children before wandering begins on the second visit (91.878159ms)
✔ Swarm final fifteen controller visits progressively remove children before expiry (0.471819ms)
✔ Swarm reveals disguised Spies on panic and panic-protected non-removal paths (135.13222ms)
✔ confirmed invented generic and Angel success strings are not emitted (239.269047ms)
✔ Swarm follows player and computer cast paths with native insects, victim cadence, and lifetime (338.021623ms)
✔ Mission 2 naturally funds the Matak Shaman and casts Swarm through player orders (3637.60065ms)
✔ terrain ambience matches complete native ground queues, including empty views and depth ties (11.877317ms)
✔ tree ambience camera offset and wrapped radius match complete native cell visits (2.521366ms)
✔ local lights match complete native allocation, movement and cleanup captures (145.626997ms)
✔ Blast owns immediate terrain light until its ninth turn, preserving occupancy and pause (117.66836ms)
✔ native height notifications retain object order, duplicate visits and touching building flags (8.018449ms)
✔ terrain edits notify nearby plans, revalidate original slope rules and release an invalid plan (146.173936ms)
✔ a large terrain edit indexes live people once while retaining dirty notifications (186.728125ms)
✔ terrain dirtiness resets live steering without replacing its route (85.641818ms)
✔ terrain texture endpoints match original Direct3D triangle submissions (4.131716ms)
✔ model atlas UVs match native texel centers and retain fractional/outside coordinates (1.924203ms)
✔ terrain submission covers the native cell gate across headings and seams (560.475032ms)
✔ terrain copies omit only tiles with no native-visible cell, including seams and expanded bounds (461.601511ms)
✔ timber search matches native cell order, fog, protected stock and two-pass queries (40.618264ms)
✔ shared timber caches match native allocation, expansion, routing, ownership and expiry (325.911423ms)
✔ an exhausted indexed-search pool postpones expansion without corrupting the cache (11.999681ms)
✔ terrain changes recheck nearby timber routes and live Land Bridge reaches the cache (990.438635ms)
✔ live timber cost probes report routes and foreign territory without taking route ownership (88.551312ms)
✔ harvest clocks, transfer, scale and animation match original executable captures (1.265076ms)
✔ delivery waits, timber and construction stages match complete native calls (1.62518ms)
✔ Tornado replays native initialization, lifetime, carry and throw (4.430729ms)
✔ Tornado uses the native building protection and one-draw damage gate (0.837592ms)
✔ live Tornado casts, captures and throws independently of refresh rate (498.587423ms)
✔ tower admission uses rotated tribe sockets, ground membership and original one-shot occupant pose (3573.105483ms)
✔ a tower admits one follower and movement orders preserve elevation until physics resumes (138.704943ms)
✔ tower entry and held animation are deterministic at 5–240 Hz (730.518526ms)
✔ destroying an occupied tower releases its native record and display height (106.383551ms)
✔ a tower Firewarrior autonomously attacks an eligible hostile on the tower cadence (144.04156ms)
✔ tower preachers hand occupancy to command 31 and cleanly leave or die (373.27149ms)
✔ tower panel matches every original one-slot draw trace (9.501742ms)
✔ tower panel selection preserves occupancy; ordinary orders leave without teleporting (550.098827ms)
✔ tower dismantling releases its occupant and only braves perform the work (531.775186ms)
✔ training exit orders match original coastal correction and building precedence (8.896976ms)
✔ training admits five visible residents and places overflow on native rotated queue sockets (764.1512ms)
✔ queue cancellation retains successors and occupant departure reuses the first empty slot (126.991754ms)
✔ checkpoint reload preserves a full training hut and its waiting queue without loss (235.043138ms)
✔ funded training replaces a complete batch, releases references and walks warriors out (254.756148ms)
✔ a funded Temple trains a native model-4 preacher and sends it outside (130.066304ms)
✔ a funded Spy Training Hut trains an original model-5 Spy and sends it outside (202.319791ms)
✔ queue movement, admission, conversion and shared references are independent of render rate (1099.871736ms)
✔ already-trained warriors accept training orders and yield queue priority to new braves (128.786485ms)
✔ training append preserves all70 pre-existing original models, including vehicles (148.883324ms)
✔ all original training types and owners resolve to actual meshes, not Blue substitutes (12.906407ms)
✔ the five recovered training variants retain original geometry, color tiles and all stages (9.227512ms)
✔ authored Mission16/17/22 training assets and identities survive checkpoint reconstruction (341.268965ms)
✔ the live building factory opts into original training selection without tint or gameplay changes (2.700764ms)
✔ camp human group command retains visible admission interpolation (728.454159ms)
✔ camp shared command-8 retains visible admission interpolation (1051.9707ms)
✔ temple human group command retains visible admission interpolation (496.97614ms)
✔ temple shared command-8 retains visible admission interpolation (437.129129ms)
✔ spyHut human group command retains visible admission interpolation (466.414344ms)
✔ spyHut shared command-8 retains visible admission interpolation (601.501749ms)
✔ firewarriorHut human group command retains visible admission interpolation (499.375637ms)
✔ firewarriorHut shared command-8 retains visible admission interpolation (456.990781ms)
✔ hidden admission, exit, replacement and explicit placement remain discrete (80.855352ms)
✔ native training panels preserve slots, selection, palette, frames and turn-driven feedback (14.798303ms)
✔ wide charge arithmetic never runs backwards or exceeds its frame at maximum training mana (20.36641ms)
✔ shipped disguise completes aboard Boat, holds and accepts another command (149.712147ms)
✔ Balloon passenger idle entry holds without advancing or consuming orders (86.659239ms)
✔ shipped Balloon disguise configures its command position and completes aboard (54.526075ms)
✔ Balloon raw-coordinate startup wraps payload words and retains unported encodings (43.834678ms)
✔ pending Balloon disguise checkpoint retains command position and resumes once (55.92653ms)
✔ occupied state30 checkpoint resumes countdown without reinitializing motion or RNG (309.280603ms)
✔ ordinary disembark clears vehicle and state30 returns to orders for one visit (206.54867ms)
✔ replacement disguise interrupts pending and partially completed aboard commands (65.209088ms)
✔ fractional reference uses exact rectangle coverage at edges and corners (2.074606ms)
✔ adjacent glyph elements composite their shared fractional edge sequentially (0.31704ms)
✔ disabled opacity combines with coverage while transparent source pixels preserve background (0.443868ms)
✔ source crop and nearest sampling retain native pixels without atlas bleed (0.289659ms)
✔ pinned fixed8 coverage and integer interpolation explain the opaque edge without fitting (0.240316ms)
✔ single-pixel fixed8 rectangles and straight-alpha output retain their separate contracts (0.189902ms)
✔ tree growth and complete replant searches match native captures (25.685309ms)
✔ depleted timber replants after its full delay and grows on its own phase (3211.124901ms)
✔ burning depletion also queues one replant without reviving the old tree (140.400411ms)
✔ Tutorial advances through Shaman selection into the authored Obelisk flyby (1758.069518ms)
✔ Tutorial restart recreates fresh script and view state (357.866845ms)
✔ overhead health gauges match native visibility, scaled-pose anchors and 24-pixel fills (1.995139ms)
✔ continuous positions follow captured native body/shadow interpolation (2.208104ms)
✔ every elapsed-time schedule reaches the same displayed position without changing simulation (859.244669ms)
✔ pause, endpoints, placement, entry, conversion and new people never replay stale movement (30.621313ms)
✔ Vault knowledge uses the original class-6/model-2 reward frames and socket (1.061394ms)
✔ Vault knowledge is present only while its authored reward source is active (8.398525ms)
✔ Mission 7 Vault knowledge uses occupied model-18 socket 1 placement (1.440206ms)
✔ Mission 3 Temple descriptor selects the native HFX identity (97.787213ms)
✔ Mission 3 marker glow owns a saved fourteen-frame cursor on the existing animation boundary (83.42246ms)
✔ ordinary Mission 3 Vault collection preserves payout while changing only world presentation (1252.078278ms)
✔ unrelated Vault and ordinary spell families retain their existing presentation owners (106.459156ms)
✔ a glow born on an animation boundary first displays frame zero before its next cursor (1201.157145ms)
✔ original class4 mesh selection distinguishes geometry from tooltip IDs (2.561006ms)
✔ vehicle-only import preserves all68 existing model records (28.502447ms)
✔ authored campaign vehicles retain mesh identity across checkpoint reconstruction (269.537305ms)
✔ normal boarding, exit and destruction retain original mesh rather than changing gameplay state (56.974569ms)
✔ the normal Balloon Hut producer creates the original144 appearance (78.553053ms)
✔ the shipped vehicle factory consumes original models, with no custom hull/envelope (1.121793ms)
✔ original vehicle owner textures use adjacent source tiles and retain local UVs (9.305753ms)
✔ Boat travel and exit keep registered passenger object-cell membership current (155.27688ms)
✔ Balloon travel and exit keep registered passenger object-cell membership current (148.9584ms)
✔ same-cell passenger sync preserves one linked membership and never allocates an unregistered person (69.987608ms)
✔ checkpoint clone retains passenger cell identity and wrapped exit reindexes without duplicates (94.703727ms)
✔ live vehicle damage keeps the native owner, special, signed and reset rules (103.293424ms)
✔ Blast reaches live vehicles and native destruction ejects passengers alive (75.556251ms)
✔ vehicle life and destruction survive checkpoint migration and reload (179.882802ms)
✔ success-bearing exit preserves existing public point API and real failure (98.447902ms)
✔ live panel selection only changes native selection flags and preserves unrelated selections/orders/RNG (84.388443ms)
✔ Boat and Balloon unload launch without teleporting, clear orders, and survive occupied/airborne checkpoints (156.591879ms)
✔ unload click rechecks speed, occupancy and terrain after rendered enabled state (41.169071ms)
✔ authored Mission22 Boat and Balloon unload retain launch until a living landing (418.810091ms)
✔ vehicle panel uses native kind9 geometry, disabled raw art and selection overlays (2.324856ms)
✔ raw disabled vehicle sprite alpha is85 while tail remains170 and normal art opaque (0.380234ms)
✔ vehicle selection keeps work on single, expands deselection, and Shift selects blocked mates (0.394605ms)
✔ passenger right-click has inspection semantics, while unload right-click is inert (0.186457ms)
✔ unload readiness refresh clears cached success at speed12 or failed terrain (0.205725ms)
✔ stale unload failure repeatedly clears only current driver orders, without teleporting anyone (0.345052ms)
✔ hover adds a native fill, never a false selected marker; pressed overlays palette130 (0.282809ms)
✔ horizontal viewport expansion preserves native depth and safe projection arithmetic (457.203689ms)
✔ intermediate display footprint fills the observed bird-view cut without changing native camera state (5.951241ms)
✔ added display cells cover safe front-branch projected samples across zoom, rotation and torus fractions (67.022793ms)
✔ display bounds texture and CPU visibility share the same derived rows without feeding camera state (4.938079ms)
✔ visible cells match original traversal at boundaries and wrapped camera centers (1340.115327ms)
✔ Volcano replays its native terrain, emission and disruption lifecycle (6.110087ms)
✔ player and computer Volcano casts share the live controller and old saves migrate (245.174604ms)
✔ review bundle is independently readable from a non-overlapping local fixture (159.558572ms)
✔ review bundle rejects quoted secret fields and environment-secret files atomically (184.337295ms)
✔ decoded command-receipt stdout and stderr reject escaped secret JSON without exposing values (138.512441ms)
✔ double JSON-string wrappers in stdout and stderr reject secrets without echoing values (116.23708ms)
✔ benign nested JSON strings pass within depth and decoded-byte bounds (79.951507ms)
✔ decoded JSON recursion fails closed beyond depth or total decoded-byte bounds (277.922074ms)
✔ decoded JSON byte boundary accepts exactly the configured budget (84.839386ms)
✔ tracked deletion has an explicit expected deletion identity and rejects tamper or omission (423.167471ms)
✔ real-path canonicalization rejects source aliases and bundle outputs through source symlinks (127.018887ms)
✔ bundle verification is bound to caller-supplied identities and rejects traversal (130.080716ms)
✔ raw command receipts retain source head and complete stdout/stderr (489.650208ms)
✔ command receipts bind dirty source and explicit ignored inputs and invalidate drift (233.144672ms)
✔ receipt CLI preserves repeated input flags and rejects zero-exit input drift (756.381274ms)
✔ a killed foreground wrapper retains unknown state and raw output, never a pass (762.307553ms)
✔ retired status and binding commands are not exposed or coupled to verification (1.945864ms)
✔ live aggregate coverage includes every maintained workflow integrity suite (321.780321ms)
✔ native models 13 and 15 route only completed vehicle workshops into kind 6 (2.178169ms)
✔ Boat House kind-6 panel uses native 136x82 rows and hit targets (0.840596ms)
✔ Boat House work cells fill only at each complete native 100-work boundary (0.516085ms)
✔ Boat House reuses original dismantle and cancel control phases (0.322048ms)
✔ Balloon Hut kind-6 geometry derives 208x82 from native capacity and ten work cells (0.630374ms)
✔ Balloon Hut work cells fill only at each complete native 100-work boundary (0.311311ms)
✔ Balloon Hut reuses the original dismantle and cancel control phases (0.293786ms)
✔ followers cross the former crop and both world seams, then settle at every frame rate (7335.344191ms)
✔ direct attacks take the short route and engage across both world seams (205.547833ms)
✔ live heights and sprite grounding read native terrain outside the compatibility grid (83.164926ms)
✔ mixed picking follows captured native painter ownership and pixel edges (4.33025ms)
✔ live pointer eligibility uses the active record and recorded cell building (1088.574178ms)
✔ ScenePicking re-resolves injected overlapping terrain candidates against the current painter command (439.350718ms)
✔ native selector body hierarchy retains all 25 worlds and first-three moons (2.049268ms)
✔ opening campaign availability reflects completion without hiding replay access (0.294747ms)
✔ native controller, particles, palette and ordered draw arguments: companion-seed1 (23.802772ms)
✔ native controller, particles, palette and ordered draw arguments: companion-seed12345678 (12.418507ms)
✔ native controller, particles, palette and ordered draw arguments: companion-initial-pause (8.888394ms)
✔ native controller, particles, palette and ordered draw arguments: companion-mid-pause (6.286759ms)
✔ native controller, particles, palette and ordered draw arguments: spell-3-visible (8.096581ms)
✔ native controller, particles, palette and ordered draw arguments: spell-3-offscreen (9.819435ms)
✔ native controller, particles, palette and ordered draw arguments: spell-4-visible (11.949252ms)
✔ native controller, particles, palette and ordered draw arguments: spell-4-offscreen (10.822842ms)
✔ native controller, particles, palette and ordered draw arguments: spell-12-visible (9.284161ms)
✔ native controller, particles, palette and ordered draw arguments: spell-12-offscreen (9.470137ms)
✔ native spell kinematics and pending transitions: model-3-visible (3.924717ms)
✔ native spell kinematics and pending transitions: model-4-visible (3.2991ms)
✔ native spell kinematics and pending transitions: model-12-visible (2.54352ms)
✔ native spell kinematics and pending transitions: offscreen-bit (2.802984ms)
✔ native singleton replacement and independent pulse: bridge-replaced-at-10 (19.570017ms)
✔ native singleton replacement and independent pulse: bridge-replaced-at-26 (16.127625ms)
✔ native singleton replacement and independent pulse: bridge-replaced-at-30 (16.941521ms)
✔ handoff geometry is an owned snapshot; rendering is read-only and draws the last pulse once (17.326187ms)
✔ structured-clone restores all particles, trails, pending phases, draws and independent pulse (171.000185ms)
✔ spell motion, arrival and retirement do not depend on intervening shared cosmetic consumers (6.59163ms)
✔ native before/after limiter selection owns activation, active and tail deadlines (1.047612ms)
✔ ordinary phase handoff, arrival and next-object payout keep elapsed deadlines across refresh schedules (760.162019ms)
✔ simultaneous authored M1 handoffs use native clone priority without reversing payouts (59.713891ms)
✔ missing geometry consumes one request while world countdown continues without replay (140.807302ms)
✔ arrival suppression and capped stock preserve ordinary payout ownership (196.368046ms)
✔ visible acquisition pause preserves original order without broadening land-bit pause (90.947617ms)
✔ checkpoint continuation retains controller, queue, clock and cosmetic state without initialization replay (318.661887ms)
✔ layout transforms move only draw output and retain raised-body/fallback anchors (0.961776ms)
✔ authored ordinary sources exclude the spell-valued Vault and other missions (2.156306ms)
✔ ordinary shrine completion persists provenance, recipient and creation order (235.185924ms)
✔ generic spell, mana and knowledge gifts do not inherit ordinary eligibility (38.955511ms)
✔ legacy head identity may recover eligibility but an existing gift cannot (52.355814ms)
✔ ordinary Stone Head completion creates the original six-visit acquisition VFX before stock delivery (201.619645ms)
✔ spell-head reward admission preserves native oriented cell ranges and active command eligibility (6.902161ms)
✔ head-group selection shares native occupant flag rules and imported panel heights match the original consumer (1.869662ms)
✔ proved worship modes use their original static models without changing other head families (2.668055ms)
✔ original worship model 8 is the reviewed bank-2 geometry (1.371253ms)
✔ original worship model 157 is the reviewed static Angel-head geometry (0.534682ms)
✔ legacy appearance migration recovers recursive authored modes and preserves existing families (314.304067ms)
✔ linked tutorial mode-3 Obelisk retains its authored mode and model (32.177755ms)
✔ Temple training uses the canonical shape doorway rather than crossing its footprint (109.049008ms)
✔ normal worship approach follows the same canonical stone-head heading as the rendered head (138.273556ms)
✔ legacy Mission22 worship appearance is derived from authored source identity without changing checkpoint state (181.386548ms)
✔ legacy linked mode3 head migrates recursively while root trigger and unrelated state stay byte-for-byte equivalent (34.905989ms)
✔ legacy non-mode3 and Vault heads recover mode without changing their presentation families (31.281607ms)
✔ authored worship lookup uses immutable source fields and agrees for Mission22 and linked tutorial head (67.918297ms)
✔ shipped store load migrates legacy Mission22 before real command-27 Brave admission (149.380924ms)
✔ automatic worship-panel activity is written only by a supported completed mode-0 sample (1.883301ms)
✔ automatic producer keeps unproven families out of the first shipped slice (0.257231ms)
✔ automatic retention reads the last player-specific sample rather than generic follower state (0.172726ms)
✔ automatic retention releases an inactive completed head even after a positive last sample (0.154078ms)
✔ worship panels preserve native progress, recharge, slots and artwork without clipping the second row (12.780314ms)
ℹ tests 1305
ℹ suites 0
ℹ pass 1305
ℹ fail 0
ℹ cancelled 0
ℹ skipped 0
ℹ todo 0
ℹ duration_ms 274869.880341

> populous-first-dawn@0.1.0 parity:check
> node scripts/parity.mjs check

Parity ledger, evidence paths, revision and generated report are consistent.

> populous-first-dawn@0.1.0 orchestration:check
> node scripts/orchestration/cli.mjs check

{
  "status": "passed",
  "checks": 130,
  "subsystems": 11,
  "generatedOwners": 6,
  "unmappedSourceCount": 152,
  "unmappedSources": [
    "app/ambient-sound.ts",
    "app/animation.ts",
    "app/audio-preferences.ts",
    "app/audio.ts",
    "app/blast-wave.ts",
    "app/building-clearing.ts",
    "app/building-damage.ts",
    "app/building-debris.ts",
    "app/building-dismantle.ts",
    "app/building-occupants.ts",
    "app/building-sinking.ts",
    "app/building-smoke.ts",
    "app/building-terrain.ts",
    "app/celebration.ts",
    "app/chatgpt-auth.ts",
    "app/combat-approach.ts",
    "app/combat-building.ts",
    "app/combat-order-search.ts",
    "app/combat-orders.ts",
    "app/combat-pursuit.ts",
    "app/combat-targets.ts",
    "app/command-context.ts",
    "app/construction-panel.ts",
    "app/convert-wild.ts",
    "app/drag-border.ts",
    "app/drag-overlay.ts",
    "app/earthquake.ts",
    "app/effect-motion.ts",
    "app/erosion-observation.ts",
    "app/erosion.ts",
    "app/firestorm.ts",
    "app/flatten.ts",
    "app/footprints.ts",
    "app/fps-graph.ts",
    "app/globe-renderer.ts",
    "app/globe.ts",
    "app/ground-overlay.ts",
    "app/hud-charge.ts",
    "app/hud-font.ts",
    "app/hud-health.ts",
    "app/hud-mana.ts",
    "app/hud-population.ts",
    "app/hud-portrait.ts",
    "app/hud-selection.ts",
    "app/hut-birth.ts",
    "app/hut-occupancy-smoke.ts",
    "app/hut-smoke-runtime.ts",
    "app/hut-upgrade.ts",
    "app/indexed-search.ts",
    "app/land-bridge.ts",
    "app/layout.tsx",
    "app/level-one.ts",
    "app/level-three.ts",
    "app/level-two.ts",
    "app/live-resting.ts",
    "app/mana.ts",
    "app/melee-encounter.ts",
    "app/melee-engagement.ts",
    "app/melee-groups.ts",
    "app/melee-placement.ts",
    "app/melee.ts",
    "app/minimap-frame-view.tsx",
    "app/minimap-frame.ts",
    "app/minimap-renderer.ts",
    "app/minimap.ts",
    "app/model-faces.ts",
    "app/model-lighting.ts",
    "app/morph.ts",
    "app/music.ts",
    "app/native-math.ts",
    "app/original-bloodlust.json",
    "app/original-camera.json",
    "app/original-constants.json",
    "app/original-effects.json",
    "app/original-fire.json",
    "app/original-minimap-frame.json",
    "app/original-music.json",
    "app/original-pointer.json",
    "app/original-script-three.json",
    "app/original-script-two.json",
    "app/original-script.json",
    "app/original-search.json",
    "app/original-shapes.json",
    "app/original-sky.json",
    "app/original-skylens.json",
    "app/original-sound.json",
    "app/original-stone-heads.json",
    "app/original-tooltips.json",
    "app/original-vault-knowledge.json",
    "app/painter-vertices.ts",
    "app/painter.ts",
    "app/path-geometry.ts",
    "app/path-search.ts",
    "app/path-solver.ts",
    "app/person-collision.ts",
    "app/person-idle.ts",
    "app/person-motion.ts",
    "app/person-panel.ts",
    "app/person-physics.ts",
    "app/person-route-recovery.ts",
    "app/person-state.ts",
    "app/preacher-conversion.ts",
    "app/projectile-motion.ts",
    "app/projection.ts",
    "app/resting-slots.ts",
    "app/scene-hud-runtime.ts",
    "app/scene-secondary-effects.ts",
    "app/scene-vault-knowledge.ts",
    "app/scenery-fire.ts",
    "app/secondary-effects.ts",
    "app/selection-raster.ts",
    "app/shaman-death-vfx.ts",
    "app/sky-motion.ts",
    "app/sky.ts",
    "app/special-battle.ts",
    "app/spell-button.ts",
    "app/spell-halo.ts",
    "app/spell-trails.ts",
    "app/spell-visibility.ts",
    "app/sprite-layers.ts",
    "app/stone-head-149.ts",
    "app/stone-head-animation.ts",
    "app/stone-head-orientation.ts",
    "app/swamp.ts",
    "app/swarm.ts",
    "app/terrain-ambience.ts",
    "app/terrain-light.ts",
    "app/territory.ts",
    "app/tooltip-layout.ts",
    "app/tornado-runtime.ts",
    "app/tornado.ts",
    "app/training-conversion.ts",
    "app/training-hut-appearance.ts",
    "app/training.ts",
    "app/tree-growth.ts",
    "app/unit-health.ts",
    "app/vault-appearance.ts",
    "app/vehicle-appearance.ts",
    "app/vehicle-routing.ts",
    "app/volcano.ts",
    "app/water.ts",
    "app/workshop-panel.ts",
    "app/world-coordinates.ts",
    "app/world-initialization.ts",
    "app/world-selector-data.ts",
    "app/world-selector.module.css",
    "app/world-selector.tsx",
    "app/world-state.ts",
    "app/world-tasks.ts",
    "app/worship-appearance.ts",
    "app/worship-panel-activity.ts",
    "app/worship-panel.ts"
  ],
  "cacheRequired": false
}
