
> populous-first-dawn@0.1.0 check
> npm run typecheck && npm test && npm run parity:check && npm run orchestration:check


> populous-first-dawn@0.1.0 typecheck
> tsc --noEmit


> populous-first-dawn@0.1.0 test
> node --test tests/*.test.mjs

✔ live Mission3 adapters rotate an eligible Convert Wild producer behind training (113.345671ms)
✔ producer table preserves singleton priority, one stable pass, and signed counts (0.688035ms)
✔ producer capacity is checked before callbacks and after pre-table allocation (0.409646ms)
✔ checkpoint migration retains producer history and initializes each legacy AI independently (134.644289ms)
✔ authored early producer opportunities record native table attempts without changing later missions (820.1542ms)
✔ Missions1/2 never enable type8 or idle type11/15 response follow-ups (195.369731ms)
✔ ordinary Missions1/2 allocate a real pre-table scan at their first producer opportunity (296.765381ms)
✔ normal first scans finish and repeat without a placeholder reservation (417.025552ms)
✔ ordinary Mission2 movement reaches a real response and resumes the scan checkpoint (356.34252ms)
✔ response allocation preserves native duplicate, disabled, cancellation and exhaustion gates (0.951381ms)
✔ early automatic training requires at least the native school capacity (205.907406ms)
✔ training capacity compares the native signed32-bit available total (0.692381ms)
✔ six followers share ground → area attack → ground orders, destroy the hut and regroup (535.573349ms)
✔ losing an acquired building rescans the area, fights a new person and retains the waypoint tail (243.17663ms)
✔ cancelling a reserved fight releases its reservation and the entire staged tail (151.491692ms)
✔ area targeting distinguishes an unbuilt plan from a partially constructed building (400.396748ms)
✔ arrival voices count approaching followers and fire once when they near the ordered area (415.522897ms)
✔ area approach, combat, arrival voices and queued destinations agree at 5–240 Hz and irregular rendering (818.323011ms)
✔ pausing an unfinished music play preserves enabled sound and later resume (19.98769ms)
✔ late rejection from an older resume cannot cancel the newest playing request (6.223631ms)
✔ a superseded context resume does not submit an extra music play (2.513406ms)
✔ mute cancels pending playback without recreating the background timer (4.922897ms)
✔ dispose cancels pending playback without recreating the background timer (0.703226ms)
✔ the current playback failure still rejects rather than hiding a real media error (0.979922ms)
✔ current context errors propagate, while a disposed request cannot report a stale failure (0.45913ms)
✔ initial enable can finish while paused without turning the sound setting off (0.944639ms)
✔ enable reports cancellation when muted during its pending playback (0.504147ms)
✔ first visit and non-browser rendering keep the existing defaults without writing (2.181858ms)
✔ versioned zero/full volume restores without truthiness fallback or autoplay data (0.227662ms)
✔ malformed, unsupported and unsafe values fall back without overwriting the record (0.391368ms)
✔ only an explicit valid change writes the known preference fields and leaves other storage alone (5.803038ms)
✔ invalid programmatic values never persist or replace the last valid choice (0.839271ms)
✔ denied storage getter, reads and writes are safe session-only fallbacks (0.481333ms)
✔ restoring volumes does not create audio, enable playback, or change audio RNG/reset semantics (0.277547ms)
✔ authored origins survive initialization for all five currently live campaign bridge heads (507.555438ms)
✔ ordinary Mission 2 worship creates the authored crossing and every live terrain turn matches it (1340.546486ms)
✔ legacy migration recovers only missing immutable origins without replaying active terrain (498.907003ms)
✔ pre-activation legacy save and mid-bridge checkpoint continue once at the authored origin (1053.596145ms)
✔ automatic Boat search filters native-ineligible vehicles and boarding shares the driver route (141.379766ms)
✔ music sections and ordinary ambient decisions match captured original execution (9.586358ms)
✔ percussion uses audio timestamps at low/high/irregular frame rates and skips stale starts (2.561098ms)
✔ Blast head reaches impact and native first/last wave visits launch enemies/allies (153.833138ms)
✔ Blast and follower presentation share elapsed time at low/high/irregular refresh rates (554.898649ms)
✔ projectile snapshots preserve pause, wrap and explicit placement without touching unrelated effects (43.201536ms)
✔ original Blast indexed visits, alliances, repeated impulses and damage gates (27.032534ms)
✔ live Blast delays allied launch, retains native flight height and restores commands after landing (125.370284ms)
✔ Blast and landing damage share original shields, protection, attacker and life wrapping (0.478359ms)
✔ wild followers land into their original state 8 without losing the unit (70.200819ms)
✔ a burning airborne follower keeps one panic clock and releases its native pose after landing (47.274333ms)
✔ Boat House launch matches native type-1 computer full ejection (112.607765ms)
✔ Boat House launch matches native type-2 human driver removal with retained occupants (78.647826ms)
✔ maintained checkpoint callsite waits for delayed false reads before reloading (8.247687ms)
✔ maintained checkpoint callsite rejects exhausted false reads without reloading (31.179322ms)
✔ maintained checkpoint callsite closes rejected reads without reloading (1.527478ms)
✔ rendered transport checker independently counts whole mixed-class craft (2.611959ms)
✔ rendered transport checker rejects partial, unrelated, duplicate and wrong-class groups (1.695931ms)
✔ transport pixel oracle retains real device scale and outward clip padding (0.51832ms)
✔ transport oracle preserves fractional scales and detects the old footer/hit failure (0.952873ms)
✔ readiness reads rebind after fresh page reload and on repeated calls (12.206812ms)
✔ readiness wait sequentially awaits false samples before accepting literal true (5.646133ms)
✔ a truthy non-boolean readiness field does not pass the wait (11.412497ms)
✔ read errors propagate and repeated unready samples time out without mutation (18.835473ms)
✔ building attack phases, entrances, damage and shake match native execution (53.114758ms)
✔ an entirely occupied world cancels special positioning instead of hanging (0.726233ms)
✔ live building assault enters, strikes, shakes and destroys via native damage accumulation (621.751352ms)
✔ occupied building ejects a defender and the same native command resumes after winning (101.688975ms)
✔ building attack mechanics and poses are independent of rendering cadence (1050.043461ms)
✔ attacker death releases immediately; target loss rescans the area before completing (374.6309ms)
✔ native defence gate and shaking retain counter cadence, signed lifetime and collapse RNG (13.973349ms)
✔ cancelling or killing an attacker during its defender encounter releases the retained order (236.007583ms)
✔ complete native scenery clearing, shared waits and ownership requests (223.413501ms)
✔ complete native people clearing, shared waits and ownership requests (132.101064ms)
✔ live clearers harvest on-site trees, carry and deposit logs, then move bystanders before allocation (1009.872028ms)
✔ clearing pauses without advancing and cancellation releases its native animation and route (132.588557ms)
✔ clearing bushes starts the original fire and retreats before the site is allocated (164.229062ms)
✔ occupant restoration and facing match native captures, including seams and backwards facing (9.275001ms)
✔ live exits retain position and sprite ownership for every building orientation (1702.562905ms)
✔ command cancellation uses shared exit restoration without changing the route start (28.682425ms)
✔ timber hauling matches native phases, movement, reservations, transfers, poses and clocks (17.563581ms)
✔ native building origins, exact ground writes and plan height initialization (158.867246ms)
✔ live rotated foundations use native vertices and preserve surrounding terrain (646.41663ms)
✔ buildings retain distinct terrain handles after long effect-heavy games (106.728827ms)
✔ native descriptor data routes completed huts through kind 7 with resident capacities (0.896198ms)
✔ kind-7 hut rows place occupant and dismantle hit targets from native capacity (5.851162ms)
✔ training charge row keeps existing controls aligned after shared geometry extraction (0.163136ms)
✔ unbuilt plan priorities, validation, allocation and abandonment match native decisions (7.093861ms)
✔ leveling movement, animation, timers, terrain and sound match complete native task 8 (24.454966ms)
✔ live plans retain uneven ground, level visibly and wait for timber and crew clearance (2988.582533ms)
✔ a full shared order pool leaves a new plan unstaffed without leaking ownership (99.050102ms)
✔ simultaneous fetch deposits cap preparation work and preserve surplus timber (60.84107ms)
✔ unattended plans expire and redirected leveling workers release their sprite and route (140.296099ms)
✔ native preparation clears on-site timber before allocation without deleting its resource (213.136335ms)
✔ foundation settling, flooding and dock edges match original executable captures (57.045201ms)
✔ original wet-side tipping, drift, spin and sinking expiry retain complete native trajectories (152.645368ms)
✔ terrain collapse ejects before destruction, retaining its two-turn delay (0.276406ms)
✔ healthy buildings settle without entering repair; deformed and flooded buildings use distinct destruction (860.777163ms)
✔ complete native cell validity and exact placement feedback (54.956148ms)
✔ placement protects reincarnation stones without a living Shaman and reserves buildings (1257.26572ms)
✔ building activity matches native geometry, clocks, speed, facing and animation requests (33.068321ms)
✔ live builders reach work poses, animate, pause, cancel and finish without stale sprites (416.941192ms)
✔ crews leave finished huts in all four orientations before the plan releases them (2417.352556ms)
✔ player construction orders approach natively and deposit carried logs before fetching (1726.32168ms)
✔ builder admission and stale-slot pruning match complete native calls (9.798388ms)
✔ construction dispatch, repair clocks and departure gates match native plan calls (10.808326ms)
✔ scheduled burning plans panic only unlocked builders on building cells (111.296465ms)
✔ repair smoke footprint and terrain refresh match native cell traversal (3.254632ms)
✔ two live builders dispatch one hauler on the original sixteen-turn phase (309.220032ms)
✔ later construction haulers skip timber reserved by an earlier search (137.217321ms)
✔ timber reservations reopen, drain and release on native transitions (0.252058ms)
✔ live plan capacities, duplicate orders and replacement workers share registration (140.624502ms)
✔ zoom retains native preset bounds and the existing 18-step timer (1.242248ms)
✔ render previews do not mutate native state and meet every committed step across all resolution tables (68.211692ms)
✔ 30/60/120/144 Hz and irregular preview schedules retain duration and every owned native configuration (10.349989ms)
✔ conversion observation requires the native victim-owner and replacement flags without world mutation (3.55645ms)
✔ death, ordinary births, startup conversion flags and enemy preacher ownership are not credited (0.353631ms)
✔ observation resets at mission boundaries and does not infer events across unobserved turns (0.159871ms)
{"label":"fixture","ready":true,"turn":1,"status":"playing"}
{"checkpoint":"mission-2-start","level":3,"status":"won","turn":1,"population":{}}
{"checkpoint":"mission-2-won","level":3,"status":"won","turn":1,"population":{}}
{"checkpoint":"mission-2-result","level":3,"status":"won","turn":1,"population":{}}
{"checkpoint":"mission-3-continued","level":3,"status":"won","turn":1,"population":{}}
{"checkpoint":"mission-3-won","level":3,"status":"won","turn":1,"population":{}}
{"checkpoint":"mission-3-result","level":3,"status":"won","turn":1,"population":{}}
PASS: fixed-turn diagnostic wins Mission 2, continues, and wins Mission 3; not real-clock gameplay
✔ sandbox adapter retains every existing assertion, turn bound and campaign action (3.194932ms)
✔ changed or duplicated maintained checker scaffold fails closed before browser execution (1.601107ms)
✔ late final screenshot completion cannot mark an aborted campaign scenario passed (5.825867ms)
✔ actual native triangles supplement the historical fixed anchor scan (4.400945ms)
✔ geometry candidates cannot bypass foreign object or DOM overlay ownership (4.0449ms)
✔ normal zero-dt frame refresh resolves stale panels while retaining simulation slots and clock (5.484193ms)
✔ presentation refresh cannot conceal a simulation change (2.211324ms)
✔ presentation reservation exception cannot conceal secondary slot allocation (1.27096ms)
✔ stale pre-refresh reservations fail instead of being normalized by the checker (1.505924ms)
✔ presentation refresh cannot conceal changed world Map entries (7.898602ms)
✔ occluded shrine fallback uses bounded ordinary camera drags and strict target re-probes (0.267522ms)
✔ the shipped right-drag mapping rotates 512 native angle units without panning (67.860491ms)
✔ Mission 3 trains a bounded Preacher group and retains identified HUD-reachable Braves (0.177967ms)
✔ additive native Ctrl-five requires the ordinary cancel/deselect before reserving workers (1106.043238ms)
✔ missing checkpoint does not suppress independent campaign progress (124.406666ms)
✔ malformed checkpoint does not suppress independent campaign progress (142.375564ms)
✔ partially migratable checkpoint does not suppress independent campaign progress (50.851134ms)
✔ incompatible checkpoint does not suppress independent campaign progress (42.402735ms)
✔ current valid checkpoint still restores and loads (97.874405ms)
✔ legacy valid checkpoint still restores and loads (99.496142ms)
✔ malformed stored checkpoint preserves usable session checkpoint and merges completion (49.247123ms)
✔ storage read failure retains in-session progress and checkpoint (49.060052ms)
✔ camera release alone does not make the startup Shaman selectable; observation is read-only (379.837192ms)
✔ readiness still rejects absent actors, global input locks and paused play (235.191865ms)
✔ Continue readiness waits on real RAF before suspension with the existing timeout (4.117809ms)
✔ the production wait polls synchronous false until native selection readiness (2.16909ms)
✔ Mission 3 Swarm target observation is read-only and chooses an actually castable enemy (1172.909044ms)
✔ Mission 3 Swarm eligibility does not depend on distance to the vault or unit array order (686.779745ms)
✔ Mission 3 Swarm diagnostic refuses missing stock, blocked input, cooldown and invalid enemies (556.733203ms)
✔ checkpoint readback awaits false reads before the actual true result (2.191544ms)
✔ checkpoint readback fails closed after bounded asynchronous false results (0.719522ms)
✔ attack approach points and search pool state match complete native queries (62.327274ms)
✔ fight/person pursuit, housed entry, waiting and retries match native visits (20.57105ms)
✔ attack search, march records and automatic retargeting match native dispatch boundaries (12.855504ms)
✔ arrival voices and reservation release replay native thresholds and compacted-list visits (4.647425ms)
✔ original automatic commands preserve normal queues, share one reference-counted record and handle allocation exhaustion (45.669776ms)
✔ native scan dispatch preserves pending bits, suppression, specialist selection and consumer call counts (0.79815ms)
✔ ordinary combat entry reveals a completed Spy disguise (228.3888ms)
✔ live campaign scan suppression consumes pending alerts without changing person counters or sprites (129.819762ms)
✔ dead building attackers release queued shaman-guard duty (105.099354ms)
✔ fight motion initializes its retained sermon without a native owner (99.12839ms)
✔ coastal response targets come from the corrected native cell, including its newly exposed edge (93.164545ms)
✔ tower counterattacks ignore hostile people in water (149.018929ms)
✔ coastal area/dismantling order preparation matches full native calls and retains flags on identical commands (0.534243ms)
✔ live same-cell followers share one automatic command 21 and resume their queued destination (154.387019ms)
✔ an on-foot Firewarrior owns one automatic response per cooldown and yields to player movement (401.533833ms)
✔ an on-foot Firewarrior repeatedly launches at and damages a completed enemy building (90.988335ms)
✔ automatic combat restarts a retained direct tree harvest instead of harvesting during battle (94.866874ms)
✔ live automatic combat consumes a pending worship scan without replacing command 27 (57.620499ms)
✔ live automatic allocation failure preserves its source and queued order (66.763382ms)
✔ live automatic sharing leaves a nonmatching same-cell peer untouched (144.784705ms)
✔ live preacher response retains its sermon queue and resumes conversion (83.751582ms)
✔ preacher response allocation failure consumes the scan without changing its queue (118.776923ms)
✔ complete pursuit, target setup and attack-area gates match native fields, RNG and consumer ordering (32.687507ms)
✔ full-fight waiting positions and fallback RNG match original terrain and collision execution (55.264468ms)
✔ mixed target collection, native distance bands, fight admission and reservations replay executable captures (9.97236ms)
✔ live followers choose closer enemies, distribute reservations, then fall back to a saturated target (237.041281ms)
✔ live mixed scans detect enemy footprints and prefer an eligible person in the same distance band (172.260935ms)
✔ automatic squads share native area orders and target capacity independently of render frequency (677.018673ms)
✔ live target priority joins a fight ahead of a solitary enemy in its distance band (61.298407ms)
✔ nearby automatic building attacks keep their command-21 target between detection visits (73.862373ms)
✔ automatic contextual priority matches original single and mixed-class captures (1.515087ms)
✔ live ground context follows native registered cells through rotations and world seams (148.483846ms)
✔ ground beside a hut moves the group, while its occupied cell enters it (146.769889ms)
✔ an exact tree click harvests, seeks a timber plan and otherwise returns to rest (190.817007ms)
✔ a queued ordinary-tree harvest keeps its cargo and advances the existing waypoint (382.196507ms)
✔ input feedback matches native ground-cell centers and suppresses flashes over pointed objects (0.328574ms)
✔ object commands retain the chosen identity through overlaps and array reordering (124.950082ms)
✔ live target choice follows captured native ownership for both tribes (2212.818744ms)
✔ construction command matches native registration, fallback ownership and task handoffs (69.611743ms)
✔ construction panel matches native submissions and corrects the unlinked second-row height (17.927296ms)
✔ construction workers can be selected, reassigned to dismantle, cancelled and restarted (561.432035ms)
✔ construction icons select the active worker record and respect its native eligibility (32.092979ms)
✔ Convert Wild scans, converts, animates, and casts through player and computer paths (243.236337ms)
✔ deselection matches native command flags for every selection byte (1.839735ms)
✔ cancel targeting first; deselection preserves shared marching orders, routes, RNG and pause (185.086177ms)
✔ deselection reaches retained work representations once, leaves enemy ownership alone (57.1863ms)
✔ deselected groups retain identical mechanics and poses at 5–240 Hz and irregular frames (638.323241ms)
✔ training selection eligibility reads command flags, independently of motion turning flags (186.352456ms)
✔ dismantling reassigns residents and queued braves, recovers all timber and removes the building in four orientations (617.37885ms)
✔ cancelling dismantling stops existing workers; new orders can staff an empty dismantling building (116.093545ms)
✔ dismantling outcomes and timber remain independent of render frequency (436.534203ms)
✔ mixed groups queue movement, dismantling and movement without redirecting ineligible warriors (397.713736ms)
✔ queued building entry can become dismantling; cancellation skips work while retaining the destination (237.780786ms)
✔ dismantling queue replacement and death release references while non-braves keep their current orders (223.664328ms)
✔ automatic combat pauses shared dismantling and resumes its retained order (71.957873ms)
✔ automatic combat completion follows the native circular dismantling queue (99.442795ms)
✔ automatic combat allocation failure keeps dismantling state intact (75.807373ms)
✔ queued dismantling, timber and following movement agree at 5–240 Hz and irregular frames (868.31786ms)
✔ drag borders match original screen extrusion, texture coordinates and terrain crossings (36.002966ms)
✔ native area commands retain tower/training exclusions, current-order lookup and actual land membership (4879.790715ms)
✔ a real trainee remains drag-selectable on entry and becomes excluded only in the native interior phase (223.943881ms)
✔ fetching builders are selected at their active task-7 position (63.513497ms)
✔ world drag geometry matches captured native seams, camera bearings, clamps and degenerate drags (7.366379ms)
✔ live drag selection matches native flags and group voices without changing simulation ownership (681.963529ms)
✔ Mission 3 periodic raid preserves native mask, strict thresholds and arguments (1.877805ms)
✔ Mission 3 naturally grows both tribes and recruits the authored three-Brave raid (11837.475403ms)
✔ Earthquake matches the native initializer and central deformation phase (4.163072ms)
✔ Earthquake building scans preserve protected models, RNG and ejection-before-damage (0.390497ms)
✔ live Earthquake casts, damages and deforms independently of refresh rate (304.271852ms)
✔ Mission 1 counts authored primary effects before the opening (204.242984ms)
✔ Mission 1 keeps the allocation phase across pause, checkpoint and restart (323.537774ms)
✔ Mission 2 counts authored primary effects before the opening (56.682012ms)
✔ Mission 2 keeps the allocation phase across pause, checkpoint and restart (252.600425ms)
✔ Mission 3 counts authored primary effects before the opening (46.891887ms)
✔ Mission 3 keeps the allocation phase across pause, checkpoint and restart (226.472929ms)
✔ early-level effect phase remains fixed-turn owned across frame schedules (651.828069ms)
✔ live Erosion casting deforms terrain independently of refresh rate (779.447673ms)
✔ a newer Lightning consumes simulation RNG before Erosion (26.747139ms)
✔ original cleanup, center, terminal release/counters and recovery match native captures (7.169413ms)
✔ last opponent death ends the fight, credits its winner once and returns a survivor to commands (193.293381ms)
✔ live separation uses the squared eight-unit boundary (224.114456ms)
✔ a native interruption detaches its slot and protected survivors defer state recovery (61.496984ms)
✔ fight completion, recovery and RNG agree at 5–240 Hz and irregular frame schedules (364.056359ms)
✔ Firestorm emits its complete native 220-turn rain sequence (9.249121ms)
✔ live Firestorm composes fire, panic Blast and building ignition independently of refresh rate (686.741911ms)
✔ Flatten follows the native 15-turn terrain and orbit lifecycle (6.392364ms)
✔ live Flatten casting is refresh-rate independent (1601.24355ms)
✔ persistent follower controls retain native descriptor order and class HFX ownership (1.473083ms)
✔ live own class totals enable controls independently of training knowledge or occupancy (150.707211ms)
✔ reading the follower strip does not mutate simulation or selection state (163.839743ms)
✔ shipped G has the recovered guard task without mutating native ownership in HUD reads (132.253174ms)
✔ specific legacy work overrides dormant idle while real native disruption remains authoritative (127.200085ms)
✔ construction, pre-entry, actual entry and native idle routes use their own categories (75.406505ms)
✔ task selection preserves orders and RNG during a real movement command and propagates occupied groups (68.621775ms)
✔ live task count reads nearby camera coordinates without creating or registering people (48.6383ms)
✔ real boarding through a route owner overrides a dormant native person for Selected task propagation (70.341184ms)
✔ task classifier preserves every recovered native state and command category (0.920514ms)
✔ inside classification follows building category and the Preacher command exception (4.599809ms)
✔ global existence and nearby task counts are independent; selected overlays preserve native addition (1.740367ms)
✔ task selection ignores persistent-strip assignment priority and uses category nearest (0.426902ms)
✔ Selected row click/Shift deselect, Ctrl reselects nearest without changing its work or the group (0.43243ms)
✔ Total single/five can select the Shaman while Shift excludes it (0.274252ms)
✔ task focus filters category and cycles with the Shaman nearby exemption without mutation (0.297328ms)
✔ vehicle creation and frame cache use apparent tribe, including checkpoints and legacy fallback (228.026154ms)
✔ vehicle damage immunity follows apparent tribe while real-owner counts stay unchanged (129.426326ms)
✔ live Blast projects class4 apparent tribe without changing the real owner (165.446112ms)
✔ ordinary live boarding exposes class vehicle counts, all passengers and independent owner fields (242.132144ms)
✔ Spy boarding uses immediate target bits, later boarding rewrites owner and exit preserves apparent owner (56.302636ms)
✔ split owner and occupied selection survive checkpoint, legacy vehicles use real team fallback (36.018659ms)
✔ destroyed last vehicle keeps presence during its visible wreck and cannot select or focus (41.140615ms)
✔ shipped disguise command aboard publishes apparent ownership through completion and countdown (56.075695ms)
✔ legacy occupied checkpoint retains apparent fallback across voluntary unload (90.997987ms)
✔ first and later boarding, either exit and reuse preserve the native two-owner contract (516.611421ms)
✔ occupied class reads rebuild from current passengers rather than stale row totals (63.364837ms)
✔ transport presence uses real ownership and survives an empty count (6.793397ms)
✔ class filter acquires a vehicle and selects all eligible passengers; Ctrl counts vehicles (1.270849ms)
✔ driver command priority, matching-passenger distance and vehicle nearby boundary remain distinct (0.19991ms)
✔ native reverse vehicle-list focus cycles, variants reacquire, and selected/blocked occupants can focus (1.390329ms)
✔ footprint history matches native ring replacement and its per-cell pixel counts (611.395476ms)
✔ partial footprint shading equals a complete native-palette atlas rebuild (1545.423178ms)
✔ live walking footprints use the elapsed animation clock, including pause and disabled trails (343.640667ms)
✔ live turn preserves native tribe order, inactive skipping and next-turn formation admission (1768.435345ms)
✔ actual recruited groups wait a turn and then steer before member physics (130.794346ms)
✔ render cadence cannot change gameplay, RNG or owned animation state (7129.088726ms)
✔ paused time stays paused; long active frames retain elapsed time (116.130228ms)
✔ campaign messages use the presentation clock and freeze while paused (347.324082ms)
✔ campaign pending auto-open waits for settled motion and consumes one oldest record per presentation visit (43.197419ms)
✔ scenery shade follows cell occupants through overlap, depletion and regrowth (129.743833ms)
✔ rotated building plans keep their anchor, entrance routes and orientation through construction (701.861659ms)
✔ Lightning ignites only its building footprint, then evacuates, damages and permits repair (615.154508ms)
✔ Lightning burns original scenery through smoke and cleanup without leaking fire state (96.106052ms)
✔ native impacts expire on exact turns and debris preserves the sprite allocation counter (67.11408ms)
✔ terrain rebuilds preserve queue precedence and initialize the original mission before sampling (26.920299ms)
✔ territory preserves native footprint asymmetry, overlap clearing and staggered recovery (2.495049ms)
✔ opening tooltips resolve mission cells and have an independent lifetime (54.59434ms)
✔ original level layout, native foundations, and the complete mission (3482.93834ms)
✔ housing, mana allocation, pause, drowning, and reincarnation (495.024894ms)
✔ ordinary land deaths keep the native corpse lifecycle (137.13606ms)
✔ native transformed compound bases stay on their ground pads (43.992878ms)
✔ native animation identity, casting interruption, gradual terrain and blast survival (483.518463ms)
✔ native economy uses fixed turns, population bands and real hut upgrades (925.478122ms)
✔ lightning hits a native map cell and Blast leaves allied health intact (34.529236ms)
✔ native integer movement and combat exchanges preserve timing, retaliation and replay (447.321032ms)
✔ native fight slots form four-person groups and release on interruption (79.358446ms)
✔ native sound cues preserve sample identity, cast phases and simulation randomness (264.683418ms)
✔ native Lightning delays the upper flash and regenerates eight segments for three turns (58.100958ms)
✔ native spell allocation, discrete flight, RNG trails and delayed impact (613.901296ms)
✔ native terrain ridges, reflected diagonals, surface planes and boundary vertices (1.26401ms)
✔ original campaign setup disables only enemy reincarnation and retains deferred commands (381.845768ms)
✔ mission-one AI applies its native spell interval profile on the original phase (124.476448ms)
✔ mission-one closes its construction latch after the first Red hut (27.66598ms)
✔ campaign marker setup snapshots native entry state before live execution (51.935062ms)
✔ mission marker task sends one reserved brave to marker one (112.704757ms)
✔ mission-one ordinary marker guard patrols and answers nearby enemies (91.374825ms)
✔ campaign markers remove the bridge head on the native phase, independently of routing (95.809152ms)
✔ campaign counters track allocation and remaining head gifts through gameplay (122.430982ms)
✔ worship decays without followers and continues at full spell stock (230.337423ms)
✔ vault discovery follows worship, door, entry and exit tasks (237.831082ms)
✔ vault allocation preserves the current order when the shared pool is full (115.515743ms)
✔ original discovery messages follow script phases, persist and reset (109.998257ms)
✔ partial building queries consume their mode once and marker triggers bypass worship (31.56985ms)
✔ original opening runs before object turn 72 and its independent flyby clock can be interrupted (89.21035ms)
✔ native outcome phases honor campaign opponents, forced results and defeat recovery (419.29296ms)
✔ tribe gates suppress scripts and AI while object turns and eligible cooldowns keep their native phases (523.853931ms)
✔ emergency casting preserves queued work and preacher responses keep their own payment rules (55.263897ms)
✔ mission-one AI casting uses the live shaman state and cast-block flags (369.897472ms)
✔ live spell scans use population thresholds and building territory with delayed overlap recovery (52.168533ms)
✔ original campaign stops Dakini Blast casting after its second allocation (178.420149ms)
✔ campaign attack commitment follows living warrior counts on its original turn (321.235392ms)
✔ mission-one Dakini launches its native attack route when Blue enters marker three (177.495368ms)
✔ mission-one Dakini launches its later building attack when Blue overwhelms it (208.37411ms)
✔ mission-one Dakini pursues a fallback shaman by exact command target (40.587478ms)
✔ computer attack exhausts native scans and retreats below its surviving-member threshold (0.421533ms)
✔ computer attack pool exhaustion skips hostile dispatch and retires through native empty scans (78.425293ms)
✔ queued training keeps its selection lock until issuing the order and frees its slot after arrival (0.555025ms)
✔ mission-one red AI queues exact task 6 below one warrior and executes live training (152.32336ms)
✔ mission-one red AI does not reserve a second brave already committed to warrior training (34.827648ms)
✔ external game store publishes edits and restarts without sharing worlds between sessions (343.477626ms)
✔ mission-one victory continuation creates and restarts the recovered mission-two world (346.599088ms)
✔ mission-two Totem route reaches the Tornado guidance and use instruction (1301.042121ms)
✔ mission-two enemy marker orders nearby Matak defenders to counterattack (221.914632ms)
✔ game store checkpoints restore an isolated exact world snapshot (85.684968ms)
✔ computer recruitment preserves wrapped-distance ties and native command eligibility (0.617348ms)
✔ group orders share references and release their object only after the final follower leaves (0.60528ms)
✔ AI reservation enters native selection state and releases through the normal person initializer (0.842576ms)
✔ training order startup uses configured speed and preserves only a compatible building occupant (0.793102ms)
✔ native training queue yields to an untrained follower and releases its new head (1.245413ms)
✔ live followers reach rotated native doors before entering buildings (739.988761ms)
✔ building admission preserves native slot order, training activity and shared commands (1.137119ms)
✔ training replaces a whole batch, inherits the first occupant order tail and rolls back partial allocation (0.920314ms)
✔ live mana refunds wait for a pulse and computer training receives only the original first pass (57.041773ms)
✔ follower mana uses native preacher orders, registration and ghost flags before tribe scaling (100.815021ms)
✔ live spell reach follows terrain height and enemy casts require and spend native mana (76.79132ms)
✔ native casting lockout survives animation and computer usage recovers one charge at a time (82.163254ms)
✔ spell targeting preserves native cell allowances and wrapped coordinate seams (120.10048ms)
✔ native spell scans retain slots and Blast scoring avoids friendly concentrations (60.257672ms)
✔ defeat seeds native building collapse and staged damage ejects occupants before removal (80.417566ms)
✔ building display stages follow remaining work and retain separate complete meshes (29.866724ms)
✔ results preserve pending turns, collapse defeated settlements and reject new orders (399.67777ms)
✔ result camera crosses the world seam, releases input and retains native sky timing (5.412255ms)
✔ victory owns persistent native followers, drops cargo and renders a separate paused animation clock (84.069019ms)
✔ live blocked followers retain native detour steering and recovery timers (29.885793ms)
✔ live celebrants obey native walk masks and survive the legacy ground-height cutoff (26.04576ms)
✔ live completed-building footprints relocate and clear on removal (40.174569ms)
✔ live native cell order follows arrivals and removes dead records (58.093514ms)
✔ live cell insertion repairs a stale head left by a removed person (0.336045ms)
✔ dead vehicle passengers release their slots and driver position (55.525975ms)
✔ live native preparation consumes reroutes and completes slow turns and reactions (25.954053ms)
✔ interrupted victory followers resume through native orders and rejoin celebration (23.828749ms)
✔ native idle approach composes with shared state and original resting animation (40.359848ms)
✔ native resting ownership allocates distinct slots and compacts after a follower leaves (25.91931ms)
✔ native route reuse shares ownership and live celebration releases each follower (69.307587ms)
✔ native route construction retries expired failures and stores the original bounded path (46.195063ms)
✔ native path search packs a trimmed route and preserves distinct vehicle retry flags (97.075922ms)
✔ native wrapped route smoothing respects blocked steps and measures retained segments (60.66587ms)
✔ native obstacle solving builds a world-seam detour and rejects a blocked destination (58.252087ms)
✔ native planned routes use the recovered solver and advance shared followers to their goal (40.438723ms)
✔ native boarding checks the first boat and landing requests reserve distinct original search cells (1.386885ms)
✔ live native routes release query ownership, expire failures and walk low shoreline (138.340787ms)
✔ live followers share routes, advance before exact arrival and release every owner (90.704842ms)
✔ hut families are selected once, shared with shapes and retained through upgrades (64.100501ms)
✔ mission-one low population response assigns and releases persistent shaman escorts (97.759259ms)
✔ shaman escort uses native pursuit cadence and strict boundaries (0.545881ms)
✔ Mission 5 Boat worship emits its original one-shot tutorial (278.713355ms)
✔ Mission 5 grants, boards, sails, lands and checkpoints its original Boat (247.200622ms)
✔ Ghost Army casts, spawns native ghosts, accepts orders, vanishes in combat, and follows AI (447.061801ms)
✔ world-view terrain matches captured native mesh order, projection and lighting (176.647422ms)
✔ overview drag/release matches native snapshots and every star-parallax step (3.307299ms)
✔ overview morph timing matches the original complete lifetime snapshots (9.924462ms)
✔ Ctrl starts followers immediately, appends shared waypoints and ordinary click ends the sequence (332.932138ms)
✔ eighth Ctrl click and Alt final click deselect without cancelling issued orders; right-click ends staging (126.169102ms)
✔ queued ground movement preserves every turn, RNG, poses and footprints at 5–240 Hz and irregular frames (898.539464ms)
✔ continued queue allocation failure retains issued orders, and an ordinary replacement releases them (97.274053ms)
✔ an enemy-person order waits behind a waypoint and advances when its target becomes unavailable (451.684036ms)
✔ ground waypoint handoff uses each playable class default initializer (338.808151ms)
✔ ordinary person turns apply native follower and Shaman healing without reviving excluded units (108.469193ms)
✔ live health adapter preserves airborne/state exclusions and combat status flags (60.579591ms)
✔ each original healing model receives exactly one recovered increment on the eighth turn (43.94806ms)
✔ a follower injured by the shipped missing-building release path later heals on an ordinary turn (48.729492ms)
✔ healing follows simulation turns across speed, refresh cadence, irregular frames and pause (713.321725ms)
✔ checkpoint migration preserves the next native healing turn (54.767781ms)
✔ building admission clocks match captured native blocks (5.505553ms)
✔ followers visibly cross the native interior threshold before housing consumes their command (1344.706985ms)
✔ simultaneous arrivals respect hut capacity and cancellation releases the scoped animation and route (212.861297ms)
✔ hut slots remain authoritative through a departure, replacement and birth turn (111.900991ms)
✔ fire interrupts entry without retaining its walking sprites or command record (132.932048ms)
✔ staged entry positions, RNG, admission and sprite clocks are independent of rendered frame rate (669.330871ms)
✔ entry re-plans interrupted steering and releases its source when the hut becomes unavailable (63.759263ms)
✔ scaled native panel and bottom-row digits remain above the modern footer (0.970409ms)
✔ HUD keeps preferred manual sizes and the original nominal auto steps when they fit (0.156585ms)
✔ HUD extraction retains the page client-component directive (2.381158ms)
✔ HUD selection and focus match captured original commands without changing other person fields (6.550481ms)
✔ HUD controls add followers without stealing simulation ownership or replacing marching orders (182.100448ms)
✔ building menu waits through delayed false images before continuing (15.617436ms)
✔ building menu exhausts its existing 30000 ms scope without continuing (307.036275ms)
✔ building menu propagates failed texture acquisition without retrying (3.249136ms)
✔ building hover Mission 1 waits through delayed false images before continuing (5.117805ms)
✔ building hover Mission 1 exhausts its existing 30000 ms scope without continuing (279.493031ms)
✔ building hover Mission 1 propagates failed texture acquisition without retrying (5.730839ms)
✔ building hover Mission 2 waits through delayed false images before continuing (12.505847ms)
✔ building hover Mission 2 exhausts its existing 30000 ms scope without continuing (259.932004ms)
✔ building hover Mission 2 propagates failed texture acquisition without retrying (4.010381ms)
✔ worship Tutorial waits through delayed false images before continuing (18.077576ms)
✔ worship Tutorial exhausts its existing 30000 ms scope without continuing (146.331408ms)
✔ worship Tutorial propagates failed texture acquisition without retrying (19.542539ms)
✔ worship Mission 1 waits through delayed false images before continuing (7.110002ms)
✔ worship Mission 1 exhausts its existing 20000 ms scope without continuing (165.864642ms)
✔ worship Mission 1 propagates failed texture acquisition without retrying (2.020629ms)
✔ repeated helper calls acquire the replacement document image (2.345157ms)
✔ only literal true permits readiness, never a truthy observation value (0.549316ms)
✔ late true is rejected after the awaited read settles, without another observation (21.478981ms)
✔ the last pause fits the deadline and no read starts after it (2.162643ms)
✔ invalid wait bounds fail before reading (0.407312ms)
✔ shaman health fill follows native integer bounds and absent/overfull cases (3.007131ms)
✔ HUD atlas metadata matches the PNG and contains every imported sprite (1.991565ms)
✔ portrait backgrounds and shadow-free directional layers match native captures (3.406644ms)
✔ tooltip bitmap placement and wrapping match the original desktop controller (61.231913ms)
✔ mana production stripes follow native rates, warning bands and controller modes (5.479179ms)
✔ live mana estimation uses the simulation clock and follows charging toggles (151.713712ms)
✔ follower counts, icon placement and housing fill match native HUD controllers (5.389435ms)
✔ population readouts exclude dead followers and reserve the shaman allowance (50.680045ms)
✔ hut birth clocks and destinations match captured original calls (20.244795ms)
✔ live newborns leave the hut and keep native birth feedback and gates (247.791396ms)
✔ hut smoke uses descriptor attachment slots, independently of resident capacity (4.928181ms)
✔ hut occupancy producer samples real occupancy every 32 building turns (0.351538ms)
✔ partial root uses the native 16-visit visible lifetime and restart draw (0.194382ms)
✔ full root is persistent and does not invent the unresolved child-puff phase (0.167602ms)
✔ all supported residential hut capacities switch partial to full at their native capacity (0.188203ms)
✔ visual frames stay on the recovered 16-frame sequences (0.227322ms)
✔ immediate occupancy events preserve capacity, phase and same-mode root identity (0.945562ms)
✔ drain elapsed old-root visits before an off-phase event without backdating the new root (0.812372ms)
✔ listeners are transient, identity-scoped and released through material disposal (0.400052ms)
✔ multiple presentation consumers unsubscribe independently without resetting each other (0.121323ms)
✔ live command8 owner publishes authoritative entry/removal for Hut level 1 (184.573197ms)
✔ live command8 owner publishes authoritative entry/removal for Hut level 2 (114.105916ms)
✔ live command8 owner publishes authoritative entry/removal for Hut level 3 (107.317677ms)
✔ ordinary Mission2 admission includes the new smoke root in that turn’s effect visit (5605.785012ms)
✔ pre-building occupancy removal receives one first visit, including counter wrap (192.776827ms)
✔ out-of-turn allocation survives pause; commands while paused remain rejected (233.442433ms)
✔ new-root completion is identity-scoped and one-shot for same-turn transitions (0.356957ms)
✔ batched turns and repeated rendering preserve the native first lifetime (260.789623ms)
✔ turn completion callbacks are clock-specific and are discarded on a failed turn (62.373718ms)
✔ hut maturity and cell timber match captured original calls (2.795243ms)
✔ residents fetch and stage timber before their hut upgrades (567.273734ms)
✔ Hypnotise uses the native footprint, temporary ownership, expiry, and AI target path (382.060204ms)
✔ Invisibility marks the native six, does not refresh, and reveals on time or combat (111.197392ms)
✔ player and computer casts share Invisibility application and old saves migrate (220.38491ms)
✔ complete Land Bridge lifetimes match native terrain, ordered trails and notifications (743.29432ms)
✔ live bridge terrain and particle cleanup are identical across refresh rates and stalls (2804.492961ms)
✔ ordinary Mission1–3 startup uses native terrain, authored gates and real conversion (881.379035ms)
✔ native opening excludes Shaman selection, without inventing a casting restriction (114.335894ms)
✔ checkpoint restore resumes every opening stage without replaying terrain/conversion (2010.278943ms)
✔ restart gets one fresh sequence; repeated flyby skip does not replay it (463.001877ms)
✔ only carrier-created stones are obstacles, while legacy sites keep their reservations (68.562613ms)
✔ opening wave, conversion and stone cues preload their existing original samples (9.795959ms)
✔ permitted opening casts enter native state22 and resume command18 without a stuck controller (1147.460224ms)
✔ fresh-load camera follows native cell-edge/center snapping and angle retention (0.580092ms)
✔ the command18 completion turn owns exactly one native person visit (232.580076ms)
✔ permitted state22 interruption and completion retain one counter increment per turn (386.064607ms)
✔ replacement player orders cancel startup before its counter write (109.881612ms)
✔ only the linked neutral startup conversion flash follows its replacement Brave (110.341413ms)
✔ a missing converted Brave does not retarget its flash or shorten the native expiry (137.11334ms)
✔ an invalidated command18 is consumed by the ordinary queue without completing the site (127.374185ms)
✔ original Lightning target gates, inclusive cap, attacker and electrocution phases (2.943289ms)
✔ live Lightning retains victims, displays native shock sprites, scatters survivors and cleans up (213.972992ms)
✔ Lightning outcomes and turn-by-turn poses are independent of rendering cadence (566.093864ms)
✔ live marching uses shared commands, original poses, separate slots and releases interruption/death/arrival ownership (527.70419ms)
✔ marching and resting preserve mechanics, footprints and sprite frames at 5–240 Hz and irregular frames (1205.549153ms)
✔ exhausted command pool preserves the previous movement and group ownership (115.467632ms)
✔ panic retains the real movement command and resumes its route after recovery (198.638691ms)
✔ obstacle recovery replans the owned group order and settles identically at 5–240 Hz (1707.518479ms)
✔ shared ground motion advances a retained route once before any state controller (110.755847ms)
✔ native432260 empty current slot returns before building live order context (24.018304ms)
✔ live worship shares an order, occupies exact slots, prays, earns gifts and releases interrupted/dead members (478.799641ms)
✔ live head rewards, displayed standing roster and group selection retain their distinct native rules (257.864114ms)
✔ worship motion, prayer frames, pose RNG and rewards are identical at 5–240 Hz and irregular frames (1200.704985ms)
✔ an unreachable head preserves the existing command without entering an unported retry state (159.969206ms)
✔ Ctrl waypoints finish at a stone head without replacing the current route or person (265.65252ms)
✔ training replacements inherit a queued stone-head order and perform the original prayer (134.108826ms)
✔ queued worship preserves turns, poses, RNG and rewards at 5–240 Hz and irregular frames (1537.991618ms)
✔ local launch preserves sandbox and removes all unsafe Playwright defaults (1.569556ms)
✔ CLI accepts separate game root, owned output, browser and bounded settings (0.216595ms)
✔ CLI rejects unknown flags, missing values and unbounded inputs (0.181532ms)
✔ source fingerprint catches dirty tracked and untracked byte drift with unchanged porcelain (284.236678ms)
✔ active scenario completing during timeout diagnostics cannot turn failure into pass (108.814888ms)
✔ active scenario completing during interrupt diagnostics cannot turn failure into pass (6.230078ms)
✔ marching geometry, recruitment, cleanup, speed and poses replay complete original calls (57.004725ms)
✔ native movement completion preserves payload, seam and vehicle boundaries and four-turn cadence (5.452954ms)
✔ marching cleanup tolerates a member whose native record was already released (0.717168ms)
✔ outdoor and building encounter calls match captured original fields, timing, RNG and sound (17.73018ms)
✔ all playable encounter pairs show the opening strike, physical stagger and defender-centered fight (702.385884ms)
✔ encounters and their animations stay deterministic across render schedules (377.930881ms)
✔ the native skip-intro flag and player cancellation do not leave stuck encounters (93.543856ms)
✔ an encounter releases cleanly when an airborne participant returns to ordinary motion (62.216812ms)
✔ live fights refresh the first native player alert each object turn (132.269335ms)
✔ simulation owns quiet, attack and battle music activity across pause and cancellation (45.167685ms)
✔ native fight admission, replacement and splitting retain original slots, flags and RNG (6.994437ms)
✔ stronger reinforcements replace the first weaker ally and preserve a three-person tribe limit (201.571701ms)
✔ two-sided reinforcements split the last fighter of each tribe into a new live fight (75.313645ms)
✔ reinforced group motion and combat remain identical at every render cadence (349.866712ms)
✔ center changes preserve original membership slots for subsequent splits (43.869023ms)
✔ pursuit refresh uses the original inclusive axis threshold and signed coordinates (1.088697ms)
✔ live pursuit updates before reaching the old destination and reuses unchanged routes (596.909871ms)
✔ automatic engagement uses equal tribe ranges, whole cells and original scan cadence (72.769659ms)
✔ native inhibition and pending scans apply without giving idle shamans automatic attacks (23.209228ms)
✔ live move orders cross nearby enemies without the old distance interruption (35.74642ms)
✔ idle followers of either tribe pursue detected enemies at every render cadence (515.026253ms)
✔ group attacks hit busy opponents without restarting their action or facing (6150.474175ms)
✔ Magical Shield does not block native mode-one melee damage (36.458833ms)
✔ opportunistic reach is measured from the opponent slot with an exclusive 360-unit boundary (255.884215ms)
✔ group combat stays deterministic across render schedules and yields to player orders (291.076727ms)
✔ knockback waits for terrain physics to settle and preserves cell ownership (124.034426ms)
✔ hits during knockback survive physics and player orders do not teleport the person (94.268781ms)
✔ sliding recoil, native animation and recovery are independent of render cadence (388.384425ms)
✔ shamans and the native game flag suppress ordinary attack knockback (227.307347ms)
✔ fight sites use the native 32-turn search and retain groups when no site is available (36.650186ms)
✔ fight sites leave original building footprints even between periodic search visits (85.046886ms)
✔ sequential fight searches avoid other fight centers and release exhausted searches (0.85154ms)
✔ live groups relocate sequentially without sharing another fight center (51.676089ms)
✔ native approach reaches its slot from every direction and waits one turn to chase a moved slot (372.68905ms)
✔ approach uses native cell collision and preserves the person across attack, recoil and new orders (38.585928ms)
✔ approach, native animation and subsequent combat stay identical across frame rates (339.828105ms)
✔ native descriptor threshold chooses exact small and large corner dimensions (17.019632ms)
✔ 1x frame overlaps native corners in a 100x96 rectangle, bottom corners last (14.565792ms)
✔ 2x and partial tiles retain exact 1:1 corner/edge pixels and a transparent center (73.115119ms)
✔ frame is a separate overlay and does not change terrain, markers or click ownership (25.093326ms)
✔ minimap pixels, camera wrapping, rotated UVs and markers match native captures (193.74017ms)
✔ Mission 10 runs its first Totem deadline and second Totem Erosion sequence (15390.35361ms)
✔ Mission 11 opens with both enemy tribes and four original knowledge sites (192.337916ms)
✔ Mission 11 opponents build their first settlement and scripted BUILD_AT tower on native cadence (8742.033028ms)
✔ Mission 12 opens with all three enemy tribes and original knowledge (129.374172ms)
✔ Mission 12 starts its original turn-7 flyby once (231.303751ms)
✔ Mission 12 opponents request their first Guard Towers on native cadence (494.852694ms)
✔ Mission 12 opening remains deterministic through checkpoint migration (861.227514ms)
✔ Mission 13 opens with both enemy tribes and original knowledge (84.339766ms)
✔ Mission 13 starts its original Yellow turn-6 flyby once (99.796753ms)
✔ Mission 13 Balloon Hut knowledge is visible before construction (147.876618ms)
✔ Mission 13 Land Bridge uses native surface categories at low shore (41.826803ms)
✔ Mission 13 Balloon Hut repeatedly produces occupied airborne transport (484.252425ms)
✔ Mission 13 opening remains deterministic through checkpoint migration (491.564149ms)
✔ Mission 14 delivers both linked gifts and a castable Angel through shipped paths (944.336237ms)
✔ Mission 15 ordinary Prison attack frees the captive and cancels the timer (517.649938ms)
✔ Mission 15 timer expiry locks input and kills the captive with enemy Lightning (264.601348ms)
✔ Mission 15 expiry stays latched if the Prison falls before Lightning lands (202.755164ms)
✔ Mission 15 captive Lightning branch requires an enemy caster, not the Prison cell (80.38407ms)
✔ Mission 16 worship grants Bloodlust and live combat consumes its status (602.280985ms)
✔ old checkpoints default Bloodlust stock without disturbing their world (61.92914ms)
✔ Mission 17 grants Armageddon and stages the native arena through the live cast path (1472.805143ms)
✔ Armageddon uses generic victory and defeat outcomes and restores control (1297.822223ms)
✔ Mission 18 loads its authored tribes and grants Armageddon and both Volcano rewards (3273.635937ms)
✔ Mission 18 starts its authored Red marker patrol through normal AI orders (227.969767ms)
✔ Mission 18 Armageddon restores its arena checkpoint and reaches both result directions (3150.048232ms)
✔ Mission 19 loads its authored objective and grants all three worship rewards (1141.761625ms)
✔ Mission 19 Teleport spends only accepted stock and resumes identically from a checkpoint (191.374827ms)
✔ Mission 19 warns once and gives Chumara loss priority over Dakini defeat (682.995365ms)
✔ Mission 2 naturally earns Matak kills and launches the organized raid (3173.316184ms)
✔ Mission 2 checkpoints retain kill ownership from the old red slot (70.000833ms)
✔ Mission 2 camp targeting takes the first model match without RNG (44.055091ms)
✔ Mission 2 producer matches native base, loss, capacity and resource boundary cases (486.036372ms)
✔ Mission 2 naturally establishes a new home Tower base and preserves phase3 checkpoint continuation (1313.709645ms)
✔ Mission 2 rebuilds after a real player army destroys both Towers, retaining its first construction base (11657.212258ms)
✔ Mission 2 explicitly trains replacement Warriors after natural combat despite zero producer preferences (8860.166229ms)
✔ Mission 20 loads its authored opening and four-stage linked chain (158.306458ms)
✔ Mission 20 worship consumes each head once and restores the live chain (3401.061914ms)
✔ Mission 21 loads its authored opening and first fault state (188.131611ms)
✔ Mission 21 converts worshippers and seals the first fault across a checkpoint (5096.789793ms)
✔ Mission 21 checkpoints one unsealed first-fault eruption without replay (5405.881262ms)
✔ Mission 22 opens with its solo Shaman, native heads, tribes and transport (171.515768ms)
✔ Mission 22 mode-3 head rejects an injected Brave supporting fixture (182.538223ms)
✔ Mission 22 nearby head is a one-shot presentation with no gameplay reward (395.356483ms)
✔ Mission 22 southern head delivers its delayed 600,000 mana gift after real worship (8693.113153ms)
✔ Mission 22 Shaman can steal, checkpoint and sail the authored enemy Boat (2777.999947ms)
✔ Mission 22 Shaman can claim the authored Balloon and complete the northern mana route (9862.669088ms)
✔ Mission 23 loads its authored tribes, Wildmen and worship chain (140.440525ms)
✔ Mission 23 enemy tribes grow their native settlements and populations (19209.312236ms)
✔ Mission 23 unlocks and repeats the native zero-mana gift through ordinary worship (1305.943274ms)
✔ Convert Wild allocation gates state and duplicates without cancelling existing work (3.275631ms)
✔ Convert Wild target retains density, wrap, tie, inclusive radius and list-centroid rules (0.637938ms)
✔ Convert Wild standability preserves initial target and tries only the first24 spiral positions (1.788276ms)
✔ Mission3 active type2 advances after allocation state is switched off (174.099904ms)
✔ type2 timeout clears motion before a blocked state transition and then frees the task (110.466341ms)
✔ type2 reads the active fight person even when its attack animation has no presentation source (28.949715ms)
✔ Convert Wild region lookup normalizes signed browser-native positions to unsigned words (0.23346ms)
✔ type2 casting preserves the real person flags2 readiness gate (39.486722ms)
✔ explicit flight person receives the allocation-safe return order without restarting its state (26.419134ms)
✔ explicit flight return preserves the complete world on order allocation exhaustion (41.372736ms)
✔ cast-ready flight-owned Shaman receives the type2 post-cast return on the same person (43.707423ms)
✔ type2 range reads actual signed person height rather than terrain beneath it (81.634513ms)
ℹ {"terrainHeight":146,"personHeight":896,"terrainRange":14,"personRange":24}
✔ Mission3 Chumara moves, spends its original shot and mana, then stops allocating at the population cutoff (1475.403773ms)
✔ Mission3 keeps idle follow-ups and area-summary automatic training unreachable (82.434199ms)
✔ ordinary Mission3 allocates a real pre-table response before ordinary production (329.530955ms)
✔ defense allocation preserves native caps, immediate empty-area cleanup and recycled scratch (0.497107ms)
✔ active defense suppression uses strict squared26 and wrapped cell distance (0.204778ms)
✔ native defense no-force fallback is a finite seven-visit lifecycle (0.450147ms)
✔ defense cleanup clears only matching assignment and native flag bits while preserving another lock (115.867426ms)
✔ lost early defense targets are invalidated before a different task dispatch (51.099219ms)
✔ defense Blast uses signed active-person height for native and flight-owned Shamans (204.504364ms)
✔ defense Blast reads active native, flight and non-presented fight positions in both range directions (299.904827ms)
✔ defense target collection preserves category caps, rejection rules and the omitted last spiral cell (0.799542ms)
✔ ordinary Mission3 intrusion produces a real type8 fallback, cleanup, repeat and checkpoint continuation (1499.10182ms)
✔ ordinary Temple acquisition and Preacher intrusion recruit a real Chumara defender with orders and movement (3595.675813ms)
✔ Mission 3 naturally trains a Blue Preacher, converts an authored Brave and resumes its mid-conversion checkpoint (4249.714076ms)
✔ a real movement command cancels the naturally acquired Blue sermon without converting its listener (2172.444846ms)
✔ natural Mission 3 conversion follows elapsed game time across display schedules (4565.42849ms)
✔ Mission 3 opens through original Chumara, Swarm, Temple and Erosion paths (4084.92937ms)
✔ single Preacher selector preserves native first-near/band order and strict distance boundaries (2.551416ms)
✔ single-person strict19 boundary, wrap, mode0 and invalid mode match native cases (0.412851ms)
✔ type11 waits for selection ownership and cancellation safely releases state14 and slot (125.616409ms)
✔ duplicate raw payload and failed allocator preserve native selection side effects (145.581922ms)
✔ Preacher allocator preserves native five-slot/state/signed-count boundaries (0.478519ms)
✔ 1103 replacement preserves all person/order state on allocation exhaustion (94.995859ms)
✔ natural Chumara training reaches marker3 Preacher task, checkpoint phases and movement (3570.955456ms)
✔ complete128-turn block preserves strict gates, command ordering and message lifetime (5.248237ms)
✔ 1103 retargets only active order30 in native state10/33 without restarting state (230.278339ms)
✔ cancelled blocked-state Preacher resets motion before the native state gate (44.525188ms)
✔ Mission 3 warns once when a naturally trained Chumara Preacher starts converting a Blue Brave (5938.234664ms)
✔ Mission 3 starts its original recurring-script flyby through ordinary turns (2623.409387ms)
✔ Mission 3 Chumara builds its settlement and trains its first Preacher (2173.425946ms)
✔ Mission 4 starts its original opening flyby once through ordinary turns (944.201278ms)
✔ Mission 4 teaches training and attack from its original live conditions once (61.151135ms)
✔ Mission 4 converts Wildmen, discovers the Guard Tower, and defeats the Matak (8663.771614ms)
✔ Mission 5 Angel head delivers its linked hostile summon through live worship (656.436137ms)
✔ Mission 5 checkpoint migration upgrades an explicit mode-5 legacy Angel without changing gameplay state (87.036909ms)
✔ Mission 5 checkpoint migration recovers an absent authored mode before upgrading the Angel model (30.014469ms)
✔ Mission 5 checkpoint migration adds only the previously omitted Angel head (80.210159ms)
✔ Mission 5 imports its linked Boat template from the verified native coordinates (1.301306ms)
✔ Mission 5 runs its imported opening flyby once through ordinary turns (2353.164519ms)
✔ Mission 5 launches its original ordinary raid when the player reaches the Angel head (511.467443ms)
✔ Mission 5 launches its surviving Dakini at the player Shaman (107.081606ms)
✔ Mission 5 staffs its original Dakini tower with a Preacher (188.985322ms)
✔ Mission 6 keeps both original opponents distinct through outcome and checkpoints (492.387299ms)
✔ Mission 6 credits each opponent attack task independently (53.531348ms)
✔ Mission 6 low-population survivors counterattack the player Shaman (214.255299ms)
✔ Mission 6 Chumara trains Preachers and launches its first mixed raid (20068.021446ms)
✔ Mission 6 opponents expand and Matak launches its first Warrior raid (14498.2057ms)
✔ Mission 6 ATTACK snapshots the native three-spell payload and keeps old tasks compatible (0.899051ms)
✔ type-20 sixth ATTACK quota selects exactly the tribe Shaman outside the generic selector (0.268263ms)
✔ Mission 6 first Matak ATTACK retains source-derived Land Bridge, Lightning, Blast order (12176.001545ms)
✔ Mission 6 phase-6 task Shaman uses native payment, eligibility, usage and range gates (118.46861ms)
✔ Mission 6 phase-6 task spell uses task target outside Shaman states 25/29 (70.587525ms)
✔ Mission 7 converts Wildmen and grants Invisibility through its original head (967.99548ms)
✔ Mission8 natural acceptance starts from the shipped seven-person Blue and eleven-person Red roster (103.877118ms)
✔ Mission8 attack staging is a land order for the original party, not a transport or worship prerequisite (47.02319ms)
✔ shared ground → training → destination queues retain identities until conversion and inherit the original tail (923.506419ms)
✔ shared ground → construction → destination queues retain identity and resume after the crew leaves (149.135406ms)
✔ cancelled, invalid, removed and dead queued builders release command-6 ownership exactly once (612.734796ms)
✔ a waypoint added while trainees are inside preserves occupancy; ordinary hut admission consumes the complete queue (379.938763ms)
✔ unavailable or cancelled buildings advance to the next order; replacement and death release shared references (451.256351ms)
✔ mixed movement, training, inherited orders, RNG and footprints match from 5 to 240 Hz and irregular frames (1053.045636ms)
✔ building order preparation matches complete original CPU calls (0.738711ms)
✔ reinforcements and new encounters retain the same person and resume ground, building and worship orders (974.294113ms)
✔ replacing or killing a reinforcement releases every retained command reference (163.244886ms)
✔ a displaced fighter retains its queue and a split keeps both followers’ original records (188.097918ms)
✔ combat interruption and resumed orders preserve simulation and poses across render rates (783.400159ms)
✔ combat removes a waiting trainee from its physical line while retaining its training order (106.512791ms)
✔ native model wave uses half, quarter, eighth strength then resets (1.439494ms)
✔ live waves retain first-hit deformation on resource scenery (177.481553ms)
✔ move input eligibility matches native category, strict-land and quarter-mask captures (12.082914ms)
✔ blocked move clicks preserve the whole selected group, shared orders, markers and RNG (147.106626ms)
✔ Markdown sections retain ancestry, repetitions, CRLF boundaries, and ignore fenced headings (3.66594ms)
✔ manifest validation accepts reviewed data and rejects duplicate IDs, missing paths, invalid parity references, and unsafe paths (92.283821ms)
✔ index is deterministic, clean without a cache, ignored when written, and regenerates after source changes (112.532846ms)
✔ index and context reject an indexed source symlink that escapes the repository (67.219947ms)
✔ repository validation requires one current top-level execution-order heading (60.406644ms)
✔ context returns bounded provenance, limitations, checks, and visible source truncation (134.212301ms)
✔ context output saves current JSON and rejects silent option mistakes (208.763725ms)
✔ preparation is independent of retired local status state (110.119834ms)
✔ native research packets grant only a contract-allowed ignored scratch directory (180.834088ms)
✔ role context carries a validated bounded assignment and explicit overflow (325.050725ms)
✔ reviewer context fingerprints the actual dirty, renamed, deleted, and untracked inputs (175.089758ms)
✔ real mapped evidence excerpts retain their material performance boundaries (3756.784284ms)
✔ Shaman appearance context keeps its complete checks and evidence within the default budget (1156.653386ms)
✔ Followers task context retains complete checks without bloating selection context (474.783692ms)
✔ plan handles cross-cutting edits, renames, deletions, untracked and unsafe inputs without executing checks (130.98655ms)
✔ audit distinguishes baseline edits and reports out-of-scope, generated, input, untracked, and stale verification changes (245.055727ms)
✔ audit reports a pre-existing baseline change that disappears (170.093307ms)
✔ audit requires exactly one result for every required check (209.125044ms)
✔ blocked verification cannot masquerade as passing and passed results require evidence (178.087164ms)
✔ game server rejects an invalid isolated port (1.339053ms)
✔ preparation captures real baseline and hashes, validates intent, and refuses overwrite (510.437539ms)
✔ verification persists completed checks across interruption and replaces old passes at startup (229.6115ms)
✔ verification replaces a required receipt invalidated by a changed check definition (190.202447ms)
✔ reviewed aggregate coverage executes once, fingerprints covered inputs, and fails closed on script drift (494.299359ms)
✔ orchestration-tests receipts become stale when worker configuration changes (340.324707ms)
✔ repository-check receipts become stale when worker configuration changes (564.815854ms)
✔ verification runs only safe contract checks, records blocking, and detects mutations (1044.893044ms)
THREE.InterleavedBufferAttribute.clone(): Cloning an interleaved buffer attribute will de-interleave buffer data.
✔ painter centers retain precision and follow position replacement and updates (18.021747ms)
✔ construction caps replace face modes and hidden picking faces emit no material (1.255528ms)
✔ cell render order matches native mixed passes and retained arrival order (104.841198ms)
✔ cell traversal preserves live ordering when a stale chain entry is encountered (4.203099ms)
✔ mixed polygon buckets, reverse insertion ties and raster depths match native captures (1.589279ms)
✔ completed models reject native rear faces and shared side/bottom outcodes (0.396285ms)
THREE.InterleavedBufferAttribute.clone(): Cloning an interleaved buffer attribute will de-interleave buffer data.
✔ shared painter vertices follow attribute edits, splits and replacement (6.656206ms)
✔ native grid mapping matches exact XYZ mapping and rejects split heights or irregular coordinates (0.348483ms)
Unrecorded ledger change: run parity:record with a note
✔ parity credits verified scope only and rejects misleading or untraceable assessments (61.526503ms)
✔ report-only rendering refuses unrecorded parity progress (223.841ms)
✔ verified requirements advance a fixed checkpoint share without hiding unknown scope (32.207908ms)
✔ assessments expose small gains and regressions without crediting scope revisions (102.704256ms)
✔ browser supervisor verifies cleanup after a missing checker dependency (486.640158ms)
✔ browser supervisor does not start the checker while the server port refuses connections (1185.14366ms)
✔ browser supervisor verifies cleanup after a checker exception (413.348142ms)
✔ browser supervisor classifies server spawn failure and verifies empty cleanup (12.048022ms)
✔ browser supervisor stops the checker when the ready server exits (756.064428ms)
✔ browser supervisor SIGTERM includes a detached checker descendant (1208.541278ms)
✔ concurrent submitters and controllers preserve FIFO without overlap (1700.547034ms)
✔ failed and timed-out jobs release before automatic next job (1889.84376ms)
✔ cancel running and queued jobs without running queued command (1302.030057ms)
✔ missing cleanup blocks handoff, recovery requires a fresh matching receipt (1247.69379ms)
✔ live detached child prevents next test and is never killed by the queue (1451.104843ms)
✔ controller crash retains lock; recovery refuses live owner or job (1638.730129ms)
✔ foreign or missing execution scope cannot prove a controller stopped or authorize recovery (959.460056ms)
✔ legacy active jobs remain unknown even with no controller lock (817.365985ms)
✔ paused submissions start no transient controller before recovery (838.522267ms)
✔ source drift and busy ports block commands without touching existing server (726.440275ms)
✔ all linked worktrees resolve the same queue; invalid specs never launch (424.437902ms)
✔ submission preserves PATH under an ESM temp parent and returns one compact result (1498.897796ms)
✔ concurrent identical retries share one unfinished job; completed work can run again (1324.878994ms)
✔ run exposes a recovery ID before caller interruption; retry keeps the running job (719.078459ms)
✔ person panels preserve native command traversal, health and original draw submissions (3.926182ms)
✔ person-panel lifetime matches native refresh and remains independent of render rate (0.99137ms)
✔ order focus matches native targets and follows the displayed queue record (0.42569ms)
✔ destination marker preserves native attachment, frames and lifetime at every render rate (418.622657ms)
✔ panic and personal fire trails retain original timer, sound, anchor and allocation decisions (6.806693ms)
✔ burning huts eject running followers with distinct panic and trail lifetimes in all orientations (571.901712ms)
✔ panic motion, animation and fire trails are independent of presentation frame rate (306.432711ms)
✔ native building flames traverse matching cells in order, including repeated sockets and failed allocations (23.298645ms)
✔ live flame-cell adapter preserves protected followers, immunity, tribe and hidden occupants (37.545051ms)
✔ real Lightning ignition reaches nearby surviving followers before occupant evacuation (29.208109ms)
✔ ordinary clicks replace only new selections; Ctrl toggles and blocked clicks preserve the group (1.534497ms)
✔ selection never creates a simulation owner or interrupts existing group orders (192.685696ms)
✔ all native single/group selection voices and pointer acknowledgements are ready before audio activation (19.545493ms)
✔ worship placement preserves native two-pass search, occupancy, route order and failure flags (9.429716ms)
✔ worship command preserves native approach, prayer, retry and presentation RNG decisions (5.459618ms)
✔ ordinary stone-head visits expire the standing-slot cursor at the native byte timer (1.139683ms)
✔ construction-plan entrances, approach and timed attack sequences match native execution (28.540526ms)
✔ player append matches native shared references, cursor wrap, full queues, eligibility and pool exhaustion (22.557611ms)
✔ ground, building and forced-final worship modifiers and eighth-order deselection match complete native player packets (0.453822ms)
✔ replacement preserves prior orders when the shared pool is full (0.43228ms)
✔ sprite pointer brackets match native palette, two/four-layer geometry and unsigned animation wrap (3.848485ms)
✔ native conversion delay uses the recovered 200/3 timing basis (1.339103ms)
✔ a full order pool does not stop a moving Preacher without attaching its sermon (68.138412ms)
✔ inside command 31 binds its building and uses the native five-cell sermon radius (68.51582ms)
✔ conversion moves a newborn outside a building footprint before centering it (60.176654ms)
✔ sermon poses preserve native multi-turn RNG timing (32.673408ms)
✔ an idle preacher sermons, converts by replacement, and releases listeners on a new order (265.56821ms)
✔ preacher conversion is independent of display refresh rate (571.653763ms)
✔ queued command 31 rewrites to friendly building entry or ground movement (93.571702ms)
✔ ordinary groups settle into native rings, compact on departure and retain status through new orders (1135.721048ms)
✔ group resting positions, facing, gestures and footprints agree at 5–240 Hz and irregular frames (1065.889941ms)
✔ exhausted resting search waits and retries its original anchor through state 10 (56.193344ms)
✔ route probes preserve native building, coast and vehicle endpoint correction (19.268006ms)
✔ failed-route initialization and retries match native fields, timing and ordered consumers (7.01145ms)
✔ disconnected groups stop, retain shared attack/waypoint orders, retry and resume after land connects (323.131434ms)
✔ route-failure notice keeps the original text and retriggers without tutorial history (66.416284ms)
✔ new orders and death release blocked commands; shaman failures use their own original voice (188.821846ms)
✔ blocked groups retry on simulation counters, with identical recovery and combat at 5–240 Hz (1093.659625ms)
✔ blocked building-entry owners resume the same person and finish ordinary admission (91.278978ms)
✔ real command8 full occupancy emits an original-frame child without scene-owned RNG (1029.250741ms)
✔ equal elapsed turns preserve secondary state across frame schedules with no bolt draws (225.050844ms)
✔ legacy missing-history roots bootstrap on first render without inventing past visits (124.865968ms)
✔ full roots copy the allocation byte and defer newly prepended children (3.978ms)
✔ all byte phases and low-five-bit outcomes use the proved root gate (125.464516ms)
✔ actual UI reservations participate in inclusive gates after the root RNG draw (0.539841ms)
✔ marker expiry and child allocation share the same newest-first traversal (0.424048ms)
✔ children keep their own sixteen visits after the root is removed (0.508534ms)
✔ native free-list reuse and checkpoint reconstruction preserve physical slot ownership (0.763588ms)
✔ panel and preview reservations are derived from live adapter owners (1.496981ms)
✔ legacy marker overflow cannot leave ownerless immortal effects after restore (1.738484ms)
✔ browser capture retains the same live puff across ordinary Pause latency (2.710926ms)
✔ selection terrain mesh matches the executable with documented seven-point fan repairs (836.513798ms)
✔ selection fill/edges/corners retain native visibility, depth, UV and shared-corner ownership (15.58545ms)
✔ Shaman import preserves every prior frame, piece and animation entry (43.530659ms)
✔ actual tribe selects every native Shaman source and eight original directions (1.678744ms)
✔ Shaman idle artwork uses all four distinct original body pieces (0.171267ms)
✔ reincarnation distinguishes tribe bodies from shared spirit sources and layer owners (0.219801ms)
✔ shipped live and effect renderers consume the Shaman selector without changing generic mechanics (0.465009ms)
✔ all 3276 previous occupied sprite rectangles retain their reviewed RGBA (144.316903ms)
✔ real Mission 23 Shaman identity and death heading survive checkpoint reconstruction (784.065052ms)
✔ first and second actual presentation visits display 0 then 1, not 1 then 2 (827.362877ms)
✔ normal processed phases reset, loop independently of simulation, then freeze and hide (178.636259ms)
✔ new checkpoints retain shown/next frames; legacy checkpoints start at a bounded deterministic frame (66.085515ms)
✔ pause and native land-pause freeze the latch as well as the counter (8.225555ms)
✔ render schedules and effect-only animation cannot change gameplay, either RNG or respawn (3933.931275ms)
✔ ordinary combat death finishes existing wait and respawn without a duplicate effect (185.102601ms)
✔ model-12 rise freezes the last original spirit frame for all tribes and bearings (1.592083ms)
✔ death-site visibility follows the existing land and drowning lifecycles without changing them (77.767927ms)
✔ earlier body/transition poses retain their existing renderer behavior (0.321844ms)
✔ the live caller applies the bounded presentation only to model-12 reincarnation effects (0.673783ms)
✔ Magical Shield protects six nearby followers for the native lifetime (185.048709ms)
✔ old checkpoints default new Shield stock without disturbing their world (69.515857ms)
✔ normal early mission data selects each original backdrop and both cloud layers (1.967368ms)
✔ same-bank Mission 10 uses the same p sky set without mission-number overrides (0.160041ms)
✔ previous bank d and g sky modes and unhandled banks remain unchanged (0.148974ms)
✔ early mission sky PNGs preserve exact original bytes (3.347643ms)
✔ camera horizons preserve original sky dispatch coordinates and fade (7.745153ms)
✔ continuous sky retains native wind rates and is invariant to segment subdivision (27.001661ms)
✔ spell button artwork, positions and charging fills match native draws (7.446444ms)
✔ all six original Shield/Bloodlust descriptor frames have real atlas rectangles (2.718166ms)
✔ ready, inactive, hover and selected states use the original descriptors, not Unicode or guessed frames (0.483437ms)
✔ authored Mission16 already exposes both sprites without forced availability or stock (151.62874ms)
✔ the original undiscovered spell question mark follows the accepted six-frame append (0.572741ms)
✔ all shipped spell descriptor icons remain available after the append (0.286601ms)
✔ HudSprite no longer substitutes a text glyph and still rejects unknown resources (0.515065ms)
✔ fresh and later missions use the native owned/reward-source/cast-permission precedence (201.832611ms)
✔ restart and checkpoint restore reproduce fresh Mission 1 HUD visibility (103.665909ms)
✔ owned stock wins over the mission-load discovery mask (27.133159ms)
✔ undiscovered art is the native HFX1056 branch and visible-disabled keeps normal art (0.429936ms)
✔ unit atlas retains reviewed tribe/state/direction layers when new models append (17.885677ms)
✔ brave carry animations retain the baked timber body layer (0.283527ms)
✔ base149 retains 51 original faces and existing atlas coverage without key model slots (16.582018ms)
✔ authored default149 roots and linked Mission10 Totem select the base mesh (389.712315ms)
✔ spell45, Obelisk8, Angel157 and Vault154 remain outside static149 (94.52686ms)
✔ source qualification rejects ambiguous identity, reward flags, missing links and scenery (33.887763ms)
✔ old null/absent presentation and new checkpoints derive149 without mutating saved state (87.619086ms)
✔ static presentation never replaces a different model or an active morph family (30.875244ms)
✔ only reward-derived model45 sources are initialized; unrelated head families and Vault remain separate (144.594436ms)
✔ enabled idle cycles18native animation visits without followers; hold/refill retain the original counter rules (0.481073ms)
✔ raw keypoints use base45indices/scale rather than endpoint face layout; all18cached outputs are distinct (5.686027ms)
✔ presentation pauses with world and native land pause without touching simulation or RNG (50.837132ms)
✔ normal authored worship earns Bridge stock while presentation leaves the entire gameplay state unchanged (166.32306ms)
✔ exhausted trigger does not remove its independent enabled decorative model45 animation (73.112418ms)
✔ mid-animation new checkpoint keeps phase and old optional-field checkpoint restores safely without rewards (37.936339ms)
✔ multiple heads keep separate state while30/60/120/144Hz and irregular schedules share one animation timeline (402.506829ms)
✔ shipped scene updates ordinary head positions byphase and leaves Vault on the existing path (0.93117ms)
✔ disable and refill within one presentation interval reset once without advancing the clock (0.363356ms)
✔ heading comes from the decorative scenery word, never trigger settings or model selection (1.523641ms)
✔ all16bits reach the angle-table mask and a missing producer is not treated as north (0.290236ms)
✔ linking uses the native512-unit cell, first scenery match and toroidal coordinate identity (0.206561ms)
✔ existing negative-Y scene rotation agrees with native heading basis; no camera or global offset is required (3.063055ms)
✔ Vault and unknown scenery keep their original angle; orientation lookup does not mutate saved gameplay (92.538541ms)
✔ both ordinary scene orientation consumers use the same helper; no other angle consumer changes (1.285722ms)
✔ real authored zero and high-byte headings survive the producer while saved trigger fields stay unchanged (203.204192ms)
✔ Swamp scans its native 3x3 footprint and honors victim and terrain gates (1.998734ms)
✔ Swamp uses one RNG draw, scans every fourth visit, and expires at ten kills (0.323056ms)
✔ the thirtieth same-tribe Swamp discards the oldest remaining controller (0.18652ms)
✔ live Swamp casting kills through the ordinary corpse path independently of refresh rate (269.77759ms)
✔ Swarm uses the supplied standalone original insect texture (2.42786ms)
✔ Swarm creation and first controller visit preserve original gameplay RNG and child fields (1.637982ms)
✔ Swarm first live visit allocates children before wandering begins on the second visit (75.652527ms)
✔ Swarm final fifteen controller visits progressively remove children before expiry (0.890428ms)
✔ Swarm reveals disguised Spies on panic and panic-protected non-removal paths (92.621486ms)
✔ confirmed invented generic and Angel success strings are not emitted (193.688698ms)
✔ Swarm follows player and computer cast paths with native insects, victim cadence, and lifetime (215.113435ms)
✔ Mission 2 naturally funds the Matak Shaman and casts Swarm through player orders (2818.038468ms)
✔ terrain ambience matches complete native ground queues, including empty views and depth ties (7.374196ms)
✔ tree ambience camera offset and wrapped radius match complete native cell visits (2.427008ms)
✔ local lights match complete native allocation, movement and cleanup captures (105.84865ms)
✔ Blast owns immediate terrain light until its ninth turn, preserving occupancy and pause (109.983335ms)
✔ native height notifications retain object order, duplicate visits and touching building flags (6.364557ms)
✔ terrain edits notify nearby plans, revalidate original slope rules and release an invalid plan (116.3193ms)
✔ a large terrain edit indexes live people once while retaining dirty notifications (106.752578ms)
✔ terrain dirtiness resets live steering without replacing its route (52.717319ms)
✔ terrain texture endpoints match original Direct3D triangle submissions (2.9669ms)
✔ model atlas UVs match native texel centers and retain fractional/outside coordinates (1.140004ms)
✔ terrain submission covers the native cell gate across headings and seams (501.418591ms)
✔ terrain copies omit only tiles with no native-visible cell, including seams and expanded bounds (202.452422ms)
✔ timber search matches native cell order, fog, protected stock and two-pass queries (36.532809ms)
✔ shared timber caches match native allocation, expansion, routing, ownership and expiry (85.237436ms)
✔ an exhausted indexed-search pool postpones expansion without corrupting the cache (0.752922ms)
✔ terrain changes recheck nearby timber routes and live Land Bridge reaches the cache (778.553453ms)
✔ live timber cost probes report routes and foreign territory without taking route ownership (75.746738ms)
✔ harvest clocks, transfer, scale and animation match original executable captures (0.910128ms)
✔ delivery waits, timber and construction stages match complete native calls (1.13754ms)
✔ Tornado replays native initialization, lifetime, carry and throw (3.653763ms)
✔ Tornado uses the native building protection and one-draw damage gate (0.493823ms)
✔ live Tornado casts, captures and throws independently of refresh rate (388.186753ms)
✔ tower admission uses rotated tribe sockets, ground membership and original one-shot occupant pose (3077.112142ms)
✔ a tower admits one follower and movement orders preserve elevation until physics resumes (122.214303ms)
✔ tower entry and held animation are deterministic at 5–240 Hz (443.361021ms)
✔ destroying an occupied tower releases its native record and display height (62.814961ms)
✔ a tower Firewarrior autonomously attacks an eligible hostile on the tower cadence (109.092825ms)
✔ tower preachers hand occupancy to command 31 and cleanly leave or die (234.30682ms)
✔ tower panel matches every original one-slot draw trace (16.034564ms)
✔ tower panel selection preserves occupancy; ordinary orders leave without teleporting (444.988702ms)
✔ tower dismantling releases its occupant and only braves perform the work (392.587714ms)
✔ training exit orders match original coastal correction and building precedence (8.870945ms)
✔ training admits five visible residents and places overflow on native rotated queue sockets (662.830248ms)
✔ queue cancellation retains successors and occupant departure reuses the first empty slot (92.086882ms)
✔ checkpoint reload preserves a full training hut and its waiting queue without loss (123.719184ms)
✔ funded training replaces a complete batch, releases references and walks warriors out (141.196127ms)
✔ a funded Temple trains a native model-4 preacher and sends it outside (111.72222ms)
✔ a funded Spy Training Hut trains an original model-5 Spy and sends it outside (195.596776ms)
✔ queue movement, admission, conversion and shared references are independent of render rate (1017.597687ms)
✔ already-trained warriors accept training orders and yield queue priority to new braves (96.673455ms)
✔ training append preserves all70 pre-existing original models, including vehicles (20.737975ms)
✔ all original training types and owners resolve to actual meshes, not Blue substitutes (7.544481ms)
✔ the five recovered training variants retain original geometry, color tiles and all stages (4.275658ms)
✔ authored Mission16/17/22 training assets and identities survive checkpoint reconstruction (247.807483ms)
✔ the live building factory opts into original training selection without tint or gameplay changes (0.480262ms)
✔ camp human group command retains visible admission interpolation (475.007397ms)
✔ camp shared command-8 retains visible admission interpolation (373.15403ms)
✔ temple human group command retains visible admission interpolation (344.06204ms)
✔ temple shared command-8 retains visible admission interpolation (365.877542ms)
✔ spyHut human group command retains visible admission interpolation (345.530152ms)
✔ spyHut shared command-8 retains visible admission interpolation (321.719437ms)
✔ firewarriorHut human group command retains visible admission interpolation (295.646944ms)
✔ firewarriorHut shared command-8 retains visible admission interpolation (402.941901ms)
✔ hidden admission, exit, replacement and explicit placement remain discrete (75.595146ms)
✔ native training panels preserve slots, selection, palette, frames and turn-driven feedback (15.136264ms)
✔ wide charge arithmetic never runs backwards or exceeds its frame at maximum training mana (20.412926ms)
✔ shipped disguise completes aboard Boat, holds and accepts another command (137.508467ms)
✔ Balloon passenger idle entry holds without advancing or consuming orders (83.730621ms)
✔ shipped Balloon disguise configures its command position and completes aboard (59.929724ms)
✔ Balloon raw-coordinate startup wraps payload words and retains unported encodings (42.738442ms)
✔ pending Balloon disguise checkpoint retains command position and resumes once (68.403582ms)
✔ occupied state30 checkpoint resumes countdown without reinitializing motion or RNG (48.046261ms)
✔ ordinary disembark clears vehicle and state30 returns to orders for one visit (53.754502ms)
✔ replacement disguise interrupts pending and partially completed aboard commands (48.787335ms)
✔ fractional reference uses exact rectangle coverage at edges and corners (2.270483ms)
✔ adjacent glyph elements composite their shared fractional edge sequentially (0.315745ms)
✔ disabled opacity combines with coverage while transparent source pixels preserve background (0.335023ms)
✔ source crop and nearest sampling retain native pixels without atlas bleed (0.30612ms)
✔ pinned fixed8 coverage and integer interpolation explain the opaque edge without fitting (0.255244ms)
✔ single-pixel fixed8 rectangles and straight-alpha output retain their separate contracts (0.19293ms)
✔ tree growth and complete replant searches match native captures (22.680923ms)
✔ depleted timber replants after its full delay and grows on its own phase (3089.626509ms)
✔ burning depletion also queues one replant without reviving the old tree (94.53406ms)
✔ Tutorial advances through Shaman selection into the authored Obelisk flyby (1044.225282ms)
✔ Tutorial restart recreates fresh script and view state (210.765159ms)
✔ overhead health gauges match native visibility, scaled-pose anchors and 24-pixel fills (1.414126ms)
✔ continuous positions follow captured native body/shadow interpolation (1.228877ms)
✔ every elapsed-time schedule reaches the same displayed position without changing simulation (647.378113ms)
✔ pause, endpoints, placement, entry, conversion and new people never replay stale movement (25.688323ms)
✔ Vault knowledge uses the original class-6/model-2 reward frames and socket (0.845351ms)
✔ Vault knowledge is present only while its authored reward source is active (0.143686ms)
✔ Mission 7 Vault knowledge uses occupied model-18 socket 1 placement (0.803147ms)
✔ original class4 mesh selection distinguishes geometry from tooltip IDs (3.027581ms)
✔ vehicle-only import preserves all68 existing model records (24.84728ms)
✔ authored campaign vehicles retain mesh identity across checkpoint reconstruction (239.912406ms)
✔ normal boarding, exit and destruction retain original mesh rather than changing gameplay state (45.879023ms)
✔ the normal Balloon Hut producer creates the original144 appearance (69.202673ms)
✔ the shipped vehicle factory consumes original models, with no custom hull/envelope (0.85107ms)
✔ original vehicle owner textures use adjacent source tiles and retain local UVs (4.878593ms)
✔ Boat travel and exit keep registered passenger object-cell membership current (106.836742ms)
✔ Balloon travel and exit keep registered passenger object-cell membership current (100.039776ms)
✔ same-cell passenger sync preserves one linked membership and never allocates an unregistered person (82.675955ms)
✔ checkpoint clone retains passenger cell identity and wrapped exit reindexes without duplicates (62.560638ms)
✔ live vehicle damage keeps the native owner, special, signed and reset rules (102.180784ms)
✔ Blast reaches live vehicles and native destruction ejects passengers alive (63.157716ms)
✔ vehicle life and destruction survive checkpoint migration and reload (129.13483ms)
✔ success-bearing exit preserves existing public point API and real failure (80.180274ms)
✔ live panel selection only changes native selection flags and preserves unrelated selections/orders/RNG (55.388387ms)
✔ Boat and Balloon unload launch without teleporting, clear orders, and survive occupied/airborne checkpoints (89.041023ms)
✔ unload click rechecks speed, occupancy and terrain after rendered enabled state (36.048677ms)
✔ authored Mission22 Boat and Balloon unload retain launch until a living landing (116.844065ms)
✔ vehicle panel uses native kind9 geometry, disabled raw art and selection overlays (8.92145ms)
✔ raw disabled vehicle sprite alpha is85 while tail remains170 and normal art opaque (0.614814ms)
✔ vehicle selection keeps work on single, expands deselection, and Shift selects blocked mates (0.331739ms)
✔ passenger right-click has inspection semantics, while unload right-click is inert (0.179009ms)
✔ unload readiness refresh clears cached success at speed12 or failed terrain (0.192259ms)
✔ stale unload failure repeatedly clears only current driver orders, without teleporting anyone (0.316686ms)
✔ hover adds a native fill, never a false selected marker; pressed overlays palette130 (0.303917ms)
✔ horizontal viewport expansion preserves native depth and safe projection arithmetic (594.408431ms)
✔ intermediate display footprint fills the observed bird-view cut without changing native camera state (3.429104ms)
✔ added display cells cover safe front-branch projected samples across zoom, rotation and torus fractions (53.230733ms)
✔ display bounds texture and CPU visibility share the same derived rows without feeding camera state (4.012932ms)
✔ visible cells match original traversal at boundaries and wrapped camera centers (854.789228ms)
✔ Volcano replays its native terrain, emission and disruption lifecycle (4.516519ms)
✔ player and computer Volcano casts share the live controller and old saves migrate (183.802093ms)
✔ review bundle is independently readable from a non-overlapping local fixture (275.068091ms)
✔ review bundle rejects quoted secret fields and environment-secret files atomically (219.156106ms)
✔ decoded command-receipt stdout and stderr reject escaped secret JSON without exposing values (173.832698ms)
✔ double JSON-string wrappers in stdout and stderr reject secrets without echoing values (121.010118ms)
✔ benign nested JSON strings pass within depth and decoded-byte bounds (117.164748ms)
✔ decoded JSON recursion fails closed beyond depth or total decoded-byte bounds (272.008251ms)
✔ decoded JSON byte boundary accepts exactly the configured budget (119.492116ms)
✔ tracked deletion has an explicit expected deletion identity and rejects tamper or omission (388.731495ms)
✔ real-path canonicalization rejects source aliases and bundle outputs through source symlinks (143.403268ms)
✔ bundle verification is bound to caller-supplied identities and rejects traversal (135.326492ms)
✔ raw command receipts retain source head and complete stdout/stderr (226.893096ms)
✔ command receipts bind dirty source and explicit ignored inputs and invalidate drift (180.029317ms)
✔ receipt CLI preserves repeated input flags and rejects zero-exit input drift (439.258316ms)
✔ a killed foreground wrapper retains unknown state and raw output, never a pass (689.974932ms)
✔ retired status and binding commands are not exposed or coupled to verification (1.98253ms)
✔ live aggregate coverage includes every maintained workflow integrity suite (320.153722ms)
✔ native models 13 and 15 route only completed vehicle workshops into kind 6 (1.428527ms)
✔ Boat House kind-6 panel uses native 136x82 rows and hit targets (0.564358ms)
✔ Boat House work cells fill only at each complete native 100-work boundary (2.661461ms)
✔ Boat House reuses original dismantle and cancel control phases (0.222514ms)
✔ Balloon Hut kind-6 geometry derives 208x82 from native capacity and ten work cells (0.754424ms)
✔ Balloon Hut work cells fill only at each complete native 100-work boundary (0.230627ms)
✔ Balloon Hut reuses the original dismantle and cancel control phases (0.204948ms)
✔ followers cross the former crop and both world seams, then settle at every frame rate (4177.305215ms)
✔ direct attacks take the short route and engage across both world seams (129.533933ms)
✔ live heights and sprite grounding read native terrain outside the compatibility grid (76.231633ms)
✔ mixed picking follows captured native painter ownership and pixel edges (3.874645ms)
✔ live pointer eligibility uses the active record and recorded cell building (759.167358ms)
✔ ScenePicking re-resolves injected overlapping terrain candidates against the current painter command (365.111013ms)
✔ native selector body hierarchy retains all 25 worlds and first-three moons (1.532895ms)
✔ opening campaign availability reflects completion without hiding replay access (0.267261ms)
✔ ordinary Stone Head completion creates the original six-visit acquisition VFX before stock delivery (170.675783ms)
✔ spell-head reward admission preserves native oriented cell ranges and active command eligibility (4.645032ms)
✔ head-group selection shares native occupant flag rules and imported panel heights match the original consumer (1.259594ms)
✔ proved worship modes use their original static models without changing other head families (1.374085ms)
✔ original worship model 8 is the reviewed bank-2 geometry (1.696039ms)
✔ original worship model 157 is the reviewed static Angel-head geometry (0.384438ms)
✔ legacy appearance migration recovers recursive authored modes and preserves existing families (220.611324ms)
✔ linked tutorial mode-3 Obelisk retains its authored mode and model (36.392703ms)
✔ Temple training uses the canonical shape doorway rather than crossing its footprint (109.046624ms)
✔ normal worship approach follows the same canonical stone-head heading as the rendered head (74.411072ms)
✔ legacy Mission22 worship appearance is derived from authored source identity without changing checkpoint state (128.851855ms)
✔ legacy linked mode3 head migrates recursively while root trigger and unrelated state stay byte-for-byte equivalent (28.694772ms)
✔ legacy non-mode3 and Vault heads recover mode without changing their presentation families (27.692071ms)
✔ authored worship lookup uses immutable source fields and agrees for Mission22 and linked tutorial head (65.869682ms)
✔ shipped store load migrates legacy Mission22 before real command-27 Brave admission (170.299257ms)
✔ automatic worship-panel activity is written only by a supported completed mode-0 sample (1.23737ms)
✔ automatic producer keeps unproven families out of the first shipped slice (0.210426ms)
✔ automatic retention reads the last player-specific sample rather than generic follower state (0.129384ms)
✔ automatic retention releases an inactive completed head even after a positive last sample (0.245539ms)
✔ worship panels preserve native progress, recharge, slots and artwork without clipping the second row (6.842486ms)
ℹ tests 1017
ℹ suites 0
ℹ pass 1017
ℹ fail 0
ℹ cancelled 0
ℹ skipped 0
ℹ todo 0
ℹ duration_ms 99109.79116

> populous-first-dawn@0.1.0 parity:check
> node scripts/parity.mjs check

Parity ledger, evidence paths, revision and generated report are consistent.

> populous-first-dawn@0.1.0 orchestration:check
> node scripts/orchestration/cli.mjs check

{
  "status": "passed",
  "checks": 124,
  "subsystems": 11,
  "generatedOwners": 6,
  "unmappedSourceCount": 149,
  "unmappedSources": [
    "app/ambient-sound.ts",
    "app/animation.ts",
    "app/audio-preferences.ts",
    "app/audio.ts",
    "app/blast-wave.ts",
    "app/building-clearing.ts",
    "app/building-damage.ts",
    "app/building-debris.ts",
    "app/building-dismantle.ts",
    "app/building-occupants.ts",
    "app/building-sinking.ts",
    "app/building-smoke.ts",
    "app/building-terrain.ts",
    "app/celebration.ts",
    "app/chatgpt-auth.ts",
    "app/combat-approach.ts",
    "app/combat-building.ts",
    "app/combat-order-search.ts",
    "app/combat-orders.ts",
    "app/combat-pursuit.ts",
    "app/combat-targets.ts",
    "app/command-context.ts",
    "app/construction-panel.ts",
    "app/convert-wild.ts",
    "app/drag-border.ts",
    "app/drag-overlay.ts",
    "app/earthquake.ts",
    "app/effect-motion.ts",
    "app/erosion.ts",
    "app/firestorm.ts",
    "app/flatten.ts",
    "app/footprints.ts",
    "app/fps-graph.ts",
    "app/globe-renderer.ts",
    "app/globe.ts",
    "app/ground-overlay.ts",
    "app/hud-charge.ts",
    "app/hud-font.ts",
    "app/hud-health.ts",
    "app/hud-mana.ts",
    "app/hud-population.ts",
    "app/hud-portrait.ts",
    "app/hud-selection.ts",
    "app/hut-birth.ts",
    "app/hut-occupancy-smoke.ts",
    "app/hut-smoke-runtime.ts",
    "app/hut-upgrade.ts",
    "app/indexed-search.ts",
    "app/land-bridge.ts",
    "app/layout.tsx",
    "app/level-one.ts",
    "app/level-three.ts",
    "app/level-two.ts",
    "app/live-resting.ts",
    "app/mana.ts",
    "app/melee-encounter.ts",
    "app/melee-engagement.ts",
    "app/melee-groups.ts",
    "app/melee-placement.ts",
    "app/melee.ts",
    "app/minimap-frame-view.tsx",
    "app/minimap-frame.ts",
    "app/minimap-renderer.ts",
    "app/minimap.ts",
    "app/model-faces.ts",
    "app/model-lighting.ts",
    "app/morph.ts",
    "app/music.ts",
    "app/native-math.ts",
    "app/original-bloodlust.json",
    "app/original-camera.json",
    "app/original-constants.json",
    "app/original-effects.json",
    "app/original-fire.json",
    "app/original-minimap-frame.json",
    "app/original-music.json",
    "app/original-pointer.json",
    "app/original-script-three.json",
    "app/original-script-two.json",
    "app/original-script.json",
    "app/original-search.json",
    "app/original-shapes.json",
    "app/original-sky.json",
    "app/original-skylens.json",
    "app/original-sound.json",
    "app/original-stone-heads.json",
    "app/original-tooltips.json",
    "app/painter-vertices.ts",
    "app/painter.ts",
    "app/path-geometry.ts",
    "app/path-search.ts",
    "app/path-solver.ts",
    "app/person-collision.ts",
    "app/person-idle.ts",
    "app/person-motion.ts",
    "app/person-panel.ts",
    "app/person-physics.ts",
    "app/person-route-recovery.ts",
    "app/person-state.ts",
    "app/preacher-conversion.ts",
    "app/projectile-motion.ts",
    "app/projection.ts",
    "app/resting-slots.ts",
    "app/scene-hud-runtime.ts",
    "app/scene-secondary-effects.ts",
    "app/scenery-fire.ts",
    "app/secondary-effects.ts",
    "app/selection-raster.ts",
    "app/shaman-death-vfx.ts",
    "app/sky-motion.ts",
    "app/sky.ts",
    "app/special-battle.ts",
    "app/spell-button.ts",
    "app/spell-halo.ts",
    "app/spell-trails.ts",
    "app/spell-visibility.ts",
    "app/sprite-layers.ts",
    "app/stone-head-149.ts",
    "app/stone-head-animation.ts",
    "app/stone-head-orientation.ts",
    "app/swamp.ts",
    "app/swarm.ts",
    "app/terrain-ambience.ts",
    "app/terrain-light.ts",
    "app/territory.ts",
    "app/tooltip-layout.ts",
    "app/tornado-runtime.ts",
    "app/tornado.ts",
    "app/training-conversion.ts",
    "app/training-hut-appearance.ts",
    "app/training.ts",
    "app/tree-growth.ts",
    "app/unit-health.ts",
    "app/vault-appearance.ts",
    "app/vehicle-appearance.ts",
    "app/vehicle-routing.ts",
    "app/volcano.ts",
    "app/water.ts",
    "app/workshop-panel.ts",
    "app/world-coordinates.ts",
    "app/world-initialization.ts",
    "app/world-selector-data.ts",
    "app/world-selector.module.css",
    "app/world-selector.tsx",
    "app/world-state.ts",
    "app/world-tasks.ts",
    "app/worship-appearance.ts",
    "app/worship-panel-activity.ts",
    "app/worship-panel.ts"
  ],
  "cacheRequired": false
}
