
> populous-first-dawn@0.1.0 check
> npm run typecheck && npm test && npm run parity:check && npm run orchestration:check


> populous-first-dawn@0.1.0 typecheck
> tsc --noEmit


> populous-first-dawn@0.1.0 test
> node --test tests/*.test.mjs

✔ live Mission3 adapters rotate an eligible Convert Wild producer behind training (519.999778ms)
✔ producer table preserves singleton priority, one stable pass, and signed counts (4.648593ms)
✔ producer capacity is checked before callbacks and after pre-table allocation (2.590797ms)
✔ checkpoint migration retains producer history and initializes each legacy AI independently (123.000336ms)
✔ authored early producer opportunities record native table attempts without changing later missions (853.416316ms)
✔ Missions1/2 never enable type8 or idle type11/15 response follow-ups (720.950009ms)
✔ ordinary Missions1/2 allocate a real pre-table scan at their first producer opportunity (389.847269ms)
✔ normal first scans finish and repeat without a placeholder reservation (473.723777ms)
✔ ordinary Mission2 movement reaches a real response and resumes the scan checkpoint (502.343431ms)
✔ response allocation preserves native duplicate, disabled, cancellation and exhaustion gates (0.937813ms)
✔ early automatic training requires at least the native school capacity (664.861338ms)
✔ training capacity compares the native signed32-bit available total (0.600602ms)
✔ six followers share ground → area attack → ground orders, destroy the hut and regroup (338.376601ms)
✔ losing an acquired building rescans the area, fights a new person and retains the waypoint tail (188.94801ms)
✔ cancelling a reserved fight releases its reservation and the entire staged tail (124.793058ms)
✔ area targeting distinguishes an unbuilt plan from a partially constructed building (793.244354ms)
✔ arrival voices count approaching followers and fire once when they near the ordered area (368.063419ms)
✔ area approach, combat, arrival voices and queued destinations agree at 5–240 Hz and irregular rendering (1121.311235ms)
✔ pausing an unfinished music play preserves enabled sound and later resume (12.302529ms)
✔ late rejection from an older resume cannot cancel the newest playing request (4.645979ms)
✔ a superseded context resume does not submit an extra music play (5.539026ms)
✔ mute cancels pending playback without recreating the background timer (1.810788ms)
✔ dispose cancels pending playback without recreating the background timer (0.699859ms)
✔ the current playback failure still rejects rather than hiding a real media error (1.128375ms)
✔ current context errors propagate, while a disposed request cannot report a stale failure (0.845866ms)
✔ initial enable can finish while paused without turning the sound setting off (2.400485ms)
✔ enable reports cancellation when muted during its pending playback (0.938684ms)
✔ first visit and non-browser rendering keep the existing defaults without writing (4.998903ms)
✔ versioned zero/full volume restores without truthiness fallback or autoplay data (0.945434ms)
✔ malformed, unsupported and unsafe values fall back without overwriting the record (0.727891ms)
✔ only an explicit valid change writes the known preference fields and leaves other storage alone (0.406284ms)
✔ invalid programmatic values never persist or replace the last valid choice (1.520508ms)
✔ denied storage getter, reads and writes are safe session-only fallbacks (0.48529ms)
✔ restoring volumes does not create audio, enable playback, or change audio RNG/reset semantics (0.450028ms)
✔ authored origins survive initialization for all five currently live campaign bridge heads (669.692925ms)
✔ ordinary Mission 2 worship creates the authored crossing and every live terrain turn matches it (1864.487384ms)
✔ legacy migration recovers only missing immutable origins without replaying active terrain (650.957453ms)
✔ component checkpoint preserves authored birth caches when sampled terrain changes before the next visit (459.238952ms)
✔ pre-activation legacy save and mid-bridge checkpoint continue once at the authored origin (1549.517993ms)
✔ automatic Boat search filters native-ineligible vehicles and boarding shares the driver route (124.61591ms)
✔ music sections and ordinary ambient decisions match captured original execution (15.240551ms)
✔ percussion uses audio timestamps at low/high/irregular frame rates and skips stale starts (9.287361ms)
✔ Blast head reaches impact and native first/last wave visits launch enemies/allies (164.789556ms)
✔ Blast and follower presentation share elapsed time at low/high/irregular refresh rates (895.12358ms)
✔ projectile snapshots preserve pause, wrap and explicit placement without touching unrelated effects (52.811919ms)
✔ original Blast indexed visits, alliances, repeated impulses and damage gates (37.013644ms)
✔ live Blast delays allied launch, retains native flight height and restores commands after landing (194.285307ms)
✔ Blast and landing damage share original shields, protection, attacker and life wrapping (0.694681ms)
✔ wild followers land into their original state 8 without losing the unit (94.766645ms)
✔ a burning airborne follower keeps one panic clock and releases its native pose after landing (78.132384ms)
✔ Boat House launch matches native type-1 computer full ejection (143.125946ms)
✔ Boat House launch matches native type-2 human driver removal with retained occupants (64.520771ms)
✔ maintained checkpoint callsite waits for delayed false reads before reloading (6.646951ms)
✔ maintained checkpoint callsite rejects exhausted false reads without reloading (22.418551ms)
✔ maintained checkpoint callsite closes rejected reads without reloading (2.391912ms)
✔ rendered transport checker independently counts whole mixed-class craft (6.329235ms)
✔ rendered transport checker rejects partial, unrelated, duplicate and wrong-class groups (1.504914ms)
✔ transport pixel oracle retains real device scale and outward clip padding (0.620311ms)
✔ transport oracle preserves fractional scales and detects the old footer/hit failure (1.480898ms)
✔ readiness reads rebind after fresh page reload and on repeated calls (7.90873ms)
✔ readiness wait sequentially awaits false samples before accepting literal true (5.064378ms)
✔ a truthy non-boolean readiness field does not pass the wait (5.686842ms)
✔ read errors propagate and repeated unready samples time out without mutation (18.677115ms)
✔ maintained Mission 4 callsite awaits valid profile completion before continuing and reloading (11.233376ms)
✔ maintained Mission 4 callsite exhausts false reads without starting continuation (15.948284ms)
✔ maintained Mission 4 callsite accepts completion on the last read without a final pause (17.377877ms)
✔ maintained Mission 4 callsite rejects failed opens without starting continuation (1.467298ms)
✔ maintained Mission 4 callsite closes rejected reads without starting continuation (1.500387ms)
✔ maintained Mission 4 callsite closes a database when starting its read throws (1.102798ms)
✔ maintained Mission 4 callsite closes databases with a missing store and fails closed (64.549491ms)
✔ maintained Mission 4 callsite requires literal true before starting continuation (231.009784ms)
✔ building attack phases, entrances, damage and shake match native execution (87.450346ms)
✔ an entirely occupied world cancels special positioning instead of hanging (1.03753ms)
✔ live building assault enters, strikes, shakes and destroys via native damage accumulation (808.538647ms)
✔ occupied building ejects a defender and the same native command resumes after winning (161.090752ms)
✔ building attack mechanics and poses are independent of rendering cadence (1269.043806ms)
✔ attacker death releases immediately; target loss rescans the area before completing (293.675978ms)
✔ native defence gate and shaking retain counter cadence, signed lifetime and collapse RNG (2.905844ms)
✔ cancelling or killing an attacker during its defender encounter releases the retained order (277.375801ms)
✔ complete native scenery clearing, shared waits and ownership requests (256.051857ms)
✔ complete native people clearing, shared waits and ownership requests (206.851562ms)
✔ live clearers harvest on-site trees, carry and deposit logs, then move bystanders before allocation (1461.122847ms)
✔ clearing pauses without advancing and cancellation releases its native animation and route (175.405481ms)
✔ clearing bushes starts the original fire and retreats before the site is allocated (150.345821ms)
✔ occupant restoration and facing match native captures, including seams and backwards facing (12.472635ms)
✔ live exits retain position and sprite ownership for every building orientation (2226.99574ms)
✔ command cancellation uses shared exit restoration without changing the route start (37.560837ms)
✔ timber hauling matches native phases, movement, reservations, transfers, poses and clocks (57.488385ms)
✔ native building origins, exact ground writes and plan height initialization (213.736257ms)
✔ live rotated foundations use native vertices and preserve surrounding terrain (661.330865ms)
✔ buildings retain distinct terrain handles after long effect-heavy games (43.25417ms)
✔ native descriptor data routes completed huts through kind 7 with resident capacities (2.447875ms)
✔ kind-7 hut rows place occupant and dismantle hit targets from native capacity (2.315058ms)
✔ training charge row keeps existing controls aligned after shared geometry extraction (0.137014ms)
✔ unbuilt plan priorities, validation, allocation and abandonment match native decisions (13.883637ms)
✔ leveling movement, animation, timers, terrain and sound match complete native task 8 (55.98162ms)
✔ live plans retain uneven ground, level visibly and wait for timber and crew clearance (2786.65592ms)
✔ a full shared order pool leaves a new plan unstaffed without leaking ownership (79.415171ms)
✔ simultaneous fetch deposits cap preparation work and preserve surplus timber (89.815207ms)
✔ unattended plans expire and redirected leveling workers release their sprite and route (209.685552ms)
✔ native preparation clears on-site timber before allocation without deleting its resource (155.737506ms)
✔ foundation settling, flooding and dock edges match original executable captures (99.154599ms)
✔ original wet-side tipping, drift, spin and sinking expiry retain complete native trajectories (138.264346ms)
✔ terrain collapse ejects before destruction, retaining its two-turn delay (0.491711ms)
✔ healthy buildings settle without entering repair; deformed and flooded buildings use distinct destruction (1353.406084ms)
✔ complete native cell validity and exact placement feedback (73.065016ms)
✔ placement protects reincarnation stones without a living Shaman and reserves buildings (978.957474ms)
✔ building activity matches native geometry, clocks, speed, facing and animation requests (51.290668ms)
✔ live builders reach work poses, animate, pause, cancel and finish without stale sprites (969.629869ms)
✔ crews leave finished huts in all four orientations before the plan releases them (2874.947133ms)
✔ player construction orders approach natively and deposit carried logs before fetching (2293.82689ms)
✔ builder admission and stale-slot pruning match complete native calls (12.804064ms)
✔ construction dispatch, repair clocks and departure gates match native plan calls (16.105435ms)
✔ scheduled burning plans panic only unlocked builders on building cells (113.787276ms)
✔ repair smoke footprint and terrain refresh match native cell traversal (2.759245ms)
✔ two live builders dispatch one hauler on the original sixteen-turn phase (341.161414ms)
✔ later construction haulers skip timber reserved by an earlier search (106.271999ms)
✔ timber reservations reopen, drain and release on native transitions (0.418391ms)
✔ live plan capacities, duplicate orders and replacement workers share registration (177.445512ms)
✔ zoom retains native preset bounds and the existing 18-step timer (1.216064ms)
✔ render previews do not mutate native state and meet every committed step across all resolution tables (390.215948ms)
✔ 30/60/120/144 Hz and irregular preview schedules retain duration and every owned native configuration (212.908281ms)
✔ conversion observation requires the native victim-owner and replacement flags without world mutation (2.640159ms)
✔ death, ordinary births, startup conversion flags and enemy preacher ownership are not credited (0.431891ms)
✔ observation resets at mission boundaries and does not infer events across unobserved turns (0.243862ms)
{"label":"fixture","ready":true,"turn":1,"status":"playing"}
{"checkpoint":"mission-2-start","level":3,"status":"won","turn":1,"population":{}}
{"checkpoint":"mission-2-won","level":3,"status":"won","turn":1,"population":{}}
{"checkpoint":"mission-2-result","level":3,"status":"won","turn":1,"population":{}}
{"checkpoint":"mission-3-continued","level":3,"status":"won","turn":1,"population":{}}
{"checkpoint":"mission-3-won","level":3,"status":"won","turn":1,"population":{}}
{"checkpoint":"mission-3-result","level":3,"status":"won","turn":1,"population":{}}
PASS: fixed-turn diagnostic wins Mission 2, continues, and wins Mission 3; not real-clock gameplay
✔ sandbox adapter retains every existing assertion, turn bound and campaign action (3.359877ms)
✔ changed or duplicated maintained checker scaffold fails closed before browser execution (3.380317ms)
✔ late final screenshot completion cannot mark an aborted campaign scenario passed (16.020428ms)
✔ actual native triangles supplement the historical fixed anchor scan (5.699579ms)
✔ geometry candidates cannot bypass foreign object or DOM overlay ownership (3.553274ms)
✔ normal zero-dt frame refresh resolves stale panels while retaining simulation slots and clock (2.361865ms)
✔ presentation refresh cannot conceal a simulation change (2.724004ms)
✔ presentation reservation exception cannot conceal secondary slot allocation (1.318988ms)
✔ stale pre-refresh reservations fail instead of being normalized by the checker (1.668437ms)
✔ presentation refresh cannot conceal changed world Map entries (2.656363ms)
✔ occluded shrine fallback uses bounded ordinary camera drags and strict target re-probes (0.328087ms)
✔ the shipped right-drag mapping rotates 512 native angle units without panning (75.256639ms)
✔ Mission 3 trains a bounded Preacher group and retains identified HUD-reachable Braves (0.240167ms)
✔ additive native Ctrl-five requires the ordinary cancel/deselect before reserving workers (1325.089384ms)
✔ missing checkpoint does not suppress independent campaign progress (97.418811ms)
✔ malformed checkpoint does not suppress independent campaign progress (77.828643ms)
✔ partially migratable checkpoint does not suppress independent campaign progress (62.902961ms)
✔ incompatible checkpoint does not suppress independent campaign progress (108.994219ms)
✔ current valid checkpoint still restores and loads (120.967518ms)
✔ legacy valid checkpoint still restores and loads (95.967896ms)
✔ malformed stored checkpoint preserves usable session checkpoint and merges completion (56.547198ms)
✔ storage read failure retains in-session progress and checkpoint (56.318529ms)
✔ camera release alone does not make the startup Shaman selectable; observation is read-only (364.51465ms)
✔ readiness still rejects absent actors, global input locks and paused play (196.027448ms)
✔ Continue readiness waits on real RAF before suspension with the existing timeout (1.132381ms)
✔ the production wait polls synchronous false until native selection readiness (3.292609ms)
✔ Mission 3 Swarm target observation is read-only and chooses an actually castable enemy (1293.170704ms)
✔ Mission 3 Swarm eligibility does not depend on distance to the vault or unit array order (1206.303935ms)
✔ Mission 3 Swarm diagnostic refuses missing stock, blocked input, cooldown and invalid enemies (767.730972ms)
✔ checkpoint readback awaits false reads before the actual true result (3.601978ms)
✔ checkpoint readback fails closed after bounded asynchronous false results (0.876442ms)
✔ attack approach points and search pool state match complete native queries (102.735196ms)
✔ fight/person pursuit, housed entry, waiting and retries match native visits (23.420345ms)
✔ attack search, march records and automatic retargeting match native dispatch boundaries (12.812655ms)
✔ arrival voices and reservation release replay native thresholds and compacted-list visits (5.766262ms)
✔ original automatic commands preserve normal queues, share one reference-counted record and handle allocation exhaustion (67.331895ms)
✔ native scan dispatch preserves pending bits, suppression, specialist selection and consumer call counts (1.03724ms)
✔ ordinary combat entry reveals a completed Spy disguise (325.082326ms)
✔ live campaign scan suppression consumes pending alerts without changing person counters or sprites (141.301516ms)
✔ dead building attackers release queued shaman-guard duty (158.11436ms)
✔ fight motion initializes its retained sermon without a native owner (129.247368ms)
✔ coastal response targets come from the corrected native cell, including its newly exposed edge (98.348339ms)
✔ tower counterattacks ignore hostile people in water (194.545013ms)
✔ coastal area/dismantling order preparation matches full native calls and retains flags on identical commands (0.97619ms)
✔ live same-cell followers share one automatic command 21 and resume their queued destination (253.091003ms)
✔ an on-foot Firewarrior owns one automatic response per cooldown and yields to player movement (787.937659ms)
✔ an on-foot Firewarrior repeatedly launches at and damages a completed enemy building (112.622082ms)
✔ automatic combat restarts a retained direct tree harvest instead of harvesting during battle (136.199445ms)
✔ live automatic combat consumes a pending worship scan without replacing command 27 (79.222005ms)
✔ live automatic allocation failure preserves its source and queued order (92.997249ms)
✔ live automatic sharing leaves a nonmatching same-cell peer untouched (74.562126ms)
✔ live preacher response retains its sermon queue and resumes conversion (60.956719ms)
✔ preacher response allocation failure consumes the scan without changing its queue (106.90974ms)
✔ complete pursuit, target setup and attack-area gates match native fields, RNG and consumer ordering (23.61276ms)
✔ full-fight waiting positions and fallback RNG match original terrain and collision execution (257.851771ms)
✔ mixed target collection, native distance bands, fight admission and reservations replay executable captures (12.738084ms)
✔ live followers choose closer enemies, distribute reservations, then fall back to a saturated target (343.626686ms)
✔ live mixed scans detect enemy footprints and prefer an eligible person in the same distance band (103.047661ms)
✔ automatic squads share native area orders and target capacity independently of render frequency (936.184839ms)
✔ live target priority joins a fight ahead of a solitary enemy in its distance band (89.406312ms)
✔ nearby automatic building attacks keep their command-21 target between detection visits (173.221681ms)
✔ automatic contextual priority matches original single and mixed-class captures (2.084445ms)
✔ live ground context follows native registered cells through rotations and world seams (81.462136ms)
✔ ground beside a hut moves the group, while its occupied cell enters it (111.459362ms)
✔ an exact tree click harvests, seeks a timber plan and otherwise returns to rest (393.172437ms)
✔ a queued ordinary-tree harvest keeps its cargo and advances the existing waypoint (406.500327ms)
✔ input feedback matches native ground-cell centers and suppresses flashes over pointed objects (0.438181ms)
✔ object commands retain the chosen identity through overlaps and array reordering (132.948268ms)
✔ live target choice follows captured native ownership for both tribes (2742.716943ms)
✔ construction command matches native registration, fallback ownership and task handoffs (95.860266ms)
✔ construction panel matches native submissions and corrects the unlinked second-row height (31.548133ms)
✔ construction workers can be selected, reassigned to dismantle, cancelled and restarted (1032.955285ms)
✔ construction icons select the active worker record and respect its native eligibility (56.347831ms)
✔ original priming consumes no elapsed progress; each frame stops before batch overshoot (2.22289ms)
✔ separate calls continue from the original previous timestamp without re-priming (0.230522ms)
✔ a promise is never accepted as a truthy readiness predicate (0.600342ms)
✔ frame and object-turn exhaustion fail without extending a goal (0.511169ms)
✔ an explicitly bounded coastal position attempt can return unmet without hiding its limit (0.197262ms)
✔ abort and Scene/World replacement are detected across browser-task yields (0.540072ms)
✔ normal speed, unpaused commands, positive finite deltas and wall bound stay mandatory (0.520102ms)
✔ original-frame failures propagate without another step (0.194328ms)
✔ unexpected automatic elapsed frames during a yield are rejected (0.379914ms)
✔ Convert Wild scans, converts, animates, and casts through player and computer paths (173.911896ms)
✔ deselection matches native command flags for every selection byte (1.874133ms)
✔ cancel targeting first; deselection preserves shared marching orders, routes, RNG and pause (209.767333ms)
✔ deselection reaches retained work representations once, leaves enemy ownership alone (56.888583ms)
✔ deselected groups retain identical mechanics and poses at 5–240 Hz and irregular frames (934.131619ms)
✔ training selection eligibility reads command flags, independently of motion turning flags (302.490383ms)
✔ dismantling reassigns residents and queued braves, recovers all timber and removes the building in four orientations (1005.860836ms)
✔ cancelling dismantling stops existing workers; new orders can staff an empty dismantling building (184.84521ms)
✔ dismantling outcomes and timber remain independent of render frequency (854.644209ms)
✔ mixed groups queue movement, dismantling and movement without redirecting ineligible warriors (751.092026ms)
✔ queued building entry can become dismantling; cancellation skips work while retaining the destination (320.115009ms)
✔ dismantling queue replacement and death release references while non-braves keep their current orders (284.980886ms)
✔ automatic combat pauses shared dismantling and resumes its retained order (88.837126ms)
✔ automatic combat completion follows the native circular dismantling queue (108.812093ms)
✔ automatic combat allocation failure keeps dismantling state intact (83.806222ms)
✔ queued dismantling, timber and following movement agree at 5–240 Hz and irregular frames (922.475659ms)
✔ drag borders match original screen extrusion, texture coordinates and terrain crossings (29.982841ms)
✔ native area commands retain tower/training exclusions, current-order lookup and actual land membership (5414.362259ms)
✔ a real trainee remains drag-selectable on entry and becomes excluded only in the native interior phase (144.976656ms)
✔ fetching builders are selected at their active task-7 position (202.305273ms)
✔ world drag geometry matches captured native seams, camera bearings, clamps and degenerate drags (4.642853ms)
✔ live drag selection matches native flags and group voices without changing simulation ownership (976.437575ms)
✔ Mission 3 periodic raid preserves native mask, strict thresholds and arguments (2.527272ms)
✔ Mission 3 naturally grows both tribes and recruits the authored three-Brave raid (14159.608776ms)
✔ Earthquake matches the native initializer and central deformation phase (7.802024ms)
✔ Earthquake building scans preserve protected models, RNG and ejection-before-damage (0.502396ms)
✔ live Earthquake casts, damages and deforms independently of refresh rate (310.530785ms)
✔ Mission 1 counts authored primary effects before the opening (139.931221ms)
✔ Mission 1 keeps the allocation phase across pause, checkpoint and restart (285.274697ms)
✔ Mission 2 counts authored primary effects before the opening (86.040795ms)
✔ Mission 2 keeps the allocation phase across pause, checkpoint and restart (333.764143ms)
✔ Mission 3 counts authored primary effects before the opening (47.575544ms)
✔ Mission 3 keeps the allocation phase across pause, checkpoint and restart (293.904562ms)
✔ early-level effect phase remains fixed-turn owned across frame schedules (895.407818ms)
✔ prospective declaration binds the exact constructor return before immediate first processing (4.051435ms)
✔ wrong first target and second creation fail permanently without replacing or mutating controllers (5.106813ms)
✔ duplicate declarations invalidate the original instead of overwriting or rearming it (0.679699ms)
✔ late declarations cannot bind a preexisting controller; close is idempotent and never auto-rearms (0.26256ms)
✔ a constructor exception retains its identity and cannot bind a partial object (0.26875ms)
✔ constructor diagnostic binding failures never change the returned object or its immediate step (0.76751ms)
(node:540) ExperimentalWarning: stripTypeScriptTypes is an experimental feature and might change at any time
(Use `node --trace-warnings ...` to show where the warning was created)
✔ constructor output and wrapping match pinned original source with declaration disabled and enabled (2.590545ms)
✔ all 64 visits match pinned uninstrumented source with observation disabled and enabled (102.209485ms)
✔ actual application errors keep their identity, partial state, receiver and call count (6.064242ms)
✔ read copies and later game writes cannot change each other or historical capture (1.535079ms)
✔ active callback wrappers preserve their original return values (1.214793ms)
✔ copy failure and overflow invalidate evidence without skipping the original body (54.884968ms)
✔ after-copy diagnostic failure cannot replace an application exception (2.204382ms)
✔ a thrown empty string permanently invalidates capture while all original calls continue (1.605173ms)
✔ a thrown empty stringifier permanently invalidates capture while all original calls continue (1.627065ms)
✔ a thrown zero permanently invalidates capture while all original calls continue (1.942734ms)
✔ a thrown false permanently invalidates capture while all original calls continue (1.21282ms)
✔ a thrown null permanently invalidates capture while all original calls continue (1.897056ms)
✔ a thrown undefined permanently invalidates capture while all original calls continue (1.110438ms)
✔ an empty diagnostic throw cannot replace an application exception (1.454279ms)
✔ diagnostic append failure disables capture and still invokes the body once (1.288322ms)
✔ no observer or detached capture makes no diagnostic copy and invokes the body once (1.584172ms)
✔ capturing a live controller does not change any World field or completed turn (source fixture) (762.853617ms)
✔ scenario cleanup preserves the original thrown undefined value (3.489941ms)
✔ scenario cleanup preserves the original thrown null value (1.51615ms)
✔ scenario cleanup preserves the original thrown false value (0.267056ms)
✔ scenario cleanup preserves the original thrown 0 value (0.265083ms)
✔ scenario cleanup preserves the original thrown  value (0.233747ms)
✔ scenario cleanup preserves the original thrown Error: synthetic primary value (0.202701ms)
✔ startup-smoke uses the ordinary prefix and cleanup without capture or worship (3.386847ms)
✔ startup binding retries only real TimeoutError and retains diagnostics without repeating physical inputs (2.88986ms)
✔ startup binding propagates non-timeout and lookalike errors immediately with exact identity (1.316695ms)
✔ a binding success after the startup deadline is rejected before readiness or later work (0.730084ms)
✔ a preserving stop arriving during a successful bind rejects before later work (0.698587ms)
✔ Skip dispatches once without a navigation barrier and still waits for original-actor readiness (0.99724ms)
✔ Skip action errors retain identity and never cause a second physical click or readiness continuation (0.677055ms)
✔ real named-scenario CLI import reaches the missing-plan guard before browser/server setup (521.753515ms)
✔ combined corrected producer has identical full World state with capture disabled and enabled for all64 visits (1956.151006ms)
✔ lifecycle wrapper preserves original exception identity and exactly one callback (175.846137ms)
✔ the actual harness Vite launcher must resolve inside the pinned package closure (1828.557725ms)
✔ immutable compiler identity includes nested executable chunks and declared dependencies (3.847151ms)
✔ polling rejects stop or timeout arriving during an awaited ready predicate (0.762472ms)
✔ external launch plan rejects wrong source, compiler, dirty source, bounds and reused path shape (4.897585ms)
✔ all 64 captured calls with worst-case signed heights fit the 32MiB replay input bound (117.453943ms)
✔ original Mission 3 Shaman can plan to the unused Erosion head on a clone (105.259126ms)
✔ source correspondence accepts exact bytes or inline maps containing the pinned source (2.89588ms)
✔ module read covers all eight prescribed scripts using only observational CDP calls (7.418925ms)
✔ missing required module is rejected before a source read (3.490097ms)
✔ a required module parsed under another origin does not satisfy admission (2.159075ms)
✔ two script identities for one required module are rejected (1.923436ms)
✔ required modules from different execution contexts are rejected (5.773793ms)
✔ a stop arriving during an awaited source read prevents any result or next read (1.370705ms)
✔ dispose removes its parsed-event listener and detaches without removing other listeners (1.001698ms)
✔ authored Mission 3 activation runs the first native Erosion call immediately and only once (528.524112ms)
✔ multiple authored targets process in link order at activation and newest-first on later visits (74.835304ms)
✔ activation queues radius6 texture updates and notifies before allocating the next target (191.574685ms)
✔ repeated rewards get one initial visit each and exhausted rewards never allocate again (348.351647ms)
✔ live Erosion casting deforms terrain independently of refresh rate (693.713656ms)
✔ a newer Lightning consumes simulation RNG before Erosion (40.035154ms)
✔ original cleanup, center, terminal release/counters and recovery match native captures (10.758499ms)
✔ last opponent death ends the fight, credits its winner once and returns a survivor to commands (207.442246ms)
✔ live separation uses the squared eight-unit boundary (237.667941ms)
✔ a native interruption detaches its slot and protected survivors defer state recovery (64.091294ms)
✔ fight completion, recovery and RNG agree at 5–240 Hz and irregular frame schedules (456.774008ms)
✔ Firestorm emits its complete native 220-turn rain sequence (8.916566ms)
✔ live Firestorm composes fire, panic Blast and building ignition independently of refresh rate (622.66686ms)
✔ Firewarrior row15 has its own eight-direction five-frame firing family (2.206605ms)
✔ firing pieces use disjoint 32px subslots while every old atlas origin stays fixed (30.227458ms)
✔ actual ranged body matches owned native visits: person-entry-walk-frame3 (1.896565ms)
✔ actual ranged body matches owned native visits: person-entry-idle-frame4 (0.225695ms)
✔ actual ranged body matches owned native visits: person-recovery-boundary-present (0.271743ms)
✔ actual ranged body matches owned native visits: person-wait-entry-present (0.218023ms)
✔ actual ranged body matches owned native visits: person-wait-entry-gone (0.16113ms)
✔ actual ranged body matches owned native visits: person-cooldown-entry (0.200618ms)
✔ actual ranged body matches owned native visits: person-cooldown-expiry (0.342028ms)
✔ actual ranged body matches owned native visits: person-cooldown-cleared (0.151976ms)
✔ actual ranged body matches owned native visits: building-entry-walk-frame3 (0.261708ms)
✔ actual ranged body matches owned native visits: building-entry-idle-frame4 (0.315919ms)
✔ actual ranged body matches owned native visits: building-recovery-boundary-present (0.232034ms)
✔ actual ranged body matches owned native visits: building-wait-entry-present (0.206686ms)
✔ actual ranged body matches owned native visits: building-wait-entry-gone (0.121901ms)
✔ actual ranged body matches owned native visits: building-cooldown-entry (0.116082ms)
✔ actual ranged body matches owned native visits: building-cooldown-expiry (0.096793ms)
✔ actual ranged body matches owned native visits: building-cooldown-cleared (0.143103ms)
✔ native Firewarrior resting source720 resolves its actual original frames (2.212524ms)
✔ Flatten follows the native 15-turn terrain and orbit lifecycle (6.955675ms)
✔ live Flatten casting is refresh-rate independent (1862.681091ms)
✔ persistent follower controls retain native descriptor order and class HFX ownership (1.597892ms)
✔ live own class totals enable controls independently of training knowledge or occupancy (75.896077ms)
✔ reading the follower strip does not mutate simulation or selection state (183.029288ms)
✔ shipped G task classification follows deferred native adoption without mutating HUD reads (198.881538ms)
✔ specific legacy work overrides dormant idle while real native disruption remains authoritative (79.561867ms)
✔ construction, pre-entry, actual entry and native idle routes use their own categories (58.433045ms)
✔ task selection preserves orders and RNG during a real movement command and propagates occupied groups (64.649582ms)
✔ live task count reads nearby camera coordinates without creating or registering people (76.14126ms)
✔ real boarding through a route owner overrides a dormant native person for Selected task propagation (309.32231ms)
✔ task classifier preserves every recovered native state and command category (3.515959ms)
✔ inside classification follows building category and the Preacher command exception (0.334297ms)
✔ global existence and nearby task counts are independent; selected overlays preserve native addition (0.942368ms)
✔ task selection ignores persistent-strip assignment priority and uses category nearest (0.375488ms)
✔ Selected row click/Shift deselect, Ctrl reselects nearest without changing its work or the group (0.374956ms)
✔ Total single/five can select the Shaman while Shift excludes it (0.26238ms)
✔ task focus filters category and cycles with the Shaman nearby exemption without mutation (0.258203ms)
✔ vehicle creation and frame cache use apparent tribe, including checkpoints and legacy fallback (301.403693ms)
✔ vehicle damage immunity follows apparent tribe while real-owner counts stay unchanged (97.880054ms)
✔ live Blast projects class4 apparent tribe without changing the real owner (131.348216ms)
✔ ordinary live boarding exposes class vehicle counts, all passengers and independent owner fields (572.785495ms)
✔ Spy boarding uses immediate target bits, later boarding rewrites owner and exit preserves apparent owner (72.453115ms)
✔ split owner and occupied selection survive checkpoint, legacy vehicles use real team fallback (68.418206ms)
✔ destroyed last vehicle keeps presence during its visible wreck and cannot select or focus (50.090712ms)
✔ shipped disguise command aboard publishes apparent ownership through completion and countdown (85.786226ms)
✔ legacy occupied checkpoint retains apparent fallback across voluntary unload (174.368959ms)
✔ first and later boarding, either exit and reuse preserve the native two-owner contract (614.109716ms)
✔ occupied class reads rebuild from current passengers rather than stale row totals (41.037554ms)
✔ transport presence uses real ownership and survives an empty count (2.076372ms)
✔ class filter acquires a vehicle and selects all eligible passengers; Ctrl counts vehicles (1.89997ms)
✔ driver command priority, matching-passenger distance and vehicle nearby boundary remain distinct (0.304432ms)
✔ native reverse vehicle-list focus cycles, variants reacquire, and selected/blocked occupants can focus (2.044294ms)
✔ footprint history matches native ring replacement and its per-cell pixel counts (608.177649ms)
✔ partial footprint shading equals a complete native-palette atlas rebuild (1897.769802ms)
✔ live walking footprints use the elapsed animation clock, including pause and disabled trails (313.461143ms)
✔ live turn preserves native tribe order, inactive skipping and next-turn formation admission (2126.726195ms)
✔ actual recruited groups wait a turn and then steer before member physics (129.90937ms)
✔ render cadence and idle production worship hooks cannot change gameplay, RNG or owned animation state (13890.721252ms)
✔ paused time stays paused; long active frames retain elapsed time (115.952465ms)
✔ campaign messages use the presentation clock and freeze while paused (312.250616ms)
✔ campaign pending auto-open waits for settled motion and consumes one oldest record per presentation visit (49.698457ms)
✔ scenery shade follows cell occupants through overlap, depletion and regrowth (113.167889ms)
✔ rotated building plans keep their anchor, entrance routes and orientation through construction (831.208401ms)
✔ Lightning ignites only its building footprint, then evacuates, damages and permits repair (777.711961ms)
✔ Lightning burns original scenery through smoke and cleanup without leaking fire state (123.036259ms)
✔ native impacts expire on exact turns and debris preserves the sprite allocation counter (143.845723ms)
✔ terrain rebuilds preserve queue precedence and initialize the original mission before sampling (29.532194ms)
✔ territory preserves native footprint asymmetry, overlap clearing and staggered recovery (2.068641ms)
✔ opening tooltips resolve mission cells and have an independent lifetime (58.639115ms)
✔ original level layout, native foundations, and the complete mission (4497.247276ms)
✔ housing, mana allocation, pause, drowning, and reincarnation (497.518355ms)
✔ ordinary land deaths keep the native corpse lifecycle (197.529612ms)
✔ native transformed compound bases stay on their ground pads (43.008603ms)
✔ native animation identity, casting interruption, gradual terrain and blast survival (475.042093ms)
✔ native economy uses fixed turns, population bands and real hut upgrades (1189.33645ms)
✔ lightning hits a native map cell and Blast leaves allied health intact (46.144595ms)
✔ native integer movement and combat exchanges preserve timing, retaliation and replay (435.150396ms)
✔ native fight slots form four-person groups and release on interruption (138.605936ms)
✔ native sound cues preserve sample identity, cast phases and simulation randomness (192.919766ms)
✔ native Lightning delays the upper flash and regenerates eight segments for three turns (43.478078ms)
✔ native spell allocation, discrete flight, RNG trails and delayed impact (578.780936ms)
✔ native terrain ridges, reflected diagonals, surface planes and boundary vertices (1.975848ms)
✔ original campaign setup disables only enemy reincarnation and retains deferred commands (248.638425ms)
✔ mission-one AI applies its native spell interval profile on the original phase (128.679183ms)
✔ mission-one closes its construction latch after the first Red hut (42.227435ms)
✔ campaign marker setup snapshots native entry state before live execution (59.589174ms)
✔ mission marker task sends one reserved brave to marker one (77.159773ms)
✔ mission-one ordinary marker guard patrols and answers nearby enemies (75.72329ms)
✔ campaign markers remove the bridge head on the native phase, independently of routing (81.879659ms)
✔ campaign counters track allocation and remaining head gifts through gameplay (119.073797ms)
✔ worship decays without followers and continues at full spell stock (163.489573ms)
✔ vault discovery follows worship, door, entry and exit tasks (169.375875ms)
✔ vault allocation preserves the current order when the shared pool is full (173.509338ms)
✔ original discovery messages follow script phases, persist and reset (88.152081ms)
✔ partial building queries consume their mode once and marker triggers bypass worship (28.156317ms)
✔ original opening runs before object turn 72 and its independent flyby clock can be interrupted (113.749139ms)
✔ native outcome phases honor campaign opponents, forced results and defeat recovery (770.717448ms)
✔ tribe gates suppress scripts and AI while object turns and eligible cooldowns keep their native phases (335.680308ms)
✔ emergency casting preserves queued work and preacher responses keep their own payment rules (63.721425ms)
✔ mission-one AI casting uses the live shaman state and cast-block flags (302.818349ms)
✔ live spell scans use population thresholds and building territory with delayed overlap recovery (44.011674ms)
✔ original campaign stops Dakini Blast casting after its second allocation (203.14ms)
✔ campaign attack commitment follows living warrior counts on its original turn (378.268529ms)
✖ mission-one Dakini launches its native attack route when Blue enters marker three (779.299386ms)
✖ mission-one Dakini launches its later building attack when Blue overwhelms it (335.187486ms)
✔ mission-one Dakini pursues a fallback shaman by exact command target (48.391701ms)
✔ computer attack exhausts native scans and retreats below its surviving-member threshold (0.645398ms)
✔ computer attack pool exhaustion skips hostile dispatch and retires through native empty scans (101.503016ms)
✔ queued training keeps its selection lock until issuing the order and frees its slot after arrival (0.755892ms)
✔ mission-one red AI queues exact task 6 below one warrior and executes live training (143.17213ms)
✔ mission-one red AI does not reserve a second brave already committed to warrior training (41.847588ms)
✔ external game store publishes edits and restarts without sharing worlds between sessions (307.544721ms)
✔ mission-one victory continuation creates and restarts the recovered mission-two world (360.915911ms)
✔ mission-two Totem route reaches the Tornado guidance and use instruction (1387.014027ms)
✔ mission-two enemy marker orders nearby Matak defenders to counterattack (164.651189ms)
✔ game store checkpoints restore an isolated exact world snapshot (86.626866ms)
✔ computer recruitment preserves wrapped-distance ties and native command eligibility (0.924061ms)
✔ group orders share references and release their object only after the final follower leaves (0.844463ms)
✔ AI reservation enters native selection state and releases through the normal person initializer (1.089857ms)
✔ training order startup uses configured speed and preserves only a compatible building occupant (1.13229ms)
✔ native training queue yields to an untrained follower and releases its new head (0.896079ms)
✔ live followers reach rotated native doors before entering buildings (626.32898ms)
✔ building admission preserves native slot order, training activity and shared commands (1.744269ms)
✔ training replaces a whole batch, inherits the first occupant order tail and rolls back partial allocation (1.526486ms)
✔ live mana refunds wait for a pulse and computer training receives only the original first pass (44.427262ms)
✔ follower mana uses native preacher orders, registration and ghost flags before tribe scaling (80.5045ms)
✔ live spell reach follows terrain height and enemy casts require and spend native mana (121.451151ms)
✔ native casting lockout survives animation and computer usage recovers one charge at a time (61.936979ms)
✔ spell targeting preserves native cell allowances and wrapped coordinate seams (75.805655ms)
✔ native spell scans retain slots and Blast scoring avoids friendly concentrations (36.982796ms)
✔ defeat seeds native building collapse and staged damage ejects occupants before removal (64.184024ms)
✔ building display stages follow remaining work and retain separate complete meshes (25.126928ms)
✔ results preserve pending turns, collapse defeated settlements and reject new orders (430.457667ms)
✔ result camera crosses the world seam, releases input and retains native sky timing (10.92714ms)
✔ victory owns persistent native followers, drops cargo and pauses logical animation (105.636074ms)
✔ live blocked followers retain native detour steering and recovery timers (40.383595ms)
✔ live celebrants obey native walk masks and survive the legacy ground-height cutoff (41.120869ms)
✔ live completed-building footprints relocate and clear on removal (42.340701ms)
✔ live native cell order follows arrivals and removes dead records (68.294946ms)
✔ live cell insertion repairs a stale head left by a removed person (0.420614ms)
✔ dead vehicle passengers release their slots and driver position (51.296344ms)
✔ live native preparation consumes reroutes and completes slow turns and reactions (38.017303ms)
✔ interrupted victory followers resume through native orders and rejoin celebration (39.905695ms)
✔ native idle approach composes with shared state and original resting animation (40.125371ms)
✔ native resting ownership allocates distinct slots and compacts after a follower leaves (35.367729ms)
✔ native route reuse shares ownership and live celebration releases each follower (81.553377ms)
✔ native route construction retries expired failures and stores the original bounded path (40.225951ms)
✔ native path search packs a trimmed route and preserves distinct vehicle retry flags (78.614685ms)
✔ native wrapped route smoothing respects blocked steps and measures retained segments (80.469358ms)
✔ native obstacle solving builds a world-seam detour and rejects a blocked destination (68.60112ms)
✔ native planned routes use the recovered solver and advance shared followers to their goal (26.404695ms)
✔ native boarding checks the first boat and landing requests reserve distinct original search cells (1.006013ms)
✔ live native routes release query ownership, expire failures and walk low shoreline (123.671982ms)
✔ live followers share routes, advance before exact arrival and release every owner (95.220955ms)
✔ hut families are selected once, shared with shapes and retained through upgrades (70.429565ms)
✔ mission-one low population response assigns and releases persistent shaman escorts (139.149622ms)
✔ shaman escort uses native pursuit cadence and strict boundaries (0.737836ms)
✔ Mission 5 Boat worship emits its original one-shot tutorial (404.052353ms)
✔ Mission 5 grants, boards, sails, lands and checkpoints its original Boat (292.29222ms)
✔ Ghost Army casts, spawns native ghosts, accepts orders, vanishes in combat, and follows AI (487.079137ms)
✔ world-view terrain matches captured native mesh order, projection and lighting (218.496219ms)
✔ overview drag/release matches native snapshots and every star-parallax step (4.628662ms)
✔ overview morph timing matches the original complete lifetime snapshots (1.135796ms)
✔ Ctrl starts followers immediately, appends shared waypoints and ordinary click ends the sequence (480.228957ms)
✔ eighth Ctrl click and Alt final click deselect without cancelling issued orders; right-click ends staging (201.391725ms)
✔ queued ground movement preserves every turn, RNG, poses and footprints at 5–240 Hz and irregular frames (1187.663879ms)
✔ continued queue allocation failure retains issued orders, and an ordinary replacement releases them (117.114063ms)
✔ an enemy-person order waits behind a waypoint and advances when its target becomes unavailable (527.104699ms)
✔ ground waypoint handoff uses each playable class default initializer (348.648628ms)
✔ ordinary person turns apply native follower and Shaman healing without reviving excluded units (113.850943ms)
✔ live health adapter preserves airborne/state exclusions and combat status flags (60.926231ms)
✔ each original healing model receives exactly one recovered increment on the eighth turn (57.301271ms)
✔ a follower injured by the shipped missing-building release path later heals on an ordinary turn (48.388255ms)
✔ healing follows simulation turns across speed, refresh cadence, irregular frames and pause (755.668654ms)
✔ checkpoint migration preserves the next native healing turn (44.48988ms)
✔ building admission clocks match captured native blocks (5.117965ms)
✔ followers visibly cross the native interior threshold before housing consumes their command (1355.588189ms)
✔ simultaneous arrivals respect hut capacity and cancellation releases the scoped animation and route (210.170144ms)
✔ hut slots remain authoritative through a departure, replacement and birth turn (94.853278ms)
✔ fire interrupts entry without retaining its walking sprites or command record (66.740726ms)
✔ staged entry positions, RNG, admission and sprite clocks are independent of rendered frame rate (448.404615ms)
✔ entry re-plans interrupted steering and releases its source when the hut becomes unavailable (180.490235ms)
✔ scaled native panel and bottom-row digits remain above the modern footer (0.971803ms)
✔ HUD keeps preferred manual sizes and the original nominal auto steps when they fit (0.158736ms)
✔ HUD extraction retains the page client-component directive (0.91629ms)
✔ HUD selection and focus match captured original commands without changing other person fields (10.952269ms)
✔ HUD controls add followers without stealing simulation ownership or replacing marching orders (603.927811ms)
✔ building menu waits through delayed false images before continuing (37.537434ms)
✔ building menu exhausts its existing 30000 ms scope without continuing (308.436389ms)
✔ building menu propagates failed texture acquisition without retrying (1.760413ms)
✔ building hover Mission 1 waits through delayed false images before continuing (2.816401ms)
✔ building hover Mission 1 exhausts its existing 30000 ms scope without continuing (175.674747ms)
✔ building hover Mission 1 propagates failed texture acquisition without retrying (1.318136ms)
✔ building hover Mission 2 waits through delayed false images before continuing (2.27073ms)
✔ building hover Mission 2 exhausts its existing 30000 ms scope without continuing (209.663698ms)
✔ building hover Mission 2 propagates failed texture acquisition without retrying (2.002212ms)
✔ worship Tutorial waits through delayed false images before continuing (7.584128ms)
✔ worship Tutorial exhausts its existing 30000 ms scope without continuing (606.476539ms)
✔ worship Tutorial propagates failed texture acquisition without retrying (1.716358ms)
✔ worship Mission 1 waits through delayed false images before continuing (2.774749ms)
✔ worship Mission 1 exhausts its existing 20000 ms scope without continuing (92.144187ms)
✔ worship Mission 1 propagates failed texture acquisition without retrying (1.681306ms)
✔ repeated helper calls acquire the replacement document image (2.572168ms)
✔ only literal true permits readiness, never a truthy observation value (1.01758ms)
✔ late true is rejected after the awaited read settles, without another observation (1.883866ms)
✔ the last pause fits the deadline and no read starts after it (1.867562ms)
✔ invalid wait bounds fail before reading (0.516326ms)
✔ shaman health fill follows native integer bounds and absent/overfull cases (6.878815ms)
✔ HUD atlas metadata matches the PNG and contains every imported sprite (2.892762ms)
✔ portrait backgrounds and shadow-free directional layers match native captures (11.264762ms)
✔ tooltip bitmap placement and wrapping match the original desktop controller (62.113845ms)
✔ mana production stripes follow native rates, warning bands and controller modes (7.508179ms)
✔ live mana estimation uses the simulation clock and follows charging toggles (176.644273ms)
✔ follower counts, icon placement and housing fill match native HUD controllers (8.49996ms)
✔ population readouts exclude dead followers and reserve the shaman allowance (66.135637ms)
✔ hut birth clocks and destinations match captured original calls (2.363687ms)
✔ live newborns leave the hut and keep native birth feedback and gates (95.578316ms)
✔ hut smoke uses descriptor attachment slots, independently of resident capacity (2.302697ms)
✔ hut occupancy producer samples real occupancy every 32 building turns (0.448085ms)
✔ partial root uses the native 16-visit visible lifetime and restart draw (0.224393ms)
✔ full root is persistent and does not invent the unresolved child-puff phase (0.197573ms)
✔ all supported residential hut capacities switch partial to full at their native capacity (0.220897ms)
✔ visual frames stay on the recovered 16-frame sequences (0.19561ms)
✔ immediate occupancy events preserve capacity, phase and same-mode root identity (1.270935ms)
✔ drain elapsed old-root visits before an off-phase event without backdating the new root (1.055917ms)
✔ listeners are transient, identity-scoped and released through material disposal (0.611847ms)
✔ multiple presentation consumers unsubscribe independently without resetting each other (0.197383ms)
✔ live command8 owner publishes authoritative entry/removal for Hut level 1 (327.052652ms)
✔ live command8 owner publishes authoritative entry/removal for Hut level 2 (148.282671ms)
✔ live command8 owner publishes authoritative entry/removal for Hut level 3 (94.112386ms)
✔ ordinary Mission2 admission includes the new smoke root in that turn’s effect visit (6041.313746ms)
✔ pre-building occupancy removal receives one first visit, including counter wrap (192.16987ms)
✔ out-of-turn allocation survives pause; commands while paused remain rejected (441.188605ms)
✔ new-root completion is identity-scoped and one-shot for same-turn transitions (0.214819ms)
✔ batched turns and repeated rendering preserve the native first lifetime (232.600692ms)
✔ turn completion callbacks are clock-specific and are discarded on a failed turn (47.937642ms)
✔ hut maturity and cell timber match captured original calls (2.24514ms)
✔ residents fetch and stage timber before their hut upgrades (544.5085ms)
✔ Hypnotise uses the native footprint, temporary ownership, expiry, and AI target path (424.254049ms)
✔ Invisibility marks the native six, does not refresh, and reveals on time or combat (178.50492ms)
✔ player and computer casts share Invisibility application and old saves migrate (223.613901ms)
✔ complete Land Bridge lifetimes match native terrain, ordered trails and notifications (797.6454ms)
✔ live bridge terrain and particle cleanup are identical across refresh rates and stalls (3390.890705ms)
✔ ordinary Mission1–3 startup uses native terrain, authored gates and real conversion (1367.213101ms)
✔ native opening excludes Shaman selection, without inventing a casting restriction (117.158858ms)
✔ checkpoint restore resumes every opening stage without replaying terrain/conversion (2865.864798ms)
✔ restart gets one fresh sequence; repeated flyby skip does not replay it (526.181839ms)
✔ only carrier-created stones are obstacles, while legacy sites keep their reservations (69.143927ms)
✔ opening wave, conversion and stone cues preload their existing original samples (10.689956ms)
✔ permitted opening casts enter native state22 and resume command18 without a stuck controller (1484.385857ms)
✔ fresh-load camera follows native cell-edge/center snapping and angle retention (0.849091ms)
✔ the command18 completion turn owns exactly one native person visit (434.158533ms)
✔ permitted state22 interruption and completion retain one counter increment per turn (518.748886ms)
✔ replacement player orders cancel startup before its counter write (136.67337ms)
✔ only the linked neutral startup conversion flash follows its replacement Brave (91.171289ms)
✔ a missing converted Brave does not retarget its flash or shorten the native expiry (78.215731ms)
✔ an invalidated command18 is consumed by the ordinary queue without completing the site (56.979878ms)
✔ original Lightning target gates, inclusive cap, attacker and electrocution phases (3.090113ms)
✔ live Lightning retains victims, displays native shock sprites, scatters survivors and cleans up (246.823794ms)
✔ Lightning outcomes and turn-by-turn poses are independent of rendering cadence (1111.366455ms)
✔ live marching uses shared commands, original poses, separate slots and releases interruption/death/arrival ownership (472.883839ms)
✔ marching and resting preserve mechanics, footprints and sprite frames at 5–240 Hz and irregular frames (1684.594925ms)
✔ exhausted command pool preserves the previous movement and group ownership (64.313512ms)
✔ panic retains the real movement command and resumes its route after recovery (109.080657ms)
✔ obstacle recovery replans the owned group order and settles identically at 5–240 Hz (1916.702814ms)
✔ shared ground motion advances a retained route once before any state controller (83.829143ms)
✔ native432260 empty current slot returns before building live order context (48.419563ms)
✔ live worship shares an order, occupies exact slots, prays, earns gifts and releases interrupted/dead members (399.400986ms)
✔ live head rewards, displayed standing roster and group selection retain their distinct native rules (241.391993ms)
✔ worship motion, prayer frames, pose RNG and rewards are identical at 5–240 Hz and irregular frames (1632.530425ms)
✔ an unreachable head preserves the existing command without entering an unported retry state (85.097119ms)
✔ Ctrl waypoints finish at a stone head without replacing the current route or person (140.651971ms)
✔ training replacements inherit a queued stone-head order and perform the original prayer (146.334906ms)
✔ queued worship preserves turns, poses, RNG and rewards at 5–240 Hz and irregular frames (1056.553886ms)
✔ local launch preserves sandbox and removes all unsafe Playwright defaults (1.868722ms)
✔ CLI accepts separate game root, owned output, browser and bounded settings (0.266515ms)
✔ CLI rejects unknown flags, missing values and unbounded inputs (0.230191ms)
✔ harness preserves the exact side-effect-free source fingerprint export (0.160208ms)
✔ source fingerprint catches dirty tracked and untracked byte drift with unchanged porcelain (195.81517ms)
✔ active scenario completing during timeout diagnostics cannot turn failure into pass (108.361195ms)
✔ active scenario completing during interrupt diagnostics cannot turn failure into pass (7.098871ms)
✔ ordinary native constructors restore the logical gate without adding interpolation behavior (103.040667ms)
✔ native person and Splash frames wait for logical visits while clear-bit effects keep 24 Hz (60.367443ms)
✔ each catch-up turn observes the prior frame before one post-observer logical advance (108.841302ms)
✔ ordinary owner aliases and a post-turn handoff never advance twice (189.615724ms)
✔ state0 and removed gated sources do not fall through to presentation advancement (71.679263ms)
✔ pause, land pause and speed changes preserve owned logical animation visits (35.675758ms)
✔ legacy save aliases gain the gate without resetting frames or replaying on a new Scene clock (44.773761ms)
✔ a Splash allocated after processing gets one animation visit but no invented lifetime visit (41.367396ms)
✔ morph transitions keep one presentation owner even on coincident logical boundaries (79.218047ms)
✔ Firewarrior descriptor holds are measured in eligible logical visits (34.009412ms)
✔ post-turn source replacement visits only the active record, including at turn wrap (37.956316ms)
✔ direct simulation ticks and presentation calls do not manufacture logical visits (40.406492ms)
✔ marching geometry, recruitment, cleanup, speed and poses replay complete original calls (69.484378ms)
✔ native movement completion preserves payload, seam and vehicle boundaries and four-turn cadence (12.541606ms)
✔ marching cleanup tolerates a member whose native record was already released (0.759617ms)
✔ outdoor and building encounter calls match captured original fields, timing, RNG and sound (23.232445ms)
✔ all playable encounter pairs show the opening strike, physical stagger and defender-centered fight (623.463351ms)
✔ encounters and their animations stay deterministic across render schedules (303.07391ms)
✔ the native skip-intro flag and player cancellation do not leave stuck encounters (74.43388ms)
✔ an encounter releases cleanly when an airborne participant returns to ordinary motion (37.889979ms)
✔ live fights refresh the first native player alert each object turn (110.864624ms)
✔ simulation owns quiet, attack and battle music activity across pause and cancellation (38.564434ms)
✔ native fight admission, replacement and splitting retain original slots, flags and RNG (6.820658ms)
✔ stronger reinforcements replace the first weaker ally and preserve a three-person tribe limit (146.875013ms)
✔ two-sided reinforcements split the last fighter of each tribe into a new live fight (60.823224ms)
✔ reinforced group motion and combat remain identical at every render cadence (375.899299ms)
✔ center changes preserve original membership slots for subsequent splits (45.196262ms)
✔ pursuit refresh uses the original inclusive axis threshold and signed coordinates (1.431565ms)
✔ live pursuit updates before reaching the old destination and reuses unchanged routes (415.334128ms)
✔ automatic engagement uses equal tribe ranges, whole cells and original scan cadence (77.779783ms)
✔ native inhibition and pending scans apply without giving idle shamans automatic attacks (37.672319ms)
✔ live move orders cross nearby enemies without the old distance interruption (46.799871ms)
✔ idle followers of either tribe pursue detected enemies at every render cadence (536.545172ms)
✔ group attacks hit busy opponents without restarting their action or facing (8797.149514ms)
✔ Magical Shield does not block native mode-one melee damage (46.186609ms)
✔ opportunistic reach is measured from the opponent slot with an exclusive 360-unit boundary (292.348038ms)
✔ group combat stays deterministic across render schedules and yields to player orders (517.090366ms)
✔ knockback waits for terrain physics to settle and preserves cell ownership (82.904038ms)
✔ hits during knockback survive physics and player orders do not teleport the person (40.490597ms)
✔ sliding recoil, native animation and recovery are independent of render cadence (382.705677ms)
✔ shamans and the native game flag suppress ordinary attack knockback (234.561529ms)
✔ fight sites use the native 32-turn search and retain groups when no site is available (34.709636ms)
✔ fight sites leave original building footprints even between periodic search visits (62.373824ms)
✔ sequential fight searches avoid other fight centers and release exhausted searches (1.21903ms)
✔ live groups relocate sequentially without sharing another fight center (36.377763ms)
✔ native approach reaches its slot from every direction and waits one turn to chase a moved slot (343.084603ms)
✔ approach uses native cell collision and preserves the person across attack, recoil and new orders (47.11405ms)
✔ approach, native animation and subsequent combat stay identical across frame rates (317.83571ms)
✔ native descriptor threshold chooses exact small and large corner dimensions (1.605812ms)
✔ 1x frame overlaps native corners in a 100x96 rectangle, bottom corners last (5.434492ms)
✔ 2x and partial tiles retain exact 1:1 corner/edge pixels and a transparent center (36.53593ms)
✔ frame is a separate overlay and does not change terrain, markers or click ownership (1.1928ms)
✔ minimap pixels, camera wrapping, rotated UVs and markers match native captures (197.900154ms)
✔ Mission 10 runs its first Totem deadline and second Totem Erosion sequence (16971.261245ms)
✔ Mission 11 opens with both enemy tribes and four original knowledge sites (121.206272ms)
✔ Mission 11 opponents build their first settlement and scripted BUILD_AT tower on native cadence (8052.608026ms)
✔ Mission 12 opens with all three enemy tribes and original knowledge (112.755016ms)
✔ Mission 12 starts its original turn-7 flyby once (106.976882ms)
✔ Mission 12 opponents request their first Guard Towers on native cadence (486.554145ms)
✔ Mission 12 opening remains deterministic through checkpoint migration (848.946893ms)
✔ Mission 13 opens with both enemy tribes and original knowledge (80.124214ms)
✔ Mission 13 starts its original Yellow turn-6 flyby once (185.030256ms)
✔ Mission 13 Balloon Hut knowledge is visible before construction (544.025944ms)
✔ Mission 13 Land Bridge uses native surface categories at low shore (40.302539ms)
✔ Mission 13 Balloon Hut repeatedly produces occupied airborne transport (567.932243ms)
✔ Mission 13 opening remains deterministic through checkpoint migration (477.143417ms)
✔ Mission 14 delivers both linked gifts and a castable Angel through shipped paths (673.604748ms)
✔ Mission 15 ordinary Prison attack frees the captive and cancels the timer (354.893504ms)
✔ Mission 15 timer expiry locks input and kills the captive with enemy Lightning (203.000161ms)
✔ Mission 15 expiry stays latched if the Prison falls before Lightning lands (170.09066ms)
✔ Mission 15 captive Lightning branch requires an enemy caster, not the Prison cell (142.299446ms)
✔ Mission 16 worship grants Bloodlust and live combat consumes its status (530.2227ms)
✔ old checkpoints default Bloodlust stock without disturbing their world (56.08545ms)
✔ Mission 17 grants Armageddon and stages the native arena through the live cast path (1771.016014ms)
✔ Armageddon uses generic victory and defeat outcomes and restores control (1340.999942ms)
✔ Mission 18 loads its authored tribes and grants Armageddon and both Volcano rewards (4284.265146ms)
✔ Mission 18 starts its authored Red marker patrol through normal AI orders (170.962343ms)
✔ Mission 18 Armageddon restores its arena checkpoint and reaches both result directions (4057.839254ms)
✔ Mission 19 loads its authored objective and grants all three worship rewards (1749.407261ms)
✔ Mission 19 Teleport spends only accepted stock and resumes identically from a checkpoint (250.60572ms)
✔ Mission 19 warns once and gives Chumara loss priority over Dakini defeat (524.347741ms)
✖ Mission 2 naturally earns Matak kills and launches the organized raid (4589.254407ms)
✔ Mission 2 checkpoints retain kill ownership from the old red slot (110.359649ms)
✔ Mission 2 camp targeting takes the first model match without RNG (65.383629ms)
✔ Mission 2 producer matches native base, loss, capacity and resource boundary cases (447.162473ms)
✔ Mission 2 naturally establishes a new home Tower base and preserves phase3 checkpoint continuation (2155.630038ms)
✔ Mission 2 rebuilds after a real player army destroys both Towers, retaining its first construction base (13434.825694ms)
✔ Mission 2 explicitly trains replacement Warriors after natural combat despite zero producer preferences (9212.452903ms)
✔ Mission 20 loads its authored opening and four-stage linked chain (145.88416ms)
✔ Mission 20 worship consumes each head once and restores the live chain (4107.440725ms)
✔ Mission 21 loads its authored opening and first fault state (118.237644ms)
✔ Mission 21 converts worshippers and seals the first fault across a checkpoint (4878.386273ms)
✔ Mission 21 checkpoints one unsealed first-fault eruption without replay (4698.916943ms)
✔ Mission 22 opens with its solo Shaman, native heads, tribes and transport (119.352373ms)
✔ Mission 22 mode-3 head rejects an injected Brave supporting fixture (154.190254ms)
✔ Mission 22 nearby head is a one-shot presentation with no gameplay reward (879.161108ms)
✔ Mission 22 southern head delivers its delayed 600,000 mana gift after real worship (9603.257228ms)
✔ Mission 22 Shaman can steal, checkpoint and sail the authored enemy Boat (2395.868688ms)
✔ Mission 22 Shaman can claim the authored Balloon and complete the northern mana route (12623.704167ms)
✔ Mission 23 loads its authored tribes, Wildmen and worship chain (148.461819ms)
✔ Mission 23 enemy tribes grow their native settlements and populations (18315.962267ms)
✔ Mission 23 unlocks and repeats the native zero-mana gift through ordinary worship (1421.061036ms)
✔ Convert Wild allocation gates state and duplicates without cancelling existing work (2.398338ms)
✔ Convert Wild target retains density, wrap, tie, inclusive radius and list-centroid rules (0.751405ms)
✔ Convert Wild standability preserves initial target and tries only the first24 spiral positions (0.644606ms)
✔ Mission3 active type2 advances after allocation state is switched off (97.037453ms)
✔ type2 timeout clears motion before a blocked state transition and then frees the task (58.679828ms)
✔ type2 reads the active fight person even when its attack animation has no presentation source (51.161803ms)
✔ Convert Wild region lookup normalizes signed browser-native positions to unsigned words (0.194088ms)
✔ type2 casting preserves the real person flags2 readiness gate (54.358796ms)
✔ explicit flight person receives the allocation-safe return order without restarting its state (36.546086ms)
✔ explicit flight return preserves the complete world on order allocation exhaustion (37.096604ms)
✔ cast-ready flight-owned Shaman receives the type2 post-cast return on the same person (31.247414ms)
✔ type2 range reads actual signed person height rather than terrain beneath it (34.680087ms)
ℹ {"terrainHeight":146,"personHeight":896,"terrainRange":14,"personRange":24}
✔ Mission3 Chumara moves, spends its original shot and mana, then stops allocating at the population cutoff (1650.995507ms)
✔ Mission3 keeps idle follow-ups and area-summary automatic training unreachable (100.895902ms)
✔ ordinary Mission3 allocates a real pre-table response before ordinary production (302.848006ms)
✔ defense allocation preserves native caps, immediate empty-area cleanup and recycled scratch (0.604096ms)
✔ active defense suppression uses strict squared26 and wrapped cell distance (0.154819ms)
✔ native defense no-force fallback is a finite seven-visit lifecycle (1.38152ms)
✔ defense cleanup clears only matching assignment and native flag bits while preserving another lock (59.452636ms)
✔ lost early defense targets are invalidated before a different task dispatch (43.548372ms)
✔ defense Blast uses signed active-person height for native and flight-owned Shamans (224.591163ms)
✔ defense Blast reads active native, flight and non-presented fight positions in both range directions (257.263893ms)
✔ defense target collection preserves category caps, rejection rules and the omitted last spiral cell (1.306128ms)
✔ ordinary Mission3 intrusion produces a real type8 fallback, cleanup, repeat and checkpoint continuation (1495.422843ms)
✔ ordinary Temple acquisition and Preacher intrusion recruit a real Chumara defender with orders and movement (3308.839841ms)
✔ Mission 3 naturally trains a Blue Preacher, converts an authored Brave and resumes its mid-conversion checkpoint (4446.824452ms)
✔ a real movement command cancels the naturally acquired Blue sermon without converting its listener (2554.245262ms)
✔ natural Mission 3 conversion follows elapsed game time across display schedules (4531.351361ms)
✔ Mission 3 opens through original Chumara, Swarm, Temple and Erosion paths (2765.58614ms)
✔ single Preacher selector preserves native first-near/band order and strict distance boundaries (2.477817ms)
✔ single-person strict19 boundary, wrap, mode0 and invalid mode match native cases (0.305623ms)
✔ type11 waits for selection ownership and cancellation safely releases state14 and slot (92.99293ms)
✔ duplicate raw payload and failed allocator preserve native selection side effects (216.482859ms)
✔ Preacher allocator preserves native five-slot/state/signed-count boundaries (2.446861ms)
✔ 1103 replacement preserves all person/order state on allocation exhaustion (256.495315ms)
✔ natural Chumara training reaches marker3 Preacher task, checkpoint phases and movement (3009.396823ms)
✔ complete128-turn block preserves strict gates, command ordering and message lifetime (1.063949ms)
✔ 1103 retargets only active order30 in native state10/33 without restarting state (204.4366ms)
✔ cancelled blocked-state Preacher resets motion before the native state gate (29.511807ms)
✔ Mission 3 warns once when a naturally trained Chumara Preacher starts converting a Blue Brave (6408.824847ms)
✔ Mission3 authored raid allocation matches original: nominal accepted fixture (2.035841ms)
✔ Mission3 authored raid allocation matches original: state20 disabled (0.284262ms)
✔ Mission3 authored raid allocation matches original: one active raid reaches authored cap1 (0.202761ms)
✔ Mission3 authored raid allocation matches original: all ten slots occupied by other tasks (0.160338ms)
✔ Mission3 authored raid allocation matches original: only final slot free (0.33045ms)
✔ Mission3 retains loaded Shaman origin for loaded-cell-shaman-moved (2.899794ms)
✔ Mission3 retains loaded Shaman origin for loaded-cell-shaman-absent (0.180608ms)
✔ Mission3 retains loaded Shaman origin for loaded-cell-shaman-moved after checkpoint (0.151736ms)
✔ Mission3 retains loaded Shaman origin for loaded-cell-shaman-absent after checkpoint (0.124595ms)
✔ Mission3 recruitment preserves original common-origin-control (0.898794ms)
✔ Mission3 recruitment preserves original no-base-authored-coordinates (0.142522ms)
✔ Mission3 recruitment preserves original established-base-distinct (0.117494ms)
✔ Mission3 recruitment retains a valid established base at cell zero (0.26234ms)
✔ Mission 3 starts its original recurring-script flyby through ordinary turns (2524.13692ms)
✔ Mission 3 Chumara builds its settlement and trains its first Preacher (2215.942219ms)
✔ Mission 4 starts its original opening flyby once through ordinary turns (859.46597ms)
✔ Mission 4 teaches training and attack from its original live conditions once (171.242236ms)
✔ Mission 4 converts Wildmen, discovers the Guard Tower, and defeats the Matak (10414.387229ms)
✔ Mission 5 Angel head delivers its linked hostile summon through live worship (413.843429ms)
✔ Mission 5 checkpoint migration upgrades an explicit mode-5 legacy Angel without changing gameplay state (101.445172ms)
✔ Mission 5 checkpoint migration recovers an absent authored mode before upgrading the Angel model (33.844398ms)
✔ Mission 5 checkpoint migration adds only the previously omitted Angel head (66.166705ms)
✔ Mission 5 imports its linked Boat template from the verified native coordinates (2.551497ms)
✔ Mission 5 runs its imported opening flyby once through ordinary turns (2280.28337ms)
✔ Mission 5 launches its original ordinary raid when the player reaches the Angel head (664.581858ms)
✔ Mission 5 launches its surviving Dakini at the player Shaman (180.733093ms)
✔ Mission 5 staffs its original Dakini tower with a Preacher (234.212552ms)
✔ Mission 6 keeps both original opponents distinct through outcome and checkpoints (607.836089ms)
✔ Mission 6 credits each opponent attack task independently (119.568285ms)
✔ Mission 6 low-population survivors counterattack the player Shaman (663.027355ms)
✔ Mission 6 Chumara trains Preachers and launches its first mixed raid (23645.412331ms)
✔ Mission 6 opponents expand and Matak launches its first Warrior raid (27445.397438ms)
✔ Mission 6 ATTACK snapshots the native three-spell payload and keeps old tasks compatible (1.056567ms)
✔ type-20 sixth ATTACK quota selects exactly the tribe Shaman outside the generic selector (0.452742ms)
✔ Mission 6 first Matak ATTACK retains source-derived Land Bridge, Lightning, Blast order (21991.641695ms)
✔ Mission 6 phase-6 task Shaman uses native payment, eligibility, usage and range gates (192.902388ms)
✔ Mission 6 phase-6 task spell uses task target outside Shaman states 25/29 (115.269677ms)
✔ Mission 7 converts Wildmen and grants Invisibility through its original head (1101.580441ms)
✔ Mission8 natural acceptance starts from the shipped seven-person Blue and eleven-person Red roster (145.347937ms)
✔ Mission8 attack staging is a land order for the original party, not a transport or worship prerequisite (115.072245ms)
✔ shared ground → training → destination queues retain identities until conversion and inherit the original tail (886.147239ms)
✔ shared ground → construction → destination queues retain identity and resume after the crew leaves (143.692409ms)
✔ cancelled, invalid, removed and dead queued builders release command-6 ownership exactly once (937.32134ms)
✔ a waypoint added while trainees are inside preserves occupancy; ordinary hut admission consumes the complete queue (421.997555ms)
✔ unavailable or cancelled buildings advance to the next order; replacement and death release shared references (405.468514ms)
✔ mixed movement, training, inherited orders, RNG and footprints match from 5 to 240 Hz and irregular frames (1161.177168ms)
✔ building order preparation matches complete original CPU calls (1.548668ms)
✔ reinforcements and new encounters retain the same person and resume ground, building and worship orders (1095.155613ms)
✔ replacing or killing a reinforcement releases every retained command reference (203.131642ms)
✔ a displaced fighter retains its queue and a split keeps both followers’ original records (290.826587ms)
✔ combat interruption and resumed orders preserve simulation and poses across render rates (895.86445ms)
✔ combat removes a waiting trainee from its physical line while retaining its training order (113.584448ms)
✔ native model wave uses half, quarter, eighth strength then resets (1.305438ms)
✔ live waves retain first-hit deformation on resource scenery (89.472347ms)
✔ move input eligibility matches native category, strict-land and quarter-mask captures (3.940268ms)
✔ blocked move clicks preserve the whole selected group, shared orders, markers and RNG (143.384568ms)
✔ Markdown sections retain ancestry, repetitions, CRLF boundaries, and ignore fenced headings (2.200706ms)
✔ manifest validation accepts reviewed data and rejects duplicate IDs, missing paths, invalid parity references, and unsafe paths (76.716884ms)
✔ index is deterministic, clean without a cache, ignored when written, and regenerates after source changes (96.254458ms)
✔ index and context reject an indexed source symlink that escapes the repository (70.891267ms)
✔ repository validation requires one current top-level execution-order heading (69.735072ms)
✔ context returns bounded provenance, limitations, checks, and visible source truncation (116.132028ms)
✔ context output saves current JSON and rejects silent option mistakes (128.974728ms)
✔ preparation is independent of retired local status state (99.115204ms)
✔ native research packets grant only a contract-allowed ignored scratch directory (311.962832ms)
✔ role context carries a validated bounded assignment and explicit overflow (356.093721ms)
✔ reviewer context fingerprints the actual dirty, renamed, deleted, and untracked inputs (118.959902ms)
✔ real mapped evidence excerpts retain their material performance boundaries (4204.762706ms)
✔ Shaman appearance context keeps its complete checks and evidence within the default budget (1103.960253ms)
✔ Followers task context retains complete checks without bloating selection context (664.303839ms)
✔ plan handles cross-cutting edits, renames, deletions, untracked and unsafe inputs without executing checks (133.625428ms)
✔ audit distinguishes baseline edits and reports out-of-scope, generated, input, untracked, and stale verification changes (277.593887ms)
✔ audit reports a pre-existing baseline change that disappears (123.662238ms)
✔ audit requires exactly one result for every required check (139.787438ms)
✔ blocked verification cannot masquerade as passing and passed results require evidence (106.798301ms)
✔ game server rejects an invalid isolated port (0.875278ms)
✔ preparation captures real baseline and hashes, validates intent, and refuses overwrite (489.037124ms)
✔ verification persists completed checks across interruption and replaces old passes at startup (158.168671ms)
✔ verification replaces a required receipt invalidated by a changed check definition (122.617532ms)
✔ reviewed aggregate coverage executes once, fingerprints covered inputs, and fails closed on script drift (424.802143ms)
✔ orchestration-tests receipts become stale when worker configuration changes (341.340867ms)
✔ repository-check receipts become stale when worker configuration changes (509.176516ms)
✔ verification runs only safe contract checks, records blocking, and detects mutations (667.415943ms)
✔ ephemeral default stays opt-in; persistent launch keeps sandbox and explicit data-dir (1.710939ms)
✔ unknown personal, noncanonical, existing unmarked and symlink directories fail before adoption (21.284718ms)
✔ symlink ancestor and evidence overlap are rejected (19.034508ms)
✔ an output symlink cannot alias profile data before preflight creates logs (29.999356ms)
✔ exclusive live and unknown locks are never recovered, and failed cleanup keeps ownership (45.649823ms)
✔ normal terminal cleanup retains checkpoint identity across a new exclusive run (41.888594ms)
✔ source/runtime/origin drift cannot silently adopt a game save (203.661044ms)
✔ symlinked source bytes and external or ignored scenarios cannot bypass input binding (133.602194ms)
✔ checker-only correspondence must bind prior run and both exact source identities (31.538385ms)
✔ unverified source and changed terminal ownership remain blocked (17.189565ms)
✔ lease refuses a replaced lock and leaves that owner untouched (21.749407ms)
✔ leftover Chromium ownership and replaced data directory block reuse (22.670173ms)
✔ committed readback is readonly, awaits completion, and hashes typed arrays/Map/Set contents (118.104078ms)
THREE.InterleavedBufferAttribute.clone(): Cloning an interleaved buffer attribute will de-interleave buffer data.
✔ painter centers retain precision and follow position replacement and updates (4.007624ms)
✔ construction caps replace face modes and hidden picking faces emit no material (1.75292ms)
✔ cell render order matches native mixed passes and retained arrival order (74.818134ms)
✔ cell traversal preserves live ordering when a stale chain entry is encountered (0.577857ms)
✔ mixed polygon buckets, reverse insertion ties and raster depths match native captures (4.887168ms)
✔ completed models reject native rear faces and shared side/bottom outcodes (4.121764ms)
THREE.InterleavedBufferAttribute.clone(): Cloning an interleaved buffer attribute will de-interleave buffer data.
✔ shared painter vertices follow attribute edits, splits and replacement (3.434363ms)
✔ native grid mapping matches exact XYZ mapping and rejects split heights or irregular coordinates (0.520562ms)
Unrecorded ledger change: run parity:record with a note
✔ parity credits verified scope only and rejects misleading or untraceable assessments (43.503912ms)
✔ report-only rendering refuses unrecorded parity progress (177.831546ms)
✔ verified requirements advance a fixed checkpoint share without hiding unknown scope (17.280359ms)
✔ assessments expose small gains and regressions without crediting scope revisions (45.10716ms)
✔ browser supervisor verifies cleanup after a missing checker dependency (370.073534ms)
✔ browser supervisor does not start the checker while the server port refuses connections (1148.733444ms)
✔ browser supervisor verifies cleanup after a checker exception (406.330698ms)
✔ browser supervisor classifies server spawn failure and verifies empty cleanup (21.773483ms)
✔ browser supervisor stops the checker when the ready server exits (706.236701ms)
✔ browser supervisor SIGTERM includes a detached checker descendant (1162.749825ms)
✔ concurrent submitters and controllers preserve FIFO without overlap (1830.869738ms)
✔ failed and timed-out jobs release before automatic next job (1777.340265ms)
✔ cancel running and queued jobs without running queued command (1193.298271ms)
✔ missing cleanup blocks handoff, recovery requires a fresh matching receipt (1293.692997ms)
✔ live detached child prevents next test and is never killed by the queue (1243.731239ms)
✔ controller crash retains lock; recovery refuses live owner or job (1824.195686ms)
✔ foreign or missing execution scope cannot prove a controller stopped or authorize recovery (965.017308ms)
✔ legacy active jobs remain unknown even with no controller lock (730.856847ms)
✔ paused submissions start no transient controller before recovery (837.855435ms)
✔ source drift and busy ports block commands without touching existing server (761.930328ms)
✔ all linked worktrees resolve the same queue; invalid specs never launch (431.835934ms)
✔ submission preserves PATH under an ESM temp parent and returns one compact result (1594.884674ms)
✔ concurrent identical retries share one unfinished job; completed work can run again (1570.374881ms)
✔ run exposes a recovery ID before caller interruption; retry keeps the running job (1045.667747ms)
✔ person panels preserve native command traversal, health and original draw submissions (5.579377ms)
✔ person-panel lifetime matches native refresh and remains independent of render rate (1.597771ms)
✔ order focus matches native targets and follows the displayed queue record (0.57266ms)
✔ destination marker preserves native attachment, frames and lifetime at every render rate (478.520313ms)
✔ panic and personal fire trails retain original timer, sound, anchor and allocation decisions (10.048447ms)
✔ burning huts eject running followers with distinct panic and trail lifetimes in all orientations (1003.771179ms)
✔ panic motion, animation and fire trails are independent of presentation frame rate (391.897148ms)
✔ native building flames traverse matching cells in order, including repeated sockets and failed allocations (37.944831ms)
✔ live flame-cell adapter preserves protected followers, immunity, tribe and hidden occupants (26.819116ms)
✔ real Lightning ignition reaches nearby surviving followers before occupant evacuation (41.53069ms)
✔ ordinary clicks replace only new selections; Ctrl toggles and blocked clicks preserve the group (2.775798ms)
✔ selection never creates a simulation owner or interrupts existing group orders (178.511381ms)
✔ all native single/group selection voices and pointer acknowledgements are ready before audio activation (11.165074ms)
✔ worship placement preserves native two-pass search, occupancy, route order and failure flags (21.750516ms)
✔ worship command preserves native approach, prayer, retry and presentation RNG decisions (9.651588ms)
✔ ordinary stone-head visits expire the standing-slot cursor at the native byte timer (3.005899ms)
✔ construction-plan entrances, approach and timed attack sequences match native execution (18.827783ms)
✔ player append matches native shared references, cursor wrap, full queues, eligibility and pool exhaustion (24.457514ms)
✔ ground, building and forced-final worship modifiers and eighth-order deselection match complete native player packets (0.804881ms)
✔ replacement preserves prior orders when the shared pool is full (0.698163ms)
✔ sprite pointer brackets match native palette, two/four-layer geometry and unsigned animation wrap (5.72367ms)
✔ automatic32 matches the accepted retained-person native ownership delta (70.26416ms)
✔ secondary scan includes an adjacent diagonal cell outside movement3 primary range (33.420817ms)
✔ automatic32 rejects no enemy without an adoption or persistent write (50.277924ms)
✔ automatic32 rejects outside secondary square without an adoption or persistent write (32.309693ms)
✔ automatic32 rejects enemy already listening without an adoption or persistent write (44.172136ms)
✔ automatic32 rejects enemy workFlags occupied without an adoption or persistent write (28.42966ms)
✔ automatic32 rejects enemy workFlags absent without an adoption or persistent write (36.167751ms)
✔ automatic32 rejects enemy ownership absent without an adoption or persistent write (42.016839ms)
✔ automatic32 rejects enemy detached with stale membership bit without an adoption or persistent write (42.710929ms)
✔ automatic32 rejects enemy owned state absent without an adoption or persistent write (28.369611ms)
✔ automatic32 rejects enemy owned flags4 absent without an adoption or persistent write (28.48333ms)
✔ automatic32 rejects enemy owned vehicle absent without an adoption or persistent write (37.943756ms)
✔ automatic32 rejects enemy owned disguise absent without an adoption or persistent write (30.196111ms)
✔ automatic32 rejects same tribe without an adoption or persistent write (29.276145ms)
✔ automatic32 rejects reverse alliance without an adoption or persistent write (28.507776ms)
✔ automatic32 rejects allocation exhaustion without an adoption or persistent write (42.21994ms)
✔ automatic32 rejects unknown source speed without an adoption or persistent write (25.849793ms)
✔ source-only alliance does not replace the native reverse direction (24.848646ms)
✔ stationary active17 blocks a replacement sermon (26.740543ms)
✔ stationary active31 blocks a replacement sermon (25.066771ms)
✔ stationary active32 blocks a replacement sermon (25.351253ms)
✔ a moving sermon remains eligible for automatic32 (23.097964ms)
✔ cancelled immediate order does not fall back to queued stationary sermon (25.456414ms)
✔ native primary veto protects a generic miss: water (25.660491ms)
✔ native primary veto protects a generic miss: state23 (29.159924ms)
✔ native primary veto protects a generic miss: unknownWorkFlags (36.840679ms)
✔ native primary-chain coherence veto protects a generic miss: missing live owner (40.042779ms)
✔ native primary-chain coherence veto protects a generic miss: dead live projection with positive native life (38.19573ms)
✔ native primary-chain coherence veto protects a generic miss: projected inside flag differs (25.883322ms)
✔ native primary-chain coherence veto protects a generic miss: projected invisibility differs (23.35435ms)
✔ primary21 still shares with the eligible same-tribe peer (23.98813ms)
✔ fresh initiator is adopted and registered once (47.68255ms)
✔ fresh initiator preserves ownership on exhaustion (27.881857ms)
✔ model32 reuses point preparation without altering default model3 or unchanged flags (0.35734ms)
✔ native conversion delay uses the recovered 200/3 timing basis (1.994179ms)
✔ a full order pool does not stop a moving Preacher without attaching its sermon (143.565984ms)
✔ inside command 31 binds its building and uses the native five-cell sermon radius (109.200867ms)
✔ conversion moves a newborn outside a building footprint before centering it (51.825021ms)
✔ sermon poses preserve native multi-turn RNG timing (54.373993ms)
✔ an idle preacher sermons, converts by replacement, and releases listeners on a new order (285.988219ms)
✔ preacher conversion is independent of display refresh rate (424.54392ms)
✔ queued command 31 rewrites to friendly building entry or ground movement (55.934118ms)
✔ live sermon selects original source176 with the shared cosmetic RNG and returns on its logical boundary (199.945532ms)
✔ source176 checkpoints preserve active ownership, phase and RNG without a second birth (139.033328ms)
✔ live sermon selects original source184 with the shared cosmetic RNG and returns on its logical boundary (99.122604ms)
✔ source184 checkpoints preserve active ownership, phase and RNG without a second birth (106.572287ms)
✔ live entry and loop setters restore first-frame delay and loop assignment without clearing other bits (59.329505ms)
✔ unsuccessful gesture decisions advance the shared cosmetic stream once without taking simulation randomness (164.485531ms)
✔ a paused logical clock preserves an active gesture and presentation visits do not advance it (61.393517ms)
✔ flight and encounter owners suppress the detached sermon animation; ordinary movement supersedes it (81.717231ms)
✔ live blue sermon for player tribe0 requests cue51 with its actual owner (126.255761ms)
✔ live red sermon for player tribe0 requests cue189 with its actual owner (112.632639ms)
✔ live red sermon for player tribe1 requests cue51 with its actual owner (93.576726ms)
✔ newly acquired listeners do not retroactively request a sermon cue (98.560049ms)
✔ both sermon cue families have actual sample preload coverage (0.678767ms)
✔ the live order dispatcher shares gesture ownership across commands17/31/32 (224.501049ms)
✔ live active preaching reaches emergency Blast priority (112.395712ms)
✔ live active preaching reaches emergency Swarm fallback (60.732222ms)
✔ live active preaching reaches emergency Lightning fallback (53.449581ms)
✔ emergency preaching response excludes no active assignment (40.715759ms)
✔ emergency preaching response excludes no live person record (36.430898ms)
✔ emergency preaching response excludes same tribe (49.835374ms)
✔ emergency preaching response excludes allied tribe (40.225156ms)
✔ emergency preaching response excludes invisible preacher (29.15983ms)
✔ emergency preaching response excludes caster cooldown (54.753701ms)
✔ emergency preaching response excludes no ready spell entry (232.518095ms)
✔ emergency preaching response excludes paused target scan (25.598176ms)
✔ emergency preaching response excludes no spell payment (26.742624ms)
✔ emergency preaching response excludes stored Lightning below its mana cost (26.187361ms)
✔ the independent enemy-Shaman response still spends stored Lightning without mana (30.207945ms)
✔ terminal command17 entry flag and all three composed phases match the frozen native record (8.829188ms)
✔ phase4 restart selects the native standing family without using route-cleaning stop (0.61377ms)
✔ phase4 pure stop preserves route ownership and cached-path state (0.230051ms)
✔ shared phase4 stop retains queue/building fields without command32 expiry (0.585399ms)
✔ a following command still releases and returns before the new restart stop (0.423178ms)
✔ terminal mode0 turning now preserves the retained native RNG outcome (0.503797ms)
✔ shared sermon timer boundary: mode0 before cutoff (0.575443ms)
✔ shared sermon timer boundary: mode0 at cutoff (0.425861ms)
✔ shared sermon timer boundary: mode1 entry before cutoff (0.356058ms)
✔ shared sermon timer boundary: mode1 entry at cutoff (0.408606ms)
✔ shared sermon timer boundary: mode1 expiry before cutoff (0.408977ms)
✔ shared sermon timer boundary: mode1 expiry at cutoff (0.283521ms)
✔ shared sermon timer boundary: mode2 before cutoff off the decision counter (0.325433ms)
✔ shared sermon timer boundary: mode2 at cutoff off the decision counter (0.282328ms)
✔ shared sermon timer boundary: mode2 above cutoff (0.206206ms)
✔ shared sermon timer boundary: bit2 suppresses mode0 below cutoff (0.495875ms)
✔ shared sermon timer boundary: bit2 suppresses mode1 below cutoff (0.194618ms)
✔ shared sermon timer boundary: bit2 suppresses mode2 below cutoff (0.134399ms)
✔ shared sermon timer boundary: speed interruption remains outside the timer guard (0.170382ms)
✔ shared sermon timer boundary: flag4 interruption remains outside the timer guard (0.201109ms)
✔ shared sermon timer boundary: flag2000 interruption remains outside the timer guard (0.124735ms)
✔ real five-listener preaching caller preserves the original terminal turning cutoff (143.265623ms)
✔ actual phase6 caller matches retained native captured-combat-timeout (84.76266ms)
✔ actual phase6 caller matches retained native captured-moving-not-settled (38.209656ms)
✔ stopped active sermon settles; its current immediate command owns eligibility (141.942481ms)
✔ state flags require zero speed and do not make stationary attack19 settled (105.980469ms)
✔ a later combat member still forces elapsed after an earlier unsettled member (48.705036ms)
✔ the original airborne timeout bit is consumed from the registered owner (64.802058ms)
✔ unknown owned records and the uncomposed state33 release branch stay unsettled (159.241845ms)
✔ unknown consumed order fields cannot admit a settled sermon (547.195377ms)
✔ valid immediate sermons never consume an unknown shadowed queue (70.584647ms)
✔ failed allocation consumes the sole producer opportunity before a later spawn (274.897187ms)
✔ busy rejection consumes allocation identity but preserves the active wave and saved site (58.201825ms)
✔ site height follows native ground-then-quantize arithmetic (207.390666ms)
✔ mode2 uses native eligibility, panic, descriptor damage and RNG without Swarm filters (890.800561ms)
✔ protected transitions retain repeated native cell hits and consume no panic RNG (87.495755ms)
✔ a wave removes an older in-cell Swamp before it can process in the same turn (77.679723ms)
✔ mode2 cleanup keeps an outside Swamp and the next enemy receives panic (45.523041ms)
✔ ordinary death produces a next-turn wave that outlives successful respawn (449.645697ms)
✔ checkpoints preserve mode2 identity, sites, orbits, terrain and RNG without replay (578.088869ms)
✔ mode2 interrupts the real encounter owner while retaining its person and order queue (70.707419ms)
✔ ordinary Boat and Balloon boarding retain seats and deselect passengers under mode2 panic (519.01522ms)
✔ panic transfers a live building-entry queue and resumes it after expiry (157.389206ms)
✔ ordinary groups settle into native rings, compact on departure and retain status through new orders (1305.480895ms)
✔ group resting positions, facing, gestures and footprints agree at 5–240 Hz and irregular frames (1126.64767ms)
✔ exhausted resting search waits and retries its original anchor through state 10 (103.56129ms)
✔ route probes preserve native building, coast and vehicle endpoint correction (25.335427ms)
✔ failed-route initialization and retries match native fields, timing and ordered consumers (10.738591ms)
✔ disconnected groups stop, retain shared attack/waypoint orders, retry and resume after land connects (428.638351ms)
✔ route-failure notice keeps the original text and retriggers without tutorial history (87.039713ms)
✔ new orders and death release blocked commands; shaman failures use their own original voice (420.41876ms)
✔ blocked groups retry on simulation counters, with identical recovery and combat at 5–240 Hz (1811.858525ms)
✔ blocked building-entry owners resume the same person and finish ordinary admission (122.06955ms)
✔ real command8 full occupancy emits an original-frame child without scene-owned RNG (1313.559662ms)
✔ equal elapsed turns preserve secondary state across frame schedules with no bolt draws (462.341334ms)
✔ legacy missing-history roots bootstrap on first render without inventing past visits (177.087598ms)
✔ full roots copy the allocation byte and defer newly prepended children (2.705204ms)
✔ all byte phases and low-five-bit outcomes use the proved root gate (115.56527ms)
✔ actual UI reservations participate in inclusive gates after the root RNG draw (0.568823ms)
✔ marker expiry and child allocation share the same newest-first traversal (0.352022ms)
✔ children keep their own sixteen visits after the root is removed (0.582725ms)
✔ native free-list reuse and checkpoint reconstruction preserve physical slot ownership (0.566821ms)
✔ panel and preview reservations are derived from live adapter owners (1.520135ms)
✔ legacy marker overflow cannot leave ownerless immortal effects after restore (1.465464ms)
✔ browser capture retains the same live puff across ordinary Pause latency (3.518796ms)
✔ selection terrain mesh matches the executable with documented seven-point fan repairs (1670.943424ms)
✔ selection fill/edges/corners retain native visibility, depth, UV and shared-corner ownership (42.84018ms)
✔ Shaman import preserves every prior frame, piece and animation entry (92.110272ms)
✔ actual tribe selects every native Shaman source and eight original directions (3.411011ms)
✔ Shaman idle artwork uses all four distinct original body pieces (0.579831ms)
✔ reincarnation distinguishes tribe bodies from shared spirit sources and layer owners (0.405161ms)
✔ shipped live and effect renderers consume the Shaman selector without changing generic mechanics (0.872084ms)
✔ all 3276 previous occupied sprite rectangles retain their reviewed RGBA (201.441582ms)
✔ real Mission 23 Shaman identity and death heading survive checkpoint reconstruction (1494.691074ms)
✔ first and second actual presentation visits display 0 then 1, not 1 then 2 (1605.658673ms)
✔ normal processed phases reset, loop independently of simulation, then freeze and hide (486.414594ms)
✔ new checkpoints retain shown/next frames; legacy checkpoints start at a bounded deterministic frame (102.35257ms)
✔ pause and native land-pause freeze the latch as well as the counter (15.040068ms)
✔ render schedules and effect-only animation cannot change gameplay, either RNG or respawn (4964.554878ms)
✔ ordinary combat death finishes existing wait and respawn without a duplicate effect (363.581313ms)
✔ ordinary Shaman phase1 follows both rising and lowering death-site ground (1013.709034ms)
✔ the last processed phase1 sample survives checkpoint, transition and rise (275.493129ms)
✔ phase0 retains the death height until the first processed phase1 visit (18.432057ms)
✔ a direct drowning-entry fixture rises from its initial height without phase1 resampling (10.939701ms)
✔ model-12 rise freezes the last original spirit frame for all tribes and bearings (1.484263ms)
✔ death-site visibility follows the existing land and drowning lifecycles without changing them (72.299354ms)
✔ earlier body/transition poses retain their existing renderer behavior (0.47838ms)
✔ the live caller applies the bounded presentation only to model-12 reincarnation effects (0.88322ms)
✔ G queues one shared native guard and repeat replaces it without early preparation (352.674168ms)
✔ G empty selection cancels adopted guards through the next native visit (210.25155ms)
✔ G Shaman-only selection cancels adopted guards through the next native visit (157.809121ms)
✔ native G retains the ordinary move owner and route until its deferred turn (129.879697ms)
✔ same-turn move replacement discards G before the legacy resting initializer (145.195924ms)
✔ same-turn attack replacement discards G before the legacy resting initializer (238.869551ms)
✔ same-turn worship replacement discards G before the legacy resting initializer (250.390922ms)
✔ same-turn entry replacement discards G before the legacy resting initializer (125.708177ms)
✔ pending G replacement survives pause and checkpoint (124.434236ms)
✔ pending G cancellation survives pause and checkpoint (122.648857ms)
✔ G exhaustion still clears and attaches slot zero then retries after cleanup frees a slot (118.567561ms)
✔ target entering a vehicle with inside still null completes the saved guard order (166.140033ms)
✔ ordinary Shaman Tower entry retains Guard and resolves its building outside point (131.662642ms)
✔ actual deferred G setters match native phase vector G-retain-deselect-1-3 (136.134724ms)
✔ actual deferred G setters match native phase vector G-retain-deselect-7-5 (118.571366ms)
✔ actual deferred G setters match native phase vector G-retain-deselect-0-2 (97.41649ms)
✔ protected preparation and passenger early-return retain pending ownership until actual adoption (108.660635ms)
✔ protected cancelled state10 retains ownership until its empty-queue transition really occurs (104.771959ms)
✔ death anchors to the saved Shaman in another cell before cleanup (109.993268ms)
✔ class0 anchors to the saved Shaman in another cell before cleanup (105.745495ms)
✔ vehicle anchors to the saved Shaman in another cell before cleanup (99.257376ms)
✔ cancel anchors to the saved Shaman in another cell before cleanup (195.155959ms)
✔ saved Shaman identity does not retarget when the current Shaman is replaced (197.054056ms)
✔ legacy boolean checkpoints retain their old targetless history until supported fresh input (154.040384ms)
✔ flight single selection retains the entire legacy G operation (118.47606ms)
✔ flight mixed selection retains the entire legacy G operation (118.121929ms)
✔ fight single selection retains the entire legacy G operation (109.71191ms)
✔ fight mixed selection retains the entire legacy G operation (109.235002ms)
✔ entry single selection retains the entire legacy G operation (103.46504ms)
✔ entry mixed selection retains the entire legacy G operation (103.517078ms)
✔ builder single selection retains the entire legacy G operation (92.383537ms)
✔ builder mixed selection retains the entire legacy G operation (120.076039ms)
✔ passenger single selection retains the entire legacy G operation (118.474453ms)
✔ passenger mixed selection retains the entire legacy G operation (103.854688ms)
✔ work single selection retains the entire legacy G operation (100.318812ms)
✔ work mixed selection retains the entire legacy G operation (90.298333ms)
✔ gather single selection retains the entire legacy G operation (100.883459ms)
✔ gather mixed selection retains the entire legacy G operation (114.351255ms)
✔ delivery single selection retains the entire legacy G operation (97.230529ms)
✔ delivery mixed selection retains the entire legacy G operation (89.502902ms)
✔ casting single selection retains the entire legacy G operation (72.437349ms)
✔ casting mixed selection retains the entire legacy G operation (63.520607ms)
✔ legacy single selection retains the entire legacy G operation (109.565004ms)
✔ legacy mixed selection retains the entire legacy G operation (73.466878ms)
✔ legacy path single selection retains the entire legacy G operation (81.167362ms)
✔ legacy path mixed selection retains the entire legacy G operation (96.676172ms)
✔ different route owner single selection retains the entire legacy G operation (101.149159ms)
✔ different route owner mixed selection retains the entire legacy G operation (329.490914ms)
✔ native Brave guards do not fall into legacy automatic housing while near the Shaman (115.019948ms)
✔ G replacement/cancellation have identical turn ownership at ordinary and irregular refresh schedules (148.087924ms)
✔ native G producer: shared-two-followers-repeat-and-partial-replacement / G allocates one shared command30 (9.888493ms)
✔ native G producer: shared-two-followers-repeat-and-partial-replacement / G repeats while both selected (7.010864ms)
✔ native G producer: shared-two-followers-repeat-and-partial-replacement / G replaces only selected first follower (1.662477ms)
✔ native G producer: shared-order-no-follower-selection-cancellation / G creates (8.56587ms)
✔ native G producer: shared-order-no-follower-selection-cancellation / Shaman-only G cancels both adopted guards (3.905445ms)
✔ native G producer: queued-not-adopted-no-selection / G queues (4.202016ms)
✔ native G producer: queued-not-adopted-no-selection / G without non-Shaman selection before adoption (3.574544ms)
✔ native G producer: exhausted-pool-no-old-order / G allocation fails separately for both followers (10.137523ms)
✔ native G producer: exhausted-pool-clear-frees-slot-for-later-person / first failure clears old1, later retry succeeds and third shares (6.962472ms)
✔ native G producer: last-free-slot-wrap-is-shared / G uses last free slot once (22.746934ms)
✔ native G producer: producer-selected-dead-flag / raw selected non-Shaman-pointer still receives command30 (3.242912ms)
✔ native G producer: producer-selected-protected / raw selected non-Shaman-pointer still receives command30 (1.279709ms)
✔ native G producer: producer-selected-airborne / raw selected non-Shaman-pointer still receives command30 (1.322332ms)
✔ native G producer: producer-selected-ghost / raw selected non-Shaman-pointer still receives command30 (1.250285ms)
✔ native G producer: producer-selected-removed-class / raw selected non-Shaman-pointer still receives command30 (1.212329ms)
✔ native G producer: producer-selected-other-model7 / raw selected non-Shaman-pointer still receives command30 (1.204798ms)
✔ native G producer: producer-selected-training-state21 / raw selected non-Shaman-pointer still receives command30 (0.744305ms)
✔ native G producer: vehicle-passenger-selection-retain1 / G selected passengers (0.778135ms)
✔ native G producer: absent-current-shaman-does-not-issue-or-cancel / no Shaman pointer with selected followers (1.413227ms)
✔ native G producer: absent-current-shaman-does-not-issue-or-cancel / restore Shaman and issue (0.937511ms)
✔ native G producer: absent-current-shaman-does-not-issue-or-cancel / no Shaman pointer with existing guards (1.147883ms)
✔ native G producer: stale-shaman-pointer-dead / producer still emits target73 (1.070389ms)
✔ native G producer: stale-shaman-pointer-class0 / producer still emits target73 (0.949649ms)
✔ native G producer: stale-shaman-pointer-vehicle / producer still emits target73 (1.225549ms)
✔ native G producer: saved-target-is-not-rebound-by-tribe-shaman-replacement / G targets original73 (0.665508ms)
✔ native G producer: saved-target-is-not-rebound-by-tribe-shaman-replacement / new explicit G targets replacement74 (0.467915ms)
✔ native Guard distance: near-axis0-delta-824 (0.340846ms)
✔ native Guard distance: near-axis0-delta-823 (0.06091ms)
✔ native Guard distance: near-axis0-delta823 (0.112987ms)
✔ native Guard distance: near-axis0-delta824 (0.11507ms)
✔ native Guard distance: near-axis1-delta-824 (0.06732ms)
✔ native Guard distance: near-axis1-delta-823 (0.075342ms)
✔ native Guard distance: near-axis1-delta823 (0.085797ms)
✔ native Guard distance: near-axis1-delta824 (0.076013ms)
✔ native Guard distance: signed-edge-person32767-target32768 (0.110444ms)
✔ native Guard distance: signed-edge-person32768-target32767 (0.095372ms)
✔ native Guard distance: signed-edge-person0-target32768 (0.069994ms)
✔ native Guard distance: signed-edge-person32768-target0 (0.035673ms)
✔ native Guard distance: signed-edge-person65535-target0 (0.036554ms)
✔ native Guard distance: signed-edge-person0-target65535 (0.030325ms)
✔ native Guard distance: signed-edge-person32768-target33591 (0.026569ms)
✔ native Guard distance: signed-edge-person32768-target33592 (0.025778ms)
✔ native Guard distance: signed-edge-person32768-target31945 (0.071567ms)
✔ native Guard distance: signed-edge-person32768-target31944 (0.136102ms)
✔ native Guard distance: replan-axis0-delta-440 (0.100329ms)
✔ native Guard distance: replan-axis0-delta-439 (0.115632ms)
✔ native Guard distance: replan-axis0-delta439 (0.066088ms)
✔ native Guard distance: replan-axis0-delta440 (0.057505ms)
✔ native Guard distance: replan-axis1-delta-440 (0.032017ms)
✔ native Guard distance: replan-axis1-delta-439 (0.025268ms)
✔ native Guard distance: replan-axis1-delta439 (0.023836ms)
✔ native Guard distance: replan-axis1-delta440 (0.023555ms)
✔ native Guard distance: replan-signed-edge-goal32767-target32768 (0.023285ms)
✔ native Guard distance: replan-signed-edge-goal32768-target32767 (0.021321ms)
✔ Magical Shield protects six nearby followers for the native lifetime (356.039202ms)
✔ old checkpoints default new Shield stock without disturbing their world (80.572831ms)
✔ normal early mission data selects each original backdrop and both cloud layers (1.847511ms)
✔ same-bank Mission 10 uses the same p sky set without mission-number overrides (0.178134ms)
✔ previous bank d and g sky modes and unhandled banks remain unchanged (0.238624ms)
✔ early mission sky PNGs preserve exact original bytes (5.678406ms)
✔ camera horizons preserve original sky dispatch coordinates and fade (7.887754ms)
✔ continuous sky retains native wind rates and is invariant to segment subdivision (9.418716ms)
✔ spell button artwork, positions and charging fills match native draws (6.256934ms)
✔ all six original Shield/Bloodlust descriptor frames have real atlas rectangles (1.790998ms)
✔ ready, inactive, hover and selected states use the original descriptors, not Unicode or guessed frames (0.481084ms)
✔ authored Mission16 already exposes both sprites without forced availability or stock (97.657589ms)
✔ the original undiscovered spell question mark follows the accepted six-frame append (0.213587ms)
✔ all shipped spell descriptor icons remain available after the append (0.216852ms)
✔ HudSprite no longer substitutes a text glyph and still rejects unknown resources (0.413744ms)
✔ fresh and later missions use the native owned/reward-source/cast-permission precedence (201.477701ms)
✔ restart and checkpoint restore reproduce fresh Mission 1 HUD visibility (453.170775ms)
✔ owned stock wins over the mission-load discovery mask (36.161287ms)
✔ undiscovered art is the native HFX1056 branch and visible-disabled keeps normal art (0.565649ms)
✔ unit atlas retains reviewed tribe/state/direction layers when new models append (446.173883ms)
✔ brave carry animations retain the baked timber body layer (1.641896ms)
✔ base149 retains 51 original faces and existing atlas coverage without key model slots (4.003521ms)
✔ authored default149 roots and linked Mission10 Totem select the base mesh (407.95111ms)
✔ spell45, Obelisk8, Angel157 and Vault154 remain outside static149 (77.511575ms)
✔ source qualification rejects ambiguous identity, reward flags, missing links and scenery (30.206051ms)
✔ old null/absent presentation and new checkpoints derive149 without mutating saved state (73.381366ms)
✔ static presentation never replaces a different model or an active morph family (28.832222ms)
✔ only reward-derived model45 sources are initialized; unrelated head families and Vault remain separate (164.642619ms)
✔ enabled idle cycles18native animation visits without followers; hold/refill retain the original counter rules (0.442777ms)
✔ raw keypoints use base45indices/scale rather than endpoint face layout; all18cached outputs are distinct (6.742725ms)
✔ presentation pauses with world and native land pause without touching simulation or RNG (45.235453ms)
✔ normal authored worship earns Bridge stock while presentation leaves the entire gameplay state unchanged (218.24057ms)
✔ exhausted trigger does not remove its independent enabled decorative model45 animation (93.261666ms)
✔ mid-animation new checkpoint keeps phase and old optional-field checkpoint restores safely without rewards (58.969792ms)
✔ multiple heads keep separate state while30/60/120/144Hz and irregular schedules share one animation timeline (712.118914ms)
✔ shipped scene updates ordinary head positions byphase and leaves Vault on the existing path (2.652256ms)
✔ disable and refill within one presentation interval reset once without advancing the clock (0.395707ms)
✔ authored45 constructors retain the original logical animation gate (116.44081ms)
✔ ordinary body frames wait for logical turns without changing the24Hz presentation clock (72.948689ms)
✔ each catch-up controller and observer sees the prior body frame before one logical advance (43.162257ms)
✔ mode4 transition remains exclusively presentation-owned despite the gate bit (32.397613ms)
✔ lazy, post-turn allocated and removed bodies obey the completed-turn boundary (99.79516ms)
✔ legacy body checkpoints gain only the gate and a new Scene clock does not replay a turn (38.971462ms)
✔ disable and refill notifications retain raw phase then reset before their owned visit (45.609678ms)
✔ trigger exhaustion, pause, land pause and turn wrap preserve the separate decorative owner (41.082761ms)
✔ heading comes from the decorative scenery word, never trigger settings or model selection (1.428489ms)
✔ all16bits reach the angle-table mask and a missing producer is not treated as north (0.216051ms)
✔ linking uses the native512-unit cell, first scenery match and toroidal coordinate identity (0.240847ms)
✔ existing negative-Y scene rotation agrees with native heading basis; no camera or global offset is required (1.040905ms)
✔ Vault and unknown scenery keep their original angle; orientation lookup does not mutate saved gameplay (111.859036ms)
✔ both ordinary scene orientation consumers use the same helper; no other angle consumer changes (0.514583ms)
✔ real authored zero and high-byte headings survive the producer while saved trigger fields stay unchanged (178.556255ms)
✔ Swamp scans its native 3x3 footprint and honors victim and terrain gates (1.865858ms)
✔ Swamp uses one RNG draw, scans every fourth visit, and expires at ten kills (0.335027ms)
✔ the thirtieth same-tribe Swamp discards the oldest remaining controller (0.18855ms)
✔ live Swamp casting kills through the ordinary corpse path independently of refresh rate (494.319103ms)
✔ Swarm uses the supplied standalone original insect texture (1.865127ms)
✔ Swarm creation and first controller visit preserve original gameplay RNG and child fields (2.406741ms)
✔ Swarm first live visit allocates children before wandering begins on the second visit (115.899837ms)
✔ Swarm final fifteen controller visits progressively remove children before expiry (0.698887ms)
✔ Swarm reveals disguised Spies on panic and panic-protected non-removal paths (89.351343ms)
✔ confirmed invented generic and Angel success strings are not emitted (255.240678ms)
✔ Swarm follows player and computer cast paths with native insects, victim cadence, and lifetime (242.482536ms)
✔ Mission 2 naturally funds the Matak Shaman and casts Swarm through player orders (3548.946978ms)
✔ terrain ambience matches complete native ground queues, including empty views and depth ties (13.583436ms)
✔ tree ambience camera offset and wrapped radius match complete native cell visits (3.954838ms)
✔ local lights match complete native allocation, movement and cleanup captures (155.168209ms)
✔ Blast owns immediate terrain light until its ninth turn, preserving occupancy and pause (185.729984ms)
✔ native height notifications retain object order, duplicate visits and touching building flags (8.250803ms)
✔ terrain edits notify nearby plans, revalidate original slope rules and release an invalid plan (124.338018ms)
✔ a large terrain edit indexes live people once while retaining dirty notifications (142.277791ms)
✔ terrain dirtiness resets live steering without replacing its route (66.098236ms)
✔ terrain texture endpoints match original Direct3D triangle submissions (7.756539ms)
✔ model atlas UVs match native texel centers and retain fractional/outside coordinates (3.189723ms)
✔ terrain submission covers the native cell gate across headings and seams (390.86753ms)
✔ terrain copies omit only tiles with no native-visible cell, including seams and expanded bounds (463.508453ms)
✔ timber search matches native cell order, fog, protected stock and two-pass queries (43.603489ms)
✔ shared timber caches match native allocation, expansion, routing, ownership and expiry (131.00109ms)
✔ an exhausted indexed-search pool postpones expansion without corrupting the cache (1.465214ms)
✔ terrain changes recheck nearby timber routes and live Land Bridge reaches the cache (935.777596ms)
✔ live timber cost probes report routes and foreign territory without taking route ownership (91.221004ms)
✔ harvest clocks, transfer, scale and animation match original executable captures (6.340638ms)
✔ delivery waits, timber and construction stages match complete native calls (1.763928ms)
✔ Tornado replays native initialization, lifetime, carry and throw (3.346696ms)
✔ Tornado uses the native building protection and one-draw damage gate (0.785375ms)
✔ live Tornado casts, captures and throws independently of refresh rate (445.988448ms)
✔ tower admission uses rotated tribe sockets, ground membership and original one-shot occupant pose (3680.535089ms)
✔ a tower admits one follower and movement orders preserve elevation until physics resumes (113.096868ms)
✔ tower entry and held animation are deterministic at 5–240 Hz (544.943748ms)
✔ destroying an occupied tower releases its native record and display height (85.612779ms)
✔ a tower Firewarrior autonomously attacks an eligible hostile on the tower cadence (114.706438ms)
✔ tower preachers hand occupancy to command 31 and cleanly leave or die (453.050218ms)
✔ tower panel matches every original one-slot draw trace (19.46296ms)
✔ tower panel selection preserves occupancy; ordinary orders leave without teleporting (504.181985ms)
✔ tower dismantling releases its occupant and only braves perform the work (504.635924ms)
✔ training exit orders match original coastal correction and building precedence (12.600617ms)
✔ training admits five visible residents and places overflow on native rotated queue sockets (855.670302ms)
✔ queue cancellation retains successors and occupant departure reuses the first empty slot (124.786695ms)
✔ checkpoint reload preserves a full training hut and its waiting queue without loss (207.171509ms)
✔ funded training replaces a complete batch, releases references and walks warriors out (223.801383ms)
✔ a funded Temple trains a native model-4 preacher and sends it outside (144.196343ms)
✔ a funded Spy Training Hut trains an original model-5 Spy and sends it outside (224.53689ms)
✔ queue movement, admission, conversion and shared references are independent of render rate (1120.371596ms)
✔ already-trained warriors accept training orders and yield queue priority to new braves (146.078596ms)
✔ training append preserves all70 pre-existing original models, including vehicles (16.684816ms)
✔ all original training types and owners resolve to actual meshes, not Blue substitutes (1.700924ms)
✔ the five recovered training variants retain original geometry, color tiles and all stages (4.574848ms)
✔ authored Mission16/17/22 training assets and identities survive checkpoint reconstruction (306.109855ms)
✔ the live building factory opts into original training selection without tint or gameplay changes (0.950901ms)
✔ camp human group command retains visible admission interpolation (979.529956ms)
✔ camp shared command-8 retains visible admission interpolation (445.6705ms)
✔ temple human group command retains visible admission interpolation (289.314725ms)
✔ temple shared command-8 retains visible admission interpolation (276.797462ms)
✔ spyHut human group command retains visible admission interpolation (240.727013ms)
✔ spyHut shared command-8 retains visible admission interpolation (551.831467ms)
✔ firewarriorHut human group command retains visible admission interpolation (357.718645ms)
✔ firewarriorHut shared command-8 retains visible admission interpolation (406.435003ms)
✔ hidden admission, exit, replacement and explicit placement remain discrete (68.683746ms)
✔ native training panels preserve slots, selection, palette, frames and turn-driven feedback (16.204774ms)
✔ wide charge arithmetic never runs backwards or exceeds its frame at maximum training mana (28.123528ms)
✔ shipped disguise completes aboard Boat, holds and accepts another command (121.092662ms)
✔ Balloon passenger idle entry holds without advancing or consuming orders (47.923107ms)
✔ shipped Balloon disguise configures its command position and completes aboard (56.309379ms)
✔ Balloon raw-coordinate startup wraps payload words and retains unported encodings (37.572548ms)
✔ pending Balloon disguise checkpoint retains command position and resumes once (49.013193ms)
✔ occupied state30 checkpoint resumes countdown without reinitializing motion or RNG (58.456175ms)
✔ ordinary disembark clears vehicle and state30 returns to orders for one visit (34.672506ms)
✔ replacement disguise interrupts pending and partially completed aboard commands (55.567789ms)
✔ fractional reference uses exact rectangle coverage at edges and corners (1.820011ms)
✔ adjacent glyph elements composite their shared fractional edge sequentially (0.224263ms)
✔ disabled opacity combines with coverage while transparent source pixels preserve background (0.222069ms)
✔ source crop and nearest sampling retain native pixels without atlas bleed (0.241829ms)
✔ pinned fixed8 coverage and integer interpolation explain the opaque edge without fitting (4.334651ms)
✔ single-pixel fixed8 rectangles and straight-alpha output retain their separate contracts (0.160598ms)
✔ tree growth and complete replant searches match native captures (12.533937ms)
✔ depleted timber replants after its full delay and grows on its own phase (3036.305565ms)
✔ burning depletion also queues one replant without reviving the old tree (155.845178ms)
✔ Tutorial advances through Shaman selection into the authored Obelisk flyby (1547.263839ms)
✔ Tutorial restart recreates fresh script and view state (249.157031ms)
✔ overhead health gauges match native visibility, scaled-pose anchors and 24-pixel fills (2.077632ms)
✔ continuous positions follow captured native body/shadow interpolation (1.681855ms)
✔ every elapsed-time schedule reaches the same displayed position without changing simulation (924.60364ms)
✔ pause, endpoints, placement, entry, conversion and new people never replay stale movement (22.744104ms)
✔ Vault knowledge uses the original class-6/model-2 reward frames and socket (0.988907ms)
✔ Vault knowledge is present only while its authored reward source is active (0.243101ms)
✔ Mission 7 Vault knowledge uses occupied model-18 socket 1 placement (1.094534ms)
✔ Mission 3 Temple descriptor selects the native HFX identity (89.078071ms)
✔ Mission 3 marker glow owns a saved fourteen-frame cursor on the existing animation boundary (77.72685ms)
✔ ordinary Mission 3 Vault collection preserves payout while changing only world presentation (1636.341385ms)
✔ unrelated Vault and ordinary spell families retain their existing presentation owners (136.477596ms)
✔ a glow born on an animation boundary first displays frame zero before its next cursor (1217.836179ms)
✔ original class4 mesh selection distinguishes geometry from tooltip IDs (2.465358ms)
✔ vehicle-only import preserves all68 existing model records (19.853987ms)
✔ authored campaign vehicles retain mesh identity across checkpoint reconstruction (246.473311ms)
✔ normal boarding, exit and destruction retain original mesh rather than changing gameplay state (73.27174ms)
✔ the normal Balloon Hut producer creates the original144 appearance (535.672278ms)
✔ the shipped vehicle factory consumes original models, with no custom hull/envelope (1.174543ms)
✔ original vehicle owner textures use adjacent source tiles and retain local UVs (4.899419ms)
✔ Boat travel and exit keep registered passenger object-cell membership current (168.868913ms)
✔ Balloon travel and exit keep registered passenger object-cell membership current (157.100694ms)
✔ same-cell passenger sync preserves one linked membership and never allocates an unregistered person (50.635977ms)
✔ checkpoint clone retains passenger cell identity and wrapped exit reindexes without duplicates (104.302885ms)
✔ live vehicle damage keeps the native owner, special, signed and reset rules (85.692157ms)
✔ Blast reaches live vehicles and native destruction ejects passengers alive (62.078684ms)
✔ vehicle life and destruction survive checkpoint migration and reload (134.695081ms)
✔ success-bearing exit preserves existing public point API and real failure (88.335509ms)
✔ live panel selection only changes native selection flags and preserves unrelated selections/orders/RNG (48.454901ms)
✔ Boat and Balloon unload launch without teleporting, clear orders, and survive occupied/airborne checkpoints (121.585862ms)
✔ unload click rechecks speed, occupancy and terrain after rendered enabled state (40.569832ms)
✔ authored Mission22 Boat and Balloon unload retain launch until a living landing (473.666939ms)
✔ vehicle panel uses native kind9 geometry, disabled raw art and selection overlays (2.946562ms)
✔ raw disabled vehicle sprite alpha is85 while tail remains170 and normal art opaque (0.509917ms)
✔ vehicle selection keeps work on single, expands deselection, and Shift selects blocked mates (0.327235ms)
✔ passenger right-click has inspection semantics, while unload right-click is inert (0.236011ms)
✔ unload readiness refresh clears cached success at speed12 or failed terrain (0.250722ms)
✔ stale unload failure repeatedly clears only current driver orders, without teleporting anyone (0.342308ms)
✔ hover adds a native fill, never a false selected marker; pressed overlays palette130 (0.299955ms)
✔ horizontal viewport expansion preserves native depth and safe projection arithmetic (693.557323ms)
✔ intermediate display footprint fills the observed bird-view cut without changing native camera state (6.14649ms)
✔ added display cells cover safe front-branch projected samples across zoom, rotation and torus fractions (75.046103ms)
✔ display bounds texture and CPU visibility share the same derived rows without feeding camera state (3.672299ms)
✔ visible cells match original traversal at boundaries and wrapped camera centers (915.852026ms)
✔ Volcano replays its native terrain, emission and disruption lifecycle (4.691331ms)
✔ player and computer Volcano casts share the live controller and old saves migrate (250.569131ms)
✔ review bundle is independently readable from a non-overlapping local fixture (228.427848ms)
✔ review bundle rejects quoted secret fields and environment-secret files atomically (194.284757ms)
✔ decoded command-receipt stdout and stderr reject escaped secret JSON without exposing values (128.237261ms)
✔ double JSON-string wrappers in stdout and stderr reject secrets without echoing values (182.99539ms)
✔ benign nested JSON strings pass within depth and decoded-byte bounds (116.757823ms)
✔ decoded JSON recursion fails closed beyond depth or total decoded-byte bounds (217.035319ms)
✔ decoded JSON byte boundary accepts exactly the configured budget (134.05279ms)
✔ tracked deletion has an explicit expected deletion identity and rejects tamper or omission (702.487981ms)
✔ real-path canonicalization rejects source aliases and bundle outputs through source symlinks (192.312259ms)
✔ bundle verification is bound to caller-supplied identities and rejects traversal (95.806151ms)
✔ raw command receipts retain source head and complete stdout/stderr (228.854336ms)
✔ command receipts bind dirty source and explicit ignored inputs and invalidate drift (163.37896ms)
✔ receipt CLI preserves repeated input flags and rejects zero-exit input drift (766.046668ms)
✔ a killed foreground wrapper retains unknown state and raw output, never a pass (834.178253ms)
✔ retired status and binding commands are not exposed or coupled to verification (1.878858ms)
✔ live aggregate coverage includes every maintained workflow integrity suite (288.764914ms)
✔ native models 13 and 15 route only completed vehicle workshops into kind 6 (1.355822ms)
✔ Boat House kind-6 panel uses native 136x82 rows and hit targets (0.554633ms)
✔ Boat House work cells fill only at each complete native 100-work boundary (0.475676ms)
✔ Boat House reuses original dismantle and cancel control phases (0.198675ms)
✔ Balloon Hut kind-6 geometry derives 208x82 from native capacity and ten work cells (0.620932ms)
✔ Balloon Hut work cells fill only at each complete native 100-work boundary (0.258564ms)
✔ Balloon Hut reuses the original dismantle and cancel control phases (0.152486ms)
✔ followers cross the former crop and both world seams, then settle at every frame rate (6096.341997ms)
✔ direct attacks take the short route and engage across both world seams (638.206508ms)
✔ live heights and sprite grounding read native terrain outside the compatibility grid (98.018042ms)
✔ mixed picking follows captured native painter ownership and pixel edges (15.030682ms)
✔ live pointer eligibility uses the active record and recorded cell building (720.770708ms)
✔ ScenePicking re-resolves injected overlapping terrain candidates against the current painter command (374.880802ms)
✔ native selector body hierarchy retains all 25 worlds and first-three moons (2.495603ms)
✔ opening campaign availability reflects completion without hiding replay access (0.630705ms)
✔ native controller, particles, palette and ordered draw arguments: companion-seed1 (22.331934ms)
✔ native controller, particles, palette and ordered draw arguments: companion-seed12345678 (11.685117ms)
✔ native controller, particles, palette and ordered draw arguments: companion-initial-pause (8.665056ms)
✔ native controller, particles, palette and ordered draw arguments: companion-mid-pause (9.262503ms)
✔ native controller, particles, palette and ordered draw arguments: spell-3-visible (12.431714ms)
✔ native controller, particles, palette and ordered draw arguments: spell-3-offscreen (9.295321ms)
✔ native controller, particles, palette and ordered draw arguments: spell-4-visible (8.031395ms)
✔ native controller, particles, palette and ordered draw arguments: spell-4-offscreen (8.156491ms)
✔ native controller, particles, palette and ordered draw arguments: spell-12-visible (8.686177ms)
✔ native controller, particles, palette and ordered draw arguments: spell-12-offscreen (6.790675ms)
✔ native spell kinematics and pending transitions: model-3-visible (2.470275ms)
✔ native spell kinematics and pending transitions: model-4-visible (2.008459ms)
✔ native spell kinematics and pending transitions: model-12-visible (1.870675ms)
✔ native spell kinematics and pending transitions: offscreen-bit (2.066416ms)
✔ native singleton replacement and independent pulse: bridge-replaced-at-10 (10.702559ms)
✔ native singleton replacement and independent pulse: bridge-replaced-at-26 (9.697788ms)
✔ native singleton replacement and independent pulse: bridge-replaced-at-30 (9.788363ms)
✔ handoff geometry is an owned snapshot; rendering is read-only and draws the last pulse once (4.312057ms)
✔ structured-clone restores all particles, trails, pending phases, draws and independent pulse (559.299596ms)
✔ spell motion, arrival and retirement do not depend on intervening shared cosmetic consumers (4.617611ms)
✔ native before/after limiter selection owns activation, active and tail deadlines (1.076086ms)
✔ ordinary phase handoff, arrival and next-object payout keep elapsed deadlines across refresh schedules (711.611035ms)
✔ simultaneous authored M1 handoffs use native clone priority without reversing payouts (29.666876ms)
✔ missing geometry consumes one request while world countdown continues without replay (100.78799ms)
✔ arrival suppression and capped stock preserve ordinary payout ownership (163.324391ms)
✔ visible acquisition pause preserves original order without broadening land-bit pause (214.400972ms)
✔ checkpoint continuation retains controller, queue, clock and cosmetic state without initialization replay (167.793572ms)
✔ layout transforms move only draw output and retain raised-body/fallback anchors (0.817893ms)
✔ authored ordinary sources exclude the spell-valued Vault and other missions (2.17081ms)
✔ ordinary shrine completion persists provenance, recipient and creation order (398.086336ms)
✔ generic spell, mana and knowledge gifts do not inherit ordinary eligibility (41.270681ms)
✔ legacy head identity may recover eligibility but an existing gift cannot (43.060057ms)
✔ ordinary Stone Head completion creates the original six-visit acquisition VFX before stock delivery (181.91432ms)
✔ spell-head reward admission preserves native oriented cell ranges and active command eligibility (8.458981ms)
✔ head-group selection shares native occupant flag rules and imported panel heights match the original consumer (1.843386ms)
✔ proved worship modes use their original static models without changing other head families (6.059661ms)
✔ original worship model 8 is the reviewed bank-2 geometry (2.034249ms)
✔ original worship model 157 is the reviewed static Angel-head geometry (0.599479ms)
✔ legacy appearance migration recovers recursive authored modes and preserves existing families (234.062806ms)
✔ linked tutorial mode-3 Obelisk retains its authored mode and model (23.575019ms)
✔ Temple training uses the canonical shape doorway rather than crossing its footprint (80.772038ms)
✔ normal worship approach follows the same canonical stone-head heading as the rendered head (71.798182ms)
✔ legacy Mission22 worship appearance is derived from authored source identity without changing checkpoint state (137.926892ms)
✔ legacy linked mode3 head migrates recursively while root trigger and unrelated state stay byte-for-byte equivalent (33.782045ms)
✔ legacy non-mode3 and Vault heads recover mode without changing their presentation families (33.351656ms)
✔ authored worship lookup uses immutable source fields and agrees for Mission22 and linked tutorial head (60.852381ms)
✔ shipped store load migrates legacy Mission22 before real command-27 Brave admission (135.017135ms)
✔ automatic worship-panel activity is written only by a supported completed mode-0 sample (2.027389ms)
✔ automatic producer keeps unproven families out of the first shipped slice (0.472851ms)
✔ automatic retention reads the last player-specific sample rather than generic follower state (0.239736ms)
✔ automatic retention releases an inactive completed head even after a positive last sample (0.173527ms)
✔ worship panels preserve native progress, recharge, slots and artwork without clipping the second row (14.143045ms)
ℹ tests 1408
ℹ suites 0
ℹ pass 1405
ℹ fail 3
ℹ cancelled 0
ℹ skipped 0
ℹ todo 0
ℹ duration_ms 271313.230892

✖ failing tests:

test at tests/game.test.mjs:984:1
✖ mission-one Dakini launches its native attack route when Blue enters marker three (779.299386ms)
  TypeError: Cannot read properties of null (reading 'immediateCommand')
      at currentPersonOrder (file:///workspace/scratch/69fd8163d94e/cloud-dev-20261004/preacher-command32-expiry-20261006/app/person-orders.ts:67:21)
      at file:///workspace/scratch/69fd8163d94e/cloud-dev-20261004/preacher-command32-expiry-20261006/tests/game.test.mjs:1018:30
      at Array.every (<anonymous>)
      at TestContext.<anonymous> (file:///workspace/scratch/69fd8163d94e/cloud-dev-20261004/preacher-command32-expiry-20261006/tests/game.test.mjs:1018:20)
      at async Test.run (node:internal/test_runner/test:1389:7)
      at async Test.processPendingSubtests (node:internal/test_runner/test:960:7)

test at tests/game.test.mjs:1023:1
✖ mission-one Dakini launches its later building attack when Blue overwhelms it (335.187486ms)
  TypeError: Cannot read properties of null (reading 'immediateCommand')
      at currentPersonOrder (file:///workspace/scratch/69fd8163d94e/cloud-dev-20261004/preacher-command32-expiry-20261006/app/person-orders.ts:67:21)
      at file:///workspace/scratch/69fd8163d94e/cloud-dev-20261004/preacher-command32-expiry-20261006/tests/game.test.mjs:1049:37
      at Array.every (<anonymous>)
      at file:///workspace/scratch/69fd8163d94e/cloud-dev-20261004/preacher-command32-expiry-20261006/tests/game.test.mjs:1049:27
      at until (file:///workspace/scratch/69fd8163d94e/cloud-dev-20261004/preacher-command32-expiry-20261006/tests/game.test.mjs:221:60)
      at TestContext.<anonymous> (file:///workspace/scratch/69fd8163d94e/cloud-dev-20261004/preacher-command32-expiry-20261006/tests/game.test.mjs:1049:2)
      at async Test.run (node:internal/test_runner/test:1389:7)
      at async Test.processPendingSubtests (node:internal/test_runner/test:960:7)

test at tests/mission2-raid.test.mjs:21:1
✖ Mission 2 naturally earns Matak kills and launches the organized raid (4589.254407ms)
  AssertionError [ERR_ASSERTION]: The expression evaluated to a falsy value:
  
    assert.ok(defender && attacker)
  
      at TestContext.<anonymous> (file:///workspace/scratch/69fd8163d94e/cloud-dev-20261004/preacher-command32-expiry-20261006/tests/mission2-raid.test.mjs:86:10)
      at Test.runInAsyncScope (node:async_hooks:227:14)
      at Test.run (node:internal/test_runner/test:1382:25)
      at Test.start (node:internal/test_runner/test:1242:17)
      at startSubtestAfterBootstrap (node:internal/test_runner/harness:387:17) {
    generatedMessage: true,
    code: 'ERR_ASSERTION',
    actual: undefined,
    expected: true,
    operator: '==',
    diff: 'simple'
  }
