
> populous-first-dawn@0.1.0 check
> npm run typecheck && npm test && npm run parity:check && npm run orchestration:check


> populous-first-dawn@0.1.0 typecheck
> tsc --noEmit


> populous-first-dawn@0.1.0 test
> node --test tests/*.test.mjs

✔ live Mission3 adapters rotate an eligible Convert Wild producer behind training (102.213001ms)
✔ producer table preserves singleton priority, one stable pass, and signed counts (1.135154ms)
✔ producer capacity is checked before callbacks and after pre-table allocation (0.787879ms)
✔ checkpoint migration retains producer history and initializes each legacy AI independently (133.499376ms)
✔ authored early producer opportunities record native table attempts without changing later missions (1083.580548ms)
✔ Missions1/2 never enable type8 or idle type11/15 response follow-ups (273.295737ms)
✔ ordinary Missions1/2 allocate a real pre-table scan at their first producer opportunity (458.959046ms)
✔ normal first scans finish and repeat without a placeholder reservation (612.978763ms)
✔ ordinary Mission2 movement reaches a real response and resumes the scan checkpoint (469.059726ms)
✔ response allocation preserves native duplicate, disabled, cancellation and exhaustion gates (0.782261ms)
✔ early automatic training requires at least the native school capacity (381.448411ms)
✔ training capacity compares the native signed32-bit available total (0.949659ms)
✔ six followers share ground → area attack → ground orders, destroy the hut and regroup (428.778769ms)
✔ losing an acquired building rescans the area, fights a new person and retains the waypoint tail (502.519201ms)
✔ cancelling a reserved fight releases its reservation and the entire staged tail (111.765275ms)
✔ area targeting distinguishes an unbuilt plan from a partially constructed building (355.568295ms)
✔ arrival voices count approaching followers and fire once when they near the ordered area (336.564259ms)
✔ area approach, combat, arrival voices and queued destinations agree at 5–240 Hz and irregular rendering (1011.393664ms)
✔ pausing an unfinished music play preserves enabled sound and later resume (15.346132ms)
✔ late rejection from an older resume cannot cancel the newest playing request (3.186839ms)
✔ a superseded context resume does not submit an extra music play (7.998249ms)
✔ mute cancels pending playback without recreating the background timer (1.302974ms)
✔ dispose cancels pending playback without recreating the background timer (1.020855ms)
✔ the current playback failure still rejects rather than hiding a real media error (8.26182ms)
✔ current context errors propagate, while a disposed request cannot report a stale failure (0.787409ms)
✔ initial enable can finish while paused without turning the sound setting off (1.654275ms)
✔ enable reports cancellation when muted during its pending playback (2.629502ms)
✔ first visit and non-browser rendering keep the existing defaults without writing (1.800612ms)
✔ versioned zero/full volume restores without truthiness fallback or autoplay data (0.287196ms)
✔ malformed, unsupported and unsafe values fall back without overwriting the record (8.748942ms)
✔ only an explicit valid change writes the known preference fields and leaves other storage alone (0.311101ms)
✔ invalid programmatic values never persist or replace the last valid choice (0.276651ms)
✔ denied storage getter, reads and writes are safe session-only fallbacks (0.553221ms)
✔ restoring volumes does not create audio, enable playback, or change audio RNG/reset semantics (0.276159ms)
✔ authored origins survive initialization for all five currently live campaign bridge heads (638.172943ms)
✔ ordinary Mission 2 worship creates the authored crossing and every live terrain turn matches it (1591.42018ms)
✔ legacy migration recovers only missing immutable origins without replaying active terrain (701.381914ms)
✔ component checkpoint preserves authored birth caches when sampled terrain changes before the next visit (580.566549ms)
✔ pre-activation legacy save and mid-bridge checkpoint continue once at the authored origin (1633.111502ms)
✔ automatic Boat search filters native-ineligible vehicles and boarding shares the driver route (96.57785ms)
✔ music sections and ordinary ambient decisions match captured original execution (4.568148ms)
✔ percussion uses audio timestamps at low/high/irregular frame rates and skips stale starts (4.940882ms)
✔ Blast head reaches impact and native first/last wave visits launch enemies/allies (142.70296ms)
✔ Blast and follower presentation share elapsed time at low/high/irregular refresh rates (458.159127ms)
✔ projectile snapshots preserve pause, wrap and explicit placement without touching unrelated effects (42.116921ms)
✔ original Blast indexed visits, alliances, repeated impulses and damage gates (22.833503ms)
✔ live Blast delays allied launch, retains native flight height and restores commands after landing (199.352639ms)
✔ Blast and landing damage share original shields, protection, attacker and life wrapping (0.687711ms)
✔ wild followers land into their original state 8 without losing the unit (104.620183ms)
✔ a burning airborne follower keeps one panic clock and releases its native pose after landing (118.017039ms)
✔ Boat House launch matches native type-1 computer full ejection (388.843139ms)
✔ Boat House launch matches native type-2 human driver removal with retained occupants (138.352269ms)
✔ maintained checkpoint callsite waits for delayed false reads before reloading (10.603919ms)
✔ maintained checkpoint callsite rejects exhausted false reads without reloading (25.424534ms)
✔ maintained checkpoint callsite closes rejected reads without reloading (2.047289ms)
✔ rendered transport checker independently counts whole mixed-class craft (1.705722ms)
✔ rendered transport checker rejects partial, unrelated, duplicate and wrong-class groups (1.364655ms)
✔ transport pixel oracle retains real device scale and outward clip padding (0.595564ms)
✔ transport oracle preserves fractional scales and detects the old footer/hit failure (1.167103ms)
✔ readiness reads rebind after fresh page reload and on repeated calls (11.354244ms)
✔ readiness wait sequentially awaits false samples before accepting literal true (4.739004ms)
✔ a truthy non-boolean readiness field does not pass the wait (3.362411ms)
✔ read errors propagate and repeated unready samples time out without mutation (20.041287ms)
✔ maintained Mission 4 callsite awaits valid profile completion before continuing and reloading (15.411955ms)
✔ maintained Mission 4 callsite exhausts false reads without starting continuation (44.633223ms)
✔ maintained Mission 4 callsite accepts completion on the last read without a final pause (48.307044ms)
✔ maintained Mission 4 callsite rejects failed opens without starting continuation (1.318997ms)
✔ maintained Mission 4 callsite closes rejected reads without starting continuation (1.775705ms)
✔ maintained Mission 4 callsite closes a database when starting its read throws (1.883014ms)
✔ maintained Mission 4 callsite closes databases with a missing store and fails closed (19.922574ms)
✔ maintained Mission 4 callsite requires literal true before starting continuation (1.663448ms)
✔ building attack phases, entrances, damage and shake match native execution (51.146432ms)
✔ an entirely occupied world cancels special positioning instead of hanging (6.709877ms)
✔ live building assault enters, strikes, shakes and destroys via native damage accumulation (880.483437ms)
✔ occupied building ejects a defender and the same native command resumes after winning (410.809862ms)
✔ building attack mechanics and poses are independent of rendering cadence (996.031888ms)
✔ attacker death releases immediately; target loss rescans the area before completing (184.192739ms)
✔ native defence gate and shaking retain counter cadence, signed lifetime and collapse RNG (2.081799ms)
✔ cancelling or killing an attacker during its defender encounter releases the retained order (206.364976ms)
✔ complete native scenery clearing, shared waits and ownership requests (172.418357ms)
✔ complete native people clearing, shared waits and ownership requests (152.247815ms)
✔ live clearers harvest on-site trees, carry and deposit logs, then move bystanders before allocation (1148.447691ms)
✔ clearing pauses without advancing and cancellation releases its native animation and route (145.433933ms)
✔ clearing bushes starts the original fire and retreats before the site is allocated (154.607315ms)
✔ occupant restoration and facing match native captures, including seams and backwards facing (7.91148ms)
✔ live exits retain position and sprite ownership for every building orientation (2203.747121ms)
✔ command cancellation uses shared exit restoration without changing the route start (30.391478ms)
✔ timber hauling matches native phases, movement, reservations, transfers, poses and clocks (22.705052ms)
✔ native building origins, exact ground writes and plan height initialization (169.422144ms)
✔ live rotated foundations use native vertices and preserve surrounding terrain (1003.40679ms)
✔ buildings retain distinct terrain handles after long effect-heavy games (33.48584ms)
✔ native descriptor data routes completed huts through kind 7 with resident capacities (1.121143ms)
✔ kind-7 hut rows place occupant and dismantle hit targets from native capacity (1.491233ms)
✔ training charge row keeps existing controls aligned after shared geometry extraction (0.172235ms)
✔ unbuilt plan priorities, validation, allocation and abandonment match native decisions (12.786894ms)
✔ leveling movement, animation, timers, terrain and sound match complete native task 8 (31.38996ms)
✔ live plans retain uneven ground, level visibly and wait for timber and crew clearance (2903.179339ms)
✔ a full shared order pool leaves a new plan unstaffed without leaking ownership (91.337165ms)
✔ simultaneous fetch deposits cap preparation work and preserve surplus timber (237.408746ms)
✔ unattended plans expire and redirected leveling workers release their sprite and route (222.665929ms)
✔ native preparation clears on-site timber before allocation without deleting its resource (176.132799ms)
✔ foundation settling, flooding and dock edges match original executable captures (62.455788ms)
✔ original wet-side tipping, drift, spin and sinking expiry retain complete native trajectories (73.227052ms)
✔ terrain collapse ejects before destruction, retaining its two-turn delay (0.348948ms)
✔ healthy buildings settle without entering repair; deformed and flooded buildings use distinct destruction (1289.178818ms)
✔ complete native cell validity and exact placement feedback (85.741567ms)
✔ placement protects reincarnation stones without a living Shaman and reserves buildings (1404.812192ms)
✔ building activity matches native geometry, clocks, speed, facing and animation requests (32.27372ms)
✔ live builders reach work poses, animate, pause, cancel and finish without stale sprites (487.900756ms)
✔ crews leave finished huts in all four orientations before the plan releases them (3088.69772ms)
✔ player construction orders approach natively and deposit carried logs before fetching (1921.605152ms)
✔ builder admission and stale-slot pruning match complete native calls (9.721756ms)
✔ construction dispatch, repair clocks and departure gates match native plan calls (13.856322ms)
✔ scheduled burning plans panic only unlocked builders on building cells (116.86835ms)
✔ repair smoke footprint and terrain refresh match native cell traversal (3.702034ms)
✔ two live builders dispatch one hauler on the original sixteen-turn phase (490.058784ms)
✔ later construction haulers skip timber reserved by an earlier search (93.320339ms)
✔ timber reservations reopen, drain and release on native transitions (0.360285ms)
✔ live plan capacities, duplicate orders and replacement workers share registration (123.003975ms)
✔ zoom retains native preset bounds and the existing 18-step timer (1.619353ms)
✔ render previews do not mutate native state and meet every committed step across all resolution tables (88.227561ms)
✔ 30/60/120/144 Hz and irregular preview schedules retain duration and every owned native configuration (11.415951ms)
✔ conversion observation requires the native victim-owner and replacement flags without world mutation (1.597129ms)
✔ death, ordinary births, startup conversion flags and enemy preacher ownership are not credited (0.288909ms)
✔ observation resets at mission boundaries and does not infer events across unobserved turns (0.142411ms)
{"label":"fixture","ready":true,"turn":1,"status":"playing"}
{"checkpoint":"mission-2-start","level":3,"status":"won","turn":1,"population":{}}
{"checkpoint":"mission-2-won","level":3,"status":"won","turn":1,"population":{}}
{"checkpoint":"mission-2-result","level":3,"status":"won","turn":1,"population":{}}
{"checkpoint":"mission-3-continued","level":3,"status":"won","turn":1,"population":{}}
{"checkpoint":"mission-3-won","level":3,"status":"won","turn":1,"population":{}}
{"checkpoint":"mission-3-result","level":3,"status":"won","turn":1,"population":{}}
PASS: fixed-turn diagnostic wins Mission 2, continues, and wins Mission 3; not real-clock gameplay
✔ sandbox adapter retains every existing assertion, turn bound and campaign action (7.005926ms)
✔ changed or duplicated maintained checker scaffold fails closed before browser execution (4.380961ms)
✔ late final screenshot completion cannot mark an aborted campaign scenario passed (12.990727ms)
✔ actual native triangles supplement the historical fixed anchor scan (7.094367ms)
✔ geometry candidates cannot bypass foreign object or DOM overlay ownership (3.574984ms)
✔ normal zero-dt frame refresh resolves stale panels while retaining simulation slots and clock (2.476314ms)
✔ presentation refresh cannot conceal a simulation change (4.29925ms)
✔ presentation reservation exception cannot conceal secondary slot allocation (2.160516ms)
✔ stale pre-refresh reservations fail instead of being normalized by the checker (1.998646ms)
✔ presentation refresh cannot conceal changed world Map entries (2.691404ms)
✔ occluded shrine fallback uses bounded ordinary camera drags and strict target re-probes (0.295829ms)
✔ the shipped right-drag mapping rotates 512 native angle units without panning (101.073553ms)
✔ Mission 3 trains a bounded Preacher group and retains identified HUD-reachable Braves (0.184013ms)
✔ additive native Ctrl-five requires the ordinary cancel/deselect before reserving workers (1043.217476ms)
✔ missing checkpoint does not suppress independent campaign progress (379.530456ms)
✔ malformed checkpoint does not suppress independent campaign progress (147.039922ms)
✔ partially migratable checkpoint does not suppress independent campaign progress (50.692523ms)
✔ incompatible checkpoint does not suppress independent campaign progress (44.900277ms)
✔ current valid checkpoint still restores and loads (108.979775ms)
✔ legacy valid checkpoint still restores and loads (86.624177ms)
✔ malformed stored checkpoint preserves usable session checkpoint and merges completion (56.544962ms)
✔ storage read failure retains in-session progress and checkpoint (67.431822ms)
✔ camera release alone does not make the startup Shaman selectable; observation is read-only (377.64676ms)
✔ readiness still rejects absent actors, global input locks and paused play (281.978258ms)
✔ Continue readiness waits on real RAF before suspension with the existing timeout (1.0585ms)
✔ the production wait polls synchronous false until native selection readiness (3.058338ms)
✔ Mission 3 Swarm target observation is read-only and chooses an actually castable enemy (1480.360297ms)
✔ Mission 3 Swarm eligibility does not depend on distance to the vault or unit array order (597.772806ms)
✔ Mission 3 Swarm diagnostic refuses missing stock, blocked input, cooldown and invalid enemies (928.287737ms)
✔ checkpoint readback awaits false reads before the actual true result (6.520224ms)
✔ checkpoint readback fails closed after bounded asynchronous false results (1.053183ms)
✔ attack approach points and search pool state match complete native queries (52.699251ms)
✔ fight/person pursuit, housed entry, waiting and retries match native visits (23.145812ms)
✔ attack search, march records and automatic retargeting match native dispatch boundaries (25.367438ms)
✔ arrival voices and reservation release replay native thresholds and compacted-list visits (2.995314ms)
✔ original automatic commands preserve normal queues, share one reference-counted record and handle allocation exhaustion (51.941076ms)
✔ native scan dispatch preserves pending bits, suppression, specialist selection and consumer call counts (0.833867ms)
✔ ordinary combat entry reveals a completed Spy disguise (269.992197ms)
✔ live campaign scan suppression consumes pending alerts without changing person counters or sprites (171.317192ms)
✔ dead building attackers release queued shaman-guard duty (131.053436ms)
✔ fight motion initializes its retained sermon without a native owner (97.562275ms)
✔ coastal response targets come from the corrected native cell, including its newly exposed edge (105.009805ms)
✔ tower counterattacks ignore hostile people in water (178.808477ms)
✔ coastal area/dismantling order preparation matches full native calls and retains flags on identical commands (1.037249ms)
✔ live same-cell followers share one automatic command 21 and resume their queued destination (260.200868ms)
✔ an on-foot Firewarrior owns one automatic response per cooldown and yields to player movement (712.533121ms)
✔ an on-foot Firewarrior repeatedly launches at and damages a completed enemy building (101.287742ms)
✔ automatic combat restarts a retained direct tree harvest instead of harvesting during battle (115.172675ms)
✔ live automatic combat consumes a pending worship scan without replacing command 27 (97.864613ms)
✔ live automatic allocation failure preserves its source and queued order (75.590084ms)
✔ live automatic sharing leaves a nonmatching same-cell peer untouched (107.133091ms)
✔ live preacher response retains its sermon queue and resumes conversion (112.53998ms)
✔ preacher response allocation failure consumes the scan without changing its queue (109.237343ms)
✔ complete pursuit, target setup and attack-area gates match native fields, RNG and consumer ordering (18.796679ms)
✔ full-fight waiting positions and fallback RNG match original terrain and collision execution (56.427362ms)
✔ mixed target collection, native distance bands, fight admission and reservations replay executable captures (21.542212ms)
✔ live followers choose closer enemies, distribute reservations, then fall back to a saturated target (306.976571ms)
✔ live mixed scans detect enemy footprints and prefer an eligible person in the same distance band (153.762215ms)
✔ automatic squads share native area orders and target capacity independently of render frequency (798.015194ms)
✔ live target priority joins a fight ahead of a solitary enemy in its distance band (88.571467ms)
✔ nearby automatic building attacks keep their command-21 target between detection visits (107.702216ms)
✔ automatic contextual priority matches original single and mixed-class captures (1.46305ms)
✔ live ground context follows native registered cells through rotations and world seams (110.490747ms)
✔ ground beside a hut moves the group, while its occupied cell enters it (124.742627ms)
✔ an exact tree click harvests, seeks a timber plan and otherwise returns to rest (238.45178ms)
✔ a queued ordinary-tree harvest keeps its cargo and advances the existing waypoint (585.186201ms)
✔ input feedback matches native ground-cell centers and suppresses flashes over pointed objects (0.426683ms)
✔ object commands retain the chosen identity through overlaps and array reordering (132.565596ms)
✔ live target choice follows captured native ownership for both tribes (2607.750817ms)
✔ construction command matches native registration, fallback ownership and task handoffs (76.525993ms)
✔ construction panel matches native submissions and corrects the unlinked second-row height (25.091484ms)
✔ construction workers can be selected, reassigned to dismantle, cancelled and restarted (936.236651ms)
✔ construction icons select the active worker record and respect its native eligibility (31.022474ms)
✔ original priming consumes no elapsed progress; each frame stops before batch overshoot (2.333803ms)
✔ separate calls continue from the original previous timestamp without re-priming (0.224463ms)
✔ a promise is never accepted as a truthy readiness predicate (0.625128ms)
✔ frame and object-turn exhaustion fail without extending a goal (0.265844ms)
✔ an explicitly bounded coastal position attempt can return unmet without hiding its limit (0.196792ms)
✔ abort and Scene/World replacement are detected across browser-task yields (0.540502ms)
✔ normal speed, unpaused commands, positive finite deltas and wall bound stay mandatory (0.918292ms)
✔ original-frame failures propagate without another step (0.324802ms)
✔ unexpected automatic elapsed frames during a yield are rejected (0.946514ms)
✔ Convert Wild scans, converts, animates, and casts through player and computer paths (193.4753ms)
✔ deselection matches native command flags for every selection byte (2.56748ms)
✔ cancel targeting first; deselection preserves shared marching orders, routes, RNG and pause (244.909729ms)
✔ deselection reaches retained work representations once, leaves enemy ownership alone (91.573088ms)
✔ deselected groups retain identical mechanics and poses at 5–240 Hz and irregular frames (921.794159ms)
✔ training selection eligibility reads command flags, independently of motion turning flags (240.826681ms)
✔ dismantling reassigns residents and queued braves, recovers all timber and removes the building in four orientations (877.178913ms)
✔ cancelling dismantling stops existing workers; new orders can staff an empty dismantling building (115.03475ms)
✔ dismantling outcomes and timber remain independent of render frequency (528.563132ms)
✔ mixed groups queue movement, dismantling and movement without redirecting ineligible warriors (421.736591ms)
✔ queued building entry can become dismantling; cancellation skips work while retaining the destination (317.880898ms)
✔ dismantling queue replacement and death release references while non-braves keep their current orders (272.363413ms)
✔ automatic combat pauses shared dismantling and resumes its retained order (68.191938ms)
✔ automatic combat completion follows the native circular dismantling queue (265.565998ms)
✔ automatic combat allocation failure keeps dismantling state intact (106.016338ms)
✔ queued dismantling, timber and following movement agree at 5–240 Hz and irregular frames (868.827402ms)
✔ drag borders match original screen extrusion, texture coordinates and terrain crossings (31.889695ms)
✔ native area commands retain tower/training exclusions, current-order lookup and actual land membership (5405.450204ms)
✔ a real trainee remains drag-selectable on entry and becomes excluded only in the native interior phase (166.530142ms)
✔ fetching builders are selected at their active task-7 position (40.930616ms)
✔ world drag geometry matches captured native seams, camera bearings, clamps and degenerate drags (5.284741ms)
✔ live drag selection matches native flags and group voices without changing simulation ownership (939.391884ms)
✔ Mission 3 periodic raid preserves native mask, strict thresholds and arguments (2.118443ms)
✔ Mission 3 naturally grows both tribes and recruits the authored three-Brave raid (12915.876786ms)
✔ Earthquake matches the native initializer and central deformation phase (5.463245ms)
✔ Earthquake building scans preserve protected models, RNG and ejection-before-damage (0.542174ms)
✔ live Earthquake casts, damages and deforms independently of refresh rate (483.482916ms)
✔ Mission 1 counts authored primary effects before the opening (165.867978ms)
✔ Mission 1 keeps the allocation phase across pause, checkpoint and restart (381.700247ms)
✔ Mission 2 counts authored primary effects before the opening (85.439693ms)
✔ Mission 2 keeps the allocation phase across pause, checkpoint and restart (490.957729ms)
✔ Mission 3 counts authored primary effects before the opening (67.910802ms)
✔ Mission 3 keeps the allocation phase across pause, checkpoint and restart (329.84443ms)
✔ early-level effect phase remains fixed-turn owned across frame schedules (749.925006ms)
✔ prospective declaration binds the exact constructor return before immediate first processing (11.300409ms)
✔ wrong first target and second creation fail permanently without replacing or mutating controllers (6.869473ms)
✔ duplicate declarations invalidate the original instead of overwriting or rearming it (1.133352ms)
✔ late declarations cannot bind a preexisting controller; close is idempotent and never auto-rearms (0.487103ms)
✔ a constructor exception retains its identity and cannot bind a partial object (0.778175ms)
✔ constructor diagnostic binding failures never change the returned object or its immediate step (1.136306ms)
(node:817) ExperimentalWarning: stripTypeScriptTypes is an experimental feature and might change at any time
(Use `node --trace-warnings ...` to show where the warning was created)
✔ constructor output and wrapping match pinned original source with declaration disabled and enabled (2.588689ms)
✔ all 64 visits match pinned uninstrumented source with observation disabled and enabled (114.81789ms)
✔ actual application errors keep their identity, partial state, receiver and call count (14.202437ms)
✔ read copies and later game writes cannot change each other or historical capture (1.400267ms)
✔ active callback wrappers preserve their original return values (13.193659ms)
✔ copy failure and overflow invalidate evidence without skipping the original body (61.099074ms)
✔ after-copy diagnostic failure cannot replace an application exception (1.9483ms)
✔ a thrown empty string permanently invalidates capture while all original calls continue (1.059972ms)
✔ a thrown empty stringifier permanently invalidates capture while all original calls continue (0.977459ms)
✔ a thrown zero permanently invalidates capture while all original calls continue (1.116877ms)
✔ a thrown false permanently invalidates capture while all original calls continue (0.799776ms)
✔ a thrown null permanently invalidates capture while all original calls continue (1.595026ms)
✔ a thrown undefined permanently invalidates capture while all original calls continue (0.877902ms)
✔ an empty diagnostic throw cannot replace an application exception (1.012482ms)
✔ diagnostic append failure disables capture and still invokes the body once (0.891662ms)
✔ no observer or detached capture makes no diagnostic copy and invokes the body once (0.958512ms)
✔ capturing a live controller does not change any World field or completed turn (source fixture) (565.638654ms)
✔ scenario cleanup preserves the original thrown undefined value (3.547441ms)
✔ scenario cleanup preserves the original thrown null value (1.335581ms)
✔ scenario cleanup preserves the original thrown false value (0.232515ms)
✔ scenario cleanup preserves the original thrown 0 value (0.21593ms)
✔ scenario cleanup preserves the original thrown  value (0.224473ms)
✔ scenario cleanup preserves the original thrown Error: synthetic primary value (0.223371ms)
✔ startup-smoke uses the ordinary prefix and cleanup without capture or worship (3.93732ms)
✔ startup binding retries only real TimeoutError and retains diagnostics without repeating physical inputs (3.475385ms)
✔ startup binding propagates non-timeout and lookalike errors immediately with exact identity (1.213289ms)
✔ a binding success after the startup deadline is rejected before readiness or later work (0.714379ms)
✔ a preserving stop arriving during a successful bind rejects before later work (0.609394ms)
✔ Skip dispatches once without a navigation barrier and still waits for original-actor readiness (0.886005ms)
✔ Skip action errors retain identity and never cause a second physical click or readiness continuation (0.545449ms)
✔ real named-scenario CLI import reaches the missing-plan guard before browser/server setup (567.508143ms)
✔ combined corrected producer has identical full World state with capture disabled and enabled for all64 visits (1545.597071ms)
✔ lifecycle wrapper preserves original exception identity and exactly one callback (266.46616ms)
✔ the actual harness Vite launcher must resolve inside the pinned package closure (1029.973399ms)
✔ immutable compiler identity includes nested executable chunks and declared dependencies (3.786857ms)
✔ polling rejects stop or timeout arriving during an awaited ready predicate (0.399652ms)
✔ external launch plan rejects wrong source, compiler, dirty source, bounds and reused path shape (2.627778ms)
✔ all 64 captured calls with worst-case signed heights fit the 32MiB replay input bound (146.783941ms)
✔ original Mission 3 Shaman can plan to the unused Erosion head on a clone (168.045523ms)
✔ source correspondence accepts exact bytes or inline maps containing the pinned source (3.135811ms)
✔ module read covers all eight prescribed scripts using only observational CDP calls (11.113325ms)
✔ missing required module is rejected before a source read (3.008412ms)
✔ a required module parsed under another origin does not satisfy admission (2.832461ms)
✔ two script identities for one required module are rejected (5.870988ms)
✔ required modules from different execution contexts are rejected (4.767712ms)
✔ a stop arriving during an awaited source read prevents any result or next read (3.739277ms)
✔ dispose removes its parsed-event listener and detaches without removing other listeners (1.453927ms)
✔ authored Mission 3 activation runs the first native Erosion call immediately and only once (872.190657ms)
✔ multiple authored targets process in link order at activation and newest-first on later visits (61.847997ms)
✔ activation queues radius6 texture updates and notifies before allocating the next target (214.752371ms)
✔ repeated rewards get one initial visit each and exhausted rewards never allocate again (226.041385ms)
✔ live Erosion casting deforms terrain independently of refresh rate (1051.624109ms)
✔ a newer Lightning consumes simulation RNG before Erosion (38.080546ms)
✔ original cleanup, center, terminal release/counters and recovery match native captures (9.996278ms)
✔ last opponent death ends the fight, credits its winner once and returns a survivor to commands (196.078301ms)
✔ live separation uses the squared eight-unit boundary (372.834933ms)
✔ a native interruption detaches its slot and protected survivors defer state recovery (55.47315ms)
✔ fight completion, recovery and RNG agree at 5–240 Hz and irregular frame schedules (385.987109ms)
✔ Firestorm emits its complete native 220-turn rain sequence (78.944959ms)
✔ live Firestorm composes fire, panic Blast and building ignition independently of refresh rate (775.061244ms)
✔ Firewarrior row15 has its own eight-direction five-frame firing family (1.528075ms)
✔ firing pieces use disjoint 32px subslots while every old atlas origin stays fixed (46.972941ms)
✔ actual ranged body matches owned native visits: person-entry-walk-frame3 (4.974624ms)
✔ actual ranged body matches owned native visits: person-entry-idle-frame4 (0.197713ms)
✔ actual ranged body matches owned native visits: person-recovery-boundary-present (0.12173ms)
✔ actual ranged body matches owned native visits: person-wait-entry-present (0.112236ms)
✔ actual ranged body matches owned native visits: person-wait-entry-gone (0.086488ms)
✔ actual ranged body matches owned native visits: person-cooldown-entry (0.084886ms)
✔ actual ranged body matches owned native visits: person-cooldown-expiry (0.155981ms)
✔ actual ranged body matches owned native visits: person-cooldown-cleared (0.22287ms)
✔ actual ranged body matches owned native visits: building-entry-walk-frame3 (0.223041ms)
✔ actual ranged body matches owned native visits: building-entry-idle-frame4 (0.337029ms)
✔ actual ranged body matches owned native visits: building-recovery-boundary-present (0.170984ms)
✔ actual ranged body matches owned native visits: building-wait-entry-present (0.105095ms)
✔ actual ranged body matches owned native visits: building-wait-entry-gone (0.074371ms)
✔ actual ranged body matches owned native visits: building-cooldown-entry (0.076533ms)
✔ actual ranged body matches owned native visits: building-cooldown-expiry (0.055121ms)
✔ actual ranged body matches owned native visits: building-cooldown-cleared (0.08769ms)
✔ native Firewarrior resting source720 resolves its actual original frames (1.949199ms)
✔ Flatten follows the native 15-turn terrain and orbit lifecycle (13.252936ms)
✔ live Flatten casting is refresh-rate independent (1908.101395ms)
✔ persistent follower controls retain native descriptor order and class HFX ownership (1.982348ms)
✔ live own class totals enable controls independently of training knowledge or occupancy (70.848046ms)
✔ reading the follower strip does not mutate simulation or selection state (625.144661ms)
✔ shipped G task classification follows deferred native adoption without mutating HUD reads (179.604379ms)
✔ specific legacy work overrides dormant idle while real native disruption remains authoritative (89.396157ms)
✔ construction, pre-entry, actual entry and native idle routes use their own categories (51.699817ms)
✔ task selection preserves orders and RNG during a real movement command and propagates occupied groups (58.853907ms)
✔ live task count reads nearby camera coordinates without creating or registering people (43.517687ms)
✔ real boarding through a route owner overrides a dormant native person for Selected task propagation (67.837571ms)
✔ task classifier preserves every recovered native state and command category (1.217627ms)
✔ inside classification follows building category and the Preacher command exception (0.241498ms)
✔ global existence and nearby task counts are independent; selected overlays preserve native addition (2.103521ms)
✔ task selection ignores persistent-strip assignment priority and uses category nearest (0.472911ms)
✔ Selected row click/Shift deselect, Ctrl reselects nearest without changing its work or the group (0.486181ms)
✔ Total single/five can select the Shaman while Shift excludes it (0.346784ms)
✔ task focus filters category and cycles with the Shaman nearby exemption without mutation (0.339824ms)
✔ vehicle creation and frame cache use apparent tribe, including checkpoints and legacy fallback (273.506817ms)
✔ vehicle damage immunity follows apparent tribe while real-owner counts stay unchanged (103.080841ms)
✔ live Blast projects class4 apparent tribe without changing the real owner (327.032705ms)
✔ ordinary live boarding exposes class vehicle counts, all passengers and independent owner fields (167.237761ms)
✔ Spy boarding uses immediate target bits, later boarding rewrites owner and exit preserves apparent owner (58.417313ms)
✔ split owner and occupied selection survive checkpoint, legacy vehicles use real team fallback (46.791745ms)
✔ destroyed last vehicle keeps presence during its visible wreck and cannot select or focus (36.556124ms)
✔ shipped disguise command aboard publishes apparent ownership through completion and countdown (105.771564ms)
✔ legacy occupied checkpoint retains apparent fallback across voluntary unload (405.873606ms)
✔ first and later boarding, either exit and reuse preserve the native two-owner contract (615.958057ms)
✔ occupied class reads rebuild from current passengers rather than stale row totals (43.98449ms)
✔ transport presence uses real ownership and survives an empty count (3.515857ms)
✔ class filter acquires a vehicle and selects all eligible passengers; Ctrl counts vehicles (0.861378ms)
✔ driver command priority, matching-passenger distance and vehicle nearby boundary remain distinct (0.254929ms)
✔ native reverse vehicle-list focus cycles, variants reacquire, and selected/blocked occupants can focus (0.703534ms)
✔ footprint history matches native ring replacement and its per-cell pixel counts (898.260195ms)
✔ partial footprint shading equals a complete native-palette atlas rebuild (1714.403929ms)
✔ live walking footprints use the elapsed animation clock, including pause and disabled trails (390.013638ms)
✔ live turn preserves native tribe order, inactive skipping and next-turn formation admission (1880.663105ms)
✔ actual recruited groups wait a turn and then steer before member physics (153.022193ms)
✔ render cadence and idle production worship hooks cannot change gameplay, RNG or owned animation state (14450.479328ms)
✔ paused time stays paused; long active frames retain elapsed time (168.212326ms)
✔ campaign messages use the presentation clock and freeze while paused (239.527276ms)
✔ campaign pending auto-open waits for settled motion and consumes one oldest record per presentation visit (50.507029ms)
✔ scenery shade follows cell occupants through overlap, depletion and regrowth (76.440723ms)
✔ rotated building plans keep their anchor, entrance routes and orientation through construction (977.686812ms)
✔ Lightning ignites only its building footprint, then evacuates, damages and permits repair (778.716895ms)
✔ Lightning burns original scenery through smoke and cleanup without leaking fire state (126.63497ms)
✔ native impacts expire on exact turns and debris preserves the sprite allocation counter (88.434394ms)
✔ terrain rebuilds preserve queue precedence and initialize the original mission before sampling (58.322786ms)
✔ territory preserves native footprint asymmetry, overlap clearing and staggered recovery (1.679932ms)
✔ opening tooltips resolve mission cells and have an independent lifetime (46.17081ms)
✔ original level layout, native foundations, and the complete mission (4574.32854ms)
✔ housing, mana allocation, pause, drowning, and reincarnation (594.569398ms)
✔ ordinary land deaths keep the native corpse lifecycle (512.473614ms)
✔ native transformed compound bases stay on their ground pads (42.347057ms)
✔ native animation identity, casting interruption, gradual terrain and blast survival (558.780708ms)
✔ native economy uses fixed turns, population bands and real hut upgrades (971.896731ms)
✔ lightning hits a native map cell and Blast leaves allied health intact (49.972451ms)
✔ native integer movement and combat exchanges preserve timing, retaliation and replay (515.094578ms)
✔ native fight slots form four-person groups and release on interruption (126.231732ms)
✔ native sound cues preserve sample identity, cast phases and simulation randomness (224.34771ms)
✔ native Lightning delays the upper flash and regenerates eight segments for three turns (61.968128ms)
✔ native spell allocation, discrete flight, RNG trails and delayed impact (638.530767ms)
✔ native terrain ridges, reflected diagonals, surface planes and boundary vertices (1.849054ms)
✔ original campaign setup disables only enemy reincarnation and retains deferred commands (269.524386ms)
✔ mission-one AI applies its native spell interval profile on the original phase (122.364233ms)
✔ mission-one closes its construction latch after the first Red hut (28.237064ms)
✔ campaign marker setup snapshots native entry state before live execution (61.148356ms)
✔ mission marker task sends one reserved brave to marker one (91.169032ms)
✔ mission-one ordinary marker guard patrols and answers nearby enemies (103.613434ms)
✔ campaign markers remove the bridge head on the native phase, independently of routing (169.945387ms)
✔ campaign counters track allocation and remaining head gifts through gameplay (403.280241ms)
✔ worship decays without followers and continues at full spell stock (193.4296ms)
✔ vault discovery follows worship, door, entry and exit tasks (210.827572ms)
✔ vault allocation preserves the current order when the shared pool is full (162.234046ms)
✔ original discovery messages follow script phases, persist and reset (138.365335ms)
✔ partial building queries consume their mode once and marker triggers bypass worship (44.622113ms)
✔ original opening runs before object turn 72 and its independent flyby clock can be interrupted (107.225703ms)
✔ native outcome phases honor campaign opponents, forced results and defeat recovery (436.838369ms)
✔ tribe gates suppress scripts and AI while object turns and eligible cooldowns keep their native phases (325.634513ms)
✔ emergency casting preserves queued work and preacher responses keep their own payment rules (87.470845ms)
✔ mission-one AI casting uses the live shaman state and cast-block flags (724.219694ms)
✔ live spell scans use population thresholds and building territory with delayed overlap recovery (62.968312ms)
✔ original campaign stops Dakini Blast casting after its second allocation (232.98932ms)
✔ campaign attack commitment follows living warrior counts on its original turn (285.356406ms)
✔ mission-one Dakini launches its native attack route when Blue enters marker three (171.597412ms)
✔ mission-one Dakini launches its later building attack when Blue overwhelms it (252.49335ms)
✔ mission-one Dakini pursues a fallback shaman by exact command target (49.092469ms)
✔ computer attack exhausts native scans and retreats below its surviving-member threshold (0.64706ms)
✔ computer attack pool exhaustion skips hostile dispatch and retires through native empty scans (102.880216ms)
✔ queued training keeps its selection lock until issuing the order and frees its slot after arrival (0.738767ms)
✔ mission-one red AI queues exact task 6 below one warrior and executes live training (146.467261ms)
✔ mission-one red AI does not reserve a second brave already committed to warrior training (47.700794ms)
✔ external game store publishes edits and restarts without sharing worlds between sessions (271.654824ms)
✔ mission-one victory continuation creates and restarts the recovered mission-two world (538.517626ms)
✔ mission-two Totem route reaches the Tornado guidance and use instruction (1747.5838ms)
✔ mission-two enemy marker orders nearby Matak defenders to counterattack (311.610906ms)
✔ game store checkpoints restore an isolated exact world snapshot (108.01159ms)
✔ computer recruitment preserves wrapped-distance ties and native command eligibility (0.856541ms)
✔ group orders share references and release their object only after the final follower leaves (0.829031ms)
✔ AI reservation enters native selection state and releases through the normal person initializer (0.851683ms)
✔ training order startup uses configured speed and preserves only a compatible building occupant (0.825856ms)
✔ native training queue yields to an untrained follower and releases its new head (0.647701ms)
✔ live followers reach rotated native doors before entering buildings (736.085677ms)
✔ building admission preserves native slot order, training activity and shared commands (1.6309ms)
✔ training replaces a whole batch, inherits the first occupant order tail and rolls back partial allocation (1.36153ms)
✔ live mana refunds wait for a pulse and computer training receives only the original first pass (32.599996ms)
✔ follower mana uses native preacher orders, registration and ghost flags before tribe scaling (52.322672ms)
✔ live spell reach follows terrain height and enemy casts require and spend native mana (113.117252ms)
✔ native casting lockout survives animation and computer usage recovers one charge at a time (61.513137ms)
✔ spell targeting preserves native cell allowances and wrapped coordinate seams (79.142329ms)
✔ native spell scans retain slots and Blast scoring avoids friendly concentrations (34.34176ms)
✔ defeat seeds native building collapse and staged damage ejects occupants before removal (62.723179ms)
✔ building display stages follow remaining work and retain separate complete meshes (25.798176ms)
✔ results preserve pending turns, collapse defeated settlements and reject new orders (346.397897ms)
✔ result camera crosses the world seam, releases input and retains native sky timing (3.270523ms)
✔ victory owns persistent native followers, drops cargo and pauses logical animation (65.270578ms)
✔ live blocked followers retain native detour steering and recovery timers (27.437818ms)
✔ live celebrants obey native walk masks and survive the legacy ground-height cutoff (38.472861ms)
✔ live completed-building footprints relocate and clear on removal (28.812307ms)
✔ live native cell order follows arrivals and removes dead records (50.727071ms)
✔ live cell insertion repairs a stale head left by a removed person (0.346504ms)
✔ dead vehicle passengers release their slots and driver position (34.799825ms)
✔ live native preparation consumes reroutes and completes slow turns and reactions (28.323172ms)
✔ interrupted victory followers resume through native orders and rejoin celebration (26.803616ms)
✔ native idle approach composes with shared state and original resting animation (26.477073ms)
✔ native resting ownership allocates distinct slots and compacts after a follower leaves (27.724023ms)
✔ native route reuse shares ownership and live celebration releases each follower (55.330841ms)
✔ native route construction retries expired failures and stores the original bounded path (25.83459ms)
✔ native path search packs a trimmed route and preserves distinct vehicle retry flags (51.84595ms)
✔ native wrapped route smoothing respects blocked steps and measures retained segments (53.207491ms)
✔ native obstacle solving builds a world-seam detour and rejects a blocked destination (51.772793ms)
✔ native planned routes use the recovered solver and advance shared followers to their goal (33.334817ms)
✔ native boarding checks the first boat and landing requests reserve distinct original search cells (1.32108ms)
✔ live native routes release query ownership, expire failures and walk low shoreline (144.725181ms)
✔ live followers share routes, advance before exact arrival and release every owner (126.443448ms)
✔ hut families are selected once, shared with shapes and retained through upgrades (63.751896ms)
✔ mission-one low population response assigns and releases persistent shaman escorts (99.104386ms)
✔ shaman escort uses native pursuit cadence and strict boundaries (0.583666ms)
✔ Mission 5 Boat worship emits its original one-shot tutorial (499.99033ms)
✔ Mission 5 grants, boards, sails, lands and checkpoints its original Boat (474.941095ms)
✔ Ghost Army casts, spawns native ghosts, accepts orders, vanishes in combat, and follows AI (548.936489ms)
✔ world-view terrain matches captured native mesh order, projection and lighting (183.046056ms)
✔ overview drag/release matches native snapshots and every star-parallax step (2.900062ms)
✔ overview morph timing matches the original complete lifetime snapshots (1.215263ms)
✔ Ctrl starts followers immediately, appends shared waypoints and ordinary click ends the sequence (388.492361ms)
✔ eighth Ctrl click and Alt final click deselect without cancelling issued orders; right-click ends staging (291.514833ms)
✔ queued ground movement preserves every turn, RNG, poses and footprints at 5–240 Hz and irregular frames (1334.724553ms)
✔ continued queue allocation failure retains issued orders, and an ordinary replacement releases them (256.549846ms)
✔ an enemy-person order waits behind a waypoint and advances when its target becomes unavailable (507.459286ms)
✔ ground waypoint handoff uses each playable class default initializer (549.686543ms)
✔ ordinary person turns apply native follower and Shaman healing without reviving excluded units (101.921026ms)
✔ live health adapter preserves airborne/state exclusions and combat status flags (61.908859ms)
✔ each original healing model receives exactly one recovered increment on the eighth turn (38.280909ms)
✔ a follower injured by the shipped missing-building release path later heals on an ordinary turn (42.081022ms)
✔ healing follows simulation turns across speed, refresh cadence, irregular frames and pause (766.829241ms)
✔ checkpoint migration preserves the next native healing turn (46.000077ms)
✔ building admission clocks match captured native blocks (6.571089ms)
✔ followers visibly cross the native interior threshold before housing consumes their command (1420.888286ms)
✔ simultaneous arrivals respect hut capacity and cancellation releases the scoped animation and route (182.762107ms)
✔ hut slots remain authoritative through a departure, replacement and birth turn (99.756182ms)
✔ fire interrupts entry without retaining its walking sprites or command record (85.397039ms)
✔ staged entry positions, RNG, admission and sprite clocks are independent of rendered frame rate (557.499227ms)
✔ entry re-plans interrupted steering and releases its source when the hut becomes unavailable (164.003571ms)
✔ scaled native panel and bottom-row digits remain above the modern footer (1.381329ms)
✔ HUD keeps preferred manual sizes and the original nominal auto steps when they fit (0.236231ms)
✔ HUD extraction retains the page client-component directive (0.925764ms)
✔ HUD selection and focus match captured original commands without changing other person fields (7.884988ms)
✔ HUD controls add followers without stealing simulation ownership or replacing marching orders (167.041398ms)
✔ building menu waits through delayed false images before continuing (13.798151ms)
✔ building menu exhausts its existing 30000 ms scope without continuing (238.100846ms)
✔ building menu propagates failed texture acquisition without retrying (2.87095ms)
✔ building hover Mission 1 waits through delayed false images before continuing (2.974043ms)
✔ building hover Mission 1 exhausts its existing 30000 ms scope without continuing (219.976886ms)
✔ building hover Mission 1 propagates failed texture acquisition without retrying (1.897686ms)
✔ building hover Mission 2 waits through delayed false images before continuing (3.085599ms)
✔ building hover Mission 2 exhausts its existing 30000 ms scope without continuing (178.082279ms)
✔ building hover Mission 2 propagates failed texture acquisition without retrying (1.73915ms)
✔ worship Tutorial waits through delayed false images before continuing (2.532727ms)
✔ worship Tutorial exhausts its existing 30000 ms scope without continuing (150.125511ms)
✔ worship Tutorial propagates failed texture acquisition without retrying (1.607415ms)
✔ worship Mission 1 waits through delayed false images before continuing (2.663141ms)
✔ worship Mission 1 exhausts its existing 20000 ms scope without continuing (118.094589ms)
✔ worship Mission 1 propagates failed texture acquisition without retrying (2.13638ms)
✔ repeated helper calls acquire the replacement document image (2.824801ms)
✔ only literal true permits readiness, never a truthy observation value (0.509837ms)
✔ late true is rejected after the awaited read settles, without another observation (1.903033ms)
✔ the last pause fits the deadline and no read starts after it (2.219432ms)
✔ invalid wait bounds fail before reading (0.663634ms)
✔ shaman health fill follows native integer bounds and absent/overfull cases (2.745713ms)
✔ HUD atlas metadata matches the PNG and contains every imported sprite (3.836311ms)
✔ portrait backgrounds and shadow-free directional layers match native captures (3.104116ms)
✔ tooltip bitmap placement and wrapping match the original desktop controller (54.586547ms)
✔ mana production stripes follow native rates, warning bands and controller modes (6.483199ms)
✔ live mana estimation uses the simulation clock and follows charging toggles (549.074152ms)
✔ follower counts, icon placement and housing fill match native HUD controllers (11.268609ms)
✔ population readouts exclude dead followers and reserve the shaman allowance (77.079442ms)
✔ hut birth clocks and destinations match captured original calls (3.997402ms)
✔ live newborns leave the hut and keep native birth feedback and gates (120.041182ms)
✔ hut smoke uses descriptor attachment slots, independently of resident capacity (2.287483ms)
✔ hut occupancy producer samples real occupancy every 32 building turns (0.412642ms)
✔ partial root uses the native 16-visit visible lifetime and restart draw (0.252454ms)
✔ full root is persistent and does not invent the unresolved child-puff phase (0.223972ms)
✔ all supported residential hut capacities switch partial to full at their native capacity (0.255069ms)
✔ visual frames stay on the recovered 16-frame sequences (0.217393ms)
✔ immediate occupancy events preserve capacity, phase and same-mode root identity (1.695921ms)
✔ drain elapsed old-root visits before an off-phase event without backdating the new root (0.965342ms)
✔ listeners are transient, identity-scoped and released through material disposal (0.649304ms)
✔ multiple presentation consumers unsubscribe independently without resetting each other (0.145436ms)
✔ live command8 owner publishes authoritative entry/removal for Hut level 1 (269.688757ms)
✔ live command8 owner publishes authoritative entry/removal for Hut level 2 (232.217457ms)
✔ live command8 owner publishes authoritative entry/removal for Hut level 3 (108.174262ms)
✔ ordinary Mission2 admission includes the new smoke root in that turn’s effect visit (6249.924839ms)
✔ pre-building occupancy removal receives one first visit, including counter wrap (334.883028ms)
✔ out-of-turn allocation survives pause; commands while paused remain rejected (457.814736ms)
✔ new-root completion is identity-scoped and one-shot for same-turn transitions (0.416749ms)
✔ batched turns and repeated rendering preserve the native first lifetime (331.395841ms)
✔ turn completion callbacks are clock-specific and are discarded on a failed turn (47.98266ms)
✔ observer forwards each original render receiver, arguments and exact result without a synthetic call (8.727141ms)
✔ observer propagates the exact original render exception and never takes a successful-frame sample (0.651677ms)
✔ diagnostic identity and readback errors remain bounded without changing original render results (1.107383ms)
✔ observer refuses to overwrite a later renderer owner during close (0.207959ms)
✔ Lightning retires a 3-resident hut root after fire initialization (5892.973795ms)
✔ Lightning retires a 1-resident hut root after fire initialization (192.185058ms)
✔ Lightning retires a 0-resident hut root after fire initialization (139.378631ms)
✔ blocked ignition preserves the completed root and its real residents (122.313421ms)
✔ repeat ignition does not reset fire or mutate surviving children (95.999431ms)
✔ paused restore retires historically saved burning roots while preserving children and legacy completed huts (99.309562ms)
✔ Spy command15 ignition retires the same occupied-hut root (105.581337ms)
✔ hut maturity and cell timber match captured original calls (3.555024ms)
✔ residents fetch and stage timber before their hut upgrades (1437.055547ms)
✔ Hypnotise uses the native footprint, temporary ownership, expiry, and AI target path (1084.961057ms)
✔ Invisibility marks the native six, does not refresh, and reveals on time or combat (180.675426ms)
✔ player and computer casts share Invisibility application and old saves migrate (263.818889ms)
✔ complete Land Bridge lifetimes match native terrain, ordered trails and notifications (916.110037ms)
✔ live bridge terrain and particle cleanup are identical across refresh rates and stalls (3682.313653ms)
✔ ordinary Mission1–3 startup uses native terrain, authored gates and real conversion (1350.109688ms)
✔ native opening excludes Shaman selection, without inventing a casting restriction (163.749159ms)
✔ checkpoint restore resumes every opening stage without replaying terrain/conversion (2508.003387ms)
✔ restart gets one fresh sequence; repeated flyby skip does not replay it (559.504074ms)
✔ only carrier-created stones are obstacles, while legacy sites keep their reservations (83.75103ms)
✔ opening wave, conversion and stone cues preload their existing original samples (12.100143ms)
✔ permitted opening casts enter native state22 and resume command18 without a stuck controller (1543.76891ms)
✔ fresh-load camera follows native cell-edge/center snapping and angle retention (0.619829ms)
✔ the command18 completion turn owns exactly one native person visit (291.578931ms)
✔ permitted state22 interruption and completion retain one counter increment per turn (422.457448ms)
✔ replacement player orders cancel startup before its counter write (148.437073ms)
✔ only the linked neutral startup conversion flash follows its replacement Brave (95.764454ms)
✔ a missing converted Brave does not retarget its flash or shorten the native expiry (120.381423ms)
✔ an invalidated command18 is consumed by the ordinary queue without completing the site (55.25391ms)
✔ original Lightning target gates, inclusive cap, attacker and electrocution phases (16.346502ms)
✔ live Lightning retains victims, displays native shock sprites, scatters survivors and cleans up (478.536587ms)
✔ Lightning outcomes and turn-by-turn poses are independent of rendering cadence (597.504575ms)
✔ live marching uses shared commands, original poses, separate slots and releases interruption/death/arrival ownership (926.521977ms)
✔ marching and resting preserve mechanics, footprints and sprite frames at 5–240 Hz and irregular frames (1267.610228ms)
✔ exhausted command pool preserves the previous movement and group ownership (252.980333ms)
✔ panic retains the real movement command and resumes its route after recovery (360.859431ms)
✔ obstacle recovery replans the owned group order and settles identically at 5–240 Hz (2933.40059ms)
✔ shared ground motion advances a retained route once before any state controller (100.508743ms)
✔ native432260 empty current slot returns before building live order context (27.761439ms)
✔ live worship shares an order, occupies exact slots, prays, earns gifts and releases interrupted/dead members (403.657009ms)
✔ live head rewards, displayed standing roster and group selection retain their distinct native rules (467.645188ms)
✔ worship motion, prayer frames, pose RNG and rewards are identical at 5–240 Hz and irregular frames (999.129949ms)
✔ an unreachable head preserves the existing command without entering an unported retry state (84.638287ms)
✔ Ctrl waypoints finish at a stone head without replacing the current route or person (172.296408ms)
✔ training replacements inherit a queued stone-head order and perform the original prayer (213.675047ms)
✔ queued worship preserves turns, poses, RNG and rewards at 5–240 Hz and irregular frames (1516.358242ms)
✔ local launch preserves sandbox and removes all unsafe Playwright defaults (6.116956ms)
✔ CLI accepts separate game root, owned output, browser and bounded settings (0.817493ms)
✔ CLI rejects unknown flags, missing values and unbounded inputs (0.793718ms)
✔ harness preserves the exact side-effect-free source fingerprint export (0.479742ms)
✔ source fingerprint catches dirty tracked and untracked byte drift with unchanged porcelain (423.614921ms)
✔ active scenario completing during timeout diagnostics cannot turn failure into pass (110.075518ms)
✔ active scenario completing during interrupt diagnostics cannot turn failure into pass (10.827254ms)
✔ ordinary native constructors restore the logical gate without adding interpolation behavior (112.275501ms)
✔ native person and Splash frames wait for logical visits while clear-bit effects keep 24 Hz (86.782257ms)
✔ each catch-up turn observes the prior frame before one post-observer logical advance (60.715793ms)
✔ ordinary owner aliases and a post-turn handoff never advance twice (269.149093ms)
✔ state0 and removed gated sources do not fall through to presentation advancement (109.707922ms)
✔ pause, land pause and speed changes preserve owned logical animation visits (398.945533ms)
✔ legacy save aliases gain the gate without resetting frames or replaying on a new Scene clock (142.854996ms)
✔ a Splash allocated after processing gets one animation visit but no invented lifetime visit (44.501232ms)
✔ morph transitions keep one presentation owner even on coincident logical boundaries (150.635555ms)
✔ Firewarrior descriptor holds are measured in eligible logical visits (43.577064ms)
✔ post-turn source replacement visits only the active record, including at turn wrap (42.05041ms)
✔ direct simulation ticks and presentation calls do not manufacture logical visits (43.271201ms)
✔ marching geometry, recruitment, cleanup, speed and poses replay complete original calls (37.054397ms)
✔ native movement completion preserves payload, seam and vehicle boundaries and four-turn cadence (5.538177ms)
✔ marching cleanup tolerates a member whose native record was already released (0.720409ms)
✔ outdoor and building encounter calls match captured original fields, timing, RNG and sound (180.130548ms)
✔ all playable encounter pairs show the opening strike, physical stagger and defender-centered fight (1060.437424ms)
✔ encounters and their animations stay deterministic across render schedules (374.493331ms)
✔ the native skip-intro flag and player cancellation do not leave stuck encounters (110.355432ms)
✔ an encounter releases cleanly when an airborne participant returns to ordinary motion (55.938865ms)
✔ live fights refresh the first native player alert each object turn (164.955262ms)
✔ simulation owns quiet, attack and battle music activity across pause and cancellation (52.639039ms)
✔ native fight admission, replacement and splitting retain original slots, flags and RNG (144.33971ms)
✔ stronger reinforcements replace the first weaker ally and preserve a three-person tribe limit (498.866135ms)
✔ two-sided reinforcements split the last fighter of each tribe into a new live fight (74.904945ms)
✔ reinforced group motion and combat remain identical at every render cadence (435.91761ms)
✔ center changes preserve original membership slots for subsequent splits (61.180523ms)
✔ pursuit refresh uses the original inclusive axis threshold and signed coordinates (1.141995ms)
✔ live pursuit updates before reaching the old destination and reuses unchanged routes (442.687754ms)
✔ automatic engagement uses equal tribe ranges, whole cells and original scan cadence (75.503019ms)
✔ native inhibition and pending scans apply without giving idle shamans automatic attacks (27.541573ms)
✔ live move orders cross nearby enemies without the old distance interruption (49.384461ms)
✔ idle followers of either tribe pursue detected enemies at every render cadence (1236.744837ms)
✔ group attacks hit busy opponents without restarting their action or facing (7254.044952ms)
✔ Magical Shield does not block native mode-one melee damage (34.009399ms)
✔ opportunistic reach is measured from the opponent slot with an exclusive 360-unit boundary (303.789358ms)
✔ group combat stays deterministic across render schedules and yields to player orders (478.440682ms)
✔ knockback waits for terrain physics to settle and preserves cell ownership (123.246025ms)
✔ hits during knockback survive physics and player orders do not teleport the person (48.169637ms)
✔ sliding recoil, native animation and recovery are independent of render cadence (407.243209ms)
✔ shamans and the native game flag suppress ordinary attack knockback (296.73383ms)
✔ fight sites use the native 32-turn search and retain groups when no site is available (53.966328ms)
✔ fight sites leave original building footprints even between periodic search visits (107.420906ms)
✔ sequential fight searches avoid other fight centers and release exhausted searches (1.529369ms)
✔ live groups relocate sequentially without sharing another fight center (61.518192ms)
✔ native approach reaches its slot from every direction and waits one turn to chase a moved slot (370.958344ms)
✔ approach uses native cell collision and preserves the person across attack, recoil and new orders (63.263631ms)
✔ approach, native animation and subsequent combat stay identical across frame rates (309.429377ms)
✔ native descriptor threshold chooses exact small and large corner dimensions (1.847641ms)
✔ 1x frame overlaps native corners in a 100x96 rectangle, bottom corners last (5.732836ms)
✔ 2x and partial tiles retain exact 1:1 corner/edge pixels and a transparent center (45.25249ms)
✔ frame is a separate overlay and does not change terrain, markers or click ownership (1.540777ms)
✔ minimap pixels, camera wrapping, rotated UVs and markers match native captures (150.220429ms)
✔ Mission 10 runs its first Totem deadline and second Totem Erosion sequence (16941.494598ms)
✔ Mission 11 opens with both enemy tribes and four original knowledge sites (158.573488ms)
✔ Mission 11 opponents build their first settlement and scripted BUILD_AT tower on native cadence (9158.847199ms)
✔ Mission 12 opens with all three enemy tribes and original knowledge (145.70716ms)
✔ Mission 12 starts its original turn-7 flyby once (578.731869ms)
✔ Mission 12 opponents request their first Guard Towers on native cadence (478.354299ms)
✔ Mission 12 opening remains deterministic through checkpoint migration (1111.238691ms)
✔ Mission 13 opens with both enemy tribes and original knowledge (95.996335ms)
✔ Mission 13 starts its original Yellow turn-6 flyby once (129.47126ms)
✔ Mission 13 Balloon Hut knowledge is visible before construction (158.274816ms)
✔ Mission 13 Land Bridge uses native surface categories at low shore (45.372427ms)
✔ Mission 13 Balloon Hut repeatedly produces occupied airborne transport (496.140011ms)
✔ Mission 13 opening remains deterministic through checkpoint migration (751.94616ms)
✔ Mission 14 delivers both linked gifts and a castable Angel through shipped paths (862.311915ms)
✔ Mission 15 ordinary Prison attack frees the captive and cancels the timer (325.151243ms)
✔ Mission 15 timer expiry locks input and kills the captive with enemy Lightning (195.381088ms)
✔ Mission 15 expiry stays latched if the Prison falls before Lightning lands (135.755424ms)
✔ Mission 15 captive Lightning branch requires an enemy caster, not the Prison cell (99.603776ms)
✔ Mission 16 worship grants Bloodlust and live combat consumes its status (568.398082ms)
✔ old checkpoints default Bloodlust stock without disturbing their world (107.450045ms)
✔ Mission 17 grants Armageddon and stages the native arena through the live cast path (1369.893858ms)
✔ Armageddon uses generic victory and defeat outcomes and restores control (1696.339628ms)
✔ Mission 18 loads its authored tribes and grants Armageddon and both Volcano rewards (3890.693865ms)
✔ Mission 18 starts its authored Red marker patrol through normal AI orders (495.20081ms)
✔ Mission 18 Armageddon restores its arena checkpoint and reaches both result directions (3752.703762ms)
✔ Mission 19 loads its authored objective and grants all three worship rewards (1593.723216ms)
✔ Mission 19 Teleport spends only accepted stock and resumes identically from a checkpoint (269.021019ms)
✔ Mission 19 warns once and gives Chumara loss priority over Dakini defeat (1121.310173ms)
✔ Mission 2 naturally earns Matak kills and launches the organized raid (3751.025646ms)
✔ Mission 2 checkpoints retain kill ownership from the old red slot (91.635696ms)
✔ Mission 2 camp targeting takes the first model match without RNG (157.121162ms)
✔ Mission 2 producer matches native base, loss, capacity and resource boundary cases (534.247121ms)
✔ Mission 2 naturally establishes a new home Tower base and preserves phase3 checkpoint continuation (1747.524313ms)
✔ Mission 2 rebuilds after a real player army destroys both Towers, retaining its first construction base (11538.69534ms)
✔ Mission 2 explicitly trains replacement Warriors after natural combat despite zero producer preferences (8649.401119ms)
✔ Mission 20 loads its authored opening and four-stage linked chain (261.297867ms)
✔ Mission 20 worship consumes each head once and restores the live chain (3946.03281ms)
✔ Mission 21 loads its authored opening and first fault state (162.477229ms)
✔ Mission 21 converts worshippers and seals the first fault across a checkpoint (6313.700375ms)
✔ Mission 21 checkpoints one unsealed first-fault eruption without replay (5027.029883ms)
✔ Mission 22 opens with its solo Shaman, native heads, tribes and transport (137.836948ms)
✔ Mission 22 mode-3 head rejects an injected Brave supporting fixture (162.474244ms)
✔ Mission 22 nearby head is a one-shot presentation with no gameplay reward (334.03976ms)
✔ Mission 22 southern head delivers its delayed 600,000 mana gift after real worship (11222.84751ms)
✔ Mission 22 Shaman can steal, checkpoint and sail the authored enemy Boat (2583.924159ms)
✔ Mission 22 Shaman can claim the authored Balloon and complete the northern mana route (12891.905737ms)
✔ Mission 23 loads its authored tribes, Wildmen and worship chain (92.677178ms)
✔ Mission 23 enemy tribes grow their native settlements and populations (24512.472504ms)
✔ Mission 23 unlocks and repeats the native zero-mana gift through ordinary worship (1658.633086ms)
✔ Convert Wild allocation gates state and duplicates without cancelling existing work (5.72254ms)
✔ Convert Wild target retains density, wrap, tie, inclusive radius and list-centroid rules (0.973584ms)
✔ Convert Wild standability preserves initial target and tries only the first24 spiral positions (0.785425ms)
✔ Mission3 active type2 advances after allocation state is switched off (120.573706ms)
✔ type2 timeout clears motion before a blocked state transition and then frees the task (90.492871ms)
✔ type2 reads the active fight person even when its attack animation has no presentation source (53.175511ms)
✔ Convert Wild region lookup normalizes signed browser-native positions to unsigned words (0.594652ms)
✔ type2 casting preserves the real person flags2 readiness gate (93.188285ms)
✔ explicit flight person receives the allocation-safe return order without restarting its state (46.466493ms)
✔ explicit flight return preserves the complete world on order allocation exhaustion (53.6706ms)
✔ cast-ready flight-owned Shaman receives the type2 post-cast return on the same person (103.988632ms)
✔ type2 range reads actual signed person height rather than terrain beneath it (59.966495ms)
ℹ {"terrainHeight":146,"personHeight":896,"terrainRange":14,"personRange":24}
✔ Mission3 Chumara moves, spends its original shot and mana, then stops allocating at the population cutoff (2345.889244ms)
✔ Mission3 keeps idle follow-ups and area-summary automatic training unreachable (94.808649ms)
✔ ordinary Mission3 allocates a real pre-table response before ordinary production (259.211064ms)
✔ defense allocation preserves native caps, immediate empty-area cleanup and recycled scratch (0.669794ms)
✔ active defense suppression uses strict squared26 and wrapped cell distance (0.227868ms)
✔ native defense no-force fallback is a finite seven-visit lifecycle (0.57356ms)
✔ defense cleanup clears only matching assignment and native flag bits while preserving another lock (43.341838ms)
✔ lost early defense targets are invalidated before a different task dispatch (32.269507ms)
✔ defense Blast uses signed active-person height for native and flight-owned Shamans (194.662317ms)
✔ defense Blast reads active native, flight and non-presented fight positions in both range directions (160.52962ms)
✔ defense target collection preserves category caps, rejection rules and the omitted last spiral cell (0.840667ms)
✔ ordinary Mission3 intrusion produces a real type8 fallback, cleanup, repeat and checkpoint continuation (1408.627617ms)
✔ ordinary Temple acquisition and Preacher intrusion recruit a real Chumara defender with orders and movement (3958.940076ms)
✔ Mission 3 naturally trains a Blue Preacher, converts an authored Brave and resumes its mid-conversion checkpoint (4645.884161ms)
✔ a real movement command cancels the naturally acquired Blue sermon without converting its listener (2366.821186ms)
✔ natural Mission 3 conversion follows elapsed game time across display schedules (4723.908009ms)
✔ Mission 3 opens through original Chumara, Swarm, Temple and Erosion paths (4174.132949ms)
✔ single Preacher selector preserves native first-near/band order and strict distance boundaries (2.825182ms)
✔ single-person strict19 boundary, wrap, mode0 and invalid mode match native cases (0.392032ms)
✔ type11 waits for selection ownership and cancellation safely releases state14 and slot (141.863272ms)
✔ duplicate raw payload and failed allocator preserve native selection side effects (87.832264ms)
✔ Preacher allocator preserves native five-slot/state/signed-count boundaries (0.588624ms)
✔ 1103 replacement preserves all person/order state on allocation exhaustion (105.087964ms)
✔ natural Chumara training reaches marker3 Preacher task, checkpoint phases and movement (3571.001379ms)
✔ complete128-turn block preserves strict gates, command ordering and message lifetime (1.171117ms)
✔ 1103 retargets only active order30 in native state10/33 without restarting state (308.839ms)
✔ cancelled blocked-state Preacher resets motion before the native state gate (39.719105ms)
✔ Mission 3 warns once when a naturally trained Chumara Preacher starts converting a Blue Brave (7011.647249ms)
✔ Mission3 authored raid allocation matches original: nominal accepted fixture (2.430606ms)
✔ Mission3 authored raid allocation matches original: state20 disabled (0.30341ms)
✔ Mission3 authored raid allocation matches original: one active raid reaches authored cap1 (0.108842ms)
✔ Mission3 authored raid allocation matches original: all ten slots occupied by other tasks (0.342118ms)
✔ Mission3 authored raid allocation matches original: only final slot free (0.153918ms)
✔ Mission3 retains loaded Shaman origin for loaded-cell-shaman-moved (4.208053ms)
✔ Mission3 retains loaded Shaman origin for loaded-cell-shaman-absent (0.293265ms)
✔ Mission3 retains loaded Shaman origin for loaded-cell-shaman-moved after checkpoint (0.227878ms)
✔ Mission3 retains loaded Shaman origin for loaded-cell-shaman-absent after checkpoint (0.224463ms)
✔ Mission3 recruitment preserves original common-origin-control (1.600955ms)
✔ Mission3 recruitment preserves original no-base-authored-coordinates (0.480213ms)
✔ Mission3 recruitment preserves original established-base-distinct (1.947215ms)
✔ Mission3 recruitment retains a valid established base at cell zero (0.275338ms)
✔ Mission 3 starts its original recurring-script flyby through ordinary turns (2632.729228ms)
✔ Mission 3 Chumara builds its settlement and trains its first Preacher (2446.601288ms)
✔ Mission 4 starts its original opening flyby once through ordinary turns (1227.581404ms)
✔ Mission 4 teaches training and attack from its original live conditions once (88.462707ms)
✔ Mission 4 converts Wildmen, discovers the Guard Tower, and defeats the Matak (9534.412563ms)
✔ Mission 5 Angel head delivers its linked hostile summon through live worship (855.063458ms)
✔ Mission 5 checkpoint migration upgrades an explicit mode-5 legacy Angel without changing gameplay state (98.452498ms)
✔ Mission 5 checkpoint migration recovers an absent authored mode before upgrading the Angel model (33.97989ms)
✔ Mission 5 checkpoint migration adds only the previously omitted Angel head (96.072957ms)
✔ Mission 5 imports its linked Boat template from the verified native coordinates (2.039396ms)
✔ Mission 5 runs its imported opening flyby once through ordinary turns (2380.943535ms)
✔ Mission 5 launches its original ordinary raid when the player reaches the Angel head (877.922638ms)
✔ Mission 5 launches its surviving Dakini at the player Shaman (136.0067ms)
✔ Mission 5 staffs its original Dakini tower with a Preacher (186.249201ms)
✔ Mission 6 keeps both original opponents distinct through outcome and checkpoints (759.690131ms)
✔ Mission 6 credits each opponent attack task independently (82.818594ms)
✔ Mission 6 low-population survivors counterattack the player Shaman (290.94851ms)
✔ Mission 6 Chumara trains Preachers and launches its first mixed raid (24750.867819ms)
✔ Mission 6 opponents expand and Matak launches its first Warrior raid (27692.172638ms)
✔ Mission 6 ATTACK snapshots the native three-spell payload and keeps old tasks compatible (1.086431ms)
✔ type-20 sixth ATTACK quota selects exactly the tribe Shaman outside the generic selector (0.453202ms)
✔ Mission 6 first Matak ATTACK retains source-derived Land Bridge, Lightning, Blast order (24498.873737ms)
✔ Mission 6 phase-6 task Shaman uses native payment, eligibility, usage and range gates (195.290546ms)
✔ Mission 6 phase-6 task spell uses task target outside Shaman states 25/29 (105.880207ms)
✔ Mission 7 converts Wildmen and grants Invisibility through its original head (1493.69331ms)
✔ Mission8 natural acceptance starts from the shipped seven-person Blue and eleven-person Red roster (115.772232ms)
✔ Mission8 attack staging is a land order for the original party, not a transport or worship prerequisite (130.382196ms)
✔ shared ground → training → destination queues retain identities until conversion and inherit the original tail (939.735897ms)
✔ shared ground → construction → destination queues retain identity and resume after the crew leaves (170.829341ms)
✔ cancelled, invalid, removed and dead queued builders release command-6 ownership exactly once (626.599474ms)
✔ a waypoint added while trainees are inside preserves occupancy; ordinary hut admission consumes the complete queue (452.244965ms)
✔ unavailable or cancelled buildings advance to the next order; replacement and death release shared references (458.575801ms)
✔ mixed movement, training, inherited orders, RNG and footprints match from 5 to 240 Hz and irregular frames (1336.087821ms)
✔ building order preparation matches complete original CPU calls (0.806436ms)
✔ reinforcements and new encounters retain the same person and resume ground, building and worship orders (1441.12677ms)
✔ replacing or killing a reinforcement releases every retained command reference (272.96325ms)
✔ a displaced fighter retains its queue and a split keeps both followers’ original records (278.324082ms)
✔ combat interruption and resumed orders preserve simulation and poses across render rates (917.779147ms)
✔ combat removes a waiting trainee from its physical line while retaining its training order (142.724596ms)
✔ native model wave uses half, quarter, eighth strength then resets (7.983864ms)
✔ live waves retain first-hit deformation on resource scenery (137.536309ms)
✔ move input eligibility matches native category, strict-land and quarter-mask captures (11.084544ms)
✔ blocked move clicks preserve the whole selected group, shared orders, markers and RNG (179.200454ms)
✔ Markdown sections retain ancestry, repetitions, CRLF boundaries, and ignore fenced headings (2.971458ms)
✔ manifest validation accepts reviewed data and rejects duplicate IDs, missing paths, invalid parity references, and unsafe paths (120.141634ms)
✔ index is deterministic, clean without a cache, ignored when written, and regenerates after source changes (115.053885ms)
✔ index and context reject an indexed source symlink that escapes the repository (54.587102ms)
✔ repository validation requires one current top-level execution-order heading (35.457663ms)
✔ context returns bounded provenance, limitations, checks, and visible source truncation (62.149806ms)
✔ context output saves current JSON and rejects silent option mistakes (77.493123ms)
✔ preparation is independent of retired local status state (56.086386ms)
✔ native research packets grant only a contract-allowed ignored scratch directory (129.39796ms)
✔ role context carries a validated bounded assignment and explicit overflow (288.643936ms)
✔ reviewer context fingerprints the actual dirty, renamed, deleted, and untracked inputs (98.1182ms)
✔ real mapped evidence excerpts retain their material performance boundaries (4355.687843ms)
✖ Shaman appearance context keeps its complete checks and evidence within the default budget (1296.729541ms)
✔ Followers task context retains complete checks without bloating selection context (609.323102ms)
✔ plan handles cross-cutting edits, renames, deletions, untracked and unsafe inputs without executing checks (115.755311ms)
✔ audit distinguishes baseline edits and reports out-of-scope, generated, input, untracked, and stale verification changes (158.281745ms)
✔ audit reports a pre-existing baseline change that disappears (115.656534ms)
✔ audit requires exactly one result for every required check (120.569257ms)
✔ blocked verification cannot masquerade as passing and passed results require evidence (121.892055ms)
✔ game server rejects an invalid isolated port (0.685687ms)
✔ preparation captures real baseline and hashes, validates intent, and refuses overwrite (304.695193ms)
✔ verification persists completed checks across interruption and replaces old passes at startup (152.044252ms)
✔ verification replaces a required receipt invalidated by a changed check definition (347.584676ms)
✔ reviewed aggregate coverage executes once, fingerprints covered inputs, and fails closed on script drift (447.855744ms)
✔ orchestration-tests receipts become stale when worker configuration changes (292.817957ms)
✔ repository-check receipts become stale when worker configuration changes (368.07393ms)
✔ verification runs only safe contract checks, records blocking, and detects mutations (639.394556ms)
✔ ephemeral default stays opt-in; persistent launch keeps sandbox and explicit data-dir (2.046887ms)
✔ unknown personal, noncanonical, existing unmarked and symlink directories fail before adoption (16.729278ms)
✔ symlink ancestor and evidence overlap are rejected (11.107979ms)
✔ an output symlink cannot alias profile data before preflight creates logs (11.967144ms)
✔ exclusive live and unknown locks are never recovered, and failed cleanup keeps ownership (23.401827ms)
✔ normal terminal cleanup retains checkpoint identity across a new exclusive run (23.328058ms)
✔ source/runtime/origin drift cannot silently adopt a game save (37.008678ms)
✔ symlinked source bytes and external or ignored scenarios cannot bypass input binding (22.011615ms)
✔ checker-only correspondence must bind prior run and both exact source identities (23.89554ms)
✔ unverified source and changed terminal ownership remain blocked (17.381285ms)
✔ lease refuses a replaced lock and leaves that owner untouched (12.279957ms)
✔ leftover Chromium ownership and replaced data directory block reuse (25.359982ms)
✔ committed readback is readonly, awaits completion, and hashes typed arrays/Map/Set contents (114.75666ms)
THREE.InterleavedBufferAttribute.clone(): Cloning an interleaved buffer attribute will de-interleave buffer data.
✔ painter centers retain precision and follow position replacement and updates (3.814199ms)
✔ construction caps replace face modes and hidden picking faces emit no material (1.564401ms)
✔ cell render order matches native mixed passes and retained arrival order (70.896813ms)
✔ cell traversal preserves live ordering when a stale chain entry is encountered (0.643204ms)
✔ mixed polygon buckets, reverse insertion ties and raster depths match native captures (3.24908ms)
✔ completed models reject native rear faces and shared side/bottom outcodes (0.693008ms)
THREE.InterleavedBufferAttribute.clone(): Cloning an interleaved buffer attribute will de-interleave buffer data.
✔ shared painter vertices follow attribute edits, splits and replacement (3.581483ms)
✔ native grid mapping matches exact XYZ mapping and rejects split heights or irregular coordinates (0.473923ms)
Unrecorded ledger change: run parity:record with a note
✔ parity credits verified scope only and rejects misleading or untraceable assessments (52.926929ms)
✔ report-only rendering refuses unrecorded parity progress (199.57187ms)
✔ verified requirements advance a fixed checkpoint share without hiding unknown scope (18.35495ms)
✔ assessments expose small gains and regressions without crediting scope revisions (78.99128ms)
✔ browser supervisor verifies cleanup after a missing checker dependency (315.891257ms)
✔ browser supervisor does not start the checker while the server port refuses connections (1241.320455ms)
✔ browser supervisor verifies cleanup after a checker exception (312.324607ms)
✔ browser supervisor classifies server spawn failure and verifies empty cleanup (16.873623ms)
✔ browser supervisor stops the checker when the ready server exits (685.267446ms)
✔ browser supervisor SIGTERM includes a detached checker descendant (915.566701ms)
✔ concurrent submitters and controllers preserve FIFO without overlap (1382.337417ms)
✔ failed and timed-out jobs release before automatic next job (1813.789977ms)
✔ cancel running and queued jobs without running queued command (1003.064288ms)
✔ missing cleanup blocks handoff, recovery requires a fresh matching receipt (981.826643ms)
✔ live detached child prevents next test and is never killed by the queue (1456.96445ms)
✔ controller crash retains lock; recovery refuses live owner or job (1546.25571ms)
✔ foreign or missing execution scope cannot prove a controller stopped or authorize recovery (779.960868ms)
✔ legacy active jobs remain unknown even with no controller lock (611.626078ms)
✔ paused submissions start no transient controller before recovery (929.464471ms)
✔ source drift and busy ports block commands without touching existing server (628.23723ms)
✔ all linked worktrees resolve the same queue; invalid specs never launch (412.63309ms)
✔ submission preserves PATH under an ESM temp parent and returns one compact result (1773.018613ms)
✔ concurrent identical retries share one unfinished job; completed work can run again (1371.126995ms)
✔ run exposes a recovery ID before caller interruption; retry keeps the running job (795.923869ms)
✔ person panels preserve native command traversal, health and original draw submissions (4.204287ms)
✔ person-panel lifetime matches native refresh and remains independent of render rate (1.23999ms)
✔ order focus matches native targets and follows the displayed queue record (0.510126ms)
✔ destination marker preserves native attachment, frames and lifetime at every render rate (320.413117ms)
✔ panic and personal fire trails retain original timer, sound, anchor and allocation decisions (17.345041ms)
✔ burning huts eject running followers with distinct panic and trail lifetimes in all orientations (821.927243ms)
✔ panic motion, animation and fire trails are independent of presentation frame rate (320.922869ms)
✔ native building flames traverse matching cells in order, including repeated sockets and failed allocations (29.150904ms)
✔ live flame-cell adapter preserves protected followers, immunity, tribe and hidden occupants (27.022177ms)
✔ real Lightning ignition reaches nearby surviving followers before occupant evacuation (35.556507ms)
✔ ordinary clicks replace only new selections; Ctrl toggles and blocked clicks preserve the group (2.154175ms)
✔ selection never creates a simulation owner or interrupts existing group orders (172.177054ms)
✔ all native single/group selection voices and pointer acknowledgements are ready before audio activation (13.288934ms)
✔ worship placement preserves native two-pass search, occupancy, route order and failure flags (14.920915ms)
✔ worship command preserves native approach, prayer, retry and presentation RNG decisions (8.903959ms)
✔ ordinary stone-head visits expire the standing-slot cursor at the native byte timer (2.072925ms)
✔ construction-plan entrances, approach and timed attack sequences match native execution (22.784741ms)
✔ player append matches native shared references, cursor wrap, full queues, eligibility and pool exhaustion (24.337915ms)
✔ ground, building and forced-final worship modifiers and eighth-order deselection match complete native player packets (0.865774ms)
✔ replacement preserves prior orders when the shared pool is full (0.683103ms)
✔ sprite pointer brackets match native palette, two/four-layer geometry and unsigned animation wrap (3.375296ms)
✔ native conversion delay uses the recovered 200/3 timing basis (1.372986ms)
✔ a full order pool does not stop a moving Preacher without attaching its sermon (76.926515ms)
✔ inside command 31 binds its building and uses the native five-cell sermon radius (68.750965ms)
✔ conversion moves a newborn outside a building footprint before centering it (60.129074ms)
✔ sermon poses preserve native multi-turn RNG timing (29.407793ms)
✔ an idle preacher sermons, converts by replacement, and releases listeners on a new order (357.058052ms)
✔ preacher conversion is independent of display refresh rate (450.746641ms)
✔ queued command 31 rewrites to friendly building entry or ground movement (48.828939ms)
✔ live sermon selects original source176 with the shared cosmetic RNG and returns on its logical boundary (238.305311ms)
✔ source176 checkpoints preserve active ownership, phase and RNG without a second birth (166.507027ms)
✔ live sermon selects original source184 with the shared cosmetic RNG and returns on its logical boundary (155.960089ms)
✔ source184 checkpoints preserve active ownership, phase and RNG without a second birth (146.708154ms)
✔ live entry and loop setters restore first-frame delay and loop assignment without clearing other bits (100.637007ms)
✔ unsuccessful gesture decisions advance the shared cosmetic stream once without taking simulation randomness (182.273176ms)
✔ a paused logical clock preserves an active gesture and presentation visits do not advance it (87.946771ms)
✔ flight and encounter owners suppress the detached sermon animation; ordinary movement supersedes it (88.552069ms)
✔ live blue sermon for player tribe0 requests cue51 with its actual owner (125.472741ms)
✔ live red sermon for player tribe0 requests cue189 with its actual owner (150.589313ms)
✔ live red sermon for player tribe1 requests cue51 with its actual owner (294.872759ms)
✔ newly acquired listeners do not retroactively request a sermon cue (71.75136ms)
✔ both sermon cue families have actual sample preload coverage (2.642831ms)
✔ the live order dispatcher shares gesture ownership across commands17/31/32 (298.462795ms)
✔ live active preaching reaches emergency Blast priority (354.401416ms)
✔ live active preaching reaches emergency Swarm fallback (83.590818ms)
✔ live active preaching reaches emergency Lightning fallback (69.131698ms)
✔ emergency preaching response excludes no active assignment (64.493267ms)
✔ emergency preaching response excludes no live person record (101.240462ms)
✔ emergency preaching response excludes same tribe (59.062791ms)
✔ emergency preaching response excludes allied tribe (45.134839ms)
✔ emergency preaching response excludes invisible preacher (46.65942ms)
✔ emergency preaching response excludes caster cooldown (53.780664ms)
✔ emergency preaching response excludes no ready spell entry (49.02494ms)
✔ emergency preaching response excludes paused target scan (53.169858ms)
✔ emergency preaching response excludes no spell payment (49.298825ms)
✔ emergency preaching response excludes stored Lightning below its mana cost (43.120911ms)
✔ the independent enemy-Shaman response still spends stored Lightning without mana (42.594629ms)
✔ terminal command17 entry flag and all three composed phases match the frozen native record (5.607929ms)
✔ phase4 restart selects the native standing family without using route-cleaning stop (0.49916ms)
✔ phase4 pure stop preserves route ownership and cached-path state (0.316971ms)
✔ shared phase4 stop retains queue/building fields and the known command32 expiry behavior (0.628372ms)
✔ a following command still releases and returns before the new restart stop (0.456798ms)
✔ terminal mode0 turning now preserves the retained native RNG outcome (0.321618ms)
✔ shared sermon timer boundary: mode0 before cutoff (0.690424ms)
✔ shared sermon timer boundary: mode0 at cutoff (0.322879ms)
✔ shared sermon timer boundary: mode1 entry before cutoff (0.346424ms)
✔ shared sermon timer boundary: mode1 entry at cutoff (0.358241ms)
✔ shared sermon timer boundary: mode1 expiry before cutoff (1.137758ms)
✔ shared sermon timer boundary: mode1 expiry at cutoff (0.838194ms)
✔ shared sermon timer boundary: mode2 before cutoff off the decision counter (0.265884ms)
✔ shared sermon timer boundary: mode2 at cutoff off the decision counter (0.257963ms)
✔ shared sermon timer boundary: mode2 above cutoff (0.27651ms)
✔ shared sermon timer boundary: bit2 suppresses mode0 below cutoff (0.254548ms)
✔ shared sermon timer boundary: bit2 suppresses mode1 below cutoff (0.237042ms)
✔ shared sermon timer boundary: bit2 suppresses mode2 below cutoff (0.222831ms)
✔ shared sermon timer boundary: speed interruption remains outside the timer guard (0.33073ms)
✔ shared sermon timer boundary: flag4 interruption remains outside the timer guard (0.236581ms)
✔ shared sermon timer boundary: flag2000 interruption remains outside the timer guard (0.236661ms)
✔ real five-listener preaching caller preserves the original terminal turning cutoff (110.07978ms)
✔ failed allocation consumes the sole producer opportunity before a later spawn (399.656991ms)
✔ busy rejection consumes allocation identity but preserves the active wave and saved site (79.512743ms)
✔ site height follows native ground-then-quantize arithmetic (179.92472ms)
✔ mode2 uses native eligibility, panic, descriptor damage and RNG without Swarm filters (835.0676ms)
✔ protected transitions retain repeated native cell hits and consume no panic RNG (39.86679ms)
✔ a wave removes an older in-cell Swamp before it can process in the same turn (66.166057ms)
✔ mode2 cleanup keeps an outside Swamp and the next enemy receives panic (59.649543ms)
✔ ordinary death produces a next-turn wave that outlives successful respawn (495.629639ms)
✔ checkpoints preserve mode2 identity, sites, orbits, terrain and RNG without replay (808.262857ms)
✔ mode2 interrupts the real encounter owner while retaining its person and order queue (96.399571ms)
✔ ordinary Boat and Balloon boarding retain seats and deselect passengers under mode2 panic (314.384946ms)
✔ panic transfers a live building-entry queue and resumes it after expiry (196.62238ms)
✔ ordinary groups settle into native rings, compact on departure and retain status through new orders (1585.045404ms)
✔ group resting positions, facing, gestures and footprints agree at 5–240 Hz and irregular frames (1192.204928ms)
✔ exhausted resting search waits and retries its original anchor through state 10 (95.769422ms)
✔ route probes preserve native building, coast and vehicle endpoint correction (22.684372ms)
✔ failed-route initialization and retries match native fields, timing and ordered consumers (10.460107ms)
✔ disconnected groups stop, retain shared attack/waypoint orders, retry and resume after land connects (410.540417ms)
✔ route-failure notice keeps the original text and retriggers without tutorial history (112.378201ms)
✔ new orders and death release blocked commands; shaman failures use their own original voice (253.400041ms)
✔ blocked groups retry on simulation counters, with identical recovery and combat at 5–240 Hz (1340.497507ms)
✔ blocked building-entry owners resume the same person and finish ordinary admission (198.118151ms)
✔ real command8 full occupancy emits an original-frame child without scene-owned RNG (1566.258972ms)
✔ equal elapsed turns preserve secondary state across frame schedules with no bolt draws (296.796754ms)
✔ legacy missing-history roots bootstrap on first render without inventing past visits (240.439975ms)
✔ full roots copy the allocation byte and defer newly prepended children (2.452868ms)
✔ all byte phases and low-five-bit outcomes use the proved root gate (129.253867ms)
✔ actual UI reservations participate in inclusive gates after the root RNG draw (1.281301ms)
✔ marker expiry and child allocation share the same newest-first traversal (0.774369ms)
✔ children keep their own sixteen visits after the root is removed (1.016949ms)
✔ native free-list reuse and checkpoint reconstruction preserve physical slot ownership (0.740909ms)
✔ panel and preview reservations are derived from live adapter owners (1.904415ms)
✔ legacy marker overflow cannot leave ownerless immortal effects after restore (1.921751ms)
✔ browser capture retains the same live puff across ordinary Pause latency (4.324886ms)
✔ selection terrain mesh matches the executable with documented seven-point fan repairs (1084.341773ms)
✔ selection fill/edges/corners retain native visibility, depth, UV and shared-corner ownership (32.07709ms)
✔ Shaman import preserves every prior frame, piece and animation entry (63.956576ms)
✔ actual tribe selects every native Shaman source and eight original directions (1.932967ms)
✔ Shaman idle artwork uses all four distinct original body pieces (0.180127ms)
✔ reincarnation distinguishes tribe bodies from shared spirit sources and layer owners (0.244913ms)
✔ shipped live and effect renderers consume the Shaman selector without changing generic mechanics (0.484879ms)
✔ all 3276 previous occupied sprite rectangles retain their reviewed RGBA (113.248799ms)
✔ real Mission 23 Shaman identity and death heading survive checkpoint reconstruction (1128.064106ms)
✔ first and second actual presentation visits display 0 then 1, not 1 then 2 (1103.146476ms)
✔ normal processed phases reset, loop independently of simulation, then freeze and hide (269.228752ms)
✔ new checkpoints retain shown/next frames; legacy checkpoints start at a bounded deterministic frame (111.302523ms)
✔ pause and native land-pause freeze the latch as well as the counter (12.19555ms)
✔ render schedules and effect-only animation cannot change gameplay, either RNG or respawn (6407.781948ms)
✔ ordinary combat death finishes existing wait and respawn without a duplicate effect (309.387747ms)
✔ ordinary Shaman phase1 follows both rising and lowering death-site ground (912.193765ms)
✔ the last processed phase1 sample survives checkpoint, transition and rise (235.858665ms)
✔ phase0 retains the death height until the first processed phase1 visit (15.567442ms)
✔ a direct drowning-entry fixture rises from its initial height without phase1 resampling (22.881119ms)
✔ model-12 rise freezes the last original spirit frame for all tribes and bearings (4.320739ms)
✔ death-site visibility follows the existing land and drowning lifecycles without changing them (83.925315ms)
✔ earlier body/transition poses retain their existing renderer behavior (0.482806ms)
✔ the live caller applies the bounded presentation only to model-12 reincarnation effects (0.921627ms)
✔ G queues one shared native guard and repeat replaces it without early preparation (366.369179ms)
✔ G empty selection cancels adopted guards through the next native visit (237.010453ms)
✔ G Shaman-only selection cancels adopted guards through the next native visit (260.30135ms)
✔ native G retains the ordinary move owner and route until its deferred turn (124.759684ms)
✔ same-turn move replacement discards G before the legacy resting initializer (135.325015ms)
✔ same-turn attack replacement discards G before the legacy resting initializer (187.322802ms)
✔ same-turn worship replacement discards G before the legacy resting initializer (179.725244ms)
✔ same-turn entry replacement discards G before the legacy resting initializer (126.669788ms)
✔ pending G replacement survives pause and checkpoint (131.794831ms)
✔ pending G cancellation survives pause and checkpoint (151.560373ms)
✔ G exhaustion still clears and attaches slot zero then retries after cleanup frees a slot (100.098251ms)
✔ target entering a vehicle with inside still null completes the saved guard order (131.570198ms)
✔ ordinary Shaman Tower entry retains Guard and resolves its building outside point (137.586222ms)
✔ actual deferred G setters match native phase vector G-retain-deselect-1-3 (131.035576ms)
✔ actual deferred G setters match native phase vector G-retain-deselect-7-5 (115.794029ms)
✔ actual deferred G setters match native phase vector G-retain-deselect-0-2 (102.004629ms)
✔ protected preparation and passenger early-return retain pending ownership until actual adoption (99.018809ms)
✔ protected cancelled state10 retains ownership until its empty-queue transition really occurs (103.557874ms)
✔ death anchors to the saved Shaman in another cell before cleanup (107.863896ms)
✔ class0 anchors to the saved Shaman in another cell before cleanup (93.368473ms)
✔ vehicle anchors to the saved Shaman in another cell before cleanup (77.307557ms)
✔ cancel anchors to the saved Shaman in another cell before cleanup (79.73277ms)
✔ saved Shaman identity does not retarget when the current Shaman is replaced (103.02931ms)
✔ legacy boolean checkpoints retain their old targetless history until supported fresh input (270.878167ms)
✔ flight single selection retains the entire legacy G operation (223.782128ms)
✔ flight mixed selection retains the entire legacy G operation (101.369225ms)
✔ fight single selection retains the entire legacy G operation (112.779722ms)
✔ fight mixed selection retains the entire legacy G operation (91.082469ms)
✔ entry single selection retains the entire legacy G operation (98.807546ms)
✔ entry mixed selection retains the entire legacy G operation (108.038177ms)
✔ builder single selection retains the entire legacy G operation (116.033496ms)
✔ builder mixed selection retains the entire legacy G operation (98.476651ms)
✔ passenger single selection retains the entire legacy G operation (97.251194ms)
✔ passenger mixed selection retains the entire legacy G operation (101.636455ms)
✔ work single selection retains the entire legacy G operation (95.906266ms)
✔ work mixed selection retains the entire legacy G operation (83.646794ms)
✔ gather single selection retains the entire legacy G operation (126.342405ms)
✔ gather mixed selection retains the entire legacy G operation (98.804482ms)
✔ delivery single selection retains the entire legacy G operation (112.952824ms)
✔ delivery mixed selection retains the entire legacy G operation (134.583022ms)
✔ casting single selection retains the entire legacy G operation (123.105355ms)
✔ casting mixed selection retains the entire legacy G operation (112.661512ms)
✔ legacy single selection retains the entire legacy G operation (110.423849ms)
✔ legacy mixed selection retains the entire legacy G operation (108.02684ms)
✔ legacy path single selection retains the entire legacy G operation (83.080675ms)
✔ legacy path mixed selection retains the entire legacy G operation (84.287875ms)
✔ different route owner single selection retains the entire legacy G operation (60.904767ms)
✔ different route owner mixed selection retains the entire legacy G operation (58.907115ms)
✔ native Brave guards do not fall into legacy automatic housing while near the Shaman (79.817026ms)
✔ G replacement/cancellation have identical turn ownership at ordinary and irregular refresh schedules (159.252187ms)
✔ native G producer: shared-two-followers-repeat-and-partial-replacement / G allocates one shared command30 (18.066075ms)
✔ native G producer: shared-two-followers-repeat-and-partial-replacement / G repeats while both selected (3.50697ms)
✔ native G producer: shared-two-followers-repeat-and-partial-replacement / G replaces only selected first follower (15.849328ms)
✔ native G producer: shared-order-no-follower-selection-cancellation / G creates (1.25468ms)
✔ native G producer: shared-order-no-follower-selection-cancellation / Shaman-only G cancels both adopted guards (1.340407ms)
✔ native G producer: queued-not-adopted-no-selection / G queues (3.068809ms)
✔ native G producer: queued-not-adopted-no-selection / G without non-Shaman selection before adoption (1.341139ms)
✔ native G producer: exhausted-pool-no-old-order / G allocation fails separately for both followers (3.509654ms)
✔ native G producer: exhausted-pool-clear-frees-slot-for-later-person / first failure clears old1, later retry succeeds and third shares (3.557784ms)
✔ native G producer: last-free-slot-wrap-is-shared / G uses last free slot once (2.398166ms)
✔ native G producer: producer-selected-dead-flag / raw selected non-Shaman-pointer still receives command30 (2.110369ms)
✔ native G producer: producer-selected-protected / raw selected non-Shaman-pointer still receives command30 (1.066301ms)
✔ native G producer: producer-selected-airborne / raw selected non-Shaman-pointer still receives command30 (1.295987ms)
✔ native G producer: producer-selected-ghost / raw selected non-Shaman-pointer still receives command30 (1.334088ms)
✔ native G producer: producer-selected-removed-class / raw selected non-Shaman-pointer still receives command30 (1.657878ms)
✔ native G producer: producer-selected-other-model7 / raw selected non-Shaman-pointer still receives command30 (6.371566ms)
✔ native G producer: producer-selected-training-state21 / raw selected non-Shaman-pointer still receives command30 (0.662482ms)
✔ native G producer: vehicle-passenger-selection-retain1 / G selected passengers (0.662042ms)
✔ native G producer: absent-current-shaman-does-not-issue-or-cancel / no Shaman pointer with selected followers (0.71531ms)
✔ native G producer: absent-current-shaman-does-not-issue-or-cancel / restore Shaman and issue (0.756752ms)
✔ native G producer: absent-current-shaman-does-not-issue-or-cancel / no Shaman pointer with existing guards (4.933304ms)
✔ native G producer: stale-shaman-pointer-dead / producer still emits target73 (0.713388ms)
✔ native G producer: stale-shaman-pointer-class0 / producer still emits target73 (0.730493ms)
✔ native G producer: stale-shaman-pointer-vehicle / producer still emits target73 (0.754279ms)
✔ native G producer: saved-target-is-not-rebound-by-tribe-shaman-replacement / G targets original73 (0.640009ms)
✔ native G producer: saved-target-is-not-rebound-by-tribe-shaman-replacement / new explicit G targets replacement74 (5.468407ms)
✔ native Guard distance: near-axis0-delta-824 (0.423548ms)
✔ native Guard distance: near-axis0-delta-823 (0.093709ms)
✔ native Guard distance: near-axis0-delta823 (0.067059ms)
✔ native Guard distance: near-axis0-delta824 (0.112798ms)
✔ native Guard distance: near-axis1-delta-824 (0.062573ms)
✔ native Guard distance: near-axis1-delta-823 (0.061781ms)
✔ native Guard distance: near-axis1-delta823 (0.08789ms)
✔ native Guard distance: near-axis1-delta824 (0.06742ms)
✔ native Guard distance: signed-edge-person32767-target32768 (0.080089ms)
✔ native Guard distance: signed-edge-person32768-target32767 (0.116462ms)
✔ native Guard distance: signed-edge-person0-target32768 (0.075051ms)
✔ native Guard distance: signed-edge-person32768-target0 (0.054812ms)
✔ native Guard distance: signed-edge-person65535-target0 (0.057795ms)
✔ native Guard distance: signed-edge-person0-target65535 (0.054972ms)
✔ native Guard distance: signed-edge-person32768-target33591 (0.057165ms)
✔ native Guard distance: signed-edge-person32768-target33592 (0.078316ms)
✔ native Guard distance: signed-edge-person32768-target31945 (0.08108ms)
✔ native Guard distance: signed-edge-person32768-target31944 (0.091105ms)
✔ native Guard distance: replan-axis0-delta-440 (0.089633ms)
✔ native Guard distance: replan-axis0-delta-439 (0.121049ms)
✔ native Guard distance: replan-axis0-delta439 (0.066709ms)
✔ native Guard distance: replan-axis0-delta440 (4.200408ms)
✔ native Guard distance: replan-axis1-delta-440 (0.162941ms)
✔ native Guard distance: replan-axis1-delta-439 (0.084506ms)
✔ native Guard distance: replan-axis1-delta439 (0.088942ms)
✔ native Guard distance: replan-axis1-delta440 (0.125365ms)
✔ native Guard distance: replan-signed-edge-goal32767-target32768 (0.07462ms)
✔ native Guard distance: replan-signed-edge-goal32768-target32767 (0.06073ms)
✔ Magical Shield protects six nearby followers for the native lifetime (116.356568ms)
✔ old checkpoints default new Shield stock without disturbing their world (62.609395ms)
✔ normal early mission data selects each original backdrop and both cloud layers (67.440987ms)
✔ same-bank Mission 10 uses the same p sky set without mission-number overrides (3.623241ms)
✔ previous bank d and g sky modes and unhandled banks remain unchanged (1.987857ms)
✔ early mission sky PNGs preserve exact original bytes (188.671453ms)
✔ camera horizons preserve original sky dispatch coordinates and fade (4.201052ms)
✔ continuous sky retains native wind rates and is invariant to segment subdivision (16.851938ms)
✔ spell button artwork, positions and charging fills match native draws (16.303554ms)
✔ all six original Shield/Bloodlust descriptor frames have real atlas rectangles (1.364544ms)
✔ ready, inactive, hover and selected states use the original descriptors, not Unicode or guessed frames (0.681821ms)
✔ authored Mission16 already exposes both sprites without forced availability or stock (109.448365ms)
✔ the original undiscovered spell question mark follows the accepted six-frame append (0.306074ms)
✔ all shipped spell descriptor icons remain available after the append (0.2292ms)
✔ HudSprite no longer substitutes a text glyph and still rejects unknown resources (0.464619ms)
✔ fresh and later missions use the native owned/reward-source/cast-permission precedence (182.689947ms)
✔ restart and checkpoint restore reproduce fresh Mission 1 HUD visibility (173.616152ms)
✔ owned stock wins over the mission-load discovery mask (46.153184ms)
✔ undiscovered art is the native HFX1056 branch and visible-disabled keeps normal art (0.587291ms)
✔ unit atlas retains reviewed tribe/state/direction layers when new models append (199.408342ms)
✔ brave carry animations retain the baked timber body layer (0.396458ms)
✔ default burst draws match all 32 retained original birth records (2.790449ms)
✔ burst initializer composes with SpellTrail through all 139 retained native visits (6.035272ms)
✔ ordinary Mission 1–3 startup assigns each observed draw to the native angle owner (654.942596ms)
✔ observer forwards each original render receiver, arguments and exact result without a synthetic call (2.37324ms)
✔ observer propagates the exact original render exception and never takes a successful-frame sample (1.669577ms)
✔ diagnostic identity and readback errors remain bounded without changing original render results (1.097598ms)
✔ observer refuses to overwrite a later renderer owner during close (0.220647ms)
✔ three captures use the actual same-call state and wait for a moved burst particle (0.839966ms)
✔ pre-Mission discovery binds the owned loading scene without starting or drawing it (0.93025ms)
✔ pre-Mission discovery retains failed guard facts without installing or changing the world (0.402457ms)
✔ closing an unbound pre-Mission observer disconnects discovery and prevents later capture (0.264262ms)
✔ pre-Mission discovery waits for matching refs after the first canvas mutation (0.484158ms)
✔ base149 retains 51 original faces and existing atlas coverage without key model slots (5.471006ms)
✔ authored default149 roots and linked Mission10 Totem select the base mesh (467.341826ms)
✔ spell45, Obelisk8, Angel157 and Vault154 remain outside static149 (138.565444ms)
✔ source qualification rejects ambiguous identity, reward flags, missing links and scenery (50.611876ms)
✔ old null/absent presentation and new checkpoints derive149 without mutating saved state (124.25139ms)
✔ static presentation never replaces a different model or an active morph family (49.037873ms)
✔ only reward-derived model45 sources are initialized; unrelated head families and Vault remain separate (220.949443ms)
✔ enabled idle cycles18native animation visits without followers; hold/refill retain the original counter rules (0.659838ms)
✔ raw keypoints use base45indices/scale rather than endpoint face layout; all18cached outputs are distinct (10.514281ms)
✔ presentation pauses with world and native land pause without touching simulation or RNG (51.617959ms)
✔ normal authored worship earns Bridge stock while presentation leaves the entire gameplay state unchanged (274.500178ms)
✔ exhausted trigger does not remove its independent enabled decorative model45 animation (107.681991ms)
✔ mid-animation new checkpoint keeps phase and old optional-field checkpoint restores safely without rewards (43.483967ms)
✔ multiple heads keep separate state while30/60/120/144Hz and irregular schedules share one animation timeline (507.564084ms)
✔ shipped scene updates ordinary head positions byphase and leaves Vault on the existing path (1.297884ms)
✔ disable and refill within one presentation interval reset once without advancing the clock (0.435155ms)
✔ authored45 constructors retain the original logical animation gate (81.173043ms)
✔ ordinary body frames wait for logical turns without changing the24Hz presentation clock (84.169546ms)
✔ each catch-up controller and observer sees the prior body frame before one logical advance (45.367812ms)
✔ mode4 transition remains exclusively presentation-owned despite the gate bit (32.920885ms)
✔ lazy, post-turn allocated and removed bodies obey the completed-turn boundary (120.411666ms)
✔ legacy body checkpoints gain only the gate and a new Scene clock does not replay a turn (36.267617ms)
✔ disable and refill notifications retain raw phase then reset before their owned visit (30.849954ms)
✔ trigger exhaustion, pause, land pause and turn wrap preserve the separate decorative owner (28.580369ms)
✔ heading comes from the decorative scenery word, never trigger settings or model selection (2.581418ms)
✔ all16bits reach the angle-table mask and a missing producer is not treated as north (0.8161ms)
✔ linking uses the native512-unit cell, first scenery match and toroidal coordinate identity (0.534463ms)
✔ existing negative-Y scene rotation agrees with native heading basis; no camera or global offset is required (2.192131ms)
✔ Vault and unknown scenery keep their original angle; orientation lookup does not mutate saved gameplay (452.099801ms)
✔ both ordinary scene orientation consumers use the same helper; no other angle consumer changes (0.946703ms)
✔ real authored zero and high-byte headings survive the producer while saved trigger fields stay unchanged (243.583004ms)
✔ Swamp scans its native 3x3 footprint and honors victim and terrain gates (2.053815ms)
✔ Swamp uses one RNG draw, scans every fourth visit, and expires at ten kills (0.598498ms)
✔ the thirtieth same-tribe Swamp discards the oldest remaining controller (0.280306ms)
✔ live Swamp casting kills through the ordinary corpse path independently of refresh rate (308.002334ms)
✔ Swarm uses the supplied standalone original insect texture (2.362664ms)
✔ Swarm creation and first controller visit preserve original gameplay RNG and child fields (2.034056ms)
✔ Swarm first live visit allocates children before wandering begins on the second visit (93.374615ms)
✔ Swarm final fifteen controller visits progressively remove children before expiry (0.778284ms)
✔ Swarm reveals disguised Spies on panic and panic-protected non-removal paths (112.338181ms)
✔ confirmed invented generic and Angel success strings are not emitted (285.449996ms)
✔ Swarm follows player and computer cast paths with native insects, victim cadence, and lifetime (663.506676ms)
✔ Mission 2 naturally funds the Matak Shaman and casts Swarm through player orders (3706.638126ms)
✔ terrain ambience matches complete native ground queues, including empty views and depth ties (19.146931ms)
✔ tree ambience camera offset and wrapped radius match complete native cell visits (4.768451ms)
✔ local lights match complete native allocation, movement and cleanup captures (385.340994ms)
✔ Blast owns immediate terrain light until its ninth turn, preserving occupancy and pause (139.021886ms)
✔ native height notifications retain object order, duplicate visits and touching building flags (11.500599ms)
✔ terrain edits notify nearby plans, revalidate original slope rules and release an invalid plan (211.317526ms)
✔ a large terrain edit indexes live people once while retaining dirty notifications (241.397463ms)
✔ terrain dirtiness resets live steering without replacing its route (54.489273ms)
✔ terrain texture endpoints match original Direct3D triangle submissions (2.572526ms)
✔ model atlas UVs match native texel centers and retain fractional/outside coordinates (2.58914ms)
✔ terrain submission covers the native cell gate across headings and seams (431.250451ms)
✔ terrain copies omit only tiles with no native-visible cell, including seams and expanded bounds (261.787024ms)
✔ timber search matches native cell order, fog, protected stock and two-pass queries (57.190386ms)
✔ shared timber caches match native allocation, expansion, routing, ownership and expiry (159.054306ms)
✔ an exhausted indexed-search pool postpones expansion without corrupting the cache (0.810622ms)
✔ terrain changes recheck nearby timber routes and live Land Bridge reaches the cache (1230.01037ms)
✔ live timber cost probes report routes and foreign territory without taking route ownership (108.227326ms)
✔ harvest clocks, transfer, scale and animation match original executable captures (3.168629ms)
✔ delivery waits, timber and construction stages match complete native calls (7.931403ms)
✔ Tornado replays native initialization, lifetime, carry and throw (4.939936ms)
✔ Tornado uses the native building protection and one-draw damage gate (0.834948ms)
✔ live Tornado casts, captures and throws independently of refresh rate (509.544782ms)
✔ tower admission uses rotated tribe sockets, ground membership and original one-shot occupant pose (3987.521755ms)
✔ a tower admits one follower and movement orders preserve elevation until physics resumes (131.803956ms)
✔ tower entry and held animation are deterministic at 5–240 Hz (516.548653ms)
✔ destroying an occupied tower releases its native record and display height (85.148412ms)
✔ a tower Firewarrior autonomously attacks an eligible hostile on the tower cadence (110.957309ms)
✔ tower preachers hand occupancy to command 31 and cleanly leave or die (203.017982ms)
✔ tower panel matches every original one-slot draw trace (8.457613ms)
✔ tower panel selection preserves occupancy; ordinary orders leave without teleporting (625.43338ms)
✔ tower dismantling releases its occupant and only braves perform the work (604.55066ms)
✔ training exit orders match original coastal correction and building precedence (12.645306ms)
✔ training admits five visible residents and places overflow on native rotated queue sockets (919.59045ms)
✔ queue cancellation retains successors and occupant departure reuses the first empty slot (128.929073ms)
✔ checkpoint reload preserves a full training hut and its waiting queue without loss (196.933633ms)
✔ funded training replaces a complete batch, releases references and walks warriors out (194.366285ms)
✔ a funded Temple trains a native model-4 preacher and sends it outside (199.973497ms)
✔ a funded Spy Training Hut trains an original model-5 Spy and sends it outside (634.203025ms)
✔ queue movement, admission, conversion and shared references are independent of render rate (880.103075ms)
✔ already-trained warriors accept training orders and yield queue priority to new braves (127.180425ms)
✔ training append preserves all70 pre-existing original models, including vehicles (15.827706ms)
✔ all original training types and owners resolve to actual meshes, not Blue substitutes (1.648575ms)
✔ the five recovered training variants retain original geometry, color tiles and all stages (8.477855ms)
✔ authored Mission16/17/22 training assets and identities survive checkpoint reconstruction (295.486188ms)
✔ the live building factory opts into original training selection without tint or gameplay changes (0.719768ms)
✔ camp human group command retains visible admission interpolation (812.134924ms)
✔ camp shared command-8 retains visible admission interpolation (979.025362ms)
✔ temple human group command retains visible admission interpolation (465.876807ms)
✔ temple shared command-8 retains visible admission interpolation (513.857226ms)
✔ spyHut human group command retains visible admission interpolation (384.857203ms)
✔ spyHut shared command-8 retains visible admission interpolation (376.977821ms)
✔ firewarriorHut human group command retains visible admission interpolation (876.338917ms)
✔ firewarriorHut shared command-8 retains visible admission interpolation (452.156436ms)
✔ hidden admission, exit, replacement and explicit placement remain discrete (90.14931ms)
✔ native training panels preserve slots, selection, palette, frames and turn-driven feedback (19.308278ms)
✔ wide charge arithmetic never runs backwards or exceeds its frame at maximum training mana (17.734014ms)
✔ shipped disguise completes aboard Boat, holds and accepts another command (519.515037ms)
✔ Balloon passenger idle entry holds without advancing or consuming orders (87.528203ms)
✔ shipped Balloon disguise configures its command position and completes aboard (90.278712ms)
✔ Balloon raw-coordinate startup wraps payload words and retains unported encodings (62.244391ms)
✔ pending Balloon disguise checkpoint retains command position and resumes once (133.971759ms)
✔ occupied state30 checkpoint resumes countdown without reinitializing motion or RNG (82.954849ms)
✔ ordinary disembark clears vehicle and state30 returns to orders for one visit (49.970837ms)
✔ replacement disguise interrupts pending and partially completed aboard commands (45.957415ms)
✔ fractional reference uses exact rectangle coverage at edges and corners (2.144801ms)
✔ adjacent glyph elements composite their shared fractional edge sequentially (0.229591ms)
✔ disabled opacity combines with coverage while transparent source pixels preserve background (0.274327ms)
✔ source crop and nearest sampling retain native pixels without atlas bleed (1.202593ms)
✔ pinned fixed8 coverage and integer interpolation explain the opaque edge without fitting (0.180368ms)
✔ single-pixel fixed8 rectangles and straight-alpha output retain their separate contracts (0.138445ms)
✔ tree growth and complete replant searches match native captures (19.446709ms)
✔ depleted timber replants after its full delay and grows on its own phase (3671.823965ms)
✔ burning depletion also queues one replant without reviving the old tree (492.614963ms)
✔ Tutorial advances through Shaman selection into the authored Obelisk flyby (1872.033984ms)
✔ Tutorial restart recreates fresh script and view state (247.237554ms)
✔ overhead health gauges match native visibility, scaled-pose anchors and 24-pixel fills (1.880028ms)
✔ continuous positions follow captured native body/shadow interpolation (1.6786ms)
✔ every elapsed-time schedule reaches the same displayed position without changing simulation (929.493494ms)
✔ pause, endpoints, placement, entry, conversion and new people never replay stale movement (50.881294ms)
✔ Vault knowledge uses the original class-6/model-2 reward frames and socket (1.185228ms)
✔ Vault knowledge is present only while its authored reward source is active (0.457939ms)
✔ Mission 7 Vault knowledge uses occupied model-18 socket 1 placement (1.258036ms)
✔ Mission 3 Temple descriptor selects the native HFX identity (114.328225ms)
✔ Mission 3 marker glow owns a saved fourteen-frame cursor on the existing animation boundary (86.972302ms)
✔ ordinary Mission 3 Vault collection preserves payout while changing only world presentation (1708.063281ms)
✔ unrelated Vault and ordinary spell families retain their existing presentation owners (199.964926ms)
✔ a glow born on an animation boundary first displays frame zero before its next cursor (1001.227014ms)
✔ original class4 mesh selection distinguishes geometry from tooltip IDs (2.375102ms)
✔ vehicle-only import preserves all68 existing model records (21.305949ms)
✔ authored campaign vehicles retain mesh identity across checkpoint reconstruction (237.744193ms)
✔ normal boarding, exit and destruction retain original mesh rather than changing gameplay state (50.739083ms)
✔ the normal Balloon Hut producer creates the original144 appearance (69.270919ms)
✔ the shipped vehicle factory consumes original models, with no custom hull/envelope (0.644095ms)
✔ original vehicle owner textures use adjacent source tiles and retain local UVs (33.500225ms)
✔ Boat travel and exit keep registered passenger object-cell membership current (116.370644ms)
✔ Balloon travel and exit keep registered passenger object-cell membership current (88.675939ms)
✔ same-cell passenger sync preserves one linked membership and never allocates an unregistered person (54.318562ms)
✔ checkpoint clone retains passenger cell identity and wrapped exit reindexes without duplicates (55.694503ms)
✔ live vehicle damage keeps the native owner, special, signed and reset rules (114.963567ms)
✔ Blast reaches live vehicles and native destruction ejects passengers alive (86.409147ms)
✔ vehicle life and destruction survive checkpoint migration and reload (153.455812ms)
✔ success-bearing exit preserves existing public point API and real failure (110.245299ms)
✔ live panel selection only changes native selection flags and preserves unrelated selections/orders/RNG (93.410511ms)
✔ Boat and Balloon unload launch without teleporting, clear orders, and survive occupied/airborne checkpoints (95.500351ms)
✔ unload click rechecks speed, occupancy and terrain after rendered enabled state (49.440522ms)
✔ authored Mission22 Boat and Balloon unload retain launch until a living landing (148.181214ms)
✔ vehicle panel uses native kind9 geometry, disabled raw art and selection overlays (1.949992ms)
✔ raw disabled vehicle sprite alpha is85 while tail remains170 and normal art opaque (0.307446ms)
✔ vehicle selection keeps work on single, expands deselection, and Shift selects blocked mates (0.39097ms)
✔ passenger right-click has inspection semantics, while unload right-click is inert (0.135672ms)
✔ unload readiness refresh clears cached success at speed12 or failed terrain (0.138575ms)
✔ stale unload failure repeatedly clears only current driver orders, without teleporting anyone (0.583535ms)
✔ hover adds a native fill, never a false selected marker; pressed overlays palette130 (0.237482ms)
✔ horizontal viewport expansion preserves native depth and safe projection arithmetic (1038.814371ms)
✔ intermediate display footprint fills the observed bird-view cut without changing native camera state (5.490002ms)
✔ added display cells cover safe front-branch projected samples across zoom, rotation and torus fractions (86.625648ms)
✔ display bounds texture and CPU visibility share the same derived rows without feeding camera state (7.519702ms)
✔ visible cells match original traversal at boundaries and wrapped camera centers (1362.850773ms)
✔ Volcano replays its native terrain, emission and disruption lifecycle (4.752128ms)
✔ player and computer Volcano casts share the live controller and old saves migrate (234.981927ms)
✔ review bundle is independently readable from a non-overlapping local fixture (179.347423ms)
✔ review bundle rejects quoted secret fields and environment-secret files atomically (163.873874ms)
✔ decoded command-receipt stdout and stderr reject escaped secret JSON without exposing values (108.525663ms)
✔ double JSON-string wrappers in stdout and stderr reject secrets without echoing values (129.28971ms)
✔ benign nested JSON strings pass within depth and decoded-byte bounds (82.039896ms)
✔ decoded JSON recursion fails closed beyond depth or total decoded-byte bounds (176.277664ms)
✔ decoded JSON byte boundary accepts exactly the configured budget (104.904638ms)
✔ tracked deletion has an explicit expected deletion identity and rejects tamper or omission (318.816845ms)
✔ real-path canonicalization rejects source aliases and bundle outputs through source symlinks (146.406697ms)
✔ bundle verification is bound to caller-supplied identities and rejects traversal (134.600361ms)
✔ raw command receipts retain source head and complete stdout/stderr (271.08398ms)
✔ command receipts bind dirty source and explicit ignored inputs and invalidate drift (380.913944ms)
✔ receipt CLI preserves repeated input flags and rejects zero-exit input drift (557.122596ms)
✔ a killed foreground wrapper retains unknown state and raw output, never a pass (679.217575ms)
✔ retired status and binding commands are not exposed or coupled to verification (1.902401ms)
✔ live aggregate coverage includes every maintained workflow integrity suite (278.804655ms)
✔ native models 13 and 15 route only completed vehicle workshops into kind 6 (1.381769ms)
✔ Boat House kind-6 panel uses native 136x82 rows and hit targets (0.531318ms)
✔ Boat House work cells fill only at each complete native 100-work boundary (0.380534ms)
✔ Boat House reuses original dismantle and cancel control phases (0.195409ms)
✔ Balloon Hut kind-6 geometry derives 208x82 from native capacity and ten work cells (0.327996ms)
✔ Balloon Hut work cells fill only at each complete native 100-work boundary (0.223362ms)
✔ Balloon Hut reuses the original dismantle and cancel control phases (0.174038ms)
✔ followers cross the former crop and both world seams, then settle at every frame rate (7666.161428ms)
✔ direct attacks take the short route and engage across both world seams (183.225829ms)
✔ live heights and sprite grounding read native terrain outside the compatibility grid (106.897648ms)
✔ mixed picking follows captured native painter ownership and pixel edges (3.146267ms)
✔ live pointer eligibility uses the active record and recorded cell building (748.248209ms)
✔ ScenePicking re-resolves injected overlapping terrain candidates against the current painter command (315.676689ms)
✔ native selector body hierarchy retains all 25 worlds and first-three moons (3.014541ms)
✔ opening campaign availability reflects completion without hiding replay access (0.37089ms)
✔ native controller, particles, palette and ordered draw arguments: companion-seed1 (31.464238ms)
✔ native controller, particles, palette and ordered draw arguments: companion-seed12345678 (10.659491ms)
✔ native controller, particles, palette and ordered draw arguments: companion-initial-pause (8.950175ms)
✔ native controller, particles, palette and ordered draw arguments: companion-mid-pause (9.147268ms)
✔ native controller, particles, palette and ordered draw arguments: spell-3-visible (9.876279ms)
✔ native controller, particles, palette and ordered draw arguments: spell-3-offscreen (9.803852ms)
✔ native controller, particles, palette and ordered draw arguments: spell-4-visible (9.670273ms)
✔ native controller, particles, palette and ordered draw arguments: spell-4-offscreen (8.162717ms)
✔ native controller, particles, palette and ordered draw arguments: spell-12-visible (9.427924ms)
✔ native controller, particles, palette and ordered draw arguments: spell-12-offscreen (8.907993ms)
✔ native spell kinematics and pending transitions: model-3-visible (2.665374ms)
✔ native spell kinematics and pending transitions: model-4-visible (2.630401ms)
✔ native spell kinematics and pending transitions: model-12-visible (2.515781ms)
✔ native spell kinematics and pending transitions: offscreen-bit (1.621735ms)
✔ native singleton replacement and independent pulse: bridge-replaced-at-10 (14.587096ms)
✔ native singleton replacement and independent pulse: bridge-replaced-at-26 (10.124076ms)
✔ native singleton replacement and independent pulse: bridge-replaced-at-30 (12.708409ms)
✔ handoff geometry is an owned snapshot; rendering is read-only and draws the last pulse once (14.902705ms)
✔ structured-clone restores all particles, trails, pending phases, draws and independent pulse (190.980015ms)
✔ spell motion, arrival and retirement do not depend on intervening shared cosmetic consumers (6.405631ms)
✔ native before/after limiter selection owns activation, active and tail deadlines (1.210296ms)
✔ ordinary phase handoff, arrival and next-object payout keep elapsed deadlines across refresh schedules (756.380654ms)
✔ simultaneous authored M1 handoffs use native clone priority without reversing payouts (44.239677ms)
✔ missing geometry consumes one request while world countdown continues without replay (87.366123ms)
✔ arrival suppression and capped stock preserve ordinary payout ownership (154.591759ms)
✔ visible acquisition pause preserves original order without broadening land-bit pause (81.645397ms)
✔ checkpoint continuation retains controller, queue, clock and cosmetic state without initialization replay (131.70004ms)
✔ layout transforms move only draw output and retain raised-body/fallback anchors (0.712707ms)
✔ authored ordinary sources exclude the spell-valued Vault and other missions (2.339661ms)
✔ ordinary shrine completion persists provenance, recipient and creation order (256.071951ms)
✔ generic spell, mana and knowledge gifts do not inherit ordinary eligibility (42.654906ms)
✔ legacy head identity may recover eligibility but an existing gift cannot (40.461298ms)
✔ ordinary Stone Head completion creates the original six-visit acquisition VFX before stock delivery (209.866348ms)
✔ spell-head reward admission preserves native oriented cell ranges and active command eligibility (6.358631ms)
✔ head-group selection shares native occupant flag rules and imported panel heights match the original consumer (1.885938ms)
✔ proved worship modes use their original static models without changing other head families (3.3643ms)
✔ original worship model 8 is the reviewed bank-2 geometry (2.216131ms)
✔ original worship model 157 is the reviewed static Angel-head geometry (0.475155ms)
✔ legacy appearance migration recovers recursive authored modes and preserves existing families (305.997962ms)
✔ linked tutorial mode-3 Obelisk retains its authored mode and model (33.490534ms)
✔ Temple training uses the canonical shape doorway rather than crossing its footprint (98.444284ms)
✔ normal worship approach follows the same canonical stone-head heading as the rendered head (93.285087ms)
✔ legacy Mission22 worship appearance is derived from authored source identity without changing checkpoint state (211.322212ms)
✔ legacy linked mode3 head migrates recursively while root trigger and unrelated state stay byte-for-byte equivalent (46.794857ms)
✔ legacy non-mode3 and Vault heads recover mode without changing their presentation families (64.383956ms)
✔ authored worship lookup uses immutable source fields and agrees for Mission22 and linked tutorial head (90.811273ms)
✔ shipped store load migrates legacy Mission22 before real command-27 Brave admission (187.618219ms)
✔ automatic worship-panel activity is written only by a supported completed mode-0 sample (1.985375ms)
✔ automatic producer keeps unproven families out of the first shipped slice (0.372613ms)
✔ automatic retention reads the last player-specific sample rather than generic follower state (0.260166ms)
✔ automatic retention releases an inactive completed head even after a positive last sample (0.208779ms)
✔ worship panels preserve native progress, recharge, slots and artwork without clipping the second row (22.164294ms)
ℹ tests 1388
ℹ suites 0
ℹ pass 1387
ℹ fail 1
ℹ cancelled 0
ℹ skipped 0
ℹ todo 0
ℹ duration_ms 277176.30506

✖ failing tests:

test at tests/orchestration.test.mjs:820:1
✖ Shaman appearance context keeps its complete checks and evidence within the default budget (1296.729541ms)
  AssertionError [ERR_ASSERTION]: Required original Shaman evidence must remain visible: Phase1 ground
      at TestContext.<anonymous> (file:///workspace/scratch/69fd8163d94e/startup-burst-angle-integration-20261007/tests/orchestration.test.mjs:848:12)
      at Test.runInAsyncScope (node:async_hooks:227:14)
      at Test.run (node:internal/test_runner/test:1382:25)
      at Test.processPendingSubtests (node:internal/test_runner/test:960:18)
      at Test.postRun (node:internal/test_runner/test:1522:19)
      at Test.run (node:internal/test_runner/test:1447:12)
      at async Test.processPendingSubtests (node:internal/test_runner/test:960:7) {
    generatedMessage: false,
    code: 'ERR_ASSERTION',
    actual: false,
    expected: true,
    operator: '==',
    diff: 'simple'
  }
