
> populous-first-dawn@0.1.0 check
> npm run typecheck && npm test && npm run parity:check && npm run orchestration:check


> populous-first-dawn@0.1.0 typecheck
> tsc --noEmit


> populous-first-dawn@0.1.0 test
> node --test tests/*.test.mjs

✔ live Mission3 adapters rotate an eligible Convert Wild producer behind training (97.602514ms)
✔ producer table preserves singleton priority, one stable pass, and signed counts (0.986201ms)
✔ producer capacity is checked before callbacks and after pre-table allocation (1.453653ms)
✔ checkpoint migration retains producer history and initializes each legacy AI independently (96.800712ms)
✔ authored early producer opportunities record native table attempts without changing later missions (705.459461ms)
✔ Missions1/2 never enable type8 or idle type11/15 response follow-ups (305.225617ms)
✔ ordinary Missions1/2 allocate a real pre-table scan at their first producer opportunity (455.718282ms)
✔ normal first scans finish and repeat without a placeholder reservation (567.160955ms)
✔ ordinary Mission2 movement reaches a real response and resumes the scan checkpoint (474.840076ms)
✔ response allocation preserves native duplicate, disabled, cancellation and exhaustion gates (0.613881ms)
✔ early automatic training requires at least the native school capacity (388.98824ms)
✔ training capacity compares the native signed32-bit available total (0.858588ms)
✔ six followers share ground → area attack → ground orders, destroy the hut and regroup (335.764941ms)
✔ losing an acquired building rescans the area, fights a new person and retains the waypoint tail (225.198602ms)
✔ cancelling a reserved fight releases its reservation and the entire staged tail (225.218742ms)
✔ area targeting distinguishes an unbuilt plan from a partially constructed building (298.786608ms)
✔ arrival voices count approaching followers and fire once when they near the ordered area (346.803979ms)
✔ area approach, combat, arrival voices and queued destinations agree at 5–240 Hz and irregular rendering (1189.649135ms)
✔ pausing an unfinished music play preserves enabled sound and later resume (14.883433ms)
✔ late rejection from an older resume cannot cancel the newest playing request (2.487465ms)
✔ a superseded context resume does not submit an extra music play (9.887834ms)
✔ mute cancels pending playback without recreating the background timer (1.007913ms)
✔ dispose cancels pending playback without recreating the background timer (1.014343ms)
✔ the current playback failure still rejects rather than hiding a real media error (1.568835ms)
✔ current context errors propagate, while a disposed request cannot report a stale failure (0.682745ms)
✔ initial enable can finish while paused without turning the sound setting off (16.421362ms)
✔ enable reports cancellation when muted during its pending playback (0.790106ms)
✔ first visit and non-browser rendering keep the existing defaults without writing (12.137581ms)
✔ versioned zero/full volume restores without truthiness fallback or autoplay data (0.323856ms)
✔ malformed, unsupported and unsafe values fall back without overwriting the record (0.873512ms)
✔ only an explicit valid change writes the known preference fields and leaves other storage alone (0.336745ms)
✔ invalid programmatic values never persist or replace the last valid choice (0.431478ms)
✔ denied storage getter, reads and writes are safe session-only fallbacks (0.504137ms)
✔ restoring volumes does not create audio, enable playback, or change audio RNG/reset semantics (0.436095ms)
✔ authored origins survive initialization for all five currently live campaign bridge heads (625.127863ms)
✔ ordinary Mission 2 worship creates the authored crossing and every live terrain turn matches it (1156.410107ms)
✔ legacy migration recovers only missing immutable origins without replaying active terrain (392.184347ms)
✔ pre-activation legacy save and mid-bridge checkpoint continue once at the authored origin (1507.733754ms)
✔ automatic Boat search filters native-ineligible vehicles and boarding shares the driver route (123.462408ms)
✔ music sections and ordinary ambient decisions match captured original execution (15.578708ms)
✔ percussion uses audio timestamps at low/high/irregular frame rates and skips stale starts (5.778224ms)
✔ Blast head reaches impact and native first/last wave visits launch enemies/allies (209.404118ms)
✔ Blast and follower presentation share elapsed time at low/high/irregular refresh rates (732.620865ms)
✔ projectile snapshots preserve pause, wrap and explicit placement without touching unrelated effects (37.588099ms)
✔ original Blast indexed visits, alliances, repeated impulses and damage gates (31.215316ms)
✔ live Blast delays allied launch, retains native flight height and restores commands after landing (292.509052ms)
✔ Blast and landing damage share original shields, protection, attacker and life wrapping (0.520031ms)
✔ wild followers land into their original state 8 without losing the unit (99.558726ms)
✔ a burning airborne follower keeps one panic clock and releases its native pose after landing (88.566745ms)
✔ Boat House launch matches native type-1 computer full ejection (180.434874ms)
✔ Boat House launch matches native type-2 human driver removal with retained occupants (109.554661ms)
✔ maintained checkpoint callsite waits for delayed false reads before reloading (9.816312ms)
✔ maintained checkpoint callsite rejects exhausted false reads without reloading (34.028738ms)
✔ maintained checkpoint callsite closes rejected reads without reloading (1.854593ms)
✔ rendered transport checker independently counts whole mixed-class craft (1.375044ms)
✔ rendered transport checker rejects partial, unrelated, duplicate and wrong-class groups (3.322015ms)
✔ transport pixel oracle retains real device scale and outward clip padding (0.479449ms)
✔ transport oracle preserves fractional scales and detects the old footer/hit failure (1.254483ms)
✔ readiness reads rebind after fresh page reload and on repeated calls (7.585244ms)
✔ readiness wait sequentially awaits false samples before accepting literal true (3.340103ms)
✔ a truthy non-boolean readiness field does not pass the wait (10.347489ms)
✔ read errors propagate and repeated unready samples time out without mutation (17.689617ms)
✔ building attack phases, entrances, damage and shake match native execution (48.450101ms)
✔ an entirely occupied world cancels special positioning instead of hanging (0.756916ms)
✔ live building assault enters, strikes, shakes and destroys via native damage accumulation (768.908083ms)
✔ occupied building ejects a defender and the same native command resumes after winning (142.727926ms)
✔ building attack mechanics and poses are independent of rendering cadence (1397.079637ms)
✔ attacker death releases immediately; target loss rescans the area before completing (217.246958ms)
✔ native defence gate and shaking retain counter cadence, signed lifetime and collapse RNG (3.409778ms)
✔ cancelling or killing an attacker during its defender encounter releases the retained order (334.619023ms)
✔ complete native scenery clearing, shared waits and ownership requests (205.377095ms)
✔ complete native people clearing, shared waits and ownership requests (122.359639ms)
✔ live clearers harvest on-site trees, carry and deposit logs, then move bystanders before allocation (1108.044183ms)
✔ clearing pauses without advancing and cancellation releases its native animation and route (156.932203ms)
✔ clearing bushes starts the original fire and retreats before the site is allocated (220.090215ms)
✔ occupant restoration and facing match native captures, including seams and backwards facing (11.886949ms)
✔ live exits retain position and sprite ownership for every building orientation (1775.026938ms)
✔ command cancellation uses shared exit restoration without changing the route start (27.817938ms)
✔ timber hauling matches native phases, movement, reservations, transfers, poses and clocks (19.576369ms)
✔ native building origins, exact ground writes and plan height initialization (169.923089ms)
✔ live rotated foundations use native vertices and preserve surrounding terrain (770.644317ms)
✔ buildings retain distinct terrain handles after long effect-heavy games (26.50672ms)
✔ native descriptor data routes completed huts through kind 7 with resident capacities (0.887502ms)
✔ kind-7 hut rows place occupant and dismantle hit targets from native capacity (1.076826ms)
✔ training charge row keeps existing controls aligned after shared geometry extraction (0.140901ms)
✔ unbuilt plan priorities, validation, allocation and abandonment match native decisions (13.414792ms)
✔ leveling movement, animation, timers, terrain and sound match complete native task 8 (71.556226ms)
✔ live plans retain uneven ground, level visibly and wait for timber and crew clearance (2296.770158ms)
✔ a full shared order pool leaves a new plan unstaffed without leaking ownership (108.615637ms)
✔ simultaneous fetch deposits cap preparation work and preserve surplus timber (160.950656ms)
✔ unattended plans expire and redirected leveling workers release their sprite and route (258.662765ms)
✔ native preparation clears on-site timber before allocation without deleting its resource (112.8392ms)
✔ foundation settling, flooding and dock edges match original executable captures (129.460836ms)
✔ original wet-side tipping, drift, spin and sinking expiry retain complete native trajectories (139.17195ms)
✔ terrain collapse ejects before destruction, retaining its two-turn delay (0.448372ms)
✔ healthy buildings settle without entering repair; deformed and flooded buildings use distinct destruction (1201.604943ms)
✔ complete native cell validity and exact placement feedback (87.373673ms)
✔ placement protects reincarnation stones without a living Shaman and reserves buildings (1239.843203ms)
✔ building activity matches native geometry, clocks, speed, facing and animation requests (62.387737ms)
✔ live builders reach work poses, animate, pause, cancel and finish without stale sprites (695.964978ms)
✔ crews leave finished huts in all four orientations before the plan releases them (2941.537008ms)
✔ player construction orders approach natively and deposit carried logs before fetching (2160.260885ms)
✔ builder admission and stale-slot pruning match complete native calls (7.977252ms)
✔ construction dispatch, repair clocks and departure gates match native plan calls (7.667557ms)
✔ scheduled burning plans panic only unlocked builders on building cells (103.194387ms)
✔ repair smoke footprint and terrain refresh match native cell traversal (3.025952ms)
✔ two live builders dispatch one hauler on the original sixteen-turn phase (433.212203ms)
✔ later construction haulers skip timber reserved by an earlier search (149.058656ms)
✔ timber reservations reopen, drain and release on native transitions (4.167386ms)
✔ live plan capacities, duplicate orders and replacement workers share registration (152.866397ms)
✔ zoom retains native preset bounds and the existing 18-step timer (1.686941ms)
✔ render previews do not mutate native state and meet every committed step across all resolution tables (100.66454ms)
✔ 30/60/120/144 Hz and irregular preview schedules retain duration and every owned native configuration (27.563055ms)
✔ conversion observation requires the native victim-owner and replacement flags without world mutation (2.92523ms)
✔ death, ordinary births, startup conversion flags and enemy preacher ownership are not credited (0.372379ms)
✔ observation resets at mission boundaries and does not infer events across unobserved turns (0.159429ms)
{"label":"fixture","ready":true,"turn":1,"status":"playing"}
{"checkpoint":"mission-2-start","level":3,"status":"won","turn":1,"population":{}}
{"checkpoint":"mission-2-won","level":3,"status":"won","turn":1,"population":{}}
{"checkpoint":"mission-2-result","level":3,"status":"won","turn":1,"population":{}}
{"checkpoint":"mission-3-continued","level":3,"status":"won","turn":1,"population":{}}
{"checkpoint":"mission-3-won","level":3,"status":"won","turn":1,"population":{}}
{"checkpoint":"mission-3-result","level":3,"status":"won","turn":1,"population":{}}
PASS: fixed-turn diagnostic wins Mission 2, continues, and wins Mission 3; not real-clock gameplay
✔ sandbox adapter retains every existing assertion, turn bound and campaign action (4.559152ms)
✔ changed or duplicated maintained checker scaffold fails closed before browser execution (2.753511ms)
✔ late final screenshot completion cannot mark an aborted campaign scenario passed (7.418543ms)
✔ actual native triangles supplement the historical fixed anchor scan (6.920366ms)
✔ geometry candidates cannot bypass foreign object or DOM overlay ownership (3.408095ms)
✔ normal zero-dt frame refresh resolves stale panels while retaining simulation slots and clock (1.611308ms)
✔ presentation refresh cannot conceal a simulation change (1.850167ms)
✔ presentation reservation exception cannot conceal secondary slot allocation (1.167933ms)
✔ stale pre-refresh reservations fail instead of being normalized by the checker (1.148273ms)
✔ presentation refresh cannot conceal changed world Map entries (1.958379ms)
✔ occluded shrine fallback uses bounded ordinary camera drags and strict target re-probes (0.242944ms)
✔ the shipped right-drag mapping rotates 512 native angle units without panning (40.783595ms)
✔ Mission 3 trains a bounded Preacher group and retains identified HUD-reachable Braves (0.183125ms)
✔ additive native Ctrl-five requires the ordinary cancel/deselect before reserving workers (1421.264811ms)
✔ missing checkpoint does not suppress independent campaign progress (120.534111ms)
✔ malformed checkpoint does not suppress independent campaign progress (82.07652ms)
✔ partially migratable checkpoint does not suppress independent campaign progress (55.793986ms)
✔ incompatible checkpoint does not suppress independent campaign progress (58.759517ms)
✔ current valid checkpoint still restores and loads (164.473171ms)
✔ legacy valid checkpoint still restores and loads (96.53789ms)
✔ malformed stored checkpoint preserves usable session checkpoint and merges completion (79.660749ms)
✔ storage read failure retains in-session progress and checkpoint (56.873496ms)
✔ camera release alone does not make the startup Shaman selectable; observation is read-only (370.564007ms)
✔ readiness still rejects absent actors, global input locks and paused play (256.489673ms)
✔ Continue readiness waits on real RAF before suspension with the existing timeout (0.979701ms)
✔ the production wait polls synchronous false until native selection readiness (2.48458ms)
✔ Mission 3 Swarm target observation is read-only and chooses an actually castable enemy (1214.043347ms)
✔ Mission 3 Swarm eligibility does not depend on distance to the vault or unit array order (705.051028ms)
✔ Mission 3 Swarm diagnostic refuses missing stock, blocked input, cooldown and invalid enemies (691.513578ms)
✔ checkpoint readback awaits false reads before the actual true result (3.121265ms)
✔ checkpoint readback fails closed after bounded asynchronous false results (0.604999ms)
✔ attack approach points and search pool state match complete native queries (65.976451ms)
✔ fight/person pursuit, housed entry, waiting and retries match native visits (20.095817ms)
✔ attack search, march records and automatic retargeting match native dispatch boundaries (16.009703ms)
✔ arrival voices and reservation release replay native thresholds and compacted-list visits (2.263929ms)
✔ original automatic commands preserve normal queues, share one reference-counted record and handle allocation exhaustion (84.450749ms)
✔ native scan dispatch preserves pending bits, suppression, specialist selection and consumer call counts (1.20578ms)
✔ ordinary combat entry reveals a completed Spy disguise (239.793499ms)
✔ live campaign scan suppression consumes pending alerts without changing person counters or sprites (167.004536ms)
✔ dead building attackers release queued shaman-guard duty (165.265ms)
✔ fight motion initializes its retained sermon without a native owner (138.556055ms)
✔ coastal response targets come from the corrected native cell, including its newly exposed edge (101.686329ms)
✔ tower counterattacks ignore hostile people in water (142.04598ms)
✔ coastal area/dismantling order preparation matches full native calls and retains flags on identical commands (0.603626ms)
✔ live same-cell followers share one automatic command 21 and resume their queued destination (176.438357ms)
✔ an on-foot Firewarrior owns one automatic response per cooldown and yields to player movement (575.104452ms)
✔ an on-foot Firewarrior repeatedly launches at and damages a completed enemy building (83.386631ms)
✔ automatic combat restarts a retained direct tree harvest instead of harvesting during battle (184.279973ms)
✔ live automatic combat consumes a pending worship scan without replacing command 27 (124.173886ms)
✔ live automatic allocation failure preserves its source and queued order (114.151225ms)
✔ live automatic sharing leaves a nonmatching same-cell peer untouched (140.336615ms)
✔ live preacher response retains its sermon queue and resumes conversion (159.236758ms)
✔ preacher response allocation failure consumes the scan without changing its queue (108.923006ms)
✔ complete pursuit, target setup and attack-area gates match native fields, RNG and consumer ordering (31.805976ms)
✔ full-fight waiting positions and fallback RNG match original terrain and collision execution (43.941854ms)
✔ mixed target collection, native distance bands, fight admission and reservations replay executable captures (30.397492ms)
✔ live followers choose closer enemies, distribute reservations, then fall back to a saturated target (368.64409ms)
✔ live mixed scans detect enemy footprints and prefer an eligible person in the same distance band (165.556454ms)
✔ automatic squads share native area orders and target capacity independently of render frequency (803.387283ms)
✔ live target priority joins a fight ahead of a solitary enemy in its distance band (94.187746ms)
✔ nearby automatic building attacks keep their command-21 target between detection visits (101.447253ms)
✔ automatic contextual priority matches original single and mixed-class captures (1.631308ms)
✔ live ground context follows native registered cells through rotations and world seams (217.626603ms)
✔ ground beside a hut moves the group, while its occupied cell enters it (255.493068ms)
✔ an exact tree click harvests, seeks a timber plan and otherwise returns to rest (189.002803ms)
✔ a queued ordinary-tree harvest keeps its cargo and advances the existing waypoint (575.301497ms)
✔ input feedback matches native ground-cell centers and suppresses flashes over pointed objects (1.895391ms)
✔ object commands retain the chosen identity through overlaps and array reordering (187.427306ms)
✔ live target choice follows captured native ownership for both tribes (2195.102799ms)
✔ construction command matches native registration, fallback ownership and task handoffs (131.163533ms)
✔ construction panel matches native submissions and corrects the unlinked second-row height (32.331404ms)
✔ construction workers can be selected, reassigned to dismantle, cancelled and restarted (597.597865ms)
✔ construction icons select the active worker record and respect its native eligibility (40.742734ms)
✔ Convert Wild scans, converts, animates, and casts through player and computer paths (315.011659ms)
✔ deselection matches native command flags for every selection byte (2.88402ms)
✔ cancel targeting first; deselection preserves shared marching orders, routes, RNG and pause (339.755484ms)
✔ deselection reaches retained work representations once, leaves enemy ownership alone (64.309011ms)
✔ deselected groups retain identical mechanics and poses at 5–240 Hz and irregular frames (647.570935ms)
✔ training selection eligibility reads command flags, independently of motion turning flags (296.236684ms)
✔ dismantling reassigns residents and queued braves, recovers all timber and removes the building in four orientations (621.493802ms)
✔ cancelling dismantling stops existing workers; new orders can staff an empty dismantling building (254.862142ms)
✔ dismantling outcomes and timber remain independent of render frequency (745.317072ms)
✔ mixed groups queue movement, dismantling and movement without redirecting ineligible warriors (600.547788ms)
✔ queued building entry can become dismantling; cancellation skips work while retaining the destination (373.497007ms)
✔ dismantling queue replacement and death release references while non-braves keep their current orders (299.677629ms)
✔ automatic combat pauses shared dismantling and resumes its retained order (89.472642ms)
✔ automatic combat completion follows the native circular dismantling queue (99.143656ms)
✔ automatic combat allocation failure keeps dismantling state intact (63.569621ms)
✔ queued dismantling, timber and following movement agree at 5–240 Hz and irregular frames (820.766243ms)
✔ drag borders match original screen extrusion, texture coordinates and terrain crossings (35.102376ms)
✔ native area commands retain tower/training exclusions, current-order lookup and actual land membership (5415.310017ms)
✔ a real trainee remains drag-selectable on entry and becomes excluded only in the native interior phase (184.000824ms)
✔ fetching builders are selected at their active task-7 position (29.315258ms)
✔ world drag geometry matches captured native seams, camera bearings, clamps and degenerate drags (3.442878ms)
✔ live drag selection matches native flags and group voices without changing simulation ownership (676.731191ms)
✔ Mission 3 periodic raid preserves native mask, strict thresholds and arguments (7.417264ms)
✔ Mission 3 naturally grows both tribes and recruits the authored three-Brave raid (12416.242926ms)
✔ Earthquake matches the native initializer and central deformation phase (13.840718ms)
✔ Earthquake building scans preserve protected models, RNG and ejection-before-damage (3.620966ms)
✔ live Earthquake casts, damages and deforms independently of refresh rate (394.94452ms)
✔ Mission 1 counts authored primary effects before the opening (119.877512ms)
✔ Mission 1 keeps the allocation phase across pause, checkpoint and restart (215.697808ms)
✔ Mission 2 counts authored primary effects before the opening (59.432421ms)
✔ Mission 2 keeps the allocation phase across pause, checkpoint and restart (452.810599ms)
✔ Mission 3 counts authored primary effects before the opening (62.630337ms)
✔ Mission 3 keeps the allocation phase across pause, checkpoint and restart (251.662368ms)
✔ early-level effect phase remains fixed-turn owned across frame schedules (741.299866ms)
✔ live Erosion casting deforms terrain independently of refresh rate (1078.738387ms)
✔ a newer Lightning consumes simulation RNG before Erosion (75.665009ms)
✔ original cleanup, center, terminal release/counters and recovery match native captures (6.255351ms)
✔ last opponent death ends the fight, credits its winner once and returns a survivor to commands (200.062316ms)
✔ live separation uses the squared eight-unit boundary (240.734122ms)
✔ a native interruption detaches its slot and protected survivors defer state recovery (67.178229ms)
✔ fight completion, recovery and RNG agree at 5–240 Hz and irregular frame schedules (483.021497ms)
✔ Firestorm emits its complete native 220-turn rain sequence (12.369419ms)
✔ live Firestorm composes fire, panic Blast and building ignition independently of refresh rate (997.526893ms)
✔ Flatten follows the native 15-turn terrain and orbit lifecycle (16.229785ms)
✔ live Flatten casting is refresh-rate independent (1614.689082ms)
✔ persistent follower controls retain native descriptor order and class HFX ownership (1.480603ms)
✔ live own class totals enable controls independently of training knowledge or occupancy (114.72433ms)
✔ reading the follower strip does not mutate simulation or selection state (169.285924ms)
✔ shipped G has the recovered guard task without mutating native ownership in HUD reads (178.841539ms)
✔ specific legacy work overrides dormant idle while real native disruption remains authoritative (83.116855ms)
✔ construction, pre-entry, actual entry and native idle routes use their own categories (42.729115ms)
✔ task selection preserves orders and RNG during a real movement command and propagates occupied groups (84.262255ms)
✔ live task count reads nearby camera coordinates without creating or registering people (43.764029ms)
✔ real boarding through a route owner overrides a dormant native person for Selected task propagation (47.686207ms)
✔ task classifier preserves every recovered native state and command category (8.843326ms)
✔ inside classification follows building category and the Preacher command exception (2.985733ms)
✔ global existence and nearby task counts are independent; selected overlays preserve native addition (5.226186ms)
✔ task selection ignores persistent-strip assignment priority and uses category nearest (0.560391ms)
✔ Selected row click/Shift deselect, Ctrl reselects nearest without changing its work or the group (0.608694ms)
✔ Total single/five can select the Shaman while Shift excludes it (0.420631ms)
✔ task focus filters category and cycles with the Shaman nearby exemption without mutation (0.410025ms)
✔ vehicle creation and frame cache use apparent tribe, including checkpoints and legacy fallback (304.641731ms)
✔ vehicle damage immunity follows apparent tribe while real-owner counts stay unchanged (75.243737ms)
✔ live Blast projects class4 apparent tribe without changing the real owner (123.558327ms)
✔ ordinary live boarding exposes class vehicle counts, all passengers and independent owner fields (175.090077ms)
✔ Spy boarding uses immediate target bits, later boarding rewrites owner and exit preserves apparent owner (110.663799ms)
✔ split owner and occupied selection survive checkpoint, legacy vehicles use real team fallback (85.400945ms)
✔ destroyed last vehicle keeps presence during its visible wreck and cannot select or focus (49.000049ms)
✔ shipped disguise command aboard publishes apparent ownership through completion and countdown (128.44949ms)
✔ legacy occupied checkpoint retains apparent fallback across voluntary unload (141.550467ms)
✔ first and later boarding, either exit and reuse preserve the native two-owner contract (788.013755ms)
✔ occupied class reads rebuild from current passengers rather than stale row totals (46.138287ms)
✔ transport presence uses real ownership and survives an empty count (1.673222ms)
✔ class filter acquires a vehicle and selects all eligible passengers; Ctrl counts vehicles (0.990527ms)
✔ driver command priority, matching-passenger distance and vehicle nearby boundary remain distinct (0.179139ms)
✔ native reverse vehicle-list focus cycles, variants reacquire, and selected/blocked occupants can focus (1.81825ms)
✔ footprint history matches native ring replacement and its per-cell pixel counts (738.502492ms)
✔ partial footprint shading equals a complete native-palette atlas rebuild (2010.491335ms)
✔ live walking footprints use the elapsed animation clock, including pause and disabled trails (566.516584ms)
✔ live turn preserves native tribe order, inactive skipping and next-turn formation admission (2356.099395ms)
✔ actual recruited groups wait a turn and then steer before member physics (151.772211ms)
✔ render cadence cannot change gameplay, RNG or owned animation state (7547.452845ms)
✔ paused time stays paused; long active frames retain elapsed time (147.446537ms)
✔ campaign messages use the presentation clock and freeze while paused (378.695748ms)
✔ campaign pending auto-open waits for settled motion and consumes one oldest record per presentation visit (59.860519ms)
✔ scenery shade follows cell occupants through overlap, depletion and regrowth (132.414063ms)
✔ rotated building plans keep their anchor, entrance routes and orientation through construction (854.721017ms)
✔ Lightning ignites only its building footprint, then evacuates, damages and permits repair (614.513602ms)
✔ Lightning burns original scenery through smoke and cleanup without leaking fire state (120.575766ms)
✔ native impacts expire on exact turns and debris preserves the sprite allocation counter (156.076693ms)
✔ terrain rebuilds preserve queue precedence and initialize the original mission before sampling (41.007044ms)
✔ territory preserves native footprint asymmetry, overlap clearing and staggered recovery (1.611379ms)
✔ opening tooltips resolve mission cells and have an independent lifetime (47.546422ms)
✔ original level layout, native foundations, and the complete mission (4307.941491ms)
✔ housing, mana allocation, pause, drowning, and reincarnation (647.193533ms)
✔ ordinary land deaths keep the native corpse lifecycle (272.819795ms)
✔ native transformed compound bases stay on their ground pads (76.569008ms)
✔ native animation identity, casting interruption, gradual terrain and blast survival (558.272367ms)
✔ native economy uses fixed turns, population bands and real hut upgrades (1026.876332ms)
✔ lightning hits a native map cell and Blast leaves allied health intact (88.118412ms)
✔ native integer movement and combat exchanges preserve timing, retaliation and replay (842.46238ms)
✔ native fight slots form four-person groups and release on interruption (176.250665ms)
✔ native sound cues preserve sample identity, cast phases and simulation randomness (358.214157ms)
✔ native Lightning delays the upper flash and regenerates eight segments for three turns (73.455944ms)
✔ native spell allocation, discrete flight, RNG trails and delayed impact (551.03054ms)
✔ native terrain ridges, reflected diagonals, surface planes and boundary vertices (1.421634ms)
✔ original campaign setup disables only enemy reincarnation and retains deferred commands (387.060602ms)
✔ mission-one AI applies its native spell interval profile on the original phase (194.735926ms)
✔ mission-one closes its construction latch after the first Red hut (27.604311ms)
✔ campaign marker setup snapshots native entry state before live execution (60.509219ms)
✔ mission marker task sends one reserved brave to marker one (64.28624ms)
✔ mission-one ordinary marker guard patrols and answers nearby enemies (108.302388ms)
✔ campaign markers remove the bridge head on the native phase, independently of routing (125.571694ms)
✔ campaign counters track allocation and remaining head gifts through gameplay (169.95861ms)
✔ worship decays without followers and continues at full spell stock (186.248354ms)
✔ vault discovery follows worship, door, entry and exit tasks (228.032402ms)
✔ vault allocation preserves the current order when the shared pool is full (246.400282ms)
✔ original discovery messages follow script phases, persist and reset (137.216546ms)
✔ partial building queries consume their mode once and marker triggers bypass worship (65.862455ms)
✔ original opening runs before object turn 72 and its independent flyby clock can be interrupted (186.104969ms)
✔ native outcome phases honor campaign opponents, forced results and defeat recovery (336.238285ms)
✔ tribe gates suppress scripts and AI while object turns and eligible cooldowns keep their native phases (394.311978ms)
✔ emergency casting preserves queued work and preacher responses keep their own payment rules (61.701539ms)
✔ mission-one AI casting uses the live shaman state and cast-block flags (247.052887ms)
✔ live spell scans use population thresholds and building territory with delayed overlap recovery (43.144961ms)
✔ original campaign stops Dakini Blast casting after its second allocation (216.517109ms)
✔ campaign attack commitment follows living warrior counts on its original turn (446.576655ms)
✔ mission-one Dakini launches its native attack route when Blue enters marker three (198.226826ms)
✔ mission-one Dakini launches its later building attack when Blue overwhelms it (257.003825ms)
✔ mission-one Dakini pursues a fallback shaman by exact command target (57.511889ms)
✔ computer attack exhausts native scans and retreats below its surviving-member threshold (0.755825ms)
✔ computer attack pool exhaustion skips hostile dispatch and retires through native empty scans (142.63544ms)
✔ queued training keeps its selection lock until issuing the order and frees its slot after arrival (1.813713ms)
✔ mission-one red AI queues exact task 6 below one warrior and executes live training (230.711904ms)
✔ mission-one red AI does not reserve a second brave already committed to warrior training (81.363266ms)
✔ external game store publishes edits and restarts without sharing worlds between sessions (524.693032ms)
✔ mission-one victory continuation creates and restarts the recovered mission-two world (331.07298ms)
✔ mission-two Totem route reaches the Tornado guidance and use instruction (1188.852801ms)
✔ mission-two enemy marker orders nearby Matak defenders to counterattack (233.91172ms)
✔ game store checkpoints restore an isolated exact world snapshot (90.592664ms)
✔ computer recruitment preserves wrapped-distance ties and native command eligibility (0.719981ms)
✔ group orders share references and release their object only after the final follower leaves (0.750498ms)
✔ AI reservation enters native selection state and releases through the normal person initializer (0.784568ms)
✔ training order startup uses configured speed and preserves only a compatible building occupant (0.756466ms)
✔ native training queue yields to an untrained follower and releases its new head (0.682805ms)
✔ live followers reach rotated native doors before entering buildings (642.40409ms)
✔ building admission preserves native slot order, training activity and shared commands (1.268555ms)
✔ training replaces a whole batch, inherits the first occupant order tail and rolls back partial allocation (1.070698ms)
✔ live mana refunds wait for a pulse and computer training receives only the original first pass (73.52536ms)
✔ follower mana uses native preacher orders, registration and ghost flags before tribe scaling (77.074398ms)
✔ live spell reach follows terrain height and enemy casts require and spend native mana (97.406316ms)
✔ native casting lockout survives animation and computer usage recovers one charge at a time (102.587775ms)
✔ spell targeting preserves native cell allowances and wrapped coordinate seams (132.515368ms)
✔ native spell scans retain slots and Blast scoring avoids friendly concentrations (55.526559ms)
✔ defeat seeds native building collapse and staged damage ejects occupants before removal (125.1629ms)
✔ building display stages follow remaining work and retain separate complete meshes (44.071873ms)
✔ results preserve pending turns, collapse defeated settlements and reject new orders (391.74018ms)
✔ result camera crosses the world seam, releases input and retains native sky timing (6.398145ms)
✔ victory owns persistent native followers, drops cargo and renders a separate paused animation clock (73.214283ms)
✔ live blocked followers retain native detour steering and recovery timers (27.215337ms)
✔ live celebrants obey native walk masks and survive the legacy ground-height cutoff (53.644964ms)
✔ live completed-building footprints relocate and clear on removal (36.335679ms)
✔ live native cell order follows arrivals and removes dead records (60.897702ms)
✔ live cell insertion repairs a stale head left by a removed person (0.401854ms)
✔ dead vehicle passengers release their slots and driver position (34.918011ms)
✔ live native preparation consumes reroutes and completes slow turns and reactions (33.184658ms)
✔ interrupted victory followers resume through native orders and rejoin celebration (27.481337ms)
✔ native idle approach composes with shared state and original resting animation (24.676886ms)
✔ native resting ownership allocates distinct slots and compacts after a follower leaves (28.077822ms)
✔ native route reuse shares ownership and live celebration releases each follower (101.933603ms)
✔ native route construction retries expired failures and stores the original bounded path (40.864338ms)
✔ native path search packs a trimmed route and preserves distinct vehicle retry flags (83.054411ms)
✔ native wrapped route smoothing respects blocked steps and measures retained segments (61.327078ms)
✔ native obstacle solving builds a world-seam detour and rejects a blocked destination (110.785416ms)
✔ native planned routes use the recovered solver and advance shared followers to their goal (55.663584ms)
✔ native boarding checks the first boat and landing requests reserve distinct original search cells (1.190337ms)
✔ live native routes release query ownership, expire failures and walk low shoreline (189.858255ms)
✔ live followers share routes, advance before exact arrival and release every owner (114.949228ms)
✔ hut families are selected once, shared with shapes and retained through upgrades (54.356152ms)
✔ mission-one low population response assigns and releases persistent shaman escorts (144.385198ms)
✔ shaman escort uses native pursuit cadence and strict boundaries (0.60624ms)
✔ Mission 5 Boat worship emits its original one-shot tutorial (225.630648ms)
✔ Mission 5 grants, boards, sails, lands and checkpoints its original Boat (257.337908ms)
✔ Ghost Army casts, spawns native ghosts, accepts orders, vanishes in combat, and follows AI (535.330344ms)
✔ world-view terrain matches captured native mesh order, projection and lighting (211.638156ms)
✔ overview drag/release matches native snapshots and every star-parallax step (4.205865ms)
✔ overview morph timing matches the original complete lifetime snapshots (1.388525ms)
✔ Ctrl starts followers immediately, appends shared waypoints and ordinary click ends the sequence (499.233191ms)
✔ eighth Ctrl click and Alt final click deselect without cancelling issued orders; right-click ends staging (303.924713ms)
✔ queued ground movement preserves every turn, RNG, poses and footprints at 5–240 Hz and irregular frames (1049.479509ms)
✔ continued queue allocation failure retains issued orders, and an ordinary replacement releases them (102.81744ms)
✔ an enemy-person order waits behind a waypoint and advances when its target becomes unavailable (411.313487ms)
✔ ground waypoint handoff uses each playable class default initializer (331.488265ms)
✔ ordinary person turns apply native follower and Shaman healing without reviving excluded units (203.094887ms)
✔ live health adapter preserves airborne/state exclusions and combat status flags (109.736307ms)
✔ each original healing model receives exactly one recovered increment on the eighth turn (50.581959ms)
✔ a follower injured by the shipped missing-building release path later heals on an ordinary turn (70.700343ms)
✔ healing follows simulation turns across speed, refresh cadence, irregular frames and pause (983.071078ms)
✔ checkpoint migration preserves the next native healing turn (49.251176ms)
✔ building admission clocks match captured native blocks (4.053095ms)
✔ followers visibly cross the native interior threshold before housing consumes their command (1843.795519ms)
✔ simultaneous arrivals respect hut capacity and cancellation releases the scoped animation and route (201.477298ms)
✔ hut slots remain authoritative through a departure, replacement and birth turn (160.71365ms)
✔ fire interrupts entry without retaining its walking sprites or command record (86.151289ms)
✔ staged entry positions, RNG, admission and sprite clocks are independent of rendered frame rate (518.318829ms)
✔ entry re-plans interrupted steering and releases its source when the hut becomes unavailable (80.435158ms)
✔ scaled native panel and bottom-row digits remain above the modern footer (1.476867ms)
✔ HUD keeps preferred manual sizes and the original nominal auto steps when they fit (0.223596ms)
✔ HUD extraction retains the page client-component directive (0.794964ms)
✔ HUD selection and focus match captured original commands without changing other person fields (15.205508ms)
✔ HUD controls add followers without stealing simulation ownership or replacing marching orders (250.192625ms)
✔ shaman health fill follows native integer bounds and absent/overfull cases (6.971566ms)
✔ HUD atlas metadata matches the PNG and contains every imported sprite (1.550848ms)
✔ portrait backgrounds and shadow-free directional layers match native captures (4.765044ms)
✔ tooltip bitmap placement and wrapping match the original desktop controller (113.654345ms)
✔ mana production stripes follow native rates, warning bands and controller modes (15.121462ms)
✔ live mana estimation uses the simulation clock and follows charging toggles (278.701035ms)
✔ follower counts, icon placement and housing fill match native HUD controllers (5.669933ms)
✔ population readouts exclude dead followers and reserve the shaman allowance (71.825853ms)
✔ hut birth clocks and destinations match captured original calls (2.55124ms)
✔ live newborns leave the hut and keep native birth feedback and gates (166.785335ms)
✔ hut smoke uses descriptor attachment slots, independently of resident capacity (15.850196ms)
✔ hut occupancy producer samples real occupancy every 32 building turns (0.688493ms)
✔ partial root uses the native 16-visit visible lifetime and restart draw (0.348893ms)
✔ full root is persistent and does not invent the unresolved child-puff phase (0.336255ms)
✔ all supported residential hut capacities switch partial to full at their native capacity (0.342935ms)
✔ visual frames stay on the recovered 16-frame sequences (0.230737ms)
✔ immediate occupancy events preserve capacity, phase and same-mode root identity (1.083577ms)
✔ drain elapsed old-root visits before an off-phase event without backdating the new root (0.728203ms)
✔ listeners are transient, identity-scoped and released through material disposal (0.401793ms)
✔ multiple presentation consumers unsubscribe independently without resetting each other (0.125419ms)
✔ live command8 owner publishes authoritative entry/removal for Hut level 1 (421.02394ms)
✔ live command8 owner publishes authoritative entry/removal for Hut level 2 (249.936131ms)
✔ live command8 owner publishes authoritative entry/removal for Hut level 3 (192.411338ms)
✔ ordinary Mission2 admission includes the new smoke root in that turn’s effect visit (5696.012015ms)
✔ pre-building occupancy removal receives one first visit, including counter wrap (282.797347ms)
✔ out-of-turn allocation survives pause; commands while paused remain rejected (353.358608ms)
✔ new-root completion is identity-scoped and one-shot for same-turn transitions (0.314142ms)
✔ batched turns and repeated rendering preserve the native first lifetime (203.022606ms)
✔ turn completion callbacks are clock-specific and are discarded on a failed turn (27.981107ms)
✔ hut maturity and cell timber match captured original calls (9.842277ms)
✔ residents fetch and stage timber before their hut upgrades (1221.692372ms)
✔ Hypnotise uses the native footprint, temporary ownership, expiry, and AI target path (647.527256ms)
✔ Invisibility marks the native six, does not refresh, and reveals on time or combat (175.170044ms)
✔ player and computer casts share Invisibility application and old saves migrate (191.679359ms)
✔ complete Land Bridge lifetimes match native terrain, ordered trails and notifications (793.4433ms)
✔ live bridge terrain and particle cleanup are identical across refresh rates and stalls (2720.769722ms)
✔ ordinary Mission1–3 startup uses native terrain, authored gates and real conversion (581.015331ms)
✔ native opening excludes Shaman selection, without inventing a casting restriction (89.838245ms)
✔ checkpoint restore resumes every opening stage without replaying terrain/conversion (2378.318262ms)
✔ restart gets one fresh sequence; repeated flyby skip does not replay it (457.152627ms)
✔ only carrier-created stones are obstacles, while legacy sites keep their reservations (50.066722ms)
✔ opening wave, conversion and stone cues preload their existing original samples (11.505222ms)
✔ permitted opening casts enter native state22 and resume command18 without a stuck controller (1106.539505ms)
✔ fresh-load camera follows native cell-edge/center snapping and angle retention (0.347321ms)
✔ the command18 completion turn owns exactly one native person visit (341.724341ms)
✔ permitted state22 interruption and completion retain one counter increment per turn (481.482632ms)
✔ replacement player orders cancel startup before its counter write (229.088638ms)
✔ only the linked neutral startup conversion flash follows its replacement Brave (209.549554ms)
✔ a missing converted Brave does not retarget its flash or shorten the native expiry (191.271536ms)
✔ an invalidated command18 is consumed by the ordinary queue without completing the site (82.054624ms)
✔ original Lightning target gates, inclusive cap, attacker and electrocution phases (4.420746ms)
✔ live Lightning retains victims, displays native shock sprites, scatters survivors and cleans up (241.413315ms)
✔ Lightning outcomes and turn-by-turn poses are independent of rendering cadence (634.088544ms)
✔ live marching uses shared commands, original poses, separate slots and releases interruption/death/arrival ownership (546.892122ms)
✔ marching and resting preserve mechanics, footprints and sprite frames at 5–240 Hz and irregular frames (960.302537ms)
✔ exhausted command pool preserves the previous movement and group ownership (88.995083ms)
✔ panic retains the real movement command and resumes its route after recovery (149.774789ms)
✔ obstacle recovery replans the owned group order and settles identically at 5–240 Hz (2365.13792ms)
✔ shared ground motion advances a retained route once before any state controller (81.903588ms)
✔ native432260 empty current slot returns before building live order context (25.018454ms)
✔ live worship shares an order, occupies exact slots, prays, earns gifts and releases interrupted/dead members (418.351277ms)
✔ live head rewards, displayed standing roster and group selection retain their distinct native rules (217.977848ms)
✔ worship motion, prayer frames, pose RNG and rewards are identical at 5–240 Hz and irregular frames (1212.733042ms)
✔ an unreachable head preserves the existing command without entering an unported retry state (55.510054ms)
✔ Ctrl waypoints finish at a stone head without replacing the current route or person (111.012787ms)
✔ training replacements inherit a queued stone-head order and perform the original prayer (107.533975ms)
✔ queued worship preserves turns, poses, RNG and rewards at 5–240 Hz and irregular frames (1320.555748ms)
✔ local launch preserves sandbox and removes all unsafe Playwright defaults (1.652171ms)
✔ CLI accepts separate game root, owned output, browser and bounded settings (0.207081ms)
✔ CLI rejects unknown flags, missing values and unbounded inputs (0.185679ms)
✔ source fingerprint catches dirty tracked and untracked byte drift with unchanged porcelain (182.665267ms)
✔ active scenario completing during timeout diagnostics cannot turn failure into pass (109.721185ms)
✔ active scenario completing during interrupt diagnostics cannot turn failure into pass (10.479583ms)
✔ marching geometry, recruitment, cleanup, speed and poses replay complete original calls (43.096058ms)
✔ native movement completion preserves payload, seam and vehicle boundaries and four-turn cadence (3.394727ms)
✔ marching cleanup tolerates a member whose native record was already released (0.515424ms)
✔ outdoor and building encounter calls match captured original fields, timing, RNG and sound (47.973616ms)
✔ all playable encounter pairs show the opening strike, physical stagger and defender-centered fight (920.61077ms)
✔ encounters and their animations stay deterministic across render schedules (403.369325ms)
✔ the native skip-intro flag and player cancellation do not leave stuck encounters (94.592266ms)
✔ an encounter releases cleanly when an airborne participant returns to ordinary motion (53.490022ms)
✔ live fights refresh the first native player alert each object turn (137.175694ms)
✔ simulation owns quiet, attack and battle music activity across pause and cancellation (55.809303ms)
✔ native fight admission, replacement and splitting retain original slots, flags and RNG (5.962381ms)
✔ stronger reinforcements replace the first weaker ally and preserve a three-person tribe limit (235.560483ms)
✔ two-sided reinforcements split the last fighter of each tribe into a new live fight (116.995033ms)
✔ reinforced group motion and combat remain identical at every render cadence (383.281439ms)
✔ center changes preserve original membership slots for subsequent splits (50.925291ms)
✔ pursuit refresh uses the original inclusive axis threshold and signed coordinates (1.184758ms)
✔ live pursuit updates before reaching the old destination and reuses unchanged routes (717.023938ms)
✔ automatic engagement uses equal tribe ranges, whole cells and original scan cadence (51.023559ms)
✔ native inhibition and pending scans apply without giving idle shamans automatic attacks (34.312182ms)
✔ live move orders cross nearby enemies without the old distance interruption (41.386722ms)
✔ idle followers of either tribe pursue detected enemies at every render cadence (675.525267ms)
✔ group attacks hit busy opponents without restarting their action or facing (7220.100513ms)
✔ Magical Shield does not block native mode-one melee damage (46.552597ms)
✔ opportunistic reach is measured from the opponent slot with an exclusive 360-unit boundary (343.233809ms)
✔ group combat stays deterministic across render schedules and yields to player orders (312.568213ms)
✔ knockback waits for terrain physics to settle and preserves cell ownership (107.912354ms)
✔ hits during knockback survive physics and player orders do not teleport the person (49.593181ms)
✔ sliding recoil, native animation and recovery are independent of render cadence (440.413135ms)
✔ shamans and the native game flag suppress ordinary attack knockback (408.741278ms)
✔ fight sites use the native 32-turn search and retain groups when no site is available (54.140999ms)
✔ fight sites leave original building footprints even between periodic search visits (69.371524ms)
✔ sequential fight searches avoid other fight centers and release exhausted searches (1.44557ms)
✔ live groups relocate sequentially without sharing another fight center (54.092577ms)
✔ native approach reaches its slot from every direction and waits one turn to chase a moved slot (507.024045ms)
✔ approach uses native cell collision and preserves the person across attack, recoil and new orders (67.277671ms)
✔ approach, native animation and subsequent combat stay identical across frame rates (316.073565ms)
✔ native descriptor threshold chooses exact small and large corner dimensions (5.00215ms)
✔ 1x frame overlaps native corners in a 100x96 rectangle, bottom corners last (5.658465ms)
✔ 2x and partial tiles retain exact 1:1 corner/edge pixels and a transparent center (55.45413ms)
✔ frame is a separate overlay and does not change terrain, markers or click ownership (1.920814ms)
✔ minimap pixels, camera wrapping, rotated UVs and markers match native captures (227.520854ms)
✔ Mission 10 runs its first Totem deadline and second Totem Erosion sequence (16434.800796ms)
✔ Mission 11 opens with both enemy tribes and four original knowledge sites (227.037739ms)
✔ Mission 11 opponents build their first settlement and scripted BUILD_AT tower on native cadence (9220.311994ms)
✔ Mission 12 opens with all three enemy tribes and original knowledge (104.124425ms)
✔ Mission 12 starts its original turn-7 flyby once (162.197673ms)
✔ Mission 12 opponents request their first Guard Towers on native cadence (413.906274ms)
✔ Mission 12 opening remains deterministic through checkpoint migration (1089.885693ms)
✔ Mission 13 opens with both enemy tribes and original knowledge (91.427434ms)
✔ Mission 13 starts its original Yellow turn-6 flyby once (80.585608ms)
✔ Mission 13 Balloon Hut knowledge is visible before construction (128.76661ms)
✔ Mission 13 Land Bridge uses native surface categories at low shore (61.054798ms)
✔ Mission 13 Balloon Hut repeatedly produces occupied airborne transport (466.282643ms)
✔ Mission 13 opening remains deterministic through checkpoint migration (569.473298ms)
✔ Mission 14 delivers both linked gifts and a castable Angel through shipped paths (958.538324ms)
✔ Mission 15 ordinary Prison attack frees the captive and cancels the timer (315.870453ms)
✔ Mission 15 timer expiry locks input and kills the captive with enemy Lightning (167.503473ms)
✔ Mission 15 expiry stays latched if the Prison falls before Lightning lands (156.154776ms)
✔ Mission 15 captive Lightning branch requires an enemy caster, not the Prison cell (85.440387ms)
✔ Mission 16 worship grants Bloodlust and live combat consumes its status (696.415538ms)
✔ old checkpoints default Bloodlust stock without disturbing their world (133.736482ms)
✔ Mission 17 grants Armageddon and stages the native arena through the live cast path (1552.990405ms)
✔ Armageddon uses generic victory and defeat outcomes and restores control (1042.102925ms)
✔ Mission 18 loads its authored tribes and grants Armageddon and both Volcano rewards (4028.165793ms)
✔ Mission 18 starts its authored Red marker patrol through normal AI orders (215.86715ms)
✔ Mission 18 Armageddon restores its arena checkpoint and reaches both result directions (3399.149949ms)
✔ Mission 19 loads its authored objective and grants all three worship rewards (1573.895141ms)
✔ Mission 19 Teleport spends only accepted stock and resumes identically from a checkpoint (299.01228ms)
✔ Mission 19 warns once and gives Chumara loss priority over Dakini defeat (589.49621ms)
✔ Mission 2 naturally earns Matak kills and launches the organized raid (3621.769667ms)
✔ Mission 2 checkpoints retain kill ownership from the old red slot (96.979551ms)
✔ Mission 2 camp targeting takes the first model match without RNG (73.042355ms)
✔ Mission 2 producer matches native base, loss, capacity and resource boundary cases (512.653159ms)
✔ Mission 2 naturally establishes a new home Tower base and preserves phase3 checkpoint continuation (1825.459888ms)
✔ Mission 2 rebuilds after a real player army destroys both Towers, retaining its first construction base (11268.177687ms)
✔ Mission 2 explicitly trains replacement Warriors after natural combat despite zero producer preferences (9464.883818ms)
✔ Mission 20 loads its authored opening and four-stage linked chain (107.115137ms)
✔ Mission 20 worship consumes each head once and restores the live chain (3776.376965ms)
✔ Mission 21 loads its authored opening and first fault state (163.010736ms)
✔ Mission 21 converts worshippers and seals the first fault across a checkpoint (4705.784498ms)
✔ Mission 21 checkpoints one unsealed first-fault eruption without replay (4640.274007ms)
✔ Mission 22 opens with its solo Shaman, native heads, tribes and transport (119.881642ms)
✔ Mission 22 mode-3 head rejects an injected Brave supporting fixture (153.384013ms)
✔ Mission 22 nearby head is a one-shot presentation with no gameplay reward (315.612102ms)
✔ Mission 22 southern head delivers its delayed 600,000 mana gift after real worship (9337.97745ms)
✔ Mission 22 Shaman can steal, checkpoint and sail the authored enemy Boat (2835.176927ms)
✔ Mission 22 Shaman can claim the authored Balloon and complete the northern mana route (11282.903835ms)
✔ Mission 23 loads its authored tribes, Wildmen and worship chain (98.483619ms)
✔ Mission 23 enemy tribes grow their native settlements and populations (19447.153593ms)
✔ Mission 23 unlocks and repeats the native zero-mana gift through ordinary worship (1333.625316ms)
✔ Convert Wild allocation gates state and duplicates without cancelling existing work (3.465523ms)
✔ Convert Wild target retains density, wrap, tie, inclusive radius and list-centroid rules (0.955665ms)
✔ Convert Wild standability preserves initial target and tries only the first24 spiral positions (0.436305ms)
✔ Mission3 active type2 advances after allocation state is switched off (100.087136ms)
✔ type2 timeout clears motion before a blocked state transition and then frees the task (96.876046ms)
✔ type2 reads the active fight person even when its attack animation has no presentation source (32.784978ms)
✔ Convert Wild region lookup normalizes signed browser-native positions to unsigned words (15.023775ms)
✔ type2 casting preserves the real person flags2 readiness gate (44.230802ms)
✔ explicit flight person receives the allocation-safe return order without restarting its state (71.983816ms)
✔ explicit flight return preserves the complete world on order allocation exhaustion (53.869742ms)
✔ cast-ready flight-owned Shaman receives the type2 post-cast return on the same person (69.098745ms)
✔ type2 range reads actual signed person height rather than terrain beneath it (34.934856ms)
ℹ {"terrainHeight":146,"personHeight":896,"terrainRange":14,"personRange":24}
✔ Mission3 Chumara moves, spends its original shot and mana, then stops allocating at the population cutoff (1747.711812ms)
✔ Mission3 keeps idle follow-ups and area-summary automatic training unreachable (137.484885ms)
✔ ordinary Mission3 allocates a real pre-table response before ordinary production (358.796895ms)
✔ defense allocation preserves native caps, immediate empty-area cleanup and recycled scratch (2.302156ms)
✔ active defense suppression uses strict squared26 and wrapped cell distance (0.244717ms)
✔ native defense no-force fallback is a finite seven-visit lifecycle (0.907963ms)
✔ defense cleanup clears only matching assignment and native flag bits while preserving another lock (72.187772ms)
✔ lost early defense targets are invalidated before a different task dispatch (50.858362ms)
✔ defense Blast uses signed active-person height for native and flight-owned Shamans (238.713619ms)
✔ defense Blast reads active native, flight and non-presented fight positions in both range directions (266.847536ms)
✔ defense target collection preserves category caps, rejection rules and the omitted last spiral cell (1.079931ms)
✔ ordinary Mission3 intrusion produces a real type8 fallback, cleanup, repeat and checkpoint continuation (1156.468308ms)
✔ ordinary Temple acquisition and Preacher intrusion recruit a real Chumara defender with orders and movement (2478.002039ms)
✔ Mission 3 naturally trains a Blue Preacher, converts an authored Brave and resumes its mid-conversion checkpoint (4335.40243ms)
✔ a real movement command cancels the naturally acquired Blue sermon without converting its listener (2757.204111ms)
✔ natural Mission 3 conversion follows elapsed game time across display schedules (4311.498087ms)
✔ Mission 3 opens through original Chumara, Swarm, Temple and Erosion paths (3843.684991ms)
✔ single Preacher selector preserves native first-near/band order and strict distance boundaries (2.324149ms)
✔ single-person strict19 boundary, wrap, mode0 and invalid mode match native cases (0.285989ms)
✔ type11 waits for selection ownership and cancellation safely releases state14 and slot (116.083812ms)
✔ duplicate raw payload and failed allocator preserve native selection side effects (95.322554ms)
✔ Preacher allocator preserves native five-slot/state/signed-count boundaries (0.503877ms)
✔ 1103 replacement preserves all person/order state on allocation exhaustion (85.942271ms)
✔ natural Chumara training reaches marker3 Preacher task, checkpoint phases and movement (4008.869431ms)
✔ complete128-turn block preserves strict gates, command ordering and message lifetime (0.980583ms)
✔ 1103 retargets only active order30 in native state10/33 without restarting state (312.87084ms)
✔ cancelled blocked-state Preacher resets motion before the native state gate (54.571245ms)
✔ Mission 3 warns once when a naturally trained Chumara Preacher starts converting a Blue Brave (5687.098554ms)
✔ Mission 3 starts its original recurring-script flyby through ordinary turns (2373.154708ms)
✔ Mission 3 Chumara builds its settlement and trains its first Preacher (2486.135861ms)
✔ Mission 4 starts its original opening flyby once through ordinary turns (1097.300666ms)
✔ Mission 4 teaches training and attack from its original live conditions once (134.120279ms)
✔ Mission 4 converts Wildmen, discovers the Guard Tower, and defeats the Matak (9342.865568ms)
✔ Mission 5 Angel head delivers its linked hostile summon through live worship (471.398812ms)
✔ Mission 5 checkpoint migration upgrades an explicit mode-5 legacy Angel without changing gameplay state (74.295056ms)
✔ Mission 5 checkpoint migration recovers an absent authored mode before upgrading the Angel model (51.229569ms)
✔ Mission 5 checkpoint migration adds only the previously omitted Angel head (84.266035ms)
✔ Mission 5 imports its linked Boat template from the verified native coordinates (1.32567ms)
✔ Mission 5 runs its imported opening flyby once through ordinary turns (1750.570709ms)
✔ Mission 5 launches its original ordinary raid when the player reaches the Angel head (654.695612ms)
✔ Mission 5 launches its surviving Dakini at the player Shaman (158.535632ms)
✔ Mission 5 staffs its original Dakini tower with a Preacher (266.752961ms)
✔ Mission 6 keeps both original opponents distinct through outcome and checkpoints (915.239741ms)
✔ Mission 6 credits each opponent attack task independently (143.580611ms)
✔ Mission 6 low-population survivors counterattack the player Shaman (381.867622ms)
✔ Mission 6 Chumara trains Preachers and launches its first mixed raid (22669.938527ms)
✔ Mission 6 opponents expand and Matak launches its first Warrior raid (14704.85378ms)
✔ Mission 6 ATTACK snapshots the native three-spell payload and keeps old tasks compatible (0.763967ms)
✔ type-20 sixth ATTACK quota selects exactly the tribe Shaman outside the generic selector (0.28024ms)
✔ Mission 6 first Matak ATTACK retains source-derived Land Bridge, Lightning, Blast order (12238.151906ms)
✔ Mission 6 phase-6 task Shaman uses native payment, eligibility, usage and range gates (121.552201ms)
✔ Mission 6 phase-6 task spell uses task target outside Shaman states 25/29 (67.087918ms)
✔ Mission 7 converts Wildmen and grants Invisibility through its original head (1235.17599ms)
✔ Mission8 natural acceptance starts from the shipped seven-person Blue and eleven-person Red roster (82.7372ms)
✔ Mission8 attack staging is a land order for the original party, not a transport or worship prerequisite (79.783095ms)
✔ shared ground → training → destination queues retain identities until conversion and inherit the original tail (1000.708878ms)
✔ shared ground → construction → destination queues retain identity and resume after the crew leaves (190.513071ms)
✔ cancelled, invalid, removed and dead queued builders release command-6 ownership exactly once (498.459002ms)
✔ a waypoint added while trainees are inside preserves occupancy; ordinary hut admission consumes the complete queue (612.167338ms)
✔ unavailable or cancelled buildings advance to the next order; replacement and death release shared references (657.538917ms)
✔ mixed movement, training, inherited orders, RNG and footprints match from 5 to 240 Hz and irregular frames (1612.601039ms)
✔ building order preparation matches complete original CPU calls (1.129936ms)
✔ reinforcements and new encounters retain the same person and resume ground, building and worship orders (1166.878076ms)
✔ replacing or killing a reinforcement releases every retained command reference (208.640729ms)
✔ a displaced fighter retains its queue and a split keeps both followers’ original records (167.218117ms)
✔ combat interruption and resumed orders preserve simulation and poses across render rates (1119.131977ms)
✔ combat removes a waiting trainee from its physical line while retaining its training order (93.383051ms)
✔ native model wave uses half, quarter, eighth strength then resets (18.548363ms)
✔ live waves retain first-hit deformation on resource scenery (158.696726ms)
✔ move input eligibility matches native category, strict-land and quarter-mask captures (5.681269ms)
✔ blocked move clicks preserve the whole selected group, shared orders, markers and RNG (207.673301ms)
✔ Markdown sections retain ancestry, repetitions, CRLF boundaries, and ignore fenced headings (2.750318ms)
✔ manifest validation accepts reviewed data and rejects duplicate IDs, missing paths, invalid parity references, and unsafe paths (154.580016ms)
✔ index is deterministic, clean without a cache, ignored when written, and regenerates after source changes (135.08447ms)
✔ index and context reject an indexed source symlink that escapes the repository (54.939352ms)
✔ repository validation requires one current top-level execution-order heading (53.601203ms)
✔ context returns bounded provenance, limitations, checks, and visible source truncation (107.476097ms)
✔ context output saves current JSON and rejects silent option mistakes (180.265424ms)
✔ preparation is independent of retired local status state (176.928514ms)
✔ native research packets grant only a contract-allowed ignored scratch directory (188.669149ms)
✔ role context carries a validated bounded assignment and explicit overflow (341.813288ms)
✔ reviewer context fingerprints the actual dirty, renamed, deleted, and untracked inputs (159.049776ms)
✔ real mapped evidence excerpts retain their material performance boundaries (3355.248717ms)
✔ Shaman appearance context keeps its complete checks and evidence within the default budget (1166.457299ms)
✔ Followers task context retains complete checks without bloating selection context (467.289082ms)
✔ plan handles cross-cutting edits, renames, deletions, untracked and unsafe inputs without executing checks (155.958374ms)
✔ audit distinguishes baseline edits and reports out-of-scope, generated, input, untracked, and stale verification changes (334.328071ms)
✔ audit reports a pre-existing baseline change that disappears (145.521556ms)
✔ audit requires exactly one result for every required check (161.761996ms)
✔ blocked verification cannot masquerade as passing and passed results require evidence (148.88876ms)
✔ game server rejects an invalid isolated port (0.700442ms)
✔ preparation captures real baseline and hashes, validates intent, and refuses overwrite (430.852398ms)
✔ verification persists completed checks across interruption and replaces old passes at startup (205.699089ms)
✔ verification replaces a required receipt invalidated by a changed check definition (238.499785ms)
✔ reviewed aggregate coverage executes once, fingerprints covered inputs, and fails closed on script drift (646.276566ms)
✔ orchestration-tests receipts become stale when worker configuration changes (465.440481ms)
✔ repository-check receipts become stale when worker configuration changes (460.6597ms)
✔ verification runs only safe contract checks, records blocking, and detects mutations (875.901057ms)
THREE.InterleavedBufferAttribute.clone(): Cloning an interleaved buffer attribute will de-interleave buffer data.
✔ painter centers retain precision and follow position replacement and updates (4.43673ms)
✔ construction caps replace face modes and hidden picking faces emit no material (1.348654ms)
✔ cell render order matches native mixed passes and retained arrival order (86.548371ms)
✔ cell traversal preserves live ordering when a stale chain entry is encountered (0.521483ms)
✔ mixed polygon buckets, reverse insertion ties and raster depths match native captures (1.975606ms)
✔ completed models reject native rear faces and shared side/bottom outcodes (0.398448ms)
THREE.InterleavedBufferAttribute.clone(): Cloning an interleaved buffer attribute will de-interleave buffer data.
✔ shared painter vertices follow attribute edits, splits and replacement (4.217331ms)
✔ native grid mapping matches exact XYZ mapping and rejects split heights or irregular coordinates (0.918869ms)
Unrecorded ledger change: run parity:record with a note
✔ parity credits verified scope only and rejects misleading or untraceable assessments (74.825754ms)
✔ report-only rendering refuses unrecorded parity progress (184.218147ms)
✔ verified requirements advance a fixed checkpoint share without hiding unknown scope (14.156992ms)
✔ assessments expose small gains and regressions without crediting scope revisions (48.031071ms)
✔ browser supervisor verifies cleanup after a missing checker dependency (439.139769ms)
✔ browser supervisor does not start the checker while the server port refuses connections (1130.78128ms)
✔ browser supervisor verifies cleanup after a checker exception (603.998711ms)
✔ browser supervisor classifies server spawn failure and verifies empty cleanup (27.240855ms)
✔ browser supervisor stops the checker when the ready server exits (771.901007ms)
✔ browser supervisor SIGTERM includes a detached checker descendant (1154.557829ms)
✔ concurrent submitters and controllers preserve FIFO without overlap (2024.409646ms)
✔ failed and timed-out jobs release before automatic next job (1736.1915ms)
✔ cancel running and queued jobs without running queued command (1298.66614ms)
✔ missing cleanup blocks handoff, recovery requires a fresh matching receipt (1190.981108ms)
✔ live detached child prevents next test and is never killed by the queue (1474.089144ms)
✔ controller crash retains lock; recovery refuses live owner or job (1753.628304ms)
✔ foreign or missing execution scope cannot prove a controller stopped or authorize recovery (1063.930759ms)
✔ legacy active jobs remain unknown even with no controller lock (608.853298ms)
✔ paused submissions start no transient controller before recovery (970.695189ms)
✔ source drift and busy ports block commands without touching existing server (886.018495ms)
✔ all linked worktrees resolve the same queue; invalid specs never launch (445.507199ms)
✔ submission preserves PATH under an ESM temp parent and returns one compact result (1549.438416ms)
✔ concurrent identical retries share one unfinished job; completed work can run again (1682.156157ms)
✔ run exposes a recovery ID before caller interruption; retry keeps the running job (759.176018ms)
✔ person panels preserve native command traversal, health and original draw submissions (4.070159ms)
✔ person-panel lifetime matches native refresh and remains independent of render rate (1.391509ms)
✔ order focus matches native targets and follows the displayed queue record (0.540862ms)
✔ destination marker preserves native attachment, frames and lifetime at every render rate (346.057991ms)
✔ panic and personal fire trails retain original timer, sound, anchor and allocation decisions (9.257357ms)
✔ burning huts eject running followers with distinct panic and trail lifetimes in all orientations (772.038975ms)
✔ panic motion, animation and fire trails are independent of presentation frame rate (286.09633ms)
✔ native building flames traverse matching cells in order, including repeated sockets and failed allocations (40.021062ms)
✔ live flame-cell adapter preserves protected followers, immunity, tribe and hidden occupants (31.064846ms)
✔ real Lightning ignition reaches nearby surviving followers before occupant evacuation (35.76341ms)
✔ ordinary clicks replace only new selections; Ctrl toggles and blocked clicks preserve the group (3.117861ms)
✔ selection never creates a simulation owner or interrupts existing group orders (290.570818ms)
✔ all native single/group selection voices and pointer acknowledgements are ready before audio activation (7.697075ms)
✔ worship placement preserves native two-pass search, occupancy, route order and failure flags (43.663635ms)
✔ worship command preserves native approach, prayer, retry and presentation RNG decisions (34.455432ms)
✔ ordinary stone-head visits expire the standing-slot cursor at the native byte timer (10.470718ms)
✔ construction-plan entrances, approach and timed attack sequences match native execution (20.048403ms)
✔ player append matches native shared references, cursor wrap, full queues, eligibility and pool exhaustion (22.087288ms)
✔ ground, building and forced-final worship modifiers and eighth-order deselection match complete native player packets (0.569645ms)
✔ replacement preserves prior orders when the shared pool is full (0.590817ms)
✔ sprite pointer brackets match native palette, two/four-layer geometry and unsigned animation wrap (8.669795ms)
✔ native conversion delay uses the recovered 200/3 timing basis (2.061815ms)
✔ a full order pool does not stop a moving Preacher without attaching its sermon (76.44685ms)
✔ inside command 31 binds its building and uses the native five-cell sermon radius (56.887678ms)
✔ conversion moves a newborn outside a building footprint before centering it (43.03122ms)
✔ sermon poses preserve native multi-turn RNG timing (27.924722ms)
✔ an idle preacher sermons, converts by replacement, and releases listeners on a new order (325.930236ms)
✔ preacher conversion is independent of display refresh rate (522.938481ms)
✔ queued command 31 rewrites to friendly building entry or ground movement (72.625449ms)
✔ ordinary groups settle into native rings, compact on departure and retain status through new orders (1397.449506ms)
✔ group resting positions, facing, gestures and footprints agree at 5–240 Hz and irregular frames (947.807102ms)
✔ exhausted resting search waits and retries its original anchor through state 10 (73.105516ms)
✔ route probes preserve native building, coast and vehicle endpoint correction (23.079889ms)
✔ failed-route initialization and retries match native fields, timing and ordered consumers (13.496773ms)
✔ disconnected groups stop, retain shared attack/waypoint orders, retry and resume after land connects (427.994675ms)
✔ route-failure notice keeps the original text and retriggers without tutorial history (113.9286ms)
✔ new orders and death release blocked commands; shaman failures use their own original voice (206.074407ms)
✔ blocked groups retry on simulation counters, with identical recovery and combat at 5–240 Hz (1158.605252ms)
✔ blocked building-entry owners resume the same person and finish ordinary admission (91.501762ms)
✔ real command8 full occupancy emits an original-frame child without scene-owned RNG (963.60347ms)
✔ equal elapsed turns preserve secondary state across frame schedules with no bolt draws (339.829996ms)
✔ legacy missing-history roots bootstrap on first render without inventing past visits (180.126284ms)
✔ full roots copy the allocation byte and defer newly prepended children (1.992691ms)
✔ all byte phases and low-five-bit outcomes use the proved root gate (111.908582ms)
✔ actual UI reservations participate in inclusive gates after the root RNG draw (0.567672ms)
✔ marker expiry and child allocation share the same newest-first traversal (0.536696ms)
✔ children keep their own sixteen visits after the root is removed (0.598989ms)
✔ native free-list reuse and checkpoint reconstruction preserve physical slot ownership (0.664047ms)
✔ panel and preview reservations are derived from live adapter owners (1.251169ms)
✔ legacy marker overflow cannot leave ownerless immortal effects after restore (1.237057ms)
✔ browser capture retains the same live puff across ordinary Pause latency (2.202596ms)
✔ selection terrain mesh matches the executable with documented seven-point fan repairs (957.17638ms)
✔ selection fill/edges/corners retain native visibility, depth, UV and shared-corner ownership (26.398489ms)
✔ Shaman import preserves every prior frame, piece and animation entry (30.173316ms)
✔ actual tribe selects every native Shaman source and eight original directions (9.650837ms)
✔ Shaman idle artwork uses all four distinct original body pieces (0.270526ms)
✔ reincarnation distinguishes tribe bodies from shared spirit sources and layer owners (0.248023ms)
✔ shipped live and effect renderers consume the Shaman selector without changing generic mechanics (0.540061ms)
✔ all 3276 previous occupied sprite rectangles retain their reviewed RGBA (146.005192ms)
✔ real Mission 23 Shaman identity and death heading survive checkpoint reconstruction (656.88731ms)
✔ first and second actual presentation visits display 0 then 1, not 1 then 2 (831.131059ms)
✔ normal processed phases reset, loop independently of simulation, then freeze and hide (189.911324ms)
✔ new checkpoints retain shown/next frames; legacy checkpoints start at a bounded deterministic frame (103.791801ms)
✔ pause and native land-pause freeze the latch as well as the counter (12.924853ms)
✔ render schedules and effect-only animation cannot change gameplay, either RNG or respawn (3587.664785ms)
✔ ordinary combat death finishes existing wait and respawn without a duplicate effect (333.889814ms)
✔ model-12 rise freezes the last original spirit frame for all tribes and bearings (2.033462ms)
✔ death-site visibility follows the existing land and drowning lifecycles without changing them (50.295974ms)
✔ earlier body/transition poses retain their existing renderer behavior (0.337597ms)
✔ the live caller applies the bounded presentation only to model-12 reincarnation effects (0.728603ms)
✔ Magical Shield protects six nearby followers for the native lifetime (125.58323ms)
✔ old checkpoints default new Shield stock without disturbing their world (45.075878ms)
✔ normal early mission data selects each original backdrop and both cloud layers (1.306912ms)
✔ same-bank Mission 10 uses the same p sky set without mission-number overrides (0.123445ms)
✔ previous bank d and g sky modes and unhandled banks remain unchanged (0.168904ms)
✔ early mission sky PNGs preserve exact original bytes (3.441296ms)
✔ camera horizons preserve original sky dispatch coordinates and fade (4.315198ms)
✔ continuous sky retains native wind rates and is invariant to segment subdivision (12.30355ms)
✔ spell button artwork, positions and charging fills match native draws (10.087303ms)
✔ all six original Shield/Bloodlust descriptor frames have real atlas rectangles (2.21798ms)
✔ ready, inactive, hover and selected states use the original descriptors, not Unicode or guessed frames (0.734212ms)
✔ authored Mission16 already exposes both sprites without forced availability or stock (134.044603ms)
✔ the original undiscovered spell question mark follows the accepted six-frame append (0.241583ms)
✔ all shipped spell descriptor icons remain available after the append (0.218288ms)
✔ HudSprite no longer substitutes a text glyph and still rejects unknown resources (0.512309ms)
✔ fresh and later missions use the native owned/reward-source/cast-permission precedence (201.995114ms)
✔ restart and checkpoint restore reproduce fresh Mission 1 HUD visibility (179.504806ms)
✔ owned stock wins over the mission-load discovery mask (30.824614ms)
✔ undiscovered art is the native HFX1056 branch and visible-disabled keeps normal art (0.495935ms)
✔ unit atlas retains reviewed tribe/state/direction layers when new models append (17.112169ms)
✔ brave carry animations retain the baked timber body layer (0.431177ms)
✔ base149 retains 51 original faces and existing atlas coverage without key model slots (3.013073ms)
✔ authored default149 roots and linked Mission10 Totem select the base mesh (372.934923ms)
✔ spell45, Obelisk8, Angel157 and Vault154 remain outside static149 (95.891952ms)
✔ source qualification rejects ambiguous identity, reward flags, missing links and scenery (33.387191ms)
✔ old null/absent presentation and new checkpoints derive149 without mutating saved state (90.594721ms)
✔ static presentation never replaces a different model or an active morph family (31.60196ms)
✔ only reward-derived model45 sources are initialized; unrelated head families and Vault remain separate (192.645347ms)
✔ enabled idle cycles18native animation visits without followers; hold/refill retain the original counter rules (0.75665ms)
✔ raw keypoints use base45indices/scale rather than endpoint face layout; all18cached outputs are distinct (12.599514ms)
✔ presentation pauses with world and native land pause without touching simulation or RNG (51.65237ms)
✔ normal authored worship earns Bridge stock while presentation leaves the entire gameplay state unchanged (180.788473ms)
✔ exhausted trigger does not remove its independent enabled decorative model45 animation (66.052508ms)
✔ mid-animation new checkpoint keeps phase and old optional-field checkpoint restores safely without rewards (53.967857ms)
✔ multiple heads keep separate state while30/60/120/144Hz and irregular schedules share one animation timeline (318.328292ms)
✔ shipped scene updates ordinary head positions byphase and leaves Vault on the existing path (0.802495ms)
✔ disable and refill within one presentation interval reset once without advancing the clock (0.218357ms)
✔ heading comes from the decorative scenery word, never trigger settings or model selection (1.873363ms)
✔ all16bits reach the angle-table mask and a missing producer is not treated as north (0.211998ms)
✔ linking uses the native512-unit cell, first scenery match and toroidal coordinate identity (1.851639ms)
✔ existing negative-Y scene rotation agrees with native heading basis; no camera or global offset is required (1.096986ms)
✔ Vault and unknown scenery keep their original angle; orientation lookup does not mutate saved gameplay (68.919321ms)
✔ both ordinary scene orientation consumers use the same helper; no other angle consumer changes (0.50005ms)
✔ real authored zero and high-byte headings survive the producer while saved trigger fields stay unchanged (241.244685ms)
✔ Swamp scans its native 3x3 footprint and honors victim and terrain gates (1.71892ms)
✔ Swamp uses one RNG draw, scans every fourth visit, and expires at ten kills (0.297667ms)
✔ the thirtieth same-tribe Swamp discards the oldest remaining controller (0.214542ms)
✔ live Swamp casting kills through the ordinary corpse path independently of refresh rate (230.052894ms)
✔ Swarm uses the supplied standalone original insect texture (1.222786ms)
✔ Swarm creation and first controller visit preserve original gameplay RNG and child fields (1.397278ms)
✔ Swarm first live visit allocates children before wandering begins on the second visit (82.575852ms)
✔ Swarm final fifteen controller visits progressively remove children before expiry (0.458078ms)
✔ Swarm reveals disguised Spies on panic and panic-protected non-removal paths (131.039717ms)
✔ confirmed invented generic and Angel success strings are not emitted (246.166824ms)
✔ Swarm follows player and computer cast paths with native insects, victim cadence, and lifetime (183.286794ms)
✔ Mission 2 naturally funds the Matak Shaman and casts Swarm through player orders (3051.701788ms)
✔ terrain ambience matches complete native ground queues, including empty views and depth ties (5.325264ms)
✔ tree ambience camera offset and wrapped radius match complete native cell visits (2.220293ms)
✔ local lights match complete native allocation, movement and cleanup captures (149.439377ms)
✔ Blast owns immediate terrain light until its ninth turn, preserving occupancy and pause (127.802606ms)
✔ native height notifications retain object order, duplicate visits and touching building flags (6.330013ms)
✔ terrain edits notify nearby plans, revalidate original slope rules and release an invalid plan (188.1731ms)
✔ a large terrain edit indexes live people once while retaining dirty notifications (183.88673ms)
✔ terrain dirtiness resets live steering without replacing its route (64.467999ms)
✔ terrain texture endpoints match original Direct3D triangle submissions (3.917451ms)
✔ model atlas UVs match native texel centers and retain fractional/outside coordinates (2.646684ms)
✔ terrain submission covers the native cell gate across headings and seams (382.681368ms)
✔ terrain copies omit only tiles with no native-visible cell, including seams and expanded bounds (228.362593ms)
✔ timber search matches native cell order, fog, protected stock and two-pass queries (47.862281ms)
✔ shared timber caches match native allocation, expansion, routing, ownership and expiry (106.024163ms)
✔ an exhausted indexed-search pool postpones expansion without corrupting the cache (0.982766ms)
✔ terrain changes recheck nearby timber routes and live Land Bridge reaches the cache (1032.359992ms)
✔ live timber cost probes report routes and foreign territory without taking route ownership (70.659904ms)
✔ harvest clocks, transfer, scale and animation match original executable captures (1.293983ms)
✔ delivery waits, timber and construction stages match complete native calls (1.655355ms)
✔ Tornado replays native initialization, lifetime, carry and throw (4.318373ms)
✔ Tornado uses the native building protection and one-draw damage gate (1.928915ms)
✔ live Tornado casts, captures and throws independently of refresh rate (460.252893ms)
✔ tower admission uses rotated tribe sockets, ground membership and original one-shot occupant pose (3792.355098ms)
✔ a tower admits one follower and movement orders preserve elevation until physics resumes (110.017887ms)
✔ tower entry and held animation are deterministic at 5–240 Hz (388.325274ms)
✔ destroying an occupied tower releases its native record and display height (77.705901ms)
✔ a tower Firewarrior autonomously attacks an eligible hostile on the tower cadence (110.642069ms)
✔ tower preachers hand occupancy to command 31 and cleanly leave or die (235.865047ms)
✔ tower panel matches every original one-slot draw trace (6.77462ms)
✔ tower panel selection preserves occupancy; ordinary orders leave without teleporting (491.069265ms)
✔ tower dismantling releases its occupant and only braves perform the work (362.099762ms)
✔ training exit orders match original coastal correction and building precedence (9.928284ms)
✔ training admits five visible residents and places overflow on native rotated queue sockets (793.27818ms)
✔ queue cancellation retains successors and occupant departure reuses the first empty slot (180.457633ms)
✔ checkpoint reload preserves a full training hut and its waiting queue without loss (216.653488ms)
✔ funded training replaces a complete batch, releases references and walks warriors out (255.507753ms)
✔ a funded Temple trains a native model-4 preacher and sends it outside (147.638206ms)
✔ a funded Spy Training Hut trains an original model-5 Spy and sends it outside (140.212912ms)
✔ queue movement, admission, conversion and shared references are independent of render rate (1024.472016ms)
✔ already-trained warriors accept training orders and yield queue priority to new braves (96.972343ms)
✔ training append preserves all70 pre-existing original models, including vehicles (18.94194ms)
✔ all original training types and owners resolve to actual meshes, not Blue substitutes (1.816126ms)
✔ the five recovered training variants retain original geometry, color tiles and all stages (12.323706ms)
✔ authored Mission16/17/22 training assets and identities survive checkpoint reconstruction (266.622284ms)
✔ the live building factory opts into original training selection without tint or gameplay changes (0.584758ms)
✔ camp human group command retains visible admission interpolation (601.787318ms)
✔ camp shared command-8 retains visible admission interpolation (419.207715ms)
✔ temple human group command retains visible admission interpolation (639.020005ms)
✔ temple shared command-8 retains visible admission interpolation (402.75342ms)
✔ spyHut human group command retains visible admission interpolation (282.165894ms)
✔ spyHut shared command-8 retains visible admission interpolation (281.593484ms)
✔ firewarriorHut human group command retains visible admission interpolation (459.547439ms)
✔ firewarriorHut shared command-8 retains visible admission interpolation (336.771069ms)
✔ hidden admission, exit, replacement and explicit placement remain discrete (70.148324ms)
✔ native training panels preserve slots, selection, palette, frames and turn-driven feedback (18.392535ms)
✔ wide charge arithmetic never runs backwards or exceeds its frame at maximum training mana (26.584189ms)
✔ shipped disguise completes aboard Boat, holds and accepts another command (170.809216ms)
✔ Balloon passenger idle entry holds without advancing or consuming orders (106.675721ms)
✔ shipped Balloon disguise configures its command position and completes aboard (84.057219ms)
✔ Balloon raw-coordinate startup wraps payload words and retains unported encodings (55.533098ms)
✔ pending Balloon disguise checkpoint retains command position and resumes once (51.01664ms)
✔ occupied state30 checkpoint resumes countdown without reinitializing motion or RNG (63.10388ms)
✔ ordinary disembark clears vehicle and state30 returns to orders for one visit (35.601543ms)
✔ replacement disguise interrupts pending and partially completed aboard commands (41.275109ms)
✔ fractional reference uses exact rectangle coverage at edges and corners (1.667233ms)
✔ adjacent glyph elements composite their shared fractional edge sequentially (0.341483ms)
✔ disabled opacity combines with coverage while transparent source pixels preserve background (0.45912ms)
✔ source crop and nearest sampling retain native pixels without atlas bleed (0.229545ms)
✔ pinned fixed8 coverage and integer interpolation explain the opaque edge without fitting (0.168473ms)
✔ single-pixel fixed8 rectangles and straight-alpha output retain their separate contracts (0.135193ms)
✔ tree growth and complete replant searches match native captures (18.38287ms)
✔ depleted timber replants after its full delay and grows on its own phase (2714.217504ms)
✔ burning depletion also queues one replant without reviving the old tree (150.467534ms)
✔ Tutorial advances through Shaman selection into the authored Obelisk flyby (1277.825531ms)
✔ Tutorial restart recreates fresh script and view state (234.285641ms)
✔ overhead health gauges match native visibility, scaled-pose anchors and 24-pixel fills (1.250517ms)
✔ continuous positions follow captured native body/shadow interpolation (5.854187ms)
✔ every elapsed-time schedule reaches the same displayed position without changing simulation (856.83111ms)
✔ pause, endpoints, placement, entry, conversion and new people never replay stale movement (65.982897ms)
✔ Vault knowledge uses the original class-6/model-2 reward frames and socket (0.788624ms)
✔ Vault knowledge is present only while its authored reward source is active (0.149815ms)
✔ Mission 7 Vault knowledge uses occupied model-18 socket 1 placement (6.611302ms)
✔ original class4 mesh selection distinguishes geometry from tooltip IDs (1.730218ms)
✔ vehicle-only import preserves all68 existing model records (15.155822ms)
✔ authored campaign vehicles retain mesh identity across checkpoint reconstruction (295.148964ms)
✔ normal boarding, exit and destruction retain original mesh rather than changing gameplay state (50.624148ms)
✔ the normal Balloon Hut producer creates the original144 appearance (78.408548ms)
✔ the shipped vehicle factory consumes original models, with no custom hull/envelope (0.813681ms)
✔ original vehicle owner textures use adjacent source tiles and retain local UVs (9.219851ms)
✔ Boat travel and exit keep registered passenger object-cell membership current (95.942711ms)
✔ Balloon travel and exit keep registered passenger object-cell membership current (74.677543ms)
✔ same-cell passenger sync preserves one linked membership and never allocates an unregistered person (34.665366ms)
✔ checkpoint clone retains passenger cell identity and wrapped exit reindexes without duplicates (57.089915ms)
✔ live vehicle damage keeps the native owner, special, signed and reset rules (106.219684ms)
✔ Blast reaches live vehicles and native destruction ejects passengers alive (96.185265ms)
✔ vehicle life and destruction survive checkpoint migration and reload (219.906358ms)
✔ success-bearing exit preserves existing public point API and real failure (139.737396ms)
✔ live panel selection only changes native selection flags and preserves unrelated selections/orders/RNG (83.972902ms)
✔ Boat and Balloon unload launch without teleporting, clear orders, and survive occupied/airborne checkpoints (111.888318ms)
✔ unload click rechecks speed, occupancy and terrain after rendered enabled state (55.432686ms)
✔ authored Mission22 Boat and Balloon unload retain launch until a living landing (130.264325ms)
✔ vehicle panel uses native kind9 geometry, disabled raw art and selection overlays (2.960895ms)
✔ raw disabled vehicle sprite alpha is85 while tail remains170 and normal art opaque (0.475985ms)
✔ vehicle selection keeps work on single, expands deselection, and Shift selects blocked mates (0.288544ms)
✔ passenger right-click has inspection semantics, while unload right-click is inert (0.131838ms)
✔ unload readiness refresh clears cached success at speed12 or failed terrain (0.136615ms)
✔ stale unload failure repeatedly clears only current driver orders, without teleporting anyone (0.242464ms)
✔ hover adds a native fill, never a false selected marker; pressed overlays palette130 (0.217016ms)
✔ horizontal viewport expansion preserves native depth and safe projection arithmetic (693.664967ms)
✔ intermediate display footprint fills the observed bird-view cut without changing native camera state (5.015369ms)
✔ added display cells cover safe front-branch projected samples across zoom, rotation and torus fractions (76.37771ms)
✔ display bounds texture and CPU visibility share the same derived rows without feeding camera state (3.126423ms)
✔ visible cells match original traversal at boundaries and wrapped camera centers (919.573918ms)
✔ Volcano replays its native terrain, emission and disruption lifecycle (5.499466ms)
✔ player and computer Volcano casts share the live controller and old saves migrate (193.756736ms)
✔ review bundle is independently readable from a non-overlapping local fixture (312.927202ms)
✔ review bundle rejects quoted secret fields and environment-secret files atomically (397.051055ms)
✔ decoded command-receipt stdout and stderr reject escaped secret JSON without exposing values (193.888089ms)
✔ double JSON-string wrappers in stdout and stderr reject secrets without echoing values (199.897976ms)
✔ benign nested JSON strings pass within depth and decoded-byte bounds (147.096044ms)
✔ decoded JSON recursion fails closed beyond depth or total decoded-byte bounds (233.094275ms)
✔ decoded JSON byte boundary accepts exactly the configured budget (155.721733ms)
✔ tracked deletion has an explicit expected deletion identity and rejects tamper or omission (439.70649ms)
✔ real-path canonicalization rejects source aliases and bundle outputs through source symlinks (245.611021ms)
✔ bundle verification is bound to caller-supplied identities and rejects traversal (154.837134ms)
✔ raw command receipts retain source head and complete stdout/stderr (155.190491ms)
✔ command receipts bind dirty source and explicit ignored inputs and invalidate drift (165.686797ms)
✔ receipt CLI preserves repeated input flags and rejects zero-exit input drift (498.373852ms)
✔ a killed foreground wrapper retains unknown state and raw output, never a pass (669.006914ms)
✔ retired status and binding commands are not exposed or coupled to verification (1.938851ms)
✔ live aggregate coverage includes every maintained workflow integrity suite (471.805319ms)
✔ native models 13 and 15 route only completed vehicle workshops into kind 6 (1.765009ms)
✔ Boat House kind-6 panel uses native 136x82 rows and hit targets (0.721894ms)
✔ Boat House work cells fill only at each complete native 100-work boundary (0.29989ms)
✔ Boat House reuses original dismantle and cancel control phases (0.186279ms)
✔ Balloon Hut kind-6 geometry derives 208x82 from native capacity and ten work cells (0.351118ms)
✔ Balloon Hut work cells fill only at each complete native 100-work boundary (0.308864ms)
✔ Balloon Hut reuses the original dismantle and cancel control phases (0.175604ms)
✔ followers cross the former crop and both world seams, then settle at every frame rate (4278.14684ms)
✔ direct attacks take the short route and engage across both world seams (123.171951ms)
✔ live heights and sprite grounding read native terrain outside the compatibility grid (76.884343ms)
✔ mixed picking follows captured native painter ownership and pixel edges (7.617356ms)
✔ live pointer eligibility uses the active record and recorded cell building (854.785019ms)
✔ ScenePicking re-resolves injected overlapping terrain candidates against the current painter command (421.067068ms)
✔ native selector body hierarchy retains all 25 worlds and first-three moons (1.692501ms)
✔ opening campaign availability reflects completion without hiding replay access (0.219851ms)
✔ ordinary Stone Head completion creates the original six-visit acquisition VFX before stock delivery (157.288254ms)
✔ spell-head reward admission preserves native oriented cell ranges and active command eligibility (4.64336ms)
✔ head-group selection shares native occupant flag rules and imported panel heights match the original consumer (1.593963ms)
✔ proved worship modes use their original static models without changing other head families (0.794203ms)
✔ original worship model 8 is the reviewed bank-2 geometry (0.984809ms)
✔ original worship model 157 is the reviewed static Angel-head geometry (0.369304ms)
✔ legacy appearance migration recovers recursive authored modes and preserves existing families (303.704187ms)
✔ linked tutorial mode-3 Obelisk retains its authored mode and model (30.904634ms)
✔ Temple training uses the canonical shape doorway rather than crossing its footprint (88.653128ms)
✔ normal worship approach follows the same canonical stone-head heading as the rendered head (76.918531ms)
✔ legacy Mission22 worship appearance is derived from authored source identity without changing checkpoint state (145.656282ms)
✔ legacy linked mode3 head migrates recursively while root trigger and unrelated state stay byte-for-byte equivalent (29.761579ms)
✔ legacy non-mode3 and Vault heads recover mode without changing their presentation families (27.739974ms)
✔ authored worship lookup uses immutable source fields and agrees for Mission22 and linked tutorial head (51.485461ms)
✔ shipped store load migrates legacy Mission22 before real command-27 Brave admission (110.588999ms)
✔ automatic worship-panel activity is written only by a supported completed mode-0 sample (1.499891ms)
✔ automatic producer keeps unproven families out of the first shipped slice (0.357277ms)
✔ automatic retention reads the last player-specific sample rather than generic follower state (0.162564ms)
✔ automatic retention releases an inactive completed head even after a positive last sample (0.107612ms)
✔ worship panels preserve native progress, recharge, slots and artwork without clipping the second row (13.162901ms)
ℹ tests 997
ℹ suites 0
ℹ pass 997
ℹ fail 0
ℹ cancelled 0
ℹ skipped 0
ℹ todo 0
ℹ duration_ms 105722.129273

> populous-first-dawn@0.1.0 parity:check
> node scripts/parity.mjs check

Parity ledger, evidence paths, revision and generated report are consistent.

> populous-first-dawn@0.1.0 orchestration:check
> node scripts/orchestration/cli.mjs check

{
  "status": "passed",
  "checks": 124,
  "subsystems": 11,
  "generatedOwners": 6,
  "unmappedSourceCount": 149,
  "unmappedSources": [
    "app/ambient-sound.ts",
    "app/animation.ts",
    "app/audio-preferences.ts",
    "app/audio.ts",
    "app/blast-wave.ts",
    "app/building-clearing.ts",
    "app/building-damage.ts",
    "app/building-debris.ts",
    "app/building-dismantle.ts",
    "app/building-occupants.ts",
    "app/building-sinking.ts",
    "app/building-smoke.ts",
    "app/building-terrain.ts",
    "app/celebration.ts",
    "app/chatgpt-auth.ts",
    "app/combat-approach.ts",
    "app/combat-building.ts",
    "app/combat-order-search.ts",
    "app/combat-orders.ts",
    "app/combat-pursuit.ts",
    "app/combat-targets.ts",
    "app/command-context.ts",
    "app/construction-panel.ts",
    "app/convert-wild.ts",
    "app/drag-border.ts",
    "app/drag-overlay.ts",
    "app/earthquake.ts",
    "app/effect-motion.ts",
    "app/erosion.ts",
    "app/firestorm.ts",
    "app/flatten.ts",
    "app/footprints.ts",
    "app/fps-graph.ts",
    "app/globe-renderer.ts",
    "app/globe.ts",
    "app/ground-overlay.ts",
    "app/hud-charge.ts",
    "app/hud-font.ts",
    "app/hud-health.ts",
    "app/hud-mana.ts",
    "app/hud-population.ts",
    "app/hud-portrait.ts",
    "app/hud-selection.ts",
    "app/hut-birth.ts",
    "app/hut-occupancy-smoke.ts",
    "app/hut-smoke-runtime.ts",
    "app/hut-upgrade.ts",
    "app/indexed-search.ts",
    "app/land-bridge.ts",
    "app/layout.tsx",
    "app/level-one.ts",
    "app/level-three.ts",
    "app/level-two.ts",
    "app/live-resting.ts",
    "app/mana.ts",
    "app/melee-encounter.ts",
    "app/melee-engagement.ts",
    "app/melee-groups.ts",
    "app/melee-placement.ts",
    "app/melee.ts",
    "app/minimap-frame-view.tsx",
    "app/minimap-frame.ts",
    "app/minimap-renderer.ts",
    "app/minimap.ts",
    "app/model-faces.ts",
    "app/model-lighting.ts",
    "app/morph.ts",
    "app/music.ts",
    "app/native-math.ts",
    "app/original-bloodlust.json",
    "app/original-camera.json",
    "app/original-constants.json",
    "app/original-effects.json",
    "app/original-fire.json",
    "app/original-minimap-frame.json",
    "app/original-music.json",
    "app/original-pointer.json",
    "app/original-script-three.json",
    "app/original-script-two.json",
    "app/original-script.json",
    "app/original-search.json",
    "app/original-shapes.json",
    "app/original-sky.json",
    "app/original-skylens.json",
    "app/original-sound.json",
    "app/original-stone-heads.json",
    "app/original-tooltips.json",
    "app/painter-vertices.ts",
    "app/painter.ts",
    "app/path-geometry.ts",
    "app/path-search.ts",
    "app/path-solver.ts",
    "app/person-collision.ts",
    "app/person-idle.ts",
    "app/person-motion.ts",
    "app/person-panel.ts",
    "app/person-physics.ts",
    "app/person-route-recovery.ts",
    "app/person-state.ts",
    "app/preacher-conversion.ts",
    "app/projectile-motion.ts",
    "app/projection.ts",
    "app/resting-slots.ts",
    "app/scene-hud-runtime.ts",
    "app/scene-secondary-effects.ts",
    "app/scenery-fire.ts",
    "app/secondary-effects.ts",
    "app/selection-raster.ts",
    "app/shaman-death-vfx.ts",
    "app/sky-motion.ts",
    "app/sky.ts",
    "app/special-battle.ts",
    "app/spell-button.ts",
    "app/spell-halo.ts",
    "app/spell-trails.ts",
    "app/spell-visibility.ts",
    "app/sprite-layers.ts",
    "app/stone-head-149.ts",
    "app/stone-head-animation.ts",
    "app/stone-head-orientation.ts",
    "app/swamp.ts",
    "app/swarm.ts",
    "app/terrain-ambience.ts",
    "app/terrain-light.ts",
    "app/territory.ts",
    "app/tooltip-layout.ts",
    "app/tornado-runtime.ts",
    "app/tornado.ts",
    "app/training-conversion.ts",
    "app/training-hut-appearance.ts",
    "app/training.ts",
    "app/tree-growth.ts",
    "app/unit-health.ts",
    "app/vault-appearance.ts",
    "app/vehicle-appearance.ts",
    "app/vehicle-routing.ts",
    "app/volcano.ts",
    "app/water.ts",
    "app/workshop-panel.ts",
    "app/world-coordinates.ts",
    "app/world-initialization.ts",
    "app/world-selector-data.ts",
    "app/world-selector.module.css",
    "app/world-selector.tsx",
    "app/world-state.ts",
    "app/world-tasks.ts",
    "app/worship-appearance.ts",
    "app/worship-panel-activity.ts",
    "app/worship-panel.ts"
  ],
  "cacheRequired": false
}
