
> populous-first-dawn@0.1.0 check
> npm run typecheck && npm test && npm run parity:check && npm run orchestration:check


> populous-first-dawn@0.1.0 typecheck
> tsc --noEmit


> populous-first-dawn@0.1.0 test
> node --test tests/*.test.mjs

✔ live Mission3 adapters rotate an eligible Convert Wild producer behind training (100.578111ms)
✔ producer table preserves singleton priority, one stable pass, and signed counts (0.959392ms)
✔ producer capacity is checked before callbacks and after pre-table allocation (0.487893ms)
✔ checkpoint migration retains producer history and initializes each legacy AI independently (98.491779ms)
✔ authored early producer opportunities record native table attempts without changing later missions (839.290229ms)
✔ Missions1/2 never enable type8 or idle type11/15 response follow-ups (273.035425ms)
✔ ordinary Missions1/2 allocate a real pre-table scan at their first producer opportunity (456.526282ms)
✔ normal first scans finish and repeat without a placeholder reservation (619.624896ms)
✔ ordinary Mission2 movement reaches a real response and resumes the scan checkpoint (461.907379ms)
✔ response allocation preserves native duplicate, disabled, cancellation and exhaustion gates (0.83626ms)
✔ early automatic training requires at least the native school capacity (266.893476ms)
✔ training capacity compares the native signed32-bit available total (0.576485ms)
✔ six followers share ground → area attack → ground orders, destroy the hut and regroup (431.85615ms)
✔ losing an acquired building rescans the area, fights a new person and retains the waypoint tail (199.451927ms)
✔ cancelling a reserved fight releases its reservation and the entire staged tail (112.988059ms)
✔ area targeting distinguishes an unbuilt plan from a partially constructed building (256.955068ms)
✔ arrival voices count approaching followers and fire once when they near the ordered area (537.783846ms)
✔ area approach, combat, arrival voices and queued destinations agree at 5–240 Hz and irregular rendering (1304.92088ms)
✔ pausing an unfinished music play preserves enabled sound and later resume (6.414018ms)
✔ late rejection from an older resume cannot cancel the newest playing request (3.200594ms)
✔ a superseded context resume does not submit an extra music play (6.807297ms)
✔ mute cancels pending playback without recreating the background timer (1.701943ms)
✔ dispose cancels pending playback without recreating the background timer (1.336411ms)
✔ the current playback failure still rejects rather than hiding a real media error (2.160082ms)
✔ current context errors propagate, while a disposed request cannot report a stale failure (1.681513ms)
✔ initial enable can finish while paused without turning the sound setting off (2.230947ms)
✔ enable reports cancellation when muted during its pending playback (1.3084ms)
✔ first visit and non-browser rendering keep the existing defaults without writing (2.206561ms)
✔ versioned zero/full volume restores without truthiness fallback or autoplay data (0.345993ms)
✔ malformed, unsupported and unsafe values fall back without overwriting the record (0.537357ms)
✔ only an explicit valid change writes the known preference fields and leaves other storage alone (0.35066ms)
✔ invalid programmatic values never persist or replace the last valid choice (0.351822ms)
✔ denied storage getter, reads and writes are safe session-only fallbacks (0.420553ms)
✔ restoring volumes does not create audio, enable playback, or change audio RNG/reset semantics (0.423207ms)
✔ authored origins survive initialization for all five currently live campaign bridge heads (720.307086ms)
✔ ordinary Mission 2 worship creates the authored crossing and every live terrain turn matches it (1691.238406ms)
✔ legacy migration recovers only missing immutable origins without replaying active terrain (763.886444ms)
✔ component checkpoint preserves authored birth caches when sampled terrain changes before the next visit (417.961721ms)
✔ pre-activation legacy save and mid-bridge checkpoint continue once at the authored origin (1321.913833ms)
✔ automatic Boat search filters native-ineligible vehicles and boarding shares the driver route (124.191417ms)
✔ music sections and ordinary ambient decisions match captured original execution (8.295803ms)
✔ percussion uses audio timestamps at low/high/irregular frame rates and skips stale starts (3.385039ms)
✔ Blast head reaches impact and native first/last wave visits launch enemies/allies (193.290274ms)
✔ Blast and follower presentation share elapsed time at low/high/irregular refresh rates (707.996386ms)
✔ projectile snapshots preserve pause, wrap and explicit placement without touching unrelated effects (60.993121ms)
✔ original Blast indexed visits, alliances, repeated impulses and damage gates (30.872599ms)
✔ live Blast delays allied launch, retains native flight height and restores commands after landing (179.01062ms)
✔ Blast and landing damage share original shields, protection, attacker and life wrapping (0.772746ms)
✔ wild followers land into their original state 8 without losing the unit (99.793022ms)
✔ a burning airborne follower keeps one panic clock and releases its native pose after landing (60.087609ms)
✔ Boat House launch matches native type-1 computer full ejection (159.241618ms)
✔ Boat House launch matches native type-2 human driver removal with retained occupants (71.14408ms)
✔ maintained checkpoint callsite waits for delayed false reads before reloading (8.511278ms)
✔ maintained checkpoint callsite rejects exhausted false reads without reloading (49.633461ms)
✔ maintained checkpoint callsite closes rejected reads without reloading (2.652903ms)
✔ rendered transport checker independently counts whole mixed-class craft (2.087755ms)
✔ rendered transport checker rejects partial, unrelated, duplicate and wrong-class groups (3.32529ms)
✔ transport pixel oracle retains real device scale and outward clip padding (0.653628ms)
✔ transport oracle preserves fractional scales and detects the old footer/hit failure (1.283222ms)
✔ readiness reads rebind after fresh page reload and on repeated calls (6.1792ms)
✔ readiness wait sequentially awaits false samples before accepting literal true (4.691885ms)
✔ a truthy non-boolean readiness field does not pass the wait (5.73967ms)
✔ read errors propagate and repeated unready samples time out without mutation (18.821002ms)
✔ maintained Mission 4 callsite awaits valid profile completion before continuing and reloading (15.731677ms)
✔ maintained Mission 4 callsite exhausts false reads without starting continuation (15.987001ms)
✔ maintained Mission 4 callsite accepts completion on the last read without a final pause (12.327234ms)
✔ maintained Mission 4 callsite rejects failed opens without starting continuation (2.065011ms)
✔ maintained Mission 4 callsite closes rejected reads without starting continuation (1.664137ms)
✔ maintained Mission 4 callsite closes a database when starting its read throws (1.669966ms)
✔ maintained Mission 4 callsite closes databases with a missing store and fails closed (7.270709ms)
✔ maintained Mission 4 callsite requires literal true before starting continuation (1.859357ms)
✔ building attack phases, entrances, damage and shake match native execution (52.413622ms)
✔ an entirely occupied world cancels special positioning instead of hanging (1.12597ms)
✔ live building assault enters, strikes, shakes and destroys via native damage accumulation (825.883218ms)
✔ occupied building ejects a defender and the same native command resumes after winning (133.988786ms)
✔ building attack mechanics and poses are independent of rendering cadence (1011.87727ms)
✔ attacker death releases immediately; target loss rescans the area before completing (223.238777ms)
✔ native defence gate and shaking retain counter cadence, signed lifetime and collapse RNG (2.296885ms)
✔ cancelling or killing an attacker during its defender encounter releases the retained order (247.413982ms)
✔ complete native scenery clearing, shared waits and ownership requests (224.875689ms)
✔ complete native people clearing, shared waits and ownership requests (138.638279ms)
✔ live clearers harvest on-site trees, carry and deposit logs, then move bystanders before allocation (1026.026276ms)
✔ clearing pauses without advancing and cancellation releases its native animation and route (141.816651ms)
✔ clearing bushes starts the original fire and retreats before the site is allocated (132.805072ms)
✔ occupant restoration and facing match native captures, including seams and backwards facing (8.837711ms)
✔ live exits retain position and sprite ownership for every building orientation (1959.468481ms)
✔ command cancellation uses shared exit restoration without changing the route start (55.51493ms)
✔ timber hauling matches native phases, movement, reservations, transfers, poses and clocks (30.89418ms)
✔ native building origins, exact ground writes and plan height initialization (257.391544ms)
✔ live rotated foundations use native vertices and preserve surrounding terrain (664.51677ms)
✔ buildings retain distinct terrain handles after long effect-heavy games (39.630441ms)
✔ native descriptor data routes completed huts through kind 7 with resident capacities (1.255452ms)
✔ kind-7 hut rows place occupant and dismantle hit targets from native capacity (1.53121ms)
✔ training charge row keeps existing controls aligned after shared geometry extraction (0.201699ms)
✔ unbuilt plan priorities, validation, allocation and abandonment match native decisions (11.472579ms)
✔ leveling movement, animation, timers, terrain and sound match complete native task 8 (57.373342ms)
✔ live plans retain uneven ground, level visibly and wait for timber and crew clearance (2817.437561ms)
✔ a full shared order pool leaves a new plan unstaffed without leaking ownership (141.949424ms)
✔ simultaneous fetch deposits cap preparation work and preserve surplus timber (114.736659ms)
✔ unattended plans expire and redirected leveling workers release their sprite and route (266.878365ms)
✔ native preparation clears on-site timber before allocation without deleting its resource (229.881509ms)
✔ foundation settling, flooding and dock edges match original executable captures (75.438606ms)
✔ original wet-side tipping, drift, spin and sinking expiry retain complete native trajectories (145.185732ms)
✔ terrain collapse ejects before destruction, retaining its two-turn delay (0.488634ms)
✔ healthy buildings settle without entering repair; deformed and flooded buildings use distinct destruction (1097.986301ms)
✔ complete native cell validity and exact placement feedback (72.039887ms)
✔ placement protects reincarnation stones without a living Shaman and reserves buildings (1225.297881ms)
✔ building activity matches native geometry, clocks, speed, facing and animation requests (66.813587ms)
✔ live builders reach work poses, animate, pause, cancel and finish without stale sprites (851.761563ms)
✔ crews leave finished huts in all four orientations before the plan releases them (2981.748695ms)
✔ player construction orders approach natively and deposit carried logs before fetching (2017.705264ms)
✔ builder admission and stale-slot pruning match complete native calls (10.805653ms)
✔ construction dispatch, repair clocks and departure gates match native plan calls (24.52295ms)
✔ scheduled burning plans panic only unlocked builders on building cells (135.216177ms)
✔ repair smoke footprint and terrain refresh match native cell traversal (2.694585ms)
✔ two live builders dispatch one hauler on the original sixteen-turn phase (337.876166ms)
✔ later construction haulers skip timber reserved by an earlier search (82.809121ms)
✔ timber reservations reopen, drain and release on native transitions (0.337049ms)
✔ live plan capacities, duplicate orders and replacement workers share registration (150.119726ms)
✔ zoom retains native preset bounds and the existing 18-step timer (4.003005ms)
✔ render previews do not mutate native state and meet every committed step across all resolution tables (98.130113ms)
✔ 30/60/120/144 Hz and irregular preview schedules retain duration and every owned native configuration (32.697002ms)
✔ conversion observation requires the native victim-owner and replacement flags without world mutation (2.503151ms)
✔ death, ordinary births, startup conversion flags and enemy preacher ownership are not credited (0.451038ms)
✔ observation resets at mission boundaries and does not infer events across unobserved turns (0.179046ms)
{"label":"fixture","ready":true,"turn":1,"status":"playing"}
{"checkpoint":"mission-2-start","level":3,"status":"won","turn":1,"population":{}}
{"checkpoint":"mission-2-won","level":3,"status":"won","turn":1,"population":{}}
{"checkpoint":"mission-2-result","level":3,"status":"won","turn":1,"population":{}}
{"checkpoint":"mission-3-continued","level":3,"status":"won","turn":1,"population":{}}
{"checkpoint":"mission-3-won","level":3,"status":"won","turn":1,"population":{}}
{"checkpoint":"mission-3-result","level":3,"status":"won","turn":1,"population":{}}
PASS: fixed-turn diagnostic wins Mission 2, continues, and wins Mission 3; not real-clock gameplay
✔ sandbox adapter retains every existing assertion, turn bound and campaign action (4.05429ms)
✔ changed or duplicated maintained checker scaffold fails closed before browser execution (2.058682ms)
✔ late final screenshot completion cannot mark an aborted campaign scenario passed (6.291187ms)
✔ actual native triangles supplement the historical fixed anchor scan (6.216836ms)
✔ geometry candidates cannot bypass foreign object or DOM overlay ownership (3.92566ms)
✔ normal zero-dt frame refresh resolves stale panels while retaining simulation slots and clock (2.419567ms)
✔ presentation refresh cannot conceal a simulation change (2.511754ms)
✔ presentation reservation exception cannot conceal secondary slot allocation (1.694232ms)
✔ stale pre-refresh reservations fail instead of being normalized by the checker (1.993275ms)
✔ presentation refresh cannot conceal changed world Map entries (2.847412ms)
✔ occluded shrine fallback uses bounded ordinary camera drags and strict target re-probes (0.318642ms)
✔ the shipped right-drag mapping rotates 512 native angle units without panning (70.960916ms)
✔ Mission 3 trains a bounded Preacher group and retains identified HUD-reachable Braves (0.270291ms)
✔ additive native Ctrl-five requires the ordinary cancel/deselect before reserving workers (1499.174947ms)
✔ missing checkpoint does not suppress independent campaign progress (144.749734ms)
✔ malformed checkpoint does not suppress independent campaign progress (75.843114ms)
✔ partially migratable checkpoint does not suppress independent campaign progress (64.976786ms)
✔ incompatible checkpoint does not suppress independent campaign progress (72.129619ms)
✔ current valid checkpoint still restores and loads (123.906676ms)
✔ legacy valid checkpoint still restores and loads (92.388332ms)
✔ malformed stored checkpoint preserves usable session checkpoint and merges completion (60.954091ms)
✔ storage read failure retains in-session progress and checkpoint (64.858379ms)
✔ camera release alone does not make the startup Shaman selectable; observation is read-only (434.055047ms)
✔ readiness still rejects absent actors, global input locks and paused play (230.195145ms)
✔ Continue readiness waits on real RAF before suspension with the existing timeout (2.275975ms)
✔ the production wait polls synchronous false until native selection readiness (2.77865ms)
✔ Mission 3 Swarm target observation is read-only and chooses an actually castable enemy (1280.434158ms)
✔ Mission 3 Swarm eligibility does not depend on distance to the vault or unit array order (984.289489ms)
✔ Mission 3 Swarm diagnostic refuses missing stock, blocked input, cooldown and invalid enemies (848.287425ms)
✔ checkpoint readback awaits false reads before the actual true result (3.606097ms)
✔ checkpoint readback fails closed after bounded asynchronous false results (1.057107ms)
✔ attack approach points and search pool state match complete native queries (75.33611ms)
✔ fight/person pursuit, housed entry, waiting and retries match native visits (21.480974ms)
✔ attack search, march records and automatic retargeting match native dispatch boundaries (17.670631ms)
✔ arrival voices and reservation release replay native thresholds and compacted-list visits (2.541288ms)
✔ original automatic commands preserve normal queues, share one reference-counted record and handle allocation exhaustion (67.097975ms)
✔ native scan dispatch preserves pending bits, suppression, specialist selection and consumer call counts (1.236333ms)
✔ ordinary combat entry reveals a completed Spy disguise (347.481843ms)
✔ live campaign scan suppression consumes pending alerts without changing person counters or sprites (173.721938ms)
✔ dead building attackers release queued shaman-guard duty (140.28602ms)
✔ fight motion initializes its retained sermon without a native owner (104.149369ms)
✔ coastal response targets come from the corrected native cell, including its newly exposed edge (176.990864ms)
✔ tower counterattacks ignore hostile people in water (179.704072ms)
✔ coastal area/dismantling order preparation matches full native calls and retains flags on identical commands (0.657855ms)
✔ live same-cell followers share one automatic command 21 and resume their queued destination (167.013208ms)
✔ an on-foot Firewarrior owns one automatic response per cooldown and yields to player movement (679.125104ms)
✔ an on-foot Firewarrior repeatedly launches at and damages a completed enemy building (124.756358ms)
✔ automatic combat restarts a retained direct tree harvest instead of harvesting during battle (164.490223ms)
✔ live automatic combat consumes a pending worship scan without replacing command 27 (98.268285ms)
✔ live automatic allocation failure preserves its source and queued order (81.076809ms)
✔ live automatic sharing leaves a nonmatching same-cell peer untouched (119.992871ms)
✔ live preacher response retains its sermon queue and resumes conversion (104.729635ms)
✔ preacher response allocation failure consumes the scan without changing its queue (114.050948ms)
✔ complete pursuit, target setup and attack-area gates match native fields, RNG and consumer ordering (12.873214ms)
✔ full-fight waiting positions and fallback RNG match original terrain and collision execution (45.649494ms)
✔ mixed target collection, native distance bands, fight admission and reservations replay executable captures (19.316686ms)
✔ live followers choose closer enemies, distribute reservations, then fall back to a saturated target (305.684409ms)
✔ live mixed scans detect enemy footprints and prefer an eligible person in the same distance band (233.632704ms)
✔ automatic squads share native area orders and target capacity independently of render frequency (984.025161ms)
✔ live target priority joins a fight ahead of a solitary enemy in its distance band (119.445545ms)
✔ nearby automatic building attacks keep their command-21 target between detection visits (134.336521ms)
✔ automatic contextual priority matches original single and mixed-class captures (1.721372ms)
✔ live ground context follows native registered cells through rotations and world seams (172.594682ms)
✔ ground beside a hut moves the group, while its occupied cell enters it (110.095579ms)
✔ an exact tree click harvests, seeks a timber plan and otherwise returns to rest (149.901806ms)
✔ a queued ordinary-tree harvest keeps its cargo and advances the existing waypoint (520.973539ms)
✔ input feedback matches native ground-cell centers and suppresses flashes over pointed objects (0.455676ms)
✔ object commands retain the chosen identity through overlaps and array reordering (117.733437ms)
✔ live target choice follows captured native ownership for both tribes (2841.274068ms)
✔ construction command matches native registration, fallback ownership and task handoffs (94.696465ms)
✔ construction panel matches native submissions and corrects the unlinked second-row height (24.051987ms)
✔ construction workers can be selected, reassigned to dismantle, cancelled and restarted (523.478315ms)
✔ construction icons select the active worker record and respect its native eligibility (36.687462ms)
✔ original priming consumes no elapsed progress; each frame stops before batch overshoot (2.841693ms)
✔ separate calls continue from the original previous timestamp without re-priming (7.017283ms)
✔ a promise is never accepted as a truthy readiness predicate (1.165387ms)
✔ frame and object-turn exhaustion fail without extending a goal (0.300295ms)
✔ an explicitly bounded coastal position attempt can return unmet without hiding its limit (0.819365ms)
✔ abort and Scene/World replacement are detected across browser-task yields (0.858172ms)
✔ normal speed, unpaused commands, positive finite deltas and wall bound stay mandatory (0.569765ms)
✔ original-frame failures propagate without another step (0.318933ms)
✔ unexpected automatic elapsed frames during a yield are rejected (0.329238ms)
✔ Convert Wild scans, converts, animates, and casts through player and computer paths (133.919049ms)
✔ deselection matches native command flags for every selection byte (2.817938ms)
✔ cancel targeting first; deselection preserves shared marching orders, routes, RNG and pause (234.254215ms)
✔ deselection reaches retained work representations once, leaves enemy ownership alone (78.775663ms)
✔ deselected groups retain identical mechanics and poses at 5–240 Hz and irregular frames (700.926457ms)
✔ training selection eligibility reads command flags, independently of motion turning flags (284.935424ms)
✔ dismantling reassigns residents and queued braves, recovers all timber and removes the building in four orientations (822.27253ms)
✔ cancelling dismantling stops existing workers; new orders can staff an empty dismantling building (191.535189ms)
✔ dismantling outcomes and timber remain independent of render frequency (805.678513ms)
✔ mixed groups queue movement, dismantling and movement without redirecting ineligible warriors (483.321576ms)
✔ queued building entry can become dismantling; cancellation skips work while retaining the destination (311.421514ms)
✔ dismantling queue replacement and death release references while non-braves keep their current orders (327.616213ms)
✔ automatic combat pauses shared dismantling and resumes its retained order (82.675721ms)
✔ automatic combat completion follows the native circular dismantling queue (109.288223ms)
✔ automatic combat allocation failure keeps dismantling state intact (83.533548ms)
✔ queued dismantling, timber and following movement agree at 5–240 Hz and irregular frames (1072.610876ms)
✔ drag borders match original screen extrusion, texture coordinates and terrain crossings (30.559157ms)
✔ native area commands retain tower/training exclusions, current-order lookup and actual land membership (5733.056469ms)
✔ a real trainee remains drag-selectable on entry and becomes excluded only in the native interior phase (190.213279ms)
✔ fetching builders are selected at their active task-7 position (38.997861ms)
✔ world drag geometry matches captured native seams, camera bearings, clamps and degenerate drags (5.16053ms)
✔ live drag selection matches native flags and group voices without changing simulation ownership (687.020693ms)
✔ Mission 3 periodic raid preserves native mask, strict thresholds and arguments (2.558553ms)
✔ Mission 3 naturally grows both tribes and recruits the authored three-Brave raid (14763.147256ms)
✔ Earthquake matches the native initializer and central deformation phase (6.539124ms)
✔ Earthquake building scans preserve protected models, RNG and ejection-before-damage (0.95106ms)
✔ live Earthquake casts, damages and deforms independently of refresh rate (476.845636ms)
✔ Mission 1 counts authored primary effects before the opening (207.305365ms)
✔ Mission 1 keeps the allocation phase across pause, checkpoint and restart (355.801533ms)
✔ Mission 2 counts authored primary effects before the opening (52.906788ms)
✔ Mission 2 keeps the allocation phase across pause, checkpoint and restart (566.171155ms)
✔ Mission 3 counts authored primary effects before the opening (42.971116ms)
✔ Mission 3 keeps the allocation phase across pause, checkpoint and restart (354.354833ms)
✔ early-level effect phase remains fixed-turn owned across frame schedules (768.994041ms)
✔ prospective declaration binds the exact constructor return before immediate first processing (5.622196ms)
✔ wrong first target and second creation fail permanently without replacing or mutating controllers (6.472206ms)
✔ duplicate declarations invalidate the original instead of overwriting or rearming it (1.106841ms)
✔ late declarations cannot bind a preexisting controller; close is idempotent and never auto-rearms (0.293405ms)
✔ a constructor exception retains its identity and cannot bind a partial object (0.467393ms)
✔ constructor diagnostic binding failures never change the returned object or its immediate step (0.686568ms)
(node:519) ExperimentalWarning: stripTypeScriptTypes is an experimental feature and might change at any time
(Use `node --trace-warnings ...` to show where the warning was created)
✔ constructor output and wrapping match pinned original source with declaration disabled and enabled (1.709144ms)
✔ all 64 visits match pinned uninstrumented source with observation disabled and enabled (82.040187ms)
✔ actual application errors keep their identity, partial state, receiver and call count (10.072794ms)
✔ read copies and later game writes cannot change each other or historical capture (1.890864ms)
✔ active callback wrappers preserve their original return values (1.786159ms)
✔ copy failure and overflow invalidate evidence without skipping the original body (44.094436ms)
✔ after-copy diagnostic failure cannot replace an application exception (2.453268ms)
✔ a thrown empty string permanently invalidates capture while all original calls continue (1.724577ms)
✔ a thrown empty stringifier permanently invalidates capture while all original calls continue (1.400376ms)
✔ a thrown zero permanently invalidates capture while all original calls continue (1.608044ms)
✔ a thrown false permanently invalidates capture while all original calls continue (1.517189ms)
✔ a thrown null permanently invalidates capture while all original calls continue (1.28809ms)
✔ a thrown undefined permanently invalidates capture while all original calls continue (1.215802ms)
✔ an empty diagnostic throw cannot replace an application exception (1.576758ms)
✔ diagnostic append failure disables capture and still invokes the body once (1.36247ms)
✔ no observer or detached capture makes no diagnostic copy and invokes the body once (2.034406ms)
✔ capturing a live controller does not change any World field or completed turn (source fixture) (799.777327ms)
✔ scenario cleanup preserves the original thrown undefined value (3.070161ms)
✔ scenario cleanup preserves the original thrown null value (1.564099ms)
✔ scenario cleanup preserves the original thrown false value (0.233747ms)
✔ scenario cleanup preserves the original thrown 0 value (0.198093ms)
✔ scenario cleanup preserves the original thrown  value (0.281207ms)
✔ scenario cleanup preserves the original thrown Error: synthetic primary value (0.205255ms)
✔ startup-smoke uses the ordinary prefix and cleanup without capture or worship (3.522502ms)
✔ startup binding retries only real TimeoutError and retains diagnostics without repeating physical inputs (2.775234ms)
✔ startup binding propagates non-timeout and lookalike errors immediately with exact identity (1.843133ms)
✔ a binding success after the startup deadline is rejected before readiness or later work (0.885783ms)
✔ a preserving stop arriving during a successful bind rejects before later work (0.806676ms)
✔ Skip dispatches once without a navigation barrier and still waits for original-actor readiness (0.925512ms)
✔ Skip action errors retain identity and never cause a second physical click or readiness continuation (1.163084ms)
✔ real named-scenario CLI import reaches the missing-plan guard before browser/server setup (785.831435ms)
✔ combined corrected producer has identical full World state with capture disabled and enabled for all64 visits (1705.678112ms)
✔ lifecycle wrapper preserves original exception identity and exactly one callback (172.68774ms)
✔ the actual harness Vite launcher must resolve inside the pinned package closure (2153.232508ms)
✔ immutable compiler identity includes nested executable chunks and declared dependencies (2.108025ms)
✔ polling rejects stop or timeout arriving during an awaited ready predicate (0.405341ms)
✔ external launch plan rejects wrong source, compiler, dirty source, bounds and reused path shape (3.107137ms)
✔ all 64 captured calls with worst-case signed heights fit the 32MiB replay input bound (192.845694ms)
✔ original Mission 3 Shaman can plan to the unused Erosion head on a clone (127.102802ms)
✔ source correspondence accepts exact bytes or inline maps containing the pinned source (2.443062ms)
✔ module read covers all eight prescribed scripts using only observational CDP calls (4.561863ms)
✔ missing required module is rejected before a source read (3.93313ms)
✔ a required module parsed under another origin does not satisfy admission (3.032205ms)
✔ two script identities for one required module are rejected (4.474384ms)
✔ required modules from different execution contexts are rejected (3.60203ms)
✔ a stop arriving during an awaited source read prevents any result or next read (1.381989ms)
✔ dispose removes its parsed-event listener and detaches without removing other listeners (1.094984ms)
✔ authored Mission 3 activation runs the first native Erosion call immediately and only once (517.601135ms)
✔ multiple authored targets process in link order at activation and newest-first on later visits (65.715522ms)
✔ activation queues radius6 texture updates and notifies before allocating the next target (183.534523ms)
✔ repeated rewards get one initial visit each and exhausted rewards never allocate again (273.390521ms)
✔ live Erosion casting deforms terrain independently of refresh rate (1104.485092ms)
✔ a newer Lightning consumes simulation RNG before Erosion (36.285223ms)
✔ original cleanup, center, terminal release/counters and recovery match native captures (11.089123ms)
✔ last opponent death ends the fight, credits its winner once and returns a survivor to commands (185.798991ms)
✔ live separation uses the squared eight-unit boundary (216.730041ms)
✔ a native interruption detaches its slot and protected survivors defer state recovery (55.442299ms)
✔ fight completion, recovery and RNG agree at 5–240 Hz and irregular frame schedules (374.542145ms)
✔ Firestorm emits its complete native 220-turn rain sequence (10.914093ms)
✔ live Firestorm composes fire, panic Blast and building ignition independently of refresh rate (1030.504168ms)
✔ Flatten follows the native 15-turn terrain and orbit lifecycle (7.50079ms)
✔ live Flatten casting is refresh-rate independent (1799.653151ms)
✔ persistent follower controls retain native descriptor order and class HFX ownership (1.548115ms)
✔ live own class totals enable controls independently of training knowledge or occupancy (74.339229ms)
✔ reading the follower strip does not mutate simulation or selection state (178.171844ms)
✔ shipped G task classification follows deferred native adoption without mutating HUD reads (181.749017ms)
✔ specific legacy work overrides dormant idle while real native disruption remains authoritative (198.332301ms)
✔ construction, pre-entry, actual entry and native idle routes use their own categories (76.078278ms)
✔ task selection preserves orders and RNG during a real movement command and propagates occupied groups (67.566949ms)
✔ live task count reads nearby camera coordinates without creating or registering people (68.623375ms)
✔ real boarding through a route owner overrides a dormant native person for Selected task propagation (62.436473ms)
✔ task classifier preserves every recovered native state and command category (2.783216ms)
✔ inside classification follows building category and the Preacher command exception (0.308747ms)
✔ global existence and nearby task counts are independent; selected overlays preserve native addition (1.538932ms)
✔ task selection ignores persistent-strip assignment priority and uses category nearest (0.38412ms)
✔ Selected row click/Shift deselect, Ctrl reselects nearest without changing its work or the group (0.477969ms)
✔ Total single/five can select the Shaman while Shift excludes it (0.294046ms)
✔ task focus filters category and cycles with the Shaman nearby exemption without mutation (0.36381ms)
✔ vehicle creation and frame cache use apparent tribe, including checkpoints and legacy fallback (317.548112ms)
✔ vehicle damage immunity follows apparent tribe while real-owner counts stay unchanged (117.654766ms)
✔ live Blast projects class4 apparent tribe without changing the real owner (167.614371ms)
✔ ordinary live boarding exposes class vehicle counts, all passengers and independent owner fields (199.583986ms)
✔ Spy boarding uses immediate target bits, later boarding rewrites owner and exit preserves apparent owner (63.949878ms)
✔ split owner and occupied selection survive checkpoint, legacy vehicles use real team fallback (57.466615ms)
✔ destroyed last vehicle keeps presence during its visible wreck and cannot select or focus (50.530673ms)
✔ shipped disguise command aboard publishes apparent ownership through completion and countdown (94.921242ms)
✔ legacy occupied checkpoint retains apparent fallback across voluntary unload (129.274011ms)
✔ first and later boarding, either exit and reuse preserve the native two-owner contract (576.390708ms)
✔ occupied class reads rebuild from current passengers rather than stale row totals (36.17275ms)
✔ transport presence uses real ownership and survives an empty count (2.987098ms)
✔ class filter acquires a vehicle and selects all eligible passengers; Ctrl counts vehicles (1.080132ms)
✔ driver command priority, matching-passenger distance and vehicle nearby boundary remain distinct (0.251022ms)
✔ native reverse vehicle-list focus cycles, variants reacquire, and selected/blocked occupants can focus (0.764644ms)
✔ footprint history matches native ring replacement and its per-cell pixel counts (632.647668ms)
✔ partial footprint shading equals a complete native-palette atlas rebuild (1814.508414ms)
✔ live walking footprints use the elapsed animation clock, including pause and disabled trails (340.999953ms)
✔ live turn preserves native tribe order, inactive skipping and next-turn formation admission (1689.428621ms)
✔ actual recruited groups wait a turn and then steer before member physics (135.934993ms)
✔ render cadence and idle production worship hooks cannot change gameplay, RNG or owned animation state (15152.973477ms)
✔ paused time stays paused; long active frames retain elapsed time (156.121049ms)
✔ campaign messages use the presentation clock and freeze while paused (279.468118ms)
✔ campaign pending auto-open waits for settled motion and consumes one oldest record per presentation visit (76.144907ms)
✔ scenery shade follows cell occupants through overlap, depletion and regrowth (134.982511ms)
✔ rotated building plans keep their anchor, entrance routes and orientation through construction (819.49411ms)
✔ Lightning ignites only its building footprint, then evacuates, damages and permits repair (615.358443ms)
✔ Lightning burns original scenery through smoke and cleanup without leaking fire state (97.324068ms)
✔ native impacts expire on exact turns and debris preserves the sprite allocation counter (67.922969ms)
✔ terrain rebuilds preserve queue precedence and initialize the original mission before sampling (17.044619ms)
✔ territory preserves native footprint asymmetry, overlap clearing and staggered recovery (1.608535ms)
✔ opening tooltips resolve mission cells and have an independent lifetime (25.607514ms)
✔ original level layout, native foundations, and the complete mission (4173.04708ms)
✔ housing, mana allocation, pause, drowning, and reincarnation (724.286979ms)
✔ ordinary land deaths keep the native corpse lifecycle (182.537315ms)
✔ native transformed compound bases stay on their ground pads (26.900457ms)
✔ native animation identity, casting interruption, gradual terrain and blast survival (489.558401ms)
✔ native economy uses fixed turns, population bands and real hut upgrades (1244.688582ms)
✔ lightning hits a native map cell and Blast leaves allied health intact (51.021744ms)
✔ native integer movement and combat exchanges preserve timing, retaliation and replay (661.938885ms)
✔ native fight slots form four-person groups and release on interruption (125.443516ms)
✔ native sound cues preserve sample identity, cast phases and simulation randomness (255.065608ms)
✔ native Lightning delays the upper flash and regenerates eight segments for three turns (59.521268ms)
✔ native spell allocation, discrete flight, RNG trails and delayed impact (758.072725ms)
✔ native terrain ridges, reflected diagonals, surface planes and boundary vertices (1.918294ms)
✔ original campaign setup disables only enemy reincarnation and retains deferred commands (307.012524ms)
✔ mission-one AI applies its native spell interval profile on the original phase (160.027537ms)
✔ mission-one closes its construction latch after the first Red hut (27.105561ms)
✔ campaign marker setup snapshots native entry state before live execution (53.479279ms)
✔ mission marker task sends one reserved brave to marker one (112.553122ms)
✔ mission-one ordinary marker guard patrols and answers nearby enemies (118.653278ms)
✔ campaign markers remove the bridge head on the native phase, independently of routing (132.944633ms)
✔ campaign counters track allocation and remaining head gifts through gameplay (173.105849ms)
✔ worship decays without followers and continues at full spell stock (229.521972ms)
✔ vault discovery follows worship, door, entry and exit tasks (188.577661ms)
✔ vault allocation preserves the current order when the shared pool is full (156.974752ms)
✔ original discovery messages follow script phases, persist and reset (132.695644ms)
✔ partial building queries consume their mode once and marker triggers bypass worship (43.565243ms)
✔ original opening runs before object turn 72 and its independent flyby clock can be interrupted (131.022542ms)
✔ native outcome phases honor campaign opponents, forced results and defeat recovery (464.796342ms)
✔ tribe gates suppress scripts and AI while object turns and eligible cooldowns keep their native phases (361.935354ms)
✔ emergency casting preserves queued work and preacher responses keep their own payment rules (108.14977ms)
✔ mission-one AI casting uses the live shaman state and cast-block flags (484.719512ms)
✔ live spell scans use population thresholds and building territory with delayed overlap recovery (64.94071ms)
✔ original campaign stops Dakini Blast casting after its second allocation (196.923546ms)
✔ campaign attack commitment follows living warrior counts on its original turn (307.539708ms)
✔ mission-one Dakini launches its native attack route when Blue enters marker three (195.427083ms)
✔ mission-one Dakini launches its later building attack when Blue overwhelms it (229.989678ms)
✔ mission-one Dakini pursues a fallback shaman by exact command target (49.209161ms)
✔ computer attack exhausts native scans and retreats below its surviving-member threshold (0.803331ms)
✔ computer attack pool exhaustion skips hostile dispatch and retires through native empty scans (135.603635ms)
✔ queued training keeps its selection lock until issuing the order and frees its slot after arrival (0.744875ms)
✔ mission-one red AI queues exact task 6 below one warrior and executes live training (179.148056ms)
✔ mission-one red AI does not reserve a second brave already committed to warrior training (58.453918ms)
✔ external game store publishes edits and restarts without sharing worlds between sessions (557.631187ms)
✔ mission-one victory continuation creates and restarts the recovered mission-two world (423.139625ms)
✔ mission-two Totem route reaches the Tornado guidance and use instruction (1583.273655ms)
✔ mission-two enemy marker orders nearby Matak defenders to counterattack (234.286043ms)
✔ game store checkpoints restore an isolated exact world snapshot (109.965632ms)
✔ computer recruitment preserves wrapped-distance ties and native command eligibility (0.834968ms)
✔ group orders share references and release their object only after the final follower leaves (0.884842ms)
✔ AI reservation enters native selection state and releases through the normal person initializer (0.833916ms)
✔ training order startup uses configured speed and preserves only a compatible building occupant (0.866796ms)
✔ native training queue yields to an untrained follower and releases its new head (0.763823ms)
✔ live followers reach rotated native doors before entering buildings (715.624642ms)
✔ building admission preserves native slot order, training activity and shared commands (1.943612ms)
✔ training replaces a whole batch, inherits the first occupant order tail and rolls back partial allocation (1.677728ms)
✔ live mana refunds wait for a pulse and computer training receives only the original first pass (40.955628ms)
✔ follower mana uses native preacher orders, registration and ghost flags before tribe scaling (60.996923ms)
✔ live spell reach follows terrain height and enemy casts require and spend native mana (107.999762ms)
✔ native casting lockout survives animation and computer usage recovers one charge at a time (58.552524ms)
✔ spell targeting preserves native cell allowances and wrapped coordinate seams (97.206765ms)
✔ native spell scans retain slots and Blast scoring avoids friendly concentrations (56.021291ms)
✔ defeat seeds native building collapse and staged damage ejects occupants before removal (99.815778ms)
✔ building display stages follow remaining work and retain separate complete meshes (40.50852ms)
✔ results preserve pending turns, collapse defeated settlements and reject new orders (382.312462ms)
✔ result camera crosses the world seam, releases input and retains native sky timing (5.084489ms)
✔ victory owns persistent native followers, drops cargo and pauses logical animation (89.104677ms)
✔ live blocked followers retain native detour steering and recovery timers (41.304801ms)
✔ live celebrants obey native walk masks and survive the legacy ground-height cutoff (38.823222ms)
✔ live completed-building footprints relocate and clear on removal (77.41505ms)
✔ live native cell order follows arrivals and removes dead records (73.664444ms)
✔ live cell insertion repairs a stale head left by a removed person (0.713958ms)
✔ dead vehicle passengers release their slots and driver position (56.343919ms)
✔ live native preparation consumes reroutes and completes slow turns and reactions (40.54328ms)
✔ interrupted victory followers resume through native orders and rejoin celebration (38.704915ms)
✔ native idle approach composes with shared state and original resting animation (40.384735ms)
✔ native resting ownership allocates distinct slots and compacts after a follower leaves (39.025881ms)
✔ native route reuse shares ownership and live celebration releases each follower (77.397281ms)
✔ native route construction retries expired failures and stores the original bounded path (38.713338ms)
✔ native path search packs a trimmed route and preserves distinct vehicle retry flags (78.778919ms)
✔ native wrapped route smoothing respects blocked steps and measures retained segments (82.325526ms)
✔ native obstacle solving builds a world-seam detour and rejects a blocked destination (85.713777ms)
✔ native planned routes use the recovered solver and advance shared followers to their goal (44.80755ms)
✔ native boarding checks the first boat and landing requests reserve distinct original search cells (1.148463ms)
✔ live native routes release query ownership, expire failures and walk low shoreline (143.81447ms)
✔ live followers share routes, advance before exact arrival and release every owner (127.819383ms)
✔ hut families are selected once, shared with shapes and retained through upgrades (65.571365ms)
✔ mission-one low population response assigns and releases persistent shaman escorts (136.87854ms)
✔ shaman escort uses native pursuit cadence and strict boundaries (0.880405ms)
✔ Mission 5 Boat worship emits its original one-shot tutorial (296.023306ms)
✔ Mission 5 grants, boards, sails, lands and checkpoints its original Boat (337.032181ms)
✔ Ghost Army casts, spawns native ghosts, accepts orders, vanishes in combat, and follows AI (374.092986ms)
✔ world-view terrain matches captured native mesh order, projection and lighting (203.818906ms)
✔ overview drag/release matches native snapshots and every star-parallax step (9.737607ms)
✔ overview morph timing matches the original complete lifetime snapshots (4.189641ms)
✔ Ctrl starts followers immediately, appends shared waypoints and ordinary click ends the sequence (406.331765ms)
✔ eighth Ctrl click and Alt final click deselect without cancelling issued orders; right-click ends staging (205.670391ms)
✔ queued ground movement preserves every turn, RNG, poses and footprints at 5–240 Hz and irregular frames (1145.9358ms)
✔ continued queue allocation failure retains issued orders, and an ordinary replacement releases them (90.392882ms)
✔ an enemy-person order waits behind a waypoint and advances when its target becomes unavailable (603.98548ms)
✔ ground waypoint handoff uses each playable class default initializer (384.866955ms)
✔ ordinary person turns apply native follower and Shaman healing without reviving excluded units (124.591462ms)
✔ live health adapter preserves airborne/state exclusions and combat status flags (57.305892ms)
✔ each original healing model receives exactly one recovered increment on the eighth turn (66.755364ms)
✔ a follower injured by the shipped missing-building release path later heals on an ordinary turn (49.893021ms)
✔ healing follows simulation turns across speed, refresh cadence, irregular frames and pause (907.219253ms)
✔ checkpoint migration preserves the next native healing turn (59.493922ms)
✔ building admission clocks match captured native blocks (6.936346ms)
✔ followers visibly cross the native interior threshold before housing consumes their command (1673.532854ms)
✔ simultaneous arrivals respect hut capacity and cancellation releases the scoped animation and route (264.493317ms)
✔ hut slots remain authoritative through a departure, replacement and birth turn (131.564427ms)
✔ fire interrupts entry without retaining its walking sprites or command record (77.712722ms)
✔ staged entry positions, RNG, admission and sprite clocks are independent of rendered frame rate (427.234118ms)
✔ entry re-plans interrupted steering and releases its source when the hut becomes unavailable (189.448958ms)
✔ scaled native panel and bottom-row digits remain above the modern footer (1.066722ms)
✔ HUD keeps preferred manual sizes and the original nominal auto steps when they fit (0.188079ms)
✔ HUD extraction retains the page client-component directive (1.067103ms)
✔ HUD selection and focus match captured original commands without changing other person fields (9.730086ms)
✔ HUD controls add followers without stealing simulation ownership or replacing marching orders (203.955648ms)
✔ building menu waits through delayed false images before continuing (13.3814ms)
✔ building menu exhausts its existing 30000 ms scope without continuing (343.65752ms)
✔ building menu propagates failed texture acquisition without retrying (8.714681ms)
✔ building hover Mission 1 waits through delayed false images before continuing (40.807834ms)
✔ building hover Mission 1 exhausts its existing 30000 ms scope without continuing (258.487175ms)
✔ building hover Mission 1 propagates failed texture acquisition without retrying (2.126914ms)
✔ building hover Mission 2 waits through delayed false images before continuing (3.904509ms)
✔ building hover Mission 2 exhausts its existing 30000 ms scope without continuing (198.397572ms)
✔ building hover Mission 2 propagates failed texture acquisition without retrying (4.907206ms)
✔ worship Tutorial waits through delayed false images before continuing (12.006046ms)
✔ worship Tutorial exhausts its existing 30000 ms scope without continuing (217.596598ms)
✔ worship Tutorial propagates failed texture acquisition without retrying (2.280071ms)
✔ worship Mission 1 waits through delayed false images before continuing (3.947773ms)
✔ worship Mission 1 exhausts its existing 20000 ms scope without continuing (132.945073ms)
✔ worship Mission 1 propagates failed texture acquisition without retrying (1.875711ms)
✔ repeated helper calls acquire the replacement document image (2.558323ms)
✔ only literal true permits readiness, never a truthy observation value (0.522885ms)
✔ late true is rejected after the awaited read settles, without another observation (1.724407ms)
✔ the last pause fits the deadline and no read starts after it (1.989039ms)
✔ invalid wait bounds fail before reading (0.466571ms)
✔ shaman health fill follows native integer bounds and absent/overfull cases (2.441099ms)
✔ HUD atlas metadata matches the PNG and contains every imported sprite (2.102186ms)
✔ portrait backgrounds and shadow-free directional layers match native captures (2.469131ms)
✔ tooltip bitmap placement and wrapping match the original desktop controller (46.197706ms)
✔ mana production stripes follow native rates, warning bands and controller modes (7.163901ms)
✔ live mana estimation uses the simulation clock and follows charging toggles (220.995868ms)
✔ follower counts, icon placement and housing fill match native HUD controllers (38.313922ms)
✔ population readouts exclude dead followers and reserve the shaman allowance (99.029467ms)
✔ hut birth clocks and destinations match captured original calls (3.156069ms)
✔ live newborns leave the hut and keep native birth feedback and gates (184.860145ms)
✔ hut smoke uses descriptor attachment slots, independently of resident capacity (5.499934ms)
✔ hut occupancy producer samples real occupancy every 32 building turns (0.335868ms)
✔ partial root uses the native 16-visit visible lifetime and restart draw (0.358652ms)
✔ full root is persistent and does not invent the unresolved child-puff phase (2.778915ms)
✔ all supported residential hut capacities switch partial to full at their native capacity (0.394065ms)
✔ visual frames stay on the recovered 16-frame sequences (0.227418ms)
✔ immediate occupancy events preserve capacity, phase and same-mode root identity (1.123405ms)
✔ drain elapsed old-root visits before an off-phase event without backdating the new root (1.000313ms)
✔ listeners are transient, identity-scoped and released through material disposal (0.632978ms)
✔ multiple presentation consumers unsubscribe independently without resetting each other (0.166176ms)
✔ live command8 owner publishes authoritative entry/removal for Hut level 1 (361.436469ms)
✔ live command8 owner publishes authoritative entry/removal for Hut level 2 (217.804942ms)
✔ live command8 owner publishes authoritative entry/removal for Hut level 3 (106.68692ms)
✔ ordinary Mission2 admission includes the new smoke root in that turn’s effect visit (6153.769906ms)
✔ pre-building occupancy removal receives one first visit, including counter wrap (189.620931ms)
✔ out-of-turn allocation survives pause; commands while paused remain rejected (294.134341ms)
✔ new-root completion is identity-scoped and one-shot for same-turn transitions (0.233796ms)
✔ batched turns and repeated rendering preserve the native first lifetime (245.542603ms)
✔ turn completion callbacks are clock-specific and are discarded on a failed turn (44.717397ms)
✔ hut maturity and cell timber match captured original calls (5.142314ms)
✔ residents fetch and stage timber before their hut upgrades (753.712738ms)
✔ Hypnotise uses the native footprint, temporary ownership, expiry, and AI target path (415.604735ms)
✔ Invisibility marks the native six, does not refresh, and reveals on time or combat (216.911764ms)
✔ player and computer casts share Invisibility application and old saves migrate (212.955681ms)
✔ complete Land Bridge lifetimes match native terrain, ordered trails and notifications (667.850111ms)
✔ live bridge terrain and particle cleanup are identical across refresh rates and stalls (3733.294183ms)
✔ ordinary Mission1–3 startup uses native terrain, authored gates and real conversion (1199.063829ms)
✔ native opening excludes Shaman selection, without inventing a casting restriction (119.800493ms)
✔ checkpoint restore resumes every opening stage without replaying terrain/conversion (2517.895104ms)
✔ restart gets one fresh sequence; repeated flyby skip does not replay it (736.990785ms)
✔ only carrier-created stones are obstacles, while legacy sites keep their reservations (106.240667ms)
✔ opening wave, conversion and stone cues preload their existing original samples (14.959401ms)
✔ permitted opening casts enter native state22 and resume command18 without a stuck controller (1470.183407ms)
✔ fresh-load camera follows native cell-edge/center snapping and angle retention (0.567101ms)
✔ the command18 completion turn owns exactly one native person visit (432.419846ms)
✔ permitted state22 interruption and completion retain one counter increment per turn (509.219055ms)
✔ replacement player orders cancel startup before its counter write (272.674644ms)
✔ only the linked neutral startup conversion flash follows its replacement Brave (149.016902ms)
✔ a missing converted Brave does not retarget its flash or shorten the native expiry (200.8335ms)
✔ an invalidated command18 is consumed by the ordinary queue without completing the site (71.421613ms)
✔ original Lightning target gates, inclusive cap, attacker and electrocution phases (4.739655ms)
✔ live Lightning retains victims, displays native shock sprites, scatters survivors and cleans up (192.898494ms)
✔ Lightning outcomes and turn-by-turn poses are independent of rendering cadence (488.292907ms)
✔ live marching uses shared commands, original poses, separate slots and releases interruption/death/arrival ownership (725.25736ms)
✔ marching and resting preserve mechanics, footprints and sprite frames at 5–240 Hz and irregular frames (1165.367035ms)
✔ exhausted command pool preserves the previous movement and group ownership (108.759171ms)
✔ panic retains the real movement command and resumes its route after recovery (118.948562ms)
✔ obstacle recovery replans the owned group order and settles identically at 5–240 Hz (2818.75829ms)
✔ shared ground motion advances a retained route once before any state controller (135.332075ms)
✔ native432260 empty current slot returns before building live order context (38.846254ms)
✔ live worship shares an order, occupies exact slots, prays, earns gifts and releases interrupted/dead members (470.317945ms)
✔ live head rewards, displayed standing roster and group selection retain their distinct native rules (380.395105ms)
✔ worship motion, prayer frames, pose RNG and rewards are identical at 5–240 Hz and irregular frames (1079.057633ms)
✔ an unreachable head preserves the existing command without entering an unported retry state (92.641002ms)
✔ Ctrl waypoints finish at a stone head without replacing the current route or person (168.494434ms)
✔ training replacements inherit a queued stone-head order and perform the original prayer (139.824774ms)
✔ queued worship preserves turns, poses, RNG and rewards at 5–240 Hz and irregular frames (1320.877733ms)
✔ local launch preserves sandbox and removes all unsafe Playwright defaults (2.438334ms)
✔ CLI accepts separate game root, owned output, browser and bounded settings (0.315959ms)
✔ CLI rejects unknown flags, missing values and unbounded inputs (0.308818ms)
✔ harness preserves the exact side-effect-free source fingerprint export (0.213356ms)
✔ source fingerprint catches dirty tracked and untracked byte drift with unchanged porcelain (190.381799ms)
✔ active scenario completing during timeout diagnostics cannot turn failure into pass (106.97665ms)
✔ active scenario completing during interrupt diagnostics cannot turn failure into pass (6.942319ms)
✔ ordinary native constructors restore the logical gate without adding interpolation behavior (135.531609ms)
✔ native person and Splash frames wait for logical visits while clear-bit effects keep 24 Hz (99.079345ms)
✔ each catch-up turn observes the prior frame before one post-observer logical advance (87.89903ms)
✔ ordinary owner aliases and a post-turn handoff never advance twice (669.125655ms)
✔ state0 and removed gated sources do not fall through to presentation advancement (78.672119ms)
✔ pause, land pause and speed changes preserve owned logical animation visits (40.049798ms)
✔ legacy save aliases gain the gate without resetting frames or replaying on a new Scene clock (57.206981ms)
✔ a Splash allocated after processing gets one animation visit but no invented lifetime visit (44.215622ms)
✔ morph transitions keep one presentation owner even on coincident logical boundaries (117.348101ms)
✔ Firewarrior descriptor holds are measured in eligible logical visits (39.564799ms)
✔ post-turn source replacement visits only the active record, including at turn wrap (68.625019ms)
✔ direct simulation ticks and presentation calls do not manufacture logical visits (63.840432ms)
✔ marching geometry, recruitment, cleanup, speed and poses replay complete original calls (40.333778ms)
✔ native movement completion preserves payload, seam and vehicle boundaries and four-turn cadence (4.550604ms)
✔ marching cleanup tolerates a member whose native record was already released (0.637806ms)
✔ outdoor and building encounter calls match captured original fields, timing, RNG and sound (19.993473ms)
✔ all playable encounter pairs show the opening strike, physical stagger and defender-centered fight (781.512643ms)
✔ encounters and their animations stay deterministic across render schedules (429.99387ms)
✔ the native skip-intro flag and player cancellation do not leave stuck encounters (114.942145ms)
✔ an encounter releases cleanly when an airborne participant returns to ordinary motion (55.662868ms)
✔ live fights refresh the first native player alert each object turn (115.164575ms)
✔ simulation owns quiet, attack and battle music activity across pause and cancellation (40.327489ms)
✔ native fight admission, replacement and splitting retain original slots, flags and RNG (12.981359ms)
✔ stronger reinforcements replace the first weaker ally and preserve a three-person tribe limit (233.351528ms)
✔ two-sided reinforcements split the last fighter of each tribe into a new live fight (102.105781ms)
✔ reinforced group motion and combat remain identical at every render cadence (616.031221ms)
✔ center changes preserve original membership slots for subsequent splits (58.752637ms)
✔ pursuit refresh uses the original inclusive axis threshold and signed coordinates (1.116405ms)
✔ live pursuit updates before reaching the old destination and reuses unchanged routes (442.696867ms)
✔ automatic engagement uses equal tribe ranges, whole cells and original scan cadence (54.973166ms)
✔ native inhibition and pending scans apply without giving idle shamans automatic attacks (30.089365ms)
✔ live move orders cross nearby enemies without the old distance interruption (76.723823ms)
✔ idle followers of either tribe pursue detected enemies at every render cadence (963.046506ms)
✔ group attacks hit busy opponents without restarting their action or facing (7919.856955ms)
✔ Magical Shield does not block native mode-one melee damage (60.666847ms)
✔ opportunistic reach is measured from the opponent slot with an exclusive 360-unit boundary (373.252829ms)
✔ group combat stays deterministic across render schedules and yields to player orders (418.972631ms)
✔ knockback waits for terrain physics to settle and preserves cell ownership (120.45507ms)
✔ hits during knockback survive physics and player orders do not teleport the person (60.593098ms)
✔ sliding recoil, native animation and recovery are independent of render cadence (344.174113ms)
✔ shamans and the native game flag suppress ordinary attack knockback (285.236936ms)
✔ fight sites use the native 32-turn search and retain groups when no site is available (109.376829ms)
✔ fight sites leave original building footprints even between periodic search visits (132.484574ms)
✔ sequential fight searches avoid other fight centers and release exhausted searches (0.892814ms)
✔ live groups relocate sequentially without sharing another fight center (44.548359ms)
✔ native approach reaches its slot from every direction and waits one turn to chase a moved slot (410.783574ms)
✔ approach uses native cell collision and preserves the person across attack, recoil and new orders (53.304746ms)
✔ approach, native animation and subsequent combat stay identical across frame rates (324.264146ms)
✔ native descriptor threshold chooses exact small and large corner dimensions (2.389402ms)
✔ 1x frame overlaps native corners in a 100x96 rectangle, bottom corners last (17.089868ms)
✔ 2x and partial tiles retain exact 1:1 corner/edge pixels and a transparent center (44.432373ms)
✔ frame is a separate overlay and does not change terrain, markers or click ownership (0.868517ms)
✔ minimap pixels, camera wrapping, rotated UVs and markers match native captures (139.5526ms)
✔ Mission 10 runs its first Totem deadline and second Totem Erosion sequence (20595.511514ms)
✔ Mission 11 opens with both enemy tribes and four original knowledge sites (170.692566ms)
✔ Mission 11 opponents build their first settlement and scripted BUILD_AT tower on native cadence (8638.006608ms)
✔ Mission 12 opens with all three enemy tribes and original knowledge (107.734863ms)
✔ Mission 12 starts its original turn-7 flyby once (146.166027ms)
✔ Mission 12 opponents request their first Guard Towers on native cadence (326.990488ms)
✔ Mission 12 opening remains deterministic through checkpoint migration (929.258075ms)
✔ Mission 13 opens with both enemy tribes and original knowledge (99.362094ms)
✔ Mission 13 starts its original Yellow turn-6 flyby once (147.470552ms)
✔ Mission 13 Balloon Hut knowledge is visible before construction (182.873405ms)
✔ Mission 13 Land Bridge uses native surface categories at low shore (46.190865ms)
✔ Mission 13 Balloon Hut repeatedly produces occupied airborne transport (690.501717ms)
✔ Mission 13 opening remains deterministic through checkpoint migration (513.099509ms)
✔ Mission 14 delivers both linked gifts and a castable Angel through shipped paths (933.728711ms)
✔ Mission 15 ordinary Prison attack frees the captive and cancels the timer (538.047702ms)
✔ Mission 15 timer expiry locks input and kills the captive with enemy Lightning (274.212597ms)
✔ Mission 15 expiry stays latched if the Prison falls before Lightning lands (360.070352ms)
✔ Mission 15 captive Lightning branch requires an enemy caster, not the Prison cell (128.035239ms)
✔ Mission 16 worship grants Bloodlust and live combat consumes its status (654.908897ms)
✔ old checkpoints default Bloodlust stock without disturbing their world (107.277745ms)
✔ Mission 17 grants Armageddon and stages the native arena through the live cast path (1916.025631ms)
✔ Armageddon uses generic victory and defeat outcomes and restores control (1311.17152ms)
✔ Mission 18 loads its authored tribes and grants Armageddon and both Volcano rewards (4816.395695ms)
✔ Mission 18 starts its authored Red marker patrol through normal AI orders (242.668683ms)
✔ Mission 18 Armageddon restores its arena checkpoint and reaches both result directions (3686.367757ms)
✔ Mission 19 loads its authored objective and grants all three worship rewards (1640.652324ms)
✔ Mission 19 Teleport spends only accepted stock and resumes identically from a checkpoint (352.73651ms)
✔ Mission 19 warns once and gives Chumara loss priority over Dakini defeat (749.209686ms)
✔ Mission 2 naturally earns Matak kills and launches the organized raid (3761.620159ms)
✔ Mission 2 checkpoints retain kill ownership from the old red slot (76.234416ms)
✔ Mission 2 camp targeting takes the first model match without RNG (36.249093ms)
✔ Mission 2 producer matches native base, loss, capacity and resource boundary cases (506.789136ms)
✔ Mission 2 naturally establishes a new home Tower base and preserves phase3 checkpoint continuation (1365.444666ms)
✔ Mission 2 rebuilds after a real player army destroys both Towers, retaining its first construction base (13384.325213ms)
✔ Mission 2 explicitly trains replacement Warriors after natural combat despite zero producer preferences (10069.86298ms)
✔ Mission 20 loads its authored opening and four-stage linked chain (129.466599ms)
✔ Mission 20 worship consumes each head once and restores the live chain (3845.889261ms)
✔ Mission 21 loads its authored opening and first fault state (160.506977ms)
✔ Mission 21 converts worshippers and seals the first fault across a checkpoint (5709.952776ms)
✔ Mission 21 checkpoints one unsealed first-fault eruption without replay (4758.133203ms)
✔ Mission 22 opens with its solo Shaman, native heads, tribes and transport (191.531792ms)
✔ Mission 22 mode-3 head rejects an injected Brave supporting fixture (284.661425ms)
✔ Mission 22 nearby head is a one-shot presentation with no gameplay reward (517.130665ms)
✔ Mission 22 southern head delivers its delayed 600,000 mana gift after real worship (10877.690855ms)
✔ Mission 22 Shaman can steal, checkpoint and sail the authored enemy Boat (2992.229685ms)
✔ Mission 22 Shaman can claim the authored Balloon and complete the northern mana route (12869.145062ms)
✔ Mission 23 loads its authored tribes, Wildmen and worship chain (68.631602ms)
✔ Mission 23 enemy tribes grow their native settlements and populations (22662.313789ms)
✔ Mission 23 unlocks and repeats the native zero-mana gift through ordinary worship (2036.557597ms)
✔ Convert Wild allocation gates state and duplicates without cancelling existing work (3.929035ms)
✔ Convert Wild target retains density, wrap, tie, inclusive radius and list-centroid rules (1.438112ms)
✔ Convert Wild standability preserves initial target and tries only the first24 spiral positions (1.07239ms)
✔ Mission3 active type2 advances after allocation state is switched off (250.077734ms)
✔ type2 timeout clears motion before a blocked state transition and then frees the task (75.878743ms)
✔ type2 reads the active fight person even when its attack animation has no presentation source (25.980331ms)
✔ Convert Wild region lookup normalizes signed browser-native positions to unsigned words (0.239385ms)
✔ type2 casting preserves the real person flags2 readiness gate (26.702011ms)
✔ explicit flight person receives the allocation-safe return order without restarting its state (31.634469ms)
✔ explicit flight return preserves the complete world on order allocation exhaustion (60.55975ms)
✔ cast-ready flight-owned Shaman receives the type2 post-cast return on the same person (48.198753ms)
✔ type2 range reads actual signed person height rather than terrain beneath it (37.788338ms)
ℹ {"terrainHeight":146,"personHeight":896,"terrainRange":14,"personRange":24}
✔ Mission3 Chumara moves, spends its original shot and mana, then stops allocating at the population cutoff (2008.431969ms)
✔ Mission3 keeps idle follow-ups and area-summary automatic training unreachable (137.652454ms)
✔ ordinary Mission3 allocates a real pre-table response before ordinary production (406.17172ms)
✔ defense allocation preserves native caps, immediate empty-area cleanup and recycled scratch (0.779566ms)
✔ active defense suppression uses strict squared26 and wrapped cell distance (0.244392ms)
✔ native defense no-force fallback is a finite seven-visit lifecycle (0.695671ms)
✔ defense cleanup clears only matching assignment and native flag bits while preserving another lock (91.840736ms)
✔ lost early defense targets are invalidated before a different task dispatch (49.750606ms)
✔ defense Blast uses signed active-person height for native and flight-owned Shamans (245.399107ms)
✔ defense Blast reads active native, flight and non-presented fight positions in both range directions (228.22503ms)
✔ defense target collection preserves category caps, rejection rules and the omitted last spiral cell (1.2076ms)
✔ ordinary Mission3 intrusion produces a real type8 fallback, cleanup, repeat and checkpoint continuation (1733.794337ms)
✔ ordinary Temple acquisition and Preacher intrusion recruit a real Chumara defender with orders and movement (5251.564932ms)
✔ Mission 3 naturally trains a Blue Preacher, converts an authored Brave and resumes its mid-conversion checkpoint (4335.98703ms)
✔ a real movement command cancels the naturally acquired Blue sermon without converting its listener (2168.968153ms)
✔ natural Mission 3 conversion follows elapsed game time across display schedules (4459.106947ms)
✔ Mission 3 opens through original Chumara, Swarm, Temple and Erosion paths (3122.04636ms)
✔ single Preacher selector preserves native first-near/band order and strict distance boundaries (2.885067ms)
✔ single-person strict19 boundary, wrap, mode0 and invalid mode match native cases (0.480763ms)
✔ type11 waits for selection ownership and cancellation safely releases state14 and slot (129.794759ms)
✔ duplicate raw payload and failed allocator preserve native selection side effects (93.446632ms)
✔ Preacher allocator preserves native five-slot/state/signed-count boundaries (4.730463ms)
✔ 1103 replacement preserves all person/order state on allocation exhaustion (62.612435ms)
✔ natural Chumara training reaches marker3 Preacher task, checkpoint phases and movement (4359.885066ms)
✔ complete128-turn block preserves strict gates, command ordering and message lifetime (0.90325ms)
✔ 1103 retargets only active order30 in native state10/33 without restarting state (229.851795ms)
✔ cancelled blocked-state Preacher resets motion before the native state gate (40.524429ms)
✔ Mission 3 warns once when a naturally trained Chumara Preacher starts converting a Blue Brave (7334.514866ms)
✔ Mission3 recruitment preserves original common-origin-control (1.040633ms)
✔ Mission3 recruitment preserves original no-base-authored-coordinates (0.250942ms)
✔ Mission3 recruitment preserves original established-base-distinct (0.238904ms)
✔ Mission3 recruitment retains a valid established base at cell zero (0.26296ms)
✔ Mission 3 starts its original recurring-script flyby through ordinary turns (2392.626256ms)
✔ Mission 3 Chumara builds its settlement and trains its first Preacher (2019.320751ms)
✔ Mission 4 starts its original opening flyby once through ordinary turns (1236.395156ms)
✔ Mission 4 teaches training and attack from its original live conditions once (141.794638ms)
✔ Mission 4 converts Wildmen, discovers the Guard Tower, and defeats the Matak (10873.948173ms)
✔ Mission 5 Angel head delivers its linked hostile summon through live worship (570.219109ms)
✔ Mission 5 checkpoint migration upgrades an explicit mode-5 legacy Angel without changing gameplay state (110.462119ms)
✔ Mission 5 checkpoint migration recovers an absent authored mode before upgrading the Angel model (62.555074ms)
✔ Mission 5 checkpoint migration adds only the previously omitted Angel head (97.442575ms)
✔ Mission 5 imports its linked Boat template from the verified native coordinates (2.184841ms)
✔ Mission 5 runs its imported opening flyby once through ordinary turns (1690.231022ms)
✔ Mission 5 launches its original ordinary raid when the player reaches the Angel head (752.241349ms)
✔ Mission 5 launches its surviving Dakini at the player Shaman (137.249687ms)
✔ Mission 5 staffs its original Dakini tower with a Preacher (190.827724ms)
✔ Mission 6 keeps both original opponents distinct through outcome and checkpoints (569.671694ms)
✔ Mission 6 credits each opponent attack task independently (185.183527ms)
✔ Mission 6 low-population survivors counterattack the player Shaman (312.225718ms)
✔ Mission 6 Chumara trains Preachers and launches its first mixed raid (23396.711722ms)
✔ Mission 6 opponents expand and Matak launches its first Warrior raid (26497.81668ms)
✔ Mission 6 ATTACK snapshots the native three-spell payload and keeps old tasks compatible (0.738675ms)
✔ type-20 sixth ATTACK quota selects exactly the tribe Shaman outside the generic selector (0.348987ms)
✔ Mission 6 first Matak ATTACK retains source-derived Land Bridge, Lightning, Blast order (22396.255266ms)
✔ Mission 6 phase-6 task Shaman uses native payment, eligibility, usage and range gates (175.052429ms)
✔ Mission 6 phase-6 task spell uses task target outside Shaman states 25/29 (111.491189ms)
✔ Mission 7 converts Wildmen and grants Invisibility through its original head (1201.587251ms)
✔ Mission8 natural acceptance starts from the shipped seven-person Blue and eleven-person Red roster (142.586151ms)
✔ Mission8 attack staging is a land order for the original party, not a transport or worship prerequisite (99.719945ms)
✔ shared ground → training → destination queues retain identities until conversion and inherit the original tail (937.019227ms)
✔ shared ground → construction → destination queues retain identity and resume after the crew leaves (166.89673ms)
✔ cancelled, invalid, removed and dead queued builders release command-6 ownership exactly once (718.336817ms)
✔ a waypoint added while trainees are inside preserves occupancy; ordinary hut admission consumes the complete queue (434.88208ms)
✔ unavailable or cancelled buildings advance to the next order; replacement and death release shared references (449.468397ms)
✔ mixed movement, training, inherited orders, RNG and footprints match from 5 to 240 Hz and irregular frames (1443.034894ms)
✔ building order preparation matches complete original CPU calls (1.08618ms)
✔ reinforcements and new encounters retain the same person and resume ground, building and worship orders (1245.450664ms)
✔ replacing or killing a reinforcement releases every retained command reference (211.64744ms)
✔ a displaced fighter retains its queue and a split keeps both followers’ original records (286.446311ms)
✔ combat interruption and resumed orders preserve simulation and poses across render rates (967.947924ms)
✔ combat removes a waiting trainee from its physical line while retaining its training order (201.618675ms)
✔ native model wave uses half, quarter, eighth strength then resets (1.963971ms)
✔ live waves retain first-hit deformation on resource scenery (97.859206ms)
✔ move input eligibility matches native category, strict-land and quarter-mask captures (5.913457ms)
✔ blocked move clicks preserve the whole selected group, shared orders, markers and RNG (152.352247ms)
✔ Markdown sections retain ancestry, repetitions, CRLF boundaries, and ignore fenced headings (2.674385ms)
✔ manifest validation accepts reviewed data and rejects duplicate IDs, missing paths, invalid parity references, and unsafe paths (79.621549ms)
✔ index is deterministic, clean without a cache, ignored when written, and regenerates after source changes (78.723513ms)
✔ index and context reject an indexed source symlink that escapes the repository (70.962772ms)
✔ repository validation requires one current top-level execution-order heading (42.740333ms)
✔ context returns bounded provenance, limitations, checks, and visible source truncation (68.905167ms)
✔ context output saves current JSON and rejects silent option mistakes (101.836427ms)
✔ preparation is independent of retired local status state (70.884176ms)
✔ native research packets grant only a contract-allowed ignored scratch directory (117.110602ms)
✔ role context carries a validated bounded assignment and explicit overflow (257.621083ms)
✔ reviewer context fingerprints the actual dirty, renamed, deleted, and untracked inputs (124.839629ms)
✔ real mapped evidence excerpts retain their material performance boundaries (4351.409315ms)
✔ Shaman appearance context keeps its complete checks and evidence within the default budget (1335.593245ms)
✔ Followers task context retains complete checks without bloating selection context (671.439596ms)
✔ plan handles cross-cutting edits, renames, deletions, untracked and unsafe inputs without executing checks (150.567428ms)
✔ audit distinguishes baseline edits and reports out-of-scope, generated, input, untracked, and stale verification changes (164.388432ms)
✔ audit reports a pre-existing baseline change that disappears (131.155774ms)
✔ audit requires exactly one result for every required check (280.144996ms)
✔ blocked verification cannot masquerade as passing and passed results require evidence (150.405246ms)
✔ game server rejects an invalid isolated port (5.12627ms)
✔ preparation captures real baseline and hashes, validates intent, and refuses overwrite (380.7381ms)
✔ verification persists completed checks across interruption and replaces old passes at startup (120.222639ms)
✔ verification replaces a required receipt invalidated by a changed check definition (78.80342ms)
✔ reviewed aggregate coverage executes once, fingerprints covered inputs, and fails closed on script drift (397.375514ms)
✔ orchestration-tests receipts become stale when worker configuration changes (237.521777ms)
✔ repository-check receipts become stale when worker configuration changes (314.249966ms)
✔ verification runs only safe contract checks, records blocking, and detects mutations (787.939162ms)
✔ ephemeral default stays opt-in; persistent launch keeps sandbox and explicit data-dir (5.235271ms)
✔ unknown personal, noncanonical, existing unmarked and symlink directories fail before adoption (20.969878ms)
✔ symlink ancestor and evidence overlap are rejected (11.808896ms)
✔ an output symlink cannot alias profile data before preflight creates logs (12.903209ms)
✔ exclusive live and unknown locks are never recovered, and failed cleanup keeps ownership (32.739557ms)
✔ normal terminal cleanup retains checkpoint identity across a new exclusive run (28.137765ms)
✔ source/runtime/origin drift cannot silently adopt a game save (60.671916ms)
✔ symlinked source bytes and external or ignored scenarios cannot bypass input binding (36.15546ms)
✔ checker-only correspondence must bind prior run and both exact source identities (27.802217ms)
✔ unverified source and changed terminal ownership remain blocked (14.802875ms)
✔ lease refuses a replaced lock and leaves that owner untouched (11.37238ms)
✔ leftover Chromium ownership and replaced data directory block reuse (17.550909ms)
✔ committed readback is readonly, awaits completion, and hashes typed arrays/Map/Set contents (103.530564ms)
THREE.InterleavedBufferAttribute.clone(): Cloning an interleaved buffer attribute will de-interleave buffer data.
✔ painter centers retain precision and follow position replacement and updates (4.370325ms)
✔ construction caps replace face modes and hidden picking faces emit no material (2.659463ms)
✔ cell render order matches native mixed passes and retained arrival order (82.048707ms)
✔ cell traversal preserves live ordering when a stale chain entry is encountered (1.077668ms)
✔ mixed polygon buckets, reverse insertion ties and raster depths match native captures (2.646603ms)
✔ completed models reject native rear faces and shared side/bottom outcodes (0.579539ms)
THREE.InterleavedBufferAttribute.clone(): Cloning an interleaved buffer attribute will de-interleave buffer data.
✔ shared painter vertices follow attribute edits, splits and replacement (3.853792ms)
✔ native grid mapping matches exact XYZ mapping and rejects split heights or irregular coordinates (0.571437ms)
Unrecorded ledger change: run parity:record with a note
✔ parity credits verified scope only and rejects misleading or untraceable assessments (62.067415ms)
✔ report-only rendering refuses unrecorded parity progress (383.655446ms)
✔ verified requirements advance a fixed checkpoint share without hiding unknown scope (36.079436ms)
✔ assessments expose small gains and regressions without crediting scope revisions (67.197584ms)
✔ browser supervisor verifies cleanup after a missing checker dependency (404.201765ms)
✔ browser supervisor does not start the checker while the server port refuses connections (1217.893421ms)
✔ browser supervisor verifies cleanup after a checker exception (535.314615ms)
✔ browser supervisor classifies server spawn failure and verifies empty cleanup (8.328147ms)
✔ browser supervisor stops the checker when the ready server exits (750.067074ms)
✔ browser supervisor SIGTERM includes a detached checker descendant (1144.680635ms)
✔ concurrent submitters and controllers preserve FIFO without overlap (1723.422532ms)
✔ failed and timed-out jobs release before automatic next job (1873.190676ms)
✔ cancel running and queued jobs without running queued command (1373.018955ms)
✔ missing cleanup blocks handoff, recovery requires a fresh matching receipt (1318.680365ms)
✔ live detached child prevents next test and is never killed by the queue (1373.357667ms)
✔ controller crash retains lock; recovery refuses live owner or job (1545.547714ms)
✔ foreign or missing execution scope cannot prove a controller stopped or authorize recovery (855.647936ms)
✔ legacy active jobs remain unknown even with no controller lock (928.960352ms)
✔ paused submissions start no transient controller before recovery (922.070492ms)
✔ source drift and busy ports block commands without touching existing server (685.380901ms)
✔ all linked worktrees resolve the same queue; invalid specs never launch (587.548122ms)
✔ submission preserves PATH under an ESM temp parent and returns one compact result (1576.032154ms)
✔ concurrent identical retries share one unfinished job; completed work can run again (1648.969544ms)
✔ run exposes a recovery ID before caller interruption; retry keeps the running job (1135.06178ms)
✔ person panels preserve native command traversal, health and original draw submissions (4.765575ms)
✔ person-panel lifetime matches native refresh and remains independent of render rate (1.737776ms)
✔ order focus matches native targets and follows the displayed queue record (0.68091ms)
✔ destination marker preserves native attachment, frames and lifetime at every render rate (474.030224ms)
✔ panic and personal fire trails retain original timer, sound, anchor and allocation decisions (10.637832ms)
✔ burning huts eject running followers with distinct panic and trail lifetimes in all orientations (917.444573ms)
✔ panic motion, animation and fire trails are independent of presentation frame rate (453.893675ms)
✔ native building flames traverse matching cells in order, including repeated sockets and failed allocations (44.729083ms)
✔ live flame-cell adapter preserves protected followers, immunity, tribe and hidden occupants (40.608626ms)
✔ real Lightning ignition reaches nearby surviving followers before occupant evacuation (47.260507ms)
✔ ordinary clicks replace only new selections; Ctrl toggles and blocked clicks preserve the group (1.780419ms)
✔ selection never creates a simulation owner or interrupts existing group orders (207.142046ms)
✔ all native single/group selection voices and pointer acknowledgements are ready before audio activation (14.075117ms)
✔ worship placement preserves native two-pass search, occupancy, route order and failure flags (15.50724ms)
✔ worship command preserves native approach, prayer, retry and presentation RNG decisions (10.472637ms)
✔ ordinary stone-head visits expire the standing-slot cursor at the native byte timer (2.278517ms)
✔ construction-plan entrances, approach and timed attack sequences match native execution (30.561178ms)
✔ player append matches native shared references, cursor wrap, full queues, eligibility and pool exhaustion (21.728028ms)
✔ ground, building and forced-final worship modifiers and eighth-order deselection match complete native player packets (0.625788ms)
✔ replacement preserves prior orders when the shared pool is full (0.87021ms)
✔ sprite pointer brackets match native palette, two/four-layer geometry and unsigned animation wrap (5.136985ms)
✔ native conversion delay uses the recovered 200/3 timing basis (1.902891ms)
✔ a full order pool does not stop a moving Preacher without attaching its sermon (89.03396ms)
✔ inside command 31 binds its building and uses the native five-cell sermon radius (82.562725ms)
✔ conversion moves a newborn outside a building footprint before centering it (303.145264ms)
✔ sermon poses preserve native multi-turn RNG timing (42.011045ms)
✔ an idle preacher sermons, converts by replacement, and releases listeners on a new order (390.957242ms)
✔ preacher conversion is independent of display refresh rate (498.102943ms)
✔ queued command 31 rewrites to friendly building entry or ground movement (81.450516ms)
✔ live active preaching reaches emergency Blast priority (308.682918ms)
✔ live active preaching reaches emergency Swarm fallback (127.68007ms)
✔ live active preaching reaches emergency Lightning fallback (68.005698ms)
✔ emergency preaching response excludes no active assignment (53.74424ms)
✔ emergency preaching response excludes no live person record (63.39631ms)
✔ emergency preaching response excludes same tribe (82.062273ms)
✔ emergency preaching response excludes allied tribe (47.597076ms)
✔ emergency preaching response excludes invisible preacher (37.588844ms)
✔ emergency preaching response excludes caster cooldown (44.102009ms)
✔ emergency preaching response excludes no ready spell entry (42.246173ms)
✔ emergency preaching response excludes paused target scan (42.141947ms)
✔ emergency preaching response excludes no spell payment (45.748996ms)
✔ emergency preaching response excludes stored Lightning below its mana cost (43.211134ms)
✔ the independent enemy-Shaman response still spends stored Lightning without mana (44.942ms)
✔ failed allocation consumes the sole producer opportunity before a later spawn (147.882267ms)
✔ busy rejection consumes allocation identity but preserves the active wave and saved site (136.59384ms)
✔ site height follows native ground-then-quantize arithmetic (252.069441ms)
✔ mode2 uses native eligibility, panic, descriptor damage and RNG without Swarm filters (918.809475ms)
✔ protected transitions retain repeated native cell hits and consume no panic RNG (57.71711ms)
✔ a wave removes an older in-cell Swamp before it can process in the same turn (70.561663ms)
✔ mode2 cleanup keeps an outside Swamp and the next enemy receives panic (54.89831ms)
✔ ordinary death produces a next-turn wave that outlives successful respawn (514.201885ms)
✔ checkpoints preserve mode2 identity, sites, orbits, terrain and RNG without replay (452.992439ms)
✔ mode2 interrupts the real encounter owner while retaining its person and order queue (73.109299ms)
✔ ordinary Boat and Balloon boarding retain seats and deselect passengers under mode2 panic (223.008081ms)
✔ panic transfers a live building-entry queue and resumes it after expiry (186.202576ms)
✔ ordinary groups settle into native rings, compact on departure and retain status through new orders (1529.129691ms)
✔ group resting positions, facing, gestures and footprints agree at 5–240 Hz and irregular frames (995.613742ms)
✔ exhausted resting search waits and retries its original anchor through state 10 (88.937024ms)
✔ route probes preserve native building, coast and vehicle endpoint correction (24.87567ms)
✔ failed-route initialization and retries match native fields, timing and ordered consumers (10.519576ms)
✔ disconnected groups stop, retain shared attack/waypoint orders, retry and resume after land connects (390.51553ms)
✔ route-failure notice keeps the original text and retriggers without tutorial history (137.635172ms)
✔ new orders and death release blocked commands; shaman failures use their own original voice (241.436272ms)
✔ blocked groups retry on simulation counters, with identical recovery and combat at 5–240 Hz (1703.107715ms)
✔ blocked building-entry owners resume the same person and finish ordinary admission (274.74572ms)
✔ real command8 full occupancy emits an original-frame child without scene-owned RNG (1285.243693ms)
✔ equal elapsed turns preserve secondary state across frame schedules with no bolt draws (330.679796ms)
✔ legacy missing-history roots bootstrap on first render without inventing past visits (172.825718ms)
✔ full roots copy the allocation byte and defer newly prepended children (2.857647ms)
✔ all byte phases and low-five-bit outcomes use the proved root gate (111.774953ms)
✔ actual UI reservations participate in inclusive gates after the root RNG draw (0.502665ms)
✔ marker expiry and child allocation share the same newest-first traversal (0.326394ms)
✔ children keep their own sixteen visits after the root is removed (0.397439ms)
✔ native free-list reuse and checkpoint reconstruction preserve physical slot ownership (0.457599ms)
✔ panel and preview reservations are derived from live adapter owners (1.663867ms)
✔ legacy marker overflow cannot leave ownerless immortal effects after restore (1.815051ms)
✔ browser capture retains the same live puff across ordinary Pause latency (2.458324ms)
✔ selection terrain mesh matches the executable with documented seven-point fan repairs (1259.333159ms)
✔ selection fill/edges/corners retain native visibility, depth, UV and shared-corner ownership (29.686963ms)
✔ Shaman import preserves every prior frame, piece and animation entry (28.830263ms)
✔ actual tribe selects every native Shaman source and eight original directions (2.414179ms)
✔ Shaman idle artwork uses all four distinct original body pieces (0.352683ms)
✔ reincarnation distinguishes tribe bodies from shared spirit sources and layer owners (0.352303ms)
✔ shipped live and effect renderers consume the Shaman selector without changing generic mechanics (0.576725ms)
✔ all 3276 previous occupied sprite rectangles retain their reviewed RGBA (131.873986ms)
✔ real Mission 23 Shaman identity and death heading survive checkpoint reconstruction (850.461835ms)
✔ first and second actual presentation visits display 0 then 1, not 1 then 2 (1056.745498ms)
✔ normal processed phases reset, loop independently of simulation, then freeze and hide (230.199248ms)
✔ new checkpoints retain shown/next frames; legacy checkpoints start at a bounded deterministic frame (135.089066ms)
✔ pause and native land-pause freeze the latch as well as the counter (8.208851ms)
✔ render schedules and effect-only animation cannot change gameplay, either RNG or respawn (4760.376115ms)
✔ ordinary combat death finishes existing wait and respawn without a duplicate effect (294.293914ms)
✔ ordinary Shaman phase1 follows both rising and lowering death-site ground (970.428714ms)
✔ the last processed phase1 sample survives checkpoint, transition and rise (199.375678ms)
✔ phase0 retains the death height until the first processed phase1 visit (11.415485ms)
✔ a direct drowning-entry fixture rises from its initial height without phase1 resampling (9.967819ms)
✔ model-12 rise freezes the last original spirit frame for all tribes and bearings (2.122146ms)
✔ death-site visibility follows the existing land and drowning lifecycles without changing them (77.12028ms)
✔ earlier body/transition poses retain their existing renderer behavior (0.43115ms)
✔ the live caller applies the bounded presentation only to model-12 reincarnation effects (1.056125ms)
✔ G queues one shared native guard and repeat replaces it without early preparation (397.101932ms)
✔ G empty selection cancels adopted guards through the next native visit (194.697833ms)
✔ G Shaman-only selection cancels adopted guards through the next native visit (118.034601ms)
✔ native G retains the ordinary move owner and route until its deferred turn (182.198836ms)
✔ same-turn move replacement discards G before the legacy resting initializer (118.350739ms)
✔ same-turn attack replacement discards G before the legacy resting initializer (138.368027ms)
✔ same-turn worship replacement discards G before the legacy resting initializer (171.903153ms)
✔ same-turn entry replacement discards G before the legacy resting initializer (108.313328ms)
✔ pending G replacement survives pause and checkpoint (113.555ms)
✔ pending G cancellation survives pause and checkpoint (135.715745ms)
✔ G exhaustion still clears and attaches slot zero then retries after cleanup frees a slot (127.592631ms)
✔ target entering a vehicle with inside still null completes the saved guard order (162.705279ms)
✔ ordinary Shaman Tower entry retains Guard and resolves its building outside point (118.674232ms)
✔ actual deferred G setters match native phase vector G-retain-deselect-1-3 (146.102295ms)
✔ actual deferred G setters match native phase vector G-retain-deselect-7-5 (182.05692ms)
✔ actual deferred G setters match native phase vector G-retain-deselect-0-2 (131.009268ms)
✔ protected preparation and passenger early-return retain pending ownership until actual adoption (94.81573ms)
✔ protected cancelled state10 retains ownership until its empty-queue transition really occurs (96.34708ms)
✔ death anchors to the saved Shaman in another cell before cleanup (94.739307ms)
✔ class0 anchors to the saved Shaman in another cell before cleanup (67.163123ms)
✔ vehicle anchors to the saved Shaman in another cell before cleanup (86.105647ms)
✔ cancel anchors to the saved Shaman in another cell before cleanup (124.252622ms)
✔ saved Shaman identity does not retarget when the current Shaman is replaced (84.021627ms)
✔ legacy boolean checkpoints retain their old targetless history until supported fresh input (108.691231ms)
✔ flight single selection retains the entire legacy G operation (81.836508ms)
✔ flight mixed selection retains the entire legacy G operation (98.029124ms)
✔ fight single selection retains the entire legacy G operation (82.487953ms)
✔ fight mixed selection retains the entire legacy G operation (132.627669ms)
✔ entry single selection retains the entire legacy G operation (219.614542ms)
✔ entry mixed selection retains the entire legacy G operation (76.249875ms)
✔ builder single selection retains the entire legacy G operation (94.771779ms)
✔ builder mixed selection retains the entire legacy G operation (88.274057ms)
✔ passenger single selection retains the entire legacy G operation (85.34606ms)
✔ passenger mixed selection retains the entire legacy G operation (96.532525ms)
✔ work single selection retains the entire legacy G operation (99.53766ms)
✔ work mixed selection retains the entire legacy G operation (126.260007ms)
✔ gather single selection retains the entire legacy G operation (108.140645ms)
✔ gather mixed selection retains the entire legacy G operation (82.782589ms)
✔ delivery single selection retains the entire legacy G operation (94.862124ms)
✔ delivery mixed selection retains the entire legacy G operation (84.33087ms)
✔ casting single selection retains the entire legacy G operation (96.200763ms)
✔ casting mixed selection retains the entire legacy G operation (74.481383ms)
✔ legacy single selection retains the entire legacy G operation (127.692751ms)
✔ legacy mixed selection retains the entire legacy G operation (122.122834ms)
✔ legacy path single selection retains the entire legacy G operation (136.65511ms)
✔ legacy path mixed selection retains the entire legacy G operation (109.491608ms)
✔ different route owner single selection retains the entire legacy G operation (93.377848ms)
✔ different route owner mixed selection retains the entire legacy G operation (109.665656ms)
✔ native Brave guards do not fall into legacy automatic housing while near the Shaman (244.746483ms)
✔ G replacement/cancellation have identical turn ownership at ordinary and irregular refresh schedules (166.760382ms)
✔ native G producer: shared-two-followers-repeat-and-partial-replacement / G allocates one shared command30 (17.41564ms)
✔ native G producer: shared-two-followers-repeat-and-partial-replacement / G repeats while both selected (8.329299ms)
✔ native G producer: shared-two-followers-repeat-and-partial-replacement / G replaces only selected first follower (1.774391ms)
✔ native G producer: shared-order-no-follower-selection-cancellation / G creates (1.756074ms)
✔ native G producer: shared-order-no-follower-selection-cancellation / Shaman-only G cancels both adopted guards (14.726092ms)
✔ native G producer: queued-not-adopted-no-selection / G queues (0.981786ms)
✔ native G producer: queued-not-adopted-no-selection / G without non-Shaman selection before adoption (0.876089ms)
✔ native G producer: exhausted-pool-no-old-order / G allocation fails separately for both followers (2.823346ms)
✔ native G producer: exhausted-pool-clear-frees-slot-for-later-person / first failure clears old1, later retry succeeds and third shares (2.025413ms)
✔ native G producer: last-free-slot-wrap-is-shared / G uses last free slot once (2.215945ms)
✔ native G producer: producer-selected-dead-flag / raw selected non-Shaman-pointer still receives command30 (1.383951ms)
✔ native G producer: producer-selected-protected / raw selected non-Shaman-pointer still receives command30 (1.710435ms)
✔ native G producer: producer-selected-airborne / raw selected non-Shaman-pointer still receives command30 (0.703733ms)
✔ native G producer: producer-selected-ghost / raw selected non-Shaman-pointer still receives command30 (0.624596ms)
✔ native G producer: producer-selected-removed-class / raw selected non-Shaman-pointer still receives command30 (0.675592ms)
✔ native G producer: producer-selected-other-model7 / raw selected non-Shaman-pointer still receives command30 (0.701661ms)
✔ native G producer: producer-selected-training-state21 / raw selected non-Shaman-pointer still receives command30 (0.704534ms)
✔ native G producer: vehicle-passenger-selection-retain1 / G selected passengers (0.634291ms)
✔ native G producer: absent-current-shaman-does-not-issue-or-cancel / no Shaman pointer with selected followers (1.323452ms)
✔ native G producer: absent-current-shaman-does-not-issue-or-cancel / restore Shaman and issue (0.747759ms)
✔ native G producer: absent-current-shaman-does-not-issue-or-cancel / no Shaman pointer with existing guards (1.839137ms)
✔ native G producer: stale-shaman-pointer-dead / producer still emits target73 (0.656183ms)
✔ native G producer: stale-shaman-pointer-class0 / producer still emits target73 (0.694991ms)
✔ native G producer: stale-shaman-pointer-vehicle / producer still emits target73 (0.608873ms)
✔ native G producer: saved-target-is-not-rebound-by-tribe-shaman-replacement / G targets original73 (0.666127ms)
✔ native G producer: saved-target-is-not-rebound-by-tribe-shaman-replacement / new explicit G targets replacement74 (0.661431ms)
✔ native Guard distance: near-axis0-delta-824 (0.405681ms)
✔ native Guard distance: near-axis0-delta-823 (0.088411ms)
✔ native Guard distance: near-axis0-delta823 (0.064526ms)
✔ native Guard distance: near-axis0-delta824 (0.134619ms)
✔ native Guard distance: near-axis1-delta-824 (0.068611ms)
✔ native Guard distance: near-axis1-delta-823 (0.06029ms)
✔ native Guard distance: near-axis1-delta823 (0.095031ms)
✔ native Guard distance: near-axis1-delta824 (0.12813ms)
✔ native Guard distance: signed-edge-person32767-target32768 (0.135461ms)
✔ native Guard distance: signed-edge-person32768-target32767 (0.118335ms)
✔ native Guard distance: signed-edge-person0-target32768 (0.131224ms)
✔ native Guard distance: signed-edge-person32768-target0 (0.07475ms)
✔ native Guard distance: signed-edge-person65535-target0 (0.117224ms)
✔ native Guard distance: signed-edge-person0-target65535 (0.075542ms)
✔ native Guard distance: signed-edge-person32768-target33591 (0.054911ms)
✔ native Guard distance: signed-edge-person32768-target33592 (0.047921ms)
✔ native Guard distance: signed-edge-person32768-target31945 (0.185876ms)
✔ native Guard distance: signed-edge-person32768-target31944 (0.138155ms)
✔ native Guard distance: replan-axis0-delta-440 (0.116843ms)
✔ native Guard distance: replan-axis0-delta-439 (0.066178ms)
✔ native Guard distance: replan-axis0-delta439 (0.095291ms)
✔ native Guard distance: replan-axis0-delta440 (0.058647ms)
✔ native Guard distance: replan-axis1-delta-440 (0.056994ms)
✔ native Guard distance: replan-axis1-delta-439 (0.055613ms)
✔ native Guard distance: replan-axis1-delta439 (0.052428ms)
✔ native Guard distance: replan-axis1-delta440 (0.047701ms)
✔ native Guard distance: replan-signed-edge-goal32767-target32768 (0.043084ms)
✔ native Guard distance: replan-signed-edge-goal32768-target32767 (0.052378ms)
✔ Magical Shield protects six nearby followers for the native lifetime (158.98152ms)
✔ old checkpoints default new Shield stock without disturbing their world (104.985718ms)
✔ normal early mission data selects each original backdrop and both cloud layers (2.170698ms)
✔ same-bank Mission 10 uses the same p sky set without mission-number overrides (0.184874ms)
✔ previous bank d and g sky modes and unhandled banks remain unchanged (0.200557ms)
✔ early mission sky PNGs preserve exact original bytes (10.400705ms)
✔ camera horizons preserve original sky dispatch coordinates and fade (5.123115ms)
✔ continuous sky retains native wind rates and is invariant to segment subdivision (35.539119ms)
✔ spell button artwork, positions and charging fills match native draws (14.371962ms)
✔ all six original Shield/Bloodlust descriptor frames have real atlas rectangles (2.01643ms)
✔ ready, inactive, hover and selected states use the original descriptors, not Unicode or guessed frames (0.80985ms)
✔ authored Mission16 already exposes both sprites without forced availability or stock (136.922786ms)
✔ the original undiscovered spell question mark follows the accepted six-frame append (0.489176ms)
✔ all shipped spell descriptor icons remain available after the append (0.37781ms)
✔ HudSprite no longer substitutes a text glyph and still rejects unknown resources (0.441825ms)
✔ fresh and later missions use the native owned/reward-source/cast-permission precedence (566.706778ms)
✔ restart and checkpoint restore reproduce fresh Mission 1 HUD visibility (142.423762ms)
✔ owned stock wins over the mission-load discovery mask (38.801976ms)
✔ undiscovered art is the native HFX1056 branch and visible-disabled keeps normal art (0.542484ms)
✔ unit atlas retains reviewed tribe/state/direction layers when new models append (43.715681ms)
✔ brave carry animations retain the baked timber body layer (1.057348ms)
✔ base149 retains 51 original faces and existing atlas coverage without key model slots (3.786473ms)
✔ authored default149 roots and linked Mission10 Totem select the base mesh (448.640027ms)
✔ spell45, Obelisk8, Angel157 and Vault154 remain outside static149 (143.91986ms)
✔ source qualification rejects ambiguous identity, reward flags, missing links and scenery (58.740666ms)
✔ old null/absent presentation and new checkpoints derive149 without mutating saved state (124.60179ms)
✔ static presentation never replaces a different model or an active morph family (57.975192ms)
✔ only reward-derived model45 sources are initialized; unrelated head families and Vault remain separate (153.473023ms)
✔ enabled idle cycles18native animation visits without followers; hold/refill retain the original counter rules (0.671606ms)
✔ raw keypoints use base45indices/scale rather than endpoint face layout; all18cached outputs are distinct (9.749775ms)
✔ presentation pauses with world and native land pause without touching simulation or RNG (52.334439ms)
✔ normal authored worship earns Bridge stock while presentation leaves the entire gameplay state unchanged (189.663727ms)
✔ exhausted trigger does not remove its independent enabled decorative model45 animation (124.112685ms)
✔ mid-animation new checkpoint keeps phase and old optional-field checkpoint restores safely without rewards (55.192957ms)
✔ multiple heads keep separate state while30/60/120/144Hz and irregular schedules share one animation timeline (636.340894ms)
✔ shipped scene updates ordinary head positions byphase and leaves Vault on the existing path (1.489248ms)
✔ disable and refill within one presentation interval reset once without advancing the clock (0.488444ms)
✔ authored45 constructors retain the original logical animation gate (173.61466ms)
✔ ordinary body frames wait for logical turns without changing the24Hz presentation clock (107.649107ms)
✔ each catch-up controller and observer sees the prior body frame before one logical advance (61.730915ms)
✔ mode4 transition remains exclusively presentation-owned despite the gate bit (34.340582ms)
✔ lazy, post-turn allocated and removed bodies obey the completed-turn boundary (141.125067ms)
✔ legacy body checkpoints gain only the gate and a new Scene clock does not replay a turn (43.475439ms)
✔ disable and refill notifications retain raw phase then reset before their owned visit (39.149402ms)
✔ trigger exhaustion, pause, land pause and turn wrap preserve the separate decorative owner (35.922172ms)
✔ heading comes from the decorative scenery word, never trigger settings or model selection (2.013735ms)
✔ all16bits reach the angle-table mask and a missing producer is not treated as north (0.420513ms)
✔ linking uses the native512-unit cell, first scenery match and toroidal coordinate identity (0.33082ms)
✔ existing negative-Y scene rotation agrees with native heading basis; no camera or global offset is required (1.671788ms)
✔ Vault and unknown scenery keep their original angle; orientation lookup does not mutate saved gameplay (93.900623ms)
✔ both ordinary scene orientation consumers use the same helper; no other angle consumer changes (0.759416ms)
✔ real authored zero and high-byte headings survive the producer while saved trigger fields stay unchanged (216.188463ms)
✔ Swamp scans its native 3x3 footprint and honors victim and terrain gates (2.625513ms)
✔ Swamp uses one RNG draw, scans every fourth visit, and expires at ten kills (0.501573ms)
✔ the thirtieth same-tribe Swamp discards the oldest remaining controller (0.321396ms)
✔ live Swamp casting kills through the ordinary corpse path independently of refresh rate (317.134737ms)
✔ Swarm uses the supplied standalone original insect texture (2.696398ms)
✔ Swarm creation and first controller visit preserve original gameplay RNG and child fields (1.795162ms)
✔ Swarm first live visit allocates children before wandering begins on the second visit (114.566766ms)
✔ Swarm final fifteen controller visits progressively remove children before expiry (0.652147ms)
✔ Swarm reveals disguised Spies on panic and panic-protected non-removal paths (139.221202ms)
✔ confirmed invented generic and Angel success strings are not emitted (263.561262ms)
✔ Swarm follows player and computer cast paths with native insects, victim cadence, and lifetime (228.433674ms)
✔ Mission 2 naturally funds the Matak Shaman and casts Swarm through player orders (3372.323086ms)
✔ terrain ambience matches complete native ground queues, including empty views and depth ties (15.464166ms)
✔ tree ambience camera offset and wrapped radius match complete native cell visits (4.365683ms)
✔ local lights match complete native allocation, movement and cleanup captures (178.516444ms)
✔ Blast owns immediate terrain light until its ninth turn, preserving occupancy and pause (152.083902ms)
✔ native height notifications retain object order, duplicate visits and touching building flags (10.275183ms)
✔ terrain edits notify nearby plans, revalidate original slope rules and release an invalid plan (163.149431ms)
✔ a large terrain edit indexes live people once while retaining dirty notifications (220.267466ms)
✔ terrain dirtiness resets live steering without replacing its route (124.34052ms)
✔ terrain texture endpoints match original Direct3D triangle submissions (4.603815ms)
✔ model atlas UVs match native texel centers and retain fractional/outside coordinates (2.226441ms)
✔ terrain submission covers the native cell gate across headings and seams (442.427869ms)
✔ terrain copies omit only tiles with no native-visible cell, including seams and expanded bounds (224.354286ms)
✔ timber search matches native cell order, fog, protected stock and two-pass queries (38.531585ms)
✔ shared timber caches match native allocation, expansion, routing, ownership and expiry (96.908221ms)
✔ an exhausted indexed-search pool postpones expansion without corrupting the cache (0.82256ms)
✔ terrain changes recheck nearby timber routes and live Land Bridge reaches the cache (758.281779ms)
✔ live timber cost probes report routes and foreign territory without taking route ownership (75.065849ms)
✔ harvest clocks, transfer, scale and animation match original executable captures (3.051494ms)
✔ delivery waits, timber and construction stages match complete native calls (2.758259ms)
✔ Tornado replays native initialization, lifetime, carry and throw (4.79607ms)
✔ Tornado uses the native building protection and one-draw damage gate (0.840115ms)
✔ live Tornado casts, captures and throws independently of refresh rate (460.898172ms)
✔ tower admission uses rotated tribe sockets, ground membership and original one-shot occupant pose (3439.183527ms)
✔ a tower admits one follower and movement orders preserve elevation until physics resumes (111.649503ms)
✔ tower entry and held animation are deterministic at 5–240 Hz (444.854993ms)
✔ destroying an occupied tower releases its native record and display height (61.383077ms)
✔ a tower Firewarrior autonomously attacks an eligible hostile on the tower cadence (87.726438ms)
✔ tower preachers hand occupancy to command 31 and cleanly leave or die (354.601845ms)
✔ tower panel matches every original one-slot draw trace (8.643084ms)
✔ tower panel selection preserves occupancy; ordinary orders leave without teleporting (878.248222ms)
✔ tower dismantling releases its occupant and only braves perform the work (515.868612ms)
✔ training exit orders match original coastal correction and building precedence (9.975849ms)
✔ training admits five visible residents and places overflow on native rotated queue sockets (888.48801ms)
✔ queue cancellation retains successors and occupant departure reuses the first empty slot (130.886874ms)
✔ checkpoint reload preserves a full training hut and its waiting queue without loss (185.008369ms)
✔ funded training replaces a complete batch, releases references and walks warriors out (195.505391ms)
✔ a funded Temple trains a native model-4 preacher and sends it outside (157.593415ms)
✔ a funded Spy Training Hut trains an original model-5 Spy and sends it outside (215.741847ms)
✔ queue movement, admission, conversion and shared references are independent of render rate (1104.552244ms)
✔ already-trained warriors accept training orders and yield queue priority to new braves (106.105104ms)
✔ training append preserves all70 pre-existing original models, including vehicles (15.128798ms)
✔ all original training types and owners resolve to actual meshes, not Blue substitutes (1.674763ms)
✔ the five recovered training variants retain original geometry, color tiles and all stages (5.205177ms)
✔ authored Mission16/17/22 training assets and identities survive checkpoint reconstruction (474.458155ms)
✔ the live building factory opts into original training selection without tint or gameplay changes (3.540108ms)
✔ camp human group command retains visible admission interpolation (694.79508ms)
✔ camp shared command-8 retains visible admission interpolation (1148.955061ms)
✔ temple human group command retains visible admission interpolation (496.432188ms)
✔ temple shared command-8 retains visible admission interpolation (376.097799ms)
✔ spyHut human group command retains visible admission interpolation (382.884097ms)
✔ spyHut shared command-8 retains visible admission interpolation (597.490746ms)
✔ firewarriorHut human group command retains visible admission interpolation (547.301169ms)
✔ firewarriorHut shared command-8 retains visible admission interpolation (418.549771ms)
✔ hidden admission, exit, replacement and explicit placement remain discrete (76.702324ms)
✔ native training panels preserve slots, selection, palette, frames and turn-driven feedback (22.911086ms)
✔ wide charge arithmetic never runs backwards or exceeds its frame at maximum training mana (19.830039ms)
✔ shipped disguise completes aboard Boat, holds and accepts another command (160.597324ms)
✔ Balloon passenger idle entry holds without advancing or consuming orders (150.661694ms)
✔ shipped Balloon disguise configures its command position and completes aboard (66.845422ms)
✔ Balloon raw-coordinate startup wraps payload words and retains unported encodings (63.254378ms)
✔ pending Balloon disguise checkpoint retains command position and resumes once (54.568371ms)
✔ occupied state30 checkpoint resumes countdown without reinitializing motion or RNG (59.182462ms)
✔ ordinary disembark clears vehicle and state30 returns to orders for one visit (46.33875ms)
✔ replacement disguise interrupts pending and partially completed aboard commands (60.167552ms)
✔ fractional reference uses exact rectangle coverage at edges and corners (2.206732ms)
✔ adjacent glyph elements composite their shared fractional edge sequentially (0.212545ms)
✔ disabled opacity combines with coverage while transparent source pixels preserve background (1.326837ms)
✔ source crop and nearest sampling retain native pixels without atlas bleed (0.423938ms)
✔ pinned fixed8 coverage and integer interpolation explain the opaque edge without fitting (0.747077ms)
✔ single-pixel fixed8 rectangles and straight-alpha output retain their separate contracts (0.376808ms)
✔ tree growth and complete replant searches match native captures (17.848411ms)
✔ depleted timber replants after its full delay and grows on its own phase (3229.42104ms)
✔ burning depletion also queues one replant without reviving the old tree (79.876589ms)
✔ Tutorial advances through Shaman selection into the authored Obelisk flyby (1677.554862ms)
✔ Tutorial restart recreates fresh script and view state (222.351648ms)
✔ overhead health gauges match native visibility, scaled-pose anchors and 24-pixel fills (2.000095ms)
✔ continuous positions follow captured native body/shadow interpolation (1.843183ms)
✔ every elapsed-time schedule reaches the same displayed position without changing simulation (879.953144ms)
✔ pause, endpoints, placement, entry, conversion and new people never replay stale movement (40.158757ms)
✔ Vault knowledge uses the original class-6/model-2 reward frames and socket (1.167721ms)
✔ Vault knowledge is present only while its authored reward source is active (0.204263ms)
✔ Mission 7 Vault knowledge uses occupied model-18 socket 1 placement (1.089835ms)
✔ Mission 3 Temple descriptor selects the native HFX identity (125.188506ms)
✔ Mission 3 marker glow owns a saved fourteen-frame cursor on the existing animation boundary (88.835641ms)
✔ ordinary Mission 3 Vault collection preserves payout while changing only world presentation (1669.124419ms)
✔ unrelated Vault and ordinary spell families retain their existing presentation owners (213.296984ms)
✔ a glow born on an animation boundary first displays frame zero before its next cursor (899.922284ms)
✔ original class4 mesh selection distinguishes geometry from tooltip IDs (3.216609ms)
✔ vehicle-only import preserves all68 existing model records (27.411889ms)
✔ authored campaign vehicles retain mesh identity across checkpoint reconstruction (263.91036ms)
✔ normal boarding, exit and destruction retain original mesh rather than changing gameplay state (34.362783ms)
✔ the normal Balloon Hut producer creates the original144 appearance (54.18052ms)
✔ the shipped vehicle factory consumes original models, with no custom hull/envelope (1.00474ms)
✔ original vehicle owner textures use adjacent source tiles and retain local UVs (7.513119ms)
✔ Boat travel and exit keep registered passenger object-cell membership current (137.737419ms)
✔ Balloon travel and exit keep registered passenger object-cell membership current (282.869236ms)
✔ same-cell passenger sync preserves one linked membership and never allocates an unregistered person (69.946688ms)
✔ checkpoint clone retains passenger cell identity and wrapped exit reindexes without duplicates (44.324102ms)
✔ live vehicle damage keeps the native owner, special, signed and reset rules (113.002299ms)
✔ Blast reaches live vehicles and native destruction ejects passengers alive (98.057042ms)
✔ vehicle life and destruction survive checkpoint migration and reload (235.670238ms)
✔ success-bearing exit preserves existing public point API and real failure (131.648422ms)
✔ live panel selection only changes native selection flags and preserves unrelated selections/orders/RNG (84.0354ms)
✔ Boat and Balloon unload launch without teleporting, clear orders, and survive occupied/airborne checkpoints (170.844501ms)
✔ unload click rechecks speed, occupancy and terrain after rendered enabled state (56.457479ms)
✔ authored Mission22 Boat and Balloon unload retain launch until a living landing (139.40374ms)
✔ vehicle panel uses native kind9 geometry, disabled raw art and selection overlays (2.386779ms)
✔ raw disabled vehicle sprite alpha is85 while tail remains170 and normal art opaque (1.325084ms)
✔ vehicle selection keeps work on single, expands deselection, and Shift selects blocked mates (0.396227ms)
✔ passenger right-click has inspection semantics, while unload right-click is inert (0.215179ms)
✔ unload readiness refresh clears cached success at speed12 or failed terrain (0.215961ms)
✔ stale unload failure repeatedly clears only current driver orders, without teleporting anyone (0.468685ms)
✔ hover adds a native fill, never a false selected marker; pressed overlays palette130 (0.328617ms)
✔ horizontal viewport expansion preserves native depth and safe projection arithmetic (747.162449ms)
✔ intermediate display footprint fills the observed bird-view cut without changing native camera state (8.065678ms)
✔ added display cells cover safe front-branch projected samples across zoom, rotation and torus fractions (382.455ms)
✔ display bounds texture and CPU visibility share the same derived rows without feeding camera state (55.857524ms)
✔ visible cells match original traversal at boundaries and wrapped camera centers (1563.983897ms)
✔ Volcano replays its native terrain, emission and disruption lifecycle (6.25281ms)
✔ player and computer Volcano casts share the live controller and old saves migrate (257.473557ms)
✔ review bundle is independently readable from a non-overlapping local fixture (213.072407ms)
✔ review bundle rejects quoted secret fields and environment-secret files atomically (166.104142ms)
✔ decoded command-receipt stdout and stderr reject escaped secret JSON without exposing values (137.844912ms)
✔ double JSON-string wrappers in stdout and stderr reject secrets without echoing values (157.04612ms)
✔ benign nested JSON strings pass within depth and decoded-byte bounds (89.039419ms)
✔ decoded JSON recursion fails closed beyond depth or total decoded-byte bounds (176.847336ms)
✔ decoded JSON byte boundary accepts exactly the configured budget (72.35922ms)
✔ tracked deletion has an explicit expected deletion identity and rejects tamper or omission (428.198136ms)
✔ real-path canonicalization rejects source aliases and bundle outputs through source symlinks (104.845161ms)
✔ bundle verification is bound to caller-supplied identities and rejects traversal (74.908434ms)
✔ raw command receipts retain source head and complete stdout/stderr (177.882566ms)
✔ command receipts bind dirty source and explicit ignored inputs and invalidate drift (412.631903ms)
✔ receipt CLI preserves repeated input flags and rejects zero-exit input drift (829.788031ms)
✔ a killed foreground wrapper retains unknown state and raw output, never a pass (815.124201ms)
✔ retired status and binding commands are not exposed or coupled to verification (1.879085ms)
✔ live aggregate coverage includes every maintained workflow integrity suite (345.39629ms)
✔ native models 13 and 15 route only completed vehicle workshops into kind 6 (2.141505ms)
✔ Boat House kind-6 panel uses native 136x82 rows and hit targets (0.895027ms)
✔ Boat House work cells fill only at each complete native 100-work boundary (0.533311ms)
✔ Boat House reuses original dismantle and cancel control phases (0.305553ms)
✔ Balloon Hut kind-6 geometry derives 208x82 from native capacity and ten work cells (0.496746ms)
✔ Balloon Hut work cells fill only at each complete native 100-work boundary (0.356619ms)
✔ Balloon Hut reuses the original dismantle and cancel control phases (0.275108ms)
✔ followers cross the former crop and both world seams, then settle at every frame rate (7633.988262ms)
✔ direct attacks take the short route and engage across both world seams (231.670308ms)
✔ live heights and sprite grounding read native terrain outside the compatibility grid (112.213654ms)
✔ mixed picking follows captured native painter ownership and pixel edges (6.477112ms)
✔ live pointer eligibility uses the active record and recorded cell building (864.599088ms)
✔ ScenePicking re-resolves injected overlapping terrain candidates against the current painter command (461.57881ms)
✔ native selector body hierarchy retains all 25 worlds and first-three moons (2.135866ms)
✔ opening campaign availability reflects completion without hiding replay access (0.312043ms)
✔ native controller, particles, palette and ordered draw arguments: companion-seed1 (43.859523ms)
✔ native controller, particles, palette and ordered draw arguments: companion-seed12345678 (28.474113ms)
✔ native controller, particles, palette and ordered draw arguments: companion-initial-pause (20.845824ms)
✔ native controller, particles, palette and ordered draw arguments: companion-mid-pause (22.566946ms)
✔ native controller, particles, palette and ordered draw arguments: spell-3-visible (85.063354ms)
✔ native controller, particles, palette and ordered draw arguments: spell-3-offscreen (192.777594ms)
✔ native controller, particles, palette and ordered draw arguments: spell-4-visible (11.165753ms)
✔ native controller, particles, palette and ordered draw arguments: spell-4-offscreen (21.262362ms)
✔ native controller, particles, palette and ordered draw arguments: spell-12-visible (16.362608ms)
✔ native controller, particles, palette and ordered draw arguments: spell-12-offscreen (10.270586ms)
✔ native spell kinematics and pending transitions: model-3-visible (4.228609ms)
✔ native spell kinematics and pending transitions: model-4-visible (10.601618ms)
✔ native spell kinematics and pending transitions: model-12-visible (8.570095ms)
✔ native spell kinematics and pending transitions: offscreen-bit (3.533338ms)
✔ native singleton replacement and independent pulse: bridge-replaced-at-10 (21.008556ms)
✔ native singleton replacement and independent pulse: bridge-replaced-at-26 (18.96109ms)
✔ native singleton replacement and independent pulse: bridge-replaced-at-30 (16.82287ms)
✔ handoff geometry is an owned snapshot; rendering is read-only and draws the last pulse once (9.131418ms)
✔ structured-clone restores all particles, trails, pending phases, draws and independent pulse (307.009697ms)
✔ spell motion, arrival and retirement do not depend on intervening shared cosmetic consumers (16.332303ms)
✔ native before/after limiter selection owns activation, active and tail deadlines (1.236864ms)
✔ ordinary phase handoff, arrival and next-object payout keep elapsed deadlines across refresh schedules (800.797265ms)
✔ simultaneous authored M1 handoffs use native clone priority without reversing payouts (43.838436ms)
✔ missing geometry consumes one request while world countdown continues without replay (186.94391ms)
✔ arrival suppression and capped stock preserve ordinary payout ownership (190.179261ms)
✔ visible acquisition pause preserves original order without broadening land-bit pause (81.650459ms)
✔ checkpoint continuation retains controller, queue, clock and cosmetic state without initialization replay (386.32599ms)
✔ layout transforms move only draw output and retain raised-body/fallback anchors (0.851042ms)
✔ authored ordinary sources exclude the spell-valued Vault and other missions (2.273971ms)
✔ ordinary shrine completion persists provenance, recipient and creation order (501.50408ms)
✔ generic spell, mana and knowledge gifts do not inherit ordinary eligibility (40.890762ms)
✔ legacy head identity may recover eligibility but an existing gift cannot (57.190306ms)
✔ ordinary Stone Head completion creates the original six-visit acquisition VFX before stock delivery (185.922661ms)
✔ spell-head reward admission preserves native oriented cell ranges and active command eligibility (6.789025ms)
✔ head-group selection shares native occupant flag rules and imported panel heights match the original consumer (1.705749ms)
✔ proved worship modes use their original static models without changing other head families (0.9987ms)
✔ original worship model 8 is the reviewed bank-2 geometry (1.157526ms)
✔ original worship model 157 is the reviewed static Angel-head geometry (0.508214ms)
✔ legacy appearance migration recovers recursive authored modes and preserves existing families (284.748396ms)
✔ linked tutorial mode-3 Obelisk retains its authored mode and model (67.877195ms)
✔ Temple training uses the canonical shape doorway rather than crossing its footprint (118.499951ms)
✔ normal worship approach follows the same canonical stone-head heading as the rendered head (118.056573ms)
✔ legacy Mission22 worship appearance is derived from authored source identity without changing checkpoint state (253.480823ms)
✔ legacy linked mode3 head migrates recursively while root trigger and unrelated state stay byte-for-byte equivalent (44.069311ms)
✔ legacy non-mode3 and Vault heads recover mode without changing their presentation families (40.606917ms)
✔ authored worship lookup uses immutable source fields and agrees for Mission22 and linked tutorial head (86.726318ms)
✔ shipped store load migrates legacy Mission22 before real command-27 Brave admission (172.340728ms)
✔ automatic worship-panel activity is written only by a supported completed mode-0 sample (1.779979ms)
✔ automatic producer keeps unproven families out of the first shipped slice (0.347846ms)
✔ automatic retention reads the last player-specific sample rather than generic follower state (0.160718ms)
✔ automatic retention releases an inactive completed head even after a positive last sample (0.130684ms)
✔ worship panels preserve native progress, recharge, slots and artwork without clipping the second row (15.997165ms)
ℹ tests 1301
ℹ suites 0
ℹ pass 1301
ℹ fail 0
ℹ cancelled 0
ℹ skipped 0
ℹ todo 0
ℹ duration_ms 272009.27903

> populous-first-dawn@0.1.0 parity:check
> node scripts/parity.mjs check

Parity ledger, evidence paths, revision and generated report are consistent.

> populous-first-dawn@0.1.0 orchestration:check
> node scripts/orchestration/cli.mjs check

{
  "status": "passed",
  "checks": 130,
  "subsystems": 11,
  "generatedOwners": 6,
  "unmappedSourceCount": 152,
  "unmappedSources": [
    "app/ambient-sound.ts",
    "app/animation.ts",
    "app/audio-preferences.ts",
    "app/audio.ts",
    "app/blast-wave.ts",
    "app/building-clearing.ts",
    "app/building-damage.ts",
    "app/building-debris.ts",
    "app/building-dismantle.ts",
    "app/building-occupants.ts",
    "app/building-sinking.ts",
    "app/building-smoke.ts",
    "app/building-terrain.ts",
    "app/celebration.ts",
    "app/chatgpt-auth.ts",
    "app/combat-approach.ts",
    "app/combat-building.ts",
    "app/combat-order-search.ts",
    "app/combat-orders.ts",
    "app/combat-pursuit.ts",
    "app/combat-targets.ts",
    "app/command-context.ts",
    "app/construction-panel.ts",
    "app/convert-wild.ts",
    "app/drag-border.ts",
    "app/drag-overlay.ts",
    "app/earthquake.ts",
    "app/effect-motion.ts",
    "app/erosion-observation.ts",
    "app/erosion.ts",
    "app/firestorm.ts",
    "app/flatten.ts",
    "app/footprints.ts",
    "app/fps-graph.ts",
    "app/globe-renderer.ts",
    "app/globe.ts",
    "app/ground-overlay.ts",
    "app/hud-charge.ts",
    "app/hud-font.ts",
    "app/hud-health.ts",
    "app/hud-mana.ts",
    "app/hud-population.ts",
    "app/hud-portrait.ts",
    "app/hud-selection.ts",
    "app/hut-birth.ts",
    "app/hut-occupancy-smoke.ts",
    "app/hut-smoke-runtime.ts",
    "app/hut-upgrade.ts",
    "app/indexed-search.ts",
    "app/land-bridge.ts",
    "app/layout.tsx",
    "app/level-one.ts",
    "app/level-three.ts",
    "app/level-two.ts",
    "app/live-resting.ts",
    "app/mana.ts",
    "app/melee-encounter.ts",
    "app/melee-engagement.ts",
    "app/melee-groups.ts",
    "app/melee-placement.ts",
    "app/melee.ts",
    "app/minimap-frame-view.tsx",
    "app/minimap-frame.ts",
    "app/minimap-renderer.ts",
    "app/minimap.ts",
    "app/model-faces.ts",
    "app/model-lighting.ts",
    "app/morph.ts",
    "app/music.ts",
    "app/native-math.ts",
    "app/original-bloodlust.json",
    "app/original-camera.json",
    "app/original-constants.json",
    "app/original-effects.json",
    "app/original-fire.json",
    "app/original-minimap-frame.json",
    "app/original-music.json",
    "app/original-pointer.json",
    "app/original-script-three.json",
    "app/original-script-two.json",
    "app/original-script.json",
    "app/original-search.json",
    "app/original-shapes.json",
    "app/original-sky.json",
    "app/original-skylens.json",
    "app/original-sound.json",
    "app/original-stone-heads.json",
    "app/original-tooltips.json",
    "app/original-vault-knowledge.json",
    "app/painter-vertices.ts",
    "app/painter.ts",
    "app/path-geometry.ts",
    "app/path-search.ts",
    "app/path-solver.ts",
    "app/person-collision.ts",
    "app/person-idle.ts",
    "app/person-motion.ts",
    "app/person-panel.ts",
    "app/person-physics.ts",
    "app/person-route-recovery.ts",
    "app/person-state.ts",
    "app/preacher-conversion.ts",
    "app/projectile-motion.ts",
    "app/projection.ts",
    "app/resting-slots.ts",
    "app/scene-hud-runtime.ts",
    "app/scene-secondary-effects.ts",
    "app/scene-vault-knowledge.ts",
    "app/scenery-fire.ts",
    "app/secondary-effects.ts",
    "app/selection-raster.ts",
    "app/shaman-death-vfx.ts",
    "app/sky-motion.ts",
    "app/sky.ts",
    "app/special-battle.ts",
    "app/spell-button.ts",
    "app/spell-halo.ts",
    "app/spell-trails.ts",
    "app/spell-visibility.ts",
    "app/sprite-layers.ts",
    "app/stone-head-149.ts",
    "app/stone-head-animation.ts",
    "app/stone-head-orientation.ts",
    "app/swamp.ts",
    "app/swarm.ts",
    "app/terrain-ambience.ts",
    "app/terrain-light.ts",
    "app/territory.ts",
    "app/tooltip-layout.ts",
    "app/tornado-runtime.ts",
    "app/tornado.ts",
    "app/training-conversion.ts",
    "app/training-hut-appearance.ts",
    "app/training.ts",
    "app/tree-growth.ts",
    "app/unit-health.ts",
    "app/vault-appearance.ts",
    "app/vehicle-appearance.ts",
    "app/vehicle-routing.ts",
    "app/volcano.ts",
    "app/water.ts",
    "app/workshop-panel.ts",
    "app/world-coordinates.ts",
    "app/world-initialization.ts",
    "app/world-selector-data.ts",
    "app/world-selector.module.css",
    "app/world-selector.tsx",
    "app/world-state.ts",
    "app/world-tasks.ts",
    "app/worship-appearance.ts",
    "app/worship-panel-activity.ts",
    "app/worship-panel.ts"
  ],
  "cacheRequired": false
}
